姓名,论文署名单位,当前单位,身份,职称,与导师的关系,共同论文数,首次合作年份,最近合作年份,共同研究方向,共同项目,关系证据,待核验问题,共同论文序号
Dani Yogatama,"2015；论文#122；卡内基梅隆大学
2019；论文#1；Google DeepMind
2019；论文#115；待核验
2019；论文#116；Google DeepMind
2020；论文#13；Google DeepMind
2020；论文#114；Google DeepMind
2021；论文#12；Google DeepMind
2021；论文#113；待核验
2022；论文#101；Google DeepMind
2022；论文#108；Google DeepMind
2022；论文#132；待核验",南加州大学；Reka AI,2016-2022；DeepMind；CMU博士2010-2015；当前USC任职起始待核验,副教授；首席执行官,同门；论文合作者,11,2015,2022,文本表示与自动优化；语言迁移与学习能力评测；语言建模与记忆；句法分析与结构化表示；高效注意力与序列架构；可控文本生成与一致性,未公开,https://dyogatama.github.io/；访问2026-09-17；原文依据：“Noah A. Smith”。历史指导/时间另见https://ikekonglp.github.io/lingpenk_cv.pdf第1-2页（版本2026-01-27）；校友更新见https://hkunlp.github.io/people/。核验状态：公开身份部分确认；局限见待核验问题。,"与孔令鹏同一博士导师有CV/主页支持；不能只凭DeepMind重叠经历认定同部门同事。
具体论文问题：P122-C;P122-A;P122-R;P1-C;P1-A;P1-R;P115-C;P115-D;P115-A;P115-R;P115-F;P116-C;P116-A;P116-R;P13-C;P13-A;P13-R;P114-C;P114-A;P114-R;P114-F;P12-C;P12-A;P12-R;P113-C;P113-A;P113-R;P101-C;P101-R;P101-F;P108-C;P108-R;P132-C;P132-D;P132-A;P132-R
完整Scholar/DBLP论文列表及CCF/CORE目录未获取；当前公开材料可能漏项。;CP4;CP5;CP6;CP7;CP8;CP9;CP10;CP11;CP12;CP13;CP14;CP15",122;1;115;116;13;114;12;113;101;108;132
Cyprien de Masson d’Autume（论文 #1，身份待核验）,2019；论文#1；Google DeepMind,待核验,身份待核验,待核验,论文合作者（身份待核验）,待核验,待核验,待核验,语言迁移与学习能力评测,未公开,"论文信息汇总.csv 序1：摘要、研究内容、创新点；内容仅据摘要/Introduction归纳。
PDF：港大/Kong, Lingpeng/论文/2019_Learning and Evaluating General Linguistic Intelligence.pdf；第1页标题、作者单位与摘要；Introduction在已保存前3页内。
https://arxiv.org/abs/1901.11373；访问2026-09-17；arXiv作者顺序和摘要。
CV：https://ikekonglp.github.io/lingpenk_cv.pdf；第3页；版本2026-01-27。
原文摘要依据：“We define general linguistic intelligence as the ability to reuse previously acquired knowledge about a language's lexicon, syntax, semantics, and pragmatic conventions to adapt to new tasks quickly. ”。
仅确认论文内原姓名署名；跨论文身份未确认。https://aclanthology.org/people/cyprien-de-masson-d-autume/unverified/","身份待核验；按单篇保留，不跨论文合并同名者。达到重点候选筛选阈值；已查可定位来源，身份/历史履历仍未确认。
具体论文问题：P1-C;P1-A;P1-R
完整Scholar/DBLP论文列表及CCF/CORE目录未获取；当前公开材料可能漏项。",1
Cyprien de Masson d’Autume（论文 #3，身份待核验）,2018；论文#3；Google DeepMind,待核验,身份待核验,待核验,论文合作者（身份待核验）,待核验,待核验,待核验,句法分析与结构化表示,未公开,"论文信息汇总.csv 序3：摘要、研究内容、创新点；内容仅据摘要/Introduction归纳。
PDF：港大/Kong, Lingpeng/论文/2018_Sentence Encoding with Tree-constrained Relation Networks.pdf；第1页标题、作者单位与摘要；Introduction在已保存前3页内。
https://arxiv.org/abs/1811.10475；访问2026-09-17；arXiv作者顺序和摘要。
CV：https://ikekonglp.github.io/lingpenk_cv.pdf；第3页；版本2026-01-27。
原文摘要依据：“The meaning of a sentence is a function of the relations that hold between its words. We instantiate this relational view of semantics in a series of neural models based on variants of relation networ”。
仅确认论文内原姓名署名；跨论文身份未确认。https://aclanthology.org/people/cyprien-de-masson-d-autume/unverified/","身份待核验；按单篇保留，不跨论文合并同名者。达到重点候选筛选阈值；已查可定位来源，身份/历史履历仍未确认。
具体论文问题：P3-C;P3-A;P3-R
完整Scholar/DBLP论文列表及CCF/CORE目录未获取；当前公开材料可能漏项。",3
Cyprien de Masson d’Autume（论文 #12，身份待核验）,2021；论文#12；Google DeepMind,待核验,身份待核验,待核验,论文合作者（身份待核验）,待核验,待核验,待核验,语言建模与记忆,未公开,"论文信息汇总.csv 序12：摘要、研究内容、创新点；内容仅据摘要/Introduction归纳。
PDF：港大/Kong, Lingpeng/论文/2021_Adaptive Semiparametric Language Models.pdf；第1页标题、作者单位与摘要；Introduction在已保存前3页内。
https://aclanthology.org/2021.tacl-1.22/；访问2026-09-17；ACL作者顺序、发表信息与摘要。
CV：https://ikekonglp.github.io/lingpenk_cv.pdf；第4页；版本2026-01-27。
原文摘要依据：“We present a language model that combines a large parametric neural network (i.e., a transformer) with a non-parametric episodic memory component in an integrated architecture. Our model uses extended”。
仅确认论文内原姓名署名；跨论文身份未确认。https://aclanthology.org/people/cyprien-de-masson-d-autume/unverified/","身份待核验；按单篇保留，不跨论文合并同名者。达到重点候选筛选阈值；已查可定位来源，身份/历史履历仍未确认。
具体论文问题：P12-C;P12-A;P12-R
完整Scholar/DBLP论文列表及CCF/CORE目录未获取；当前公开材料可能漏项。",12
Cyprien de Masson d’Autume（论文 #114，身份待核验）,2020；论文#114；Google DeepMind,待核验,身份待核验,待核验,论文合作者（身份待核验）,待核验,待核验,待核验,句法分析与结构化表示,未公开,"论文信息汇总.csv 序114：摘要、研究内容、创新点；内容仅据摘要/Introduction归纳。
PDF：港大/Kong, Lingpeng/论文/2020_A Mutual Information Maximization Perspective of Language Representation Learning.pdf；第1页标题、作者单位与摘要；Introduction在已保存前3页内。
https://arxiv.org/abs/1910.08350；访问2026-09-17；arXiv作者顺序和摘要。
CV：https://ikekonglp.github.io/lingpenk_cv.pdf；第11页；版本2026-01-27。
原文摘要依据：“We show state-of-the-art word representation learning methods maximize an objective function that is a lower bound on the mutual information between different parts of a word sequence (i.e., a sentenc”。
仅确认论文内原姓名署名；跨论文身份未确认。https://aclanthology.org/people/cyprien-de-masson-d-autume/unverified/","身份待核验；按单篇保留，不跨论文合并同名者。达到重点候选筛选阈值；已查可定位来源，身份/历史履历仍未确认。
具体论文问题：P114-C;P114-A;P114-R;P114-F
完整Scholar/DBLP论文列表及CCF/CORE目录未获取；当前公开材料可能漏项。",114
Cyprien de Masson d’Autume（论文 #115，身份待核验）,2019；论文#115；待核验,待核验,身份待核验,待核验,论文合作者（身份待核验）,待核验,待核验,待核验,语言建模与记忆,未公开,"论文信息汇总.csv 序115：摘要、研究内容、创新点；内容仅据摘要/Introduction归纳。
仅取得可靠元数据或摘要；未取得可读全文。
https://arxiv.org/abs/1906.01076；访问2026-09-17；arXiv作者顺序和摘要。
CV：https://ikekonglp.github.io/lingpenk_cv.pdf；第11页；版本2026-01-27。
原文摘要依据：“We introduce a lifelong language learning setup where a model needs to learn from a stream of text examples without any dataset identifier. We propose an episodic memory model that performs sparse exp”。
仅确认论文内原姓名署名；跨论文身份未确认。https://aclanthology.org/people/cyprien-de-masson-d-autume/unverified/","身份待核验；按单篇保留，不跨论文合并同名者。达到重点候选筛选阈值；已查可定位来源，身份/历史履历仍未确认。
具体论文问题：P115-C;P115-D;P115-A;P115-R;P115-F
完整Scholar/DBLP论文列表及CCF/CORE目录未获取；当前公开材料可能漏项。",115
Jerome Connor（论文 #1，身份待核验）,2019；论文#1；Google DeepMind,待核验,身份待核验,待核验,论文合作者（身份待核验）,待核验,待核验,待核验,语言迁移与学习能力评测,未公开,"论文信息汇总.csv 序1：摘要、研究内容、创新点；内容仅据摘要/Introduction归纳。
PDF：港大/Kong, Lingpeng/论文/2019_Learning and Evaluating General Linguistic Intelligence.pdf；第1页标题、作者单位与摘要；Introduction在已保存前3页内。
https://arxiv.org/abs/1901.11373；访问2026-09-17；arXiv作者顺序和摘要。
CV：https://ikekonglp.github.io/lingpenk_cv.pdf；第3页；版本2026-01-27。
原文摘要依据：“We define general linguistic intelligence as the ability to reuse previously acquired knowledge about a language's lexicon, syntax, semantics, and pragmatic conventions to adapt to new tasks quickly. ”。
仅确认论文内原姓名署名；跨论文身份未确认。","身份待核验；按单篇保留，不跨论文合并同名者。待核验（未深查）；原姓名整体未达到重点阈值。
具体论文问题：P1-C;P1-A;P1-R
完整Scholar/DBLP论文列表及CCF/CORE目录未获取；当前公开材料可能漏项。",1
Tomas Kocisky（论文 #1，身份待核验）,2019；论文#1；Google DeepMind,待核验,身份待核验,待核验,论文合作者（身份待核验）,待核验,待核验,待核验,语言迁移与学习能力评测,未公开,"论文信息汇总.csv 序1：摘要、研究内容、创新点；内容仅据摘要/Introduction归纳。
PDF：港大/Kong, Lingpeng/论文/2019_Learning and Evaluating General Linguistic Intelligence.pdf；第1页标题、作者单位与摘要；Introduction在已保存前3页内。
https://arxiv.org/abs/1901.11373；访问2026-09-17；arXiv作者顺序和摘要。
CV：https://ikekonglp.github.io/lingpenk_cv.pdf；第3页；版本2026-01-27。
原文摘要依据：“We define general linguistic intelligence as the ability to reuse previously acquired knowledge about a language's lexicon, syntax, semantics, and pragmatic conventions to adapt to new tasks quickly. ”。
仅确认论文内原姓名署名；跨论文身份未确认。","身份待核验；按单篇保留，不跨论文合并同名者。待核验（未深查）；原姓名整体未达到重点阈值。
具体论文问题：P1-C;P1-A;P1-R
完整Scholar/DBLP论文列表及CCF/CORE目录未获取；当前公开材料可能漏项。",1
Mike Chrzanowski（论文 #1，身份待核验）,2019；论文#1；Google DeepMind,待核验,身份待核验,待核验,论文合作者（身份待核验）,待核验,待核验,待核验,语言迁移与学习能力评测,未公开,"论文信息汇总.csv 序1：摘要、研究内容、创新点；内容仅据摘要/Introduction归纳。
PDF：港大/Kong, Lingpeng/论文/2019_Learning and Evaluating General Linguistic Intelligence.pdf；第1页标题、作者单位与摘要；Introduction在已保存前3页内。
https://arxiv.org/abs/1901.11373；访问2026-09-17；arXiv作者顺序和摘要。
CV：https://ikekonglp.github.io/lingpenk_cv.pdf；第3页；版本2026-01-27。
原文摘要依据：“We define general linguistic intelligence as the ability to reuse previously acquired knowledge about a language's lexicon, syntax, semantics, and pragmatic conventions to adapt to new tasks quickly. ”。
仅确认论文内原姓名署名；跨论文身份未确认。","身份待核验；按单篇保留，不跨论文合并同名者。待核验（未深查）；原姓名整体未达到重点阈值。
具体论文问题：P1-C;P1-A;P1-R
完整Scholar/DBLP论文列表及CCF/CORE目录未获取；当前公开材料可能漏项。",1
Angeliki Lazaridou（论文 #1，身份待核验）,2019；论文#1；Google DeepMind,待核验,身份待核验,待核验,论文合作者（身份待核验）,待核验,待核验,待核验,语言迁移与学习能力评测,未公开,"论文信息汇总.csv 序1：摘要、研究内容、创新点；内容仅据摘要/Introduction归纳。
PDF：港大/Kong, Lingpeng/论文/2019_Learning and Evaluating General Linguistic Intelligence.pdf；第1页标题、作者单位与摘要；Introduction在已保存前3页内。
https://arxiv.org/abs/1901.11373；访问2026-09-17；arXiv作者顺序和摘要。
CV：https://ikekonglp.github.io/lingpenk_cv.pdf；第3页；版本2026-01-27。
原文摘要依据：“We define general linguistic intelligence as the ability to reuse previously acquired knowledge about a language's lexicon, syntax, semantics, and pragmatic conventions to adapt to new tasks quickly. ”。
仅确认论文内原姓名署名；跨论文身份未确认。","身份待核验；按单篇保留，不跨论文合并同名者。待核验（未深查）；原姓名整体未达到重点阈值。
具体论文问题：P1-C;P1-A;P1-R
完整Scholar/DBLP论文列表及CCF/CORE目录未获取；当前公开材料可能漏项。",1
Wang Ling（论文 #1，身份待核验）,2019；论文#1；Google DeepMind,待核验,身份待核验,待核验,论文合作者（身份待核验）,待核验,待核验,待核验,语言迁移与学习能力评测,未公开,"论文信息汇总.csv 序1：摘要、研究内容、创新点；内容仅据摘要/Introduction归纳。
PDF：港大/Kong, Lingpeng/论文/2019_Learning and Evaluating General Linguistic Intelligence.pdf；第1页标题、作者单位与摘要；Introduction在已保存前3页内。
https://arxiv.org/abs/1901.11373；访问2026-09-17；arXiv作者顺序和摘要。
CV：https://ikekonglp.github.io/lingpenk_cv.pdf；第3页；版本2026-01-27。
原文摘要依据：“We define general linguistic intelligence as the ability to reuse previously acquired knowledge about a language's lexicon, syntax, semantics, and pragmatic conventions to adapt to new tasks quickly. ”。
仅确认论文内原姓名署名；跨论文身份未确认。https://aclanthology.org/people/wang-ling/unverified/","身份待核验；按单篇保留，不跨论文合并同名者。达到重点候选筛选阈值；已查可定位来源，身份/历史履历仍未确认。
具体论文问题：P1-C;P1-A;P1-R
完整Scholar/DBLP论文列表及CCF/CORE目录未获取；当前公开材料可能漏项。",1
Wang Ling（论文 #3，身份待核验）,2018；论文#3；Google DeepMind,待核验,身份待核验,待核验,论文合作者（身份待核验）,待核验,待核验,待核验,句法分析与结构化表示,未公开,"论文信息汇总.csv 序3：摘要、研究内容、创新点；内容仅据摘要/Introduction归纳。
PDF：港大/Kong, Lingpeng/论文/2018_Sentence Encoding with Tree-constrained Relation Networks.pdf；第1页标题、作者单位与摘要；Introduction在已保存前3页内。
https://arxiv.org/abs/1811.10475；访问2026-09-17；arXiv作者顺序和摘要。
CV：https://ikekonglp.github.io/lingpenk_cv.pdf；第3页；版本2026-01-27。
原文摘要依据：“The meaning of a sentence is a function of the relations that hold between its words. We instantiate this relational view of semantics in a series of neural models based on variants of relation networ”。
仅确认论文内原姓名署名；跨论文身份未确认。https://aclanthology.org/people/wang-ling/unverified/","身份待核验；按单篇保留，不跨论文合并同名者。达到重点候选筛选阈值；已查可定位来源，身份/历史履历仍未确认。
具体论文问题：P3-C;P3-A;P3-R
完整Scholar/DBLP论文列表及CCF/CORE目录未获取；当前公开材料可能漏项。",3
Wang Ling（论文 #14，身份待核验）,2020；论文#14；Google DeepMind,待核验,身份待核验,待核验,论文合作者（身份待核验）,待核验,待核验,待核验,机器翻译,未公开,"论文信息汇总.csv 序14：摘要、研究内容、创新点；内容仅据摘要/Introduction归纳。
PDF：港大/Kong, Lingpeng/论文/2020_Better Document-Level Machine Translation with Bayes’ Rule.pdf；第1页标题、作者单位与摘要；Introduction在已保存前3页内。
https://aclanthology.org/2020.tacl-1.23/；访问2026-09-17；ACL作者顺序、发表信息与摘要。
CV：https://ikekonglp.github.io/lingpenk_cv.pdf；第4页；版本2026-01-27。
原文摘要依据：“We show that Bayes’ rule provides an effective mechanism for creating document translation models that can be learned from only parallel sentences and monolingual documents a compelling benefit becaus”。
仅确认论文内原姓名署名；跨论文身份未确认。https://aclanthology.org/people/wang-ling/unverified/","身份待核验；按单篇保留，不跨论文合并同名者。达到重点候选筛选阈值；已查可定位来源，身份/历史履历仍未确认。
具体论文问题：P14-C;P14-A;P14-R
完整Scholar/DBLP论文列表及CCF/CORE目录未获取；当前公开材料可能漏项。",14
Wang Ling（论文 #114，身份待核验）,2020；论文#114；Google DeepMind,待核验,身份待核验,待核验,论文合作者（身份待核验）,待核验,待核验,待核验,句法分析与结构化表示,未公开,"论文信息汇总.csv 序114：摘要、研究内容、创新点；内容仅据摘要/Introduction归纳。
PDF：港大/Kong, Lingpeng/论文/2020_A Mutual Information Maximization Perspective of Language Representation Learning.pdf；第1页标题、作者单位与摘要；Introduction在已保存前3页内。
https://arxiv.org/abs/1910.08350；访问2026-09-17；arXiv作者顺序和摘要。
CV：https://ikekonglp.github.io/lingpenk_cv.pdf；第11页；版本2026-01-27。
原文摘要依据：“We show state-of-the-art word representation learning methods maximize an objective function that is a lower bound on the mutual information between different parts of a word sequence (i.e., a sentenc”。
仅确认论文内原姓名署名；跨论文身份未确认。https://aclanthology.org/people/wang-ling/unverified/","身份待核验；按单篇保留，不跨论文合并同名者。达到重点候选筛选阈值；已查可定位来源，身份/历史履历仍未确认。
具体论文问题：P114-C;P114-A;P114-R;P114-F
完整Scholar/DBLP论文列表及CCF/CORE目录未获取；当前公开材料可能漏项。",114
Wang Ling（论文 #116，身份待核验）,2019；论文#116；Google DeepMind,待核验,身份待核验,待核验,论文合作者（身份待核验）,待核验,待核验,待核验,语言建模与记忆,未公开,"论文信息汇总.csv 序116：摘要、研究内容、创新点；内容仅据摘要/Introduction归纳。
PDF：港大/Kong, Lingpeng/论文/2019_Variational Smoothing in Recurrent Neural Network Language Models.pdf；第1页标题、作者单位与摘要；Introduction在已保存前3页内。
https://arxiv.org/abs/1901.09296；访问2026-09-17；arXiv作者顺序和摘要。
CV：https://ikekonglp.github.io/lingpenk_cv.pdf；第12页；版本2026-01-27。
PDF发表标记：“Published as a conference paper at ICLR 2019”。
原文摘要依据：“We present a new theoretical perspective of data noising in recurrent neural network language models (Xie et al., 2017). We show that each variant of data noising is an instance of Bayesian recurrent ”。
仅确认论文内原姓名署名；跨论文身份未确认。https://aclanthology.org/people/wang-ling/unverified/","身份待核验；按单篇保留，不跨论文合并同名者。达到重点候选筛选阈值；已查可定位来源，身份/历史履历仍未确认。
具体论文问题：P116-C;P116-A;P116-R
完整Scholar/DBLP论文列表及CCF/CORE目录未获取；当前公开材料可能漏项。",116
Lei Yu（论文 #1，身份待核验）,2019；论文#1；Google DeepMind,待核验,身份待核验,待核验,论文合作者（身份待核验）,待核验,待核验,待核验,语言迁移与学习能力评测,未公开,"论文信息汇总.csv 序1：摘要、研究内容、创新点；内容仅据摘要/Introduction归纳。
PDF：港大/Kong, Lingpeng/论文/2019_Learning and Evaluating General Linguistic Intelligence.pdf；第1页标题、作者单位与摘要；Introduction在已保存前3页内。
https://arxiv.org/abs/1901.11373；访问2026-09-17；arXiv作者顺序和摘要。
CV：https://ikekonglp.github.io/lingpenk_cv.pdf；第3页；版本2026-01-27。
原文摘要依据：“We define general linguistic intelligence as the ability to reuse previously acquired knowledge about a language's lexicon, syntax, semantics, and pragmatic conventions to adapt to new tasks quickly. ”。
仅确认论文内原姓名署名；跨论文身份未确认。https://aclanthology.org/people/lei-yu/unverified/","身份待核验；按单篇保留，不跨论文合并同名者。达到重点候选筛选阈值；已查可定位来源，身份/历史履历仍未确认。
具体论文问题：P1-C;P1-A;P1-R
完整Scholar/DBLP论文列表及CCF/CORE目录未获取；当前公开材料可能漏项。",1
Lei Yu（论文 #3，身份待核验）,2018；论文#3；Google DeepMind,待核验,身份待核验,待核验,论文合作者（身份待核验）,待核验,待核验,待核验,句法分析与结构化表示,未公开,"论文信息汇总.csv 序3：摘要、研究内容、创新点；内容仅据摘要/Introduction归纳。
PDF：港大/Kong, Lingpeng/论文/2018_Sentence Encoding with Tree-constrained Relation Networks.pdf；第1页标题、作者单位与摘要；Introduction在已保存前3页内。
https://arxiv.org/abs/1811.10475；访问2026-09-17；arXiv作者顺序和摘要。
CV：https://ikekonglp.github.io/lingpenk_cv.pdf；第3页；版本2026-01-27。
原文摘要依据：“The meaning of a sentence is a function of the relations that hold between its words. We instantiate this relational view of semantics in a series of neural models based on variants of relation networ”。
仅确认论文内原姓名署名；跨论文身份未确认。https://aclanthology.org/people/lei-yu/unverified/","身份待核验；按单篇保留，不跨论文合并同名者。达到重点候选筛选阈值；已查可定位来源，身份/历史履历仍未确认。
具体论文问题：P3-C;P3-A;P3-R
完整Scholar/DBLP论文列表及CCF/CORE目录未获取；当前公开材料可能漏项。",3
Lei Yu（论文 #14，身份待核验）,2020；论文#14；Google DeepMind,待核验,身份待核验,待核验,论文合作者（身份待核验）,待核验,待核验,待核验,机器翻译,未公开,"论文信息汇总.csv 序14：摘要、研究内容、创新点；内容仅据摘要/Introduction归纳。
PDF：港大/Kong, Lingpeng/论文/2020_Better Document-Level Machine Translation with Bayes’ Rule.pdf；第1页标题、作者单位与摘要；Introduction在已保存前3页内。
https://aclanthology.org/2020.tacl-1.23/；访问2026-09-17；ACL作者顺序、发表信息与摘要。
CV：https://ikekonglp.github.io/lingpenk_cv.pdf；第4页；版本2026-01-27。
原文摘要依据：“We show that Bayes’ rule provides an effective mechanism for creating document translation models that can be learned from only parallel sentences and monolingual documents a compelling benefit becaus”。
仅确认论文内原姓名署名；跨论文身份未确认。https://aclanthology.org/people/lei-yu/unverified/","身份待核验；按单篇保留，不跨论文合并同名者。达到重点候选筛选阈值；已查可定位来源，身份/历史履历仍未确认。
具体论文问题：P14-C;P14-A;P14-R
完整Scholar/DBLP论文列表及CCF/CORE目录未获取；当前公开材料可能漏项。",14
Lei Yu（论文 #59，身份待核验）,2024；论文#59；Google DeepMind,待核验,身份待核验,待核验,论文合作者（身份待核验）,待核验,待核验,待核验,扩散文本生成,未公开,"论文信息汇总.csv 序59：摘要、研究内容、创新点；内容仅据摘要/Introduction归纳。
PDF：港大/Kong, Lingpeng/论文/2024_A Reparameterized Discrete Diffusion Model for Text Generation.pdf；第1页标题、作者单位与摘要；Introduction在已保存前3页内。
https://arxiv.org/abs/2302.05737；访问2026-09-17；arXiv作者顺序和摘要。
CV：https://ikekonglp.github.io/lingpenk_cv.pdf；第7页；版本2026-01-27。
原文摘要依据：“This work studies discrete diffusion probabilistic models with applications to natural language generation. We derive an alternative yet equivalent formulation of the sampling from discrete diffusion ”。
仅确认论文内原姓名署名；跨论文身份未确认。https://aclanthology.org/people/lei-yu/unverified/","身份待核验；按单篇保留，不跨论文合并同名者。达到重点候选筛选阈值；已查可定位来源，身份/历史履历仍未确认。
具体论文问题：P59-C;P59-R;P59-F
完整Scholar/DBLP论文列表及CCF/CORE目录未获取；当前公开材料可能漏项。",59
Lei Yu（论文 #114，身份待核验）,2020；论文#114；Google DeepMind,待核验,身份待核验,待核验,论文合作者（身份待核验）,待核验,待核验,待核验,句法分析与结构化表示,未公开,"论文信息汇总.csv 序114：摘要、研究内容、创新点；内容仅据摘要/Introduction归纳。
PDF：港大/Kong, Lingpeng/论文/2020_A Mutual Information Maximization Perspective of Language Representation Learning.pdf；第1页标题、作者单位与摘要；Introduction在已保存前3页内。
https://arxiv.org/abs/1910.08350；访问2026-09-17；arXiv作者顺序和摘要。
CV：https://ikekonglp.github.io/lingpenk_cv.pdf；第11页；版本2026-01-27。
原文摘要依据：“We show state-of-the-art word representation learning methods maximize an objective function that is a lower bound on the mutual information between different parts of a word sequence (i.e., a sentenc”。
仅确认论文内原姓名署名；跨论文身份未确认。https://aclanthology.org/people/lei-yu/unverified/","身份待核验；按单篇保留，不跨论文合并同名者。达到重点候选筛选阈值；已查可定位来源，身份/历史履历仍未确认。
具体论文问题：P114-C;P114-A;P114-R;P114-F
完整Scholar/DBLP论文列表及CCF/CORE目录未获取；当前公开材料可能漏项。",114
Lei Yu（论文 #116，身份待核验）,2019；论文#116；Google DeepMind,待核验,身份待核验,待核验,论文合作者（身份待核验）,待核验,待核验,待核验,语言建模与记忆,未公开,"论文信息汇总.csv 序116：摘要、研究内容、创新点；内容仅据摘要/Introduction归纳。
PDF：港大/Kong, Lingpeng/论文/2019_Variational Smoothing in Recurrent Neural Network Language Models.pdf；第1页标题、作者单位与摘要；Introduction在已保存前3页内。
https://arxiv.org/abs/1901.09296；访问2026-09-17；arXiv作者顺序和摘要。
CV：https://ikekonglp.github.io/lingpenk_cv.pdf；第12页；版本2026-01-27。
PDF发表标记：“Published as a conference paper at ICLR 2019”。
原文摘要依据：“We present a new theoretical perspective of data noising in recurrent neural network language models (Xie et al., 2017). We show that each variant of data noising is an instance of Bayesian recurrent ”。
仅确认论文内原姓名署名；跨论文身份未确认。https://aclanthology.org/people/lei-yu/unverified/","身份待核验；按单篇保留，不跨论文合并同名者。达到重点候选筛选阈值；已查可定位来源，身份/历史履历仍未确认。
具体论文问题：P116-C;P116-A;P116-R
完整Scholar/DBLP论文列表及CCF/CORE目录未获取；当前公开材料可能漏项。",116
Chris Dyer,"2014；论文#124；卡内基梅隆大学
2016；论文#119；卡内基梅隆大学
2016；论文#120；卡内基梅隆大学；Google DeepMind
2016；论文#121；卡内基梅隆大学
2016；论文#129；卡内基梅隆大学
2017；论文#6；待核验
2017；论文#15；待核验
2017；论文#117；Google DeepMind
2017；论文#118；卡内基梅隆大学；Google DeepMind
2018；论文#3；Google DeepMind
2019；论文#1；Google DeepMind
2020；论文#13；Google DeepMind
2020；论文#14；Google DeepMind",未公开,2017博士论文委员会共同主席；共同论文署名CMU与DeepMind,当前职称待核验,导师—学生（孔令鹏为学生）,13,2014,2020,句法分析与结构化表示；语音识别与分段建模；语言建模与记忆；神经网络工具；语言迁移与学习能力评测；机器翻译,未公开,https://ikekonglp.github.io/lingpenk_cv.pdf；访问2026-09-17；原文依据：“Chris Dyer (co-chair)”。历史指导/时间另见https://ikekonglp.github.io/lingpenk_cv.pdf第1-2页（版本2026-01-27）；校友更新见https://hkunlp.github.io/people/。核验状态：公开身份部分确认；局限见待核验问题。,"导师关系依据CV；当前职称、部门与任职时间未核验。
具体论文问题：P124-C;P124-A;P124-R;P119-C;P119-A;P119-R;P119-F;P120-C;P120-A;P120-R;P121-C;P121-A;P121-R;P129-C;P129-A;P129-R;P6-C;P6-A;P6-R;P15-C;P15-A;P15-R;P15-F;P117-C;P117-A;P117-R;P117-F;P118-C;P118-A;P118-R;P3-C;P3-A;P3-R;P1-C;P1-A;P1-R;P13-C;P13-A;P13-R;P14-C;P14-A;P14-R
完整Scholar/DBLP论文列表及CCF/CORE目录未获取；当前公开材料可能漏项。;CP16;CP17;CP18;CP19;CP20;CP21;CP22;CP23;CP24;CP25;CP26;CP27;CP28;CP29",124;119;120;121;129;6;15;117;118;3;1;13;14
Phil Blunsom（论文 #1，身份待核验）,2019；论文#1；Google DeepMind,待核验,身份待核验,待核验,论文合作者（身份待核验）,待核验,待核验,待核验,语言迁移与学习能力评测,未公开,"论文信息汇总.csv 序1：摘要、研究内容、创新点；内容仅据摘要/Introduction归纳。
PDF：港大/Kong, Lingpeng/论文/2019_Learning and Evaluating General Linguistic Intelligence.pdf；第1页标题、作者单位与摘要；Introduction在已保存前3页内。
https://arxiv.org/abs/1901.11373；访问2026-09-17；arXiv作者顺序和摘要。
CV：https://ikekonglp.github.io/lingpenk_cv.pdf；第3页；版本2026-01-27。
原文摘要依据：“We define general linguistic intelligence as the ability to reuse previously acquired knowledge about a language's lexicon, syntax, semantics, and pragmatic conventions to adapt to new tasks quickly. ”。
仅确认论文内原姓名署名；跨论文身份未确认。https://aclanthology.org/people/phil-blunsom/","身份待核验；按单篇保留，不跨论文合并同名者。达到重点候选筛选阈值；已查可定位来源，身份/历史履历仍未确认。
具体论文问题：P1-C;P1-A;P1-R
完整Scholar/DBLP论文列表及CCF/CORE目录未获取；当前公开材料可能漏项。",1
Phil Blunsom（论文 #3，身份待核验）,2018；论文#3；Google DeepMind,待核验,身份待核验,待核验,论文合作者（身份待核验）,待核验,待核验,待核验,句法分析与结构化表示,未公开,"论文信息汇总.csv 序3：摘要、研究内容、创新点；内容仅据摘要/Introduction归纳。
PDF：港大/Kong, Lingpeng/论文/2018_Sentence Encoding with Tree-constrained Relation Networks.pdf；第1页标题、作者单位与摘要；Introduction在已保存前3页内。
https://arxiv.org/abs/1811.10475；访问2026-09-17；arXiv作者顺序和摘要。
CV：https://ikekonglp.github.io/lingpenk_cv.pdf；第3页；版本2026-01-27。
原文摘要依据：“The meaning of a sentence is a function of the relations that hold between its words. We instantiate this relational view of semantics in a series of neural models based on variants of relation networ”。
仅确认论文内原姓名署名；跨论文身份未确认。https://aclanthology.org/people/phil-blunsom/","身份待核验；按单篇保留，不跨论文合并同名者。达到重点候选筛选阈值；已查可定位来源，身份/历史履历仍未确认。
具体论文问题：P3-C;P3-A;P3-R
完整Scholar/DBLP论文列表及CCF/CORE目录未获取；当前公开材料可能漏项。",3
Phil Blunsom（论文 #13，身份待核验）,2020；论文#13；Google DeepMind；牛津大学,待核验,身份待核验,待核验,论文合作者（身份待核验）,待核验,待核验,待核验,句法分析与结构化表示,未公开,"论文信息汇总.csv 序13：摘要、研究内容、创新点；内容仅据摘要/Introduction归纳。
PDF：港大/Kong, Lingpeng/论文/2020_Syntactic Structure Distillation Pretraining for Bidirectional Encoders.pdf；第1页标题、作者单位与摘要；Introduction在已保存前3页内。
https://aclanthology.org/2020.tacl-1.50/；访问2026-09-17；ACL作者顺序、发表信息与摘要。
CV：https://ikekonglp.github.io/lingpenk_cv.pdf；第4页；版本2026-01-27。
原文摘要依据：“Textual representation learners trained on large amounts of data have achieved notable success on downstream tasks; intriguingly, they have also performed well on challenging tests of syntactic compet”。
仅确认论文内原姓名署名；跨论文身份未确认。https://aclanthology.org/people/phil-blunsom/","身份待核验；按单篇保留，不跨论文合并同名者。达到重点候选筛选阈值；已查可定位来源，身份/历史履历仍未确认。
具体论文问题：P13-C;P13-A;P13-R
完整Scholar/DBLP论文列表及CCF/CORE目录未获取；当前公开材料可能漏项。",13
Phil Blunsom（论文 #14，身份待核验）,2020；论文#14；Google DeepMind；牛津大学,待核验,身份待核验,待核验,论文合作者（身份待核验）,待核验,待核验,待核验,机器翻译,未公开,"论文信息汇总.csv 序14：摘要、研究内容、创新点；内容仅据摘要/Introduction归纳。
PDF：港大/Kong, Lingpeng/论文/2020_Better Document-Level Machine Translation with Bayes’ Rule.pdf；第1页标题、作者单位与摘要；Introduction在已保存前3页内。
https://aclanthology.org/2020.tacl-1.23/；访问2026-09-17；ACL作者顺序、发表信息与摘要。
CV：https://ikekonglp.github.io/lingpenk_cv.pdf；第4页；版本2026-01-27。
原文摘要依据：“We show that Bayes’ rule provides an effective mechanism for creating document translation models that can be learned from only parallel sentences and monolingual documents a compelling benefit becaus”。
仅确认论文内原姓名署名；跨论文身份未确认。https://aclanthology.org/people/phil-blunsom/","身份待核验；按单篇保留，不跨论文合并同名者。达到重点候选筛选阈值；已查可定位来源，身份/历史履历仍未确认。
具体论文问题：P14-C;P14-A;P14-R
完整Scholar/DBLP论文列表及CCF/CORE目录未获取；当前公开材料可能漏项。",14
Jiangtao Feng,"2018；论文#2；复旦大学
2022；论文#95；上海人工智能实验室
2022；论文#96；上海人工智能实验室
2022；论文#100；上海人工智能实验室
2023；论文#77；独立研究者
2023；论文#80；待核验
2023；论文#87；上海人工智能实验室
2023；论文#88；上海人工智能实验室
2023；论文#93；上海人工智能实验室
2023；论文#134；上海人工智能实验室
2023；论文#136；未公开
2023；论文#142；待核验",GenSI（清华AIR与上海人工智能实验室联合团队）,曾任上海人工智能实验室研究负责人、字节跳动高级研究员；具体起止未公开,具体职位未公开,论文合作者,12,2018,2023,机器翻译；任务数据合成；可控文本生成与一致性；扩散文本生成；高效注意力与序列架构；上下文示例选择,未公开,https://jiangtaofeng.github.io/；访问2026-09-17；原文依据：“a joint team from Tsinghua AIR and Shanghai AI Lab”。历史指导/时间另见https://ikekonglp.github.io/lingpenk_cv.pdf第1-2页（版本2026-01-27）；校友更新见https://hkunlp.github.io/people/。核验状态：公开身份部分确认；局限见待核验问题。,"历史岗位时间与共同项目职责未公开。
具体论文问题：P2-C;P2-A;P2-R;P95-C;P95-A;P95-R;P96-C;P96-A;P96-R;P100-C;P100-A;P100-R;P100-F;P77-C;P77-R;P80-C;P80-D;P80-A;P80-R;P80-F;P87-C;P88-C;P93-C;P93-R;P134-C;P134-A;P136-C;P136-R;P142-C;P142-D;P142-A;P142-R
完整Scholar/DBLP论文列表及CCF/CORE目录未获取；当前公开材料可能漏项。;CP42",2;95;96;100;77;80;87;88;93;134;136;142
Po-Sen Huang（论文 #2，身份待核验）,2018；论文#2；Google DeepMind,待核验,身份待核验,待核验,论文合作者（身份待核验）,待核验,待核验,待核验,机器翻译,未公开,"论文信息汇总.csv 序2：摘要、研究内容、创新点；内容仅据摘要/Introduction归纳。
PDF：港大/Kong, Lingpeng/论文/2018_Neural Phrase-to-Phrase Machine Translation.pdf；第1页标题、作者单位与摘要；Introduction在已保存前3页内。
https://arxiv.org/abs/1811.02172；访问2026-09-17；arXiv作者顺序和摘要。
CV：https://ikekonglp.github.io/lingpenk_cv.pdf；第3页；版本2026-01-27。
原文摘要依据：“In this paper, we propose Neural Phrase-to-Phrase Machine Translation (NP$^2$MT). Our model uses a phrase attention mechanism to discover relevant input (source) segments that are used by a decoder to”。
仅确认论文内原姓名署名；跨论文身份未确认。","身份待核验；按单篇保留，不跨论文合并同名者。待核验（未深查）；原姓名整体未达到重点阈值。
具体论文问题：P2-C;P2-A;P2-R
完整Scholar/DBLP论文列表及CCF/CORE目录未获取；当前公开材料可能漏项。",2
Chong Wang（论文 #2，身份待核验）,2018；论文#2；Google,待核验,身份待核验,待核验,论文合作者（身份待核验）,待核验,待核验,待核验,机器翻译,未公开,"论文信息汇总.csv 序2：摘要、研究内容、创新点；内容仅据摘要/Introduction归纳。
PDF：港大/Kong, Lingpeng/论文/2018_Neural Phrase-to-Phrase Machine Translation.pdf；第1页标题、作者单位与摘要；Introduction在已保存前3页内。
https://arxiv.org/abs/1811.02172；访问2026-09-17；arXiv作者顺序和摘要。
CV：https://ikekonglp.github.io/lingpenk_cv.pdf；第3页；版本2026-01-27。
原文摘要依据：“In this paper, we propose Neural Phrase-to-Phrase Machine Translation (NP$^2$MT). Our model uses a phrase attention mechanism to discover relevant input (source) segments that are used by a decoder to”。
仅确认论文内原姓名署名；跨论文身份未确认。https://chongw.github.io/","身份待核验；按单篇保留，不跨论文合并同名者。达到重点候选筛选阈值；已查可定位来源，身份/历史履历仍未确认。
具体论文问题：P2-C;P2-A;P2-R
完整Scholar/DBLP论文列表及CCF/CORE目录未获取；当前公开材料可能漏项。",2
Chong Wang（论文 #90，身份待核验）,2023；论文#90；Apple,待核验,身份待核验,待核验,论文合作者（身份待核验）,待核验,待核验,待核验,高效注意力与序列架构,未公开,"论文信息汇总.csv 序90：摘要、研究内容、创新点；内容仅据摘要/Introduction归纳。
PDF：港大/Kong, Lingpeng/论文/2023_Efficient Attention via Control Variates.pdf；第1页标题、作者单位与摘要；Introduction在已保存前3页内。
https://arxiv.org/abs/2302.04542；访问2026-09-17；arXiv作者顺序和摘要。
CV：https://ikekonglp.github.io/lingpenk_cv.pdf；第10页；版本2026-01-27。
PDF发表标记：“Published as a conference paper at ICLR 2023”。
原文摘要依据：“Random-feature-based attention (RFA) is an efficient approximation of softmax attention with linear runtime and space complexity. However, the approximation gap between RFA and conventional softmax at”。
仅确认论文内原姓名署名；跨论文身份未确认。https://chongw.github.io/","身份待核验；按单篇保留，不跨论文合并同名者。达到重点候选筛选阈值；已查可定位来源，身份/历史履历仍未确认。
具体论文问题：P90-C;P90-R
完整Scholar/DBLP论文列表及CCF/CORE目录未获取；当前公开材料可能漏项。",90
Chong Wang（论文 #103，身份待核验）,2022；论文#103；字节跳动,待核验,身份待核验,待核验,论文合作者（身份待核验）,待核验,待核验,待核验,高效注意力与序列架构,未公开,"论文信息汇总.csv 序103：摘要、研究内容、创新点；内容仅据摘要/Introduction归纳。
PDF：港大/Kong, Lingpeng/论文/2022_Linear Complexity Randomized Self-attention Mechanism.pdf；第1页标题、作者单位与摘要；Introduction在已保存前3页内。
https://arxiv.org/abs/2204.04667；访问2026-09-17；arXiv作者顺序和摘要。
CV：https://ikekonglp.github.io/lingpenk_cv.pdf；第11页；版本2026-01-27。
PDF发表标记：“Proceedings of the 39 th International Conference on Machine        the estimator is still consistent, the bias in question is elusive and”。
原文摘要依据：“Recently, random feature attentions (RFAs) are proposed to approximate the softmax attention in linear time and space complexity by linearizing the exponential kernel. In this paper, we first propose ”。
仅确认论文内原姓名署名；跨论文身份未确认。https://chongw.github.io/","身份待核验；按单篇保留，不跨论文合并同名者。达到重点候选筛选阈值；已查可定位来源，身份/历史履历仍未确认。
具体论文问题：P103-C;P103-A
完整Scholar/DBLP论文列表及CCF/CORE目录未获取；当前公开材料可能漏项。",103
Da Huang（论文 #2，身份待核验）,2018；论文#2；Google,待核验,身份待核验,待核验,论文合作者（身份待核验）,待核验,待核验,待核验,机器翻译,未公开,"论文信息汇总.csv 序2：摘要、研究内容、创新点；内容仅据摘要/Introduction归纳。
PDF：港大/Kong, Lingpeng/论文/2018_Neural Phrase-to-Phrase Machine Translation.pdf；第1页标题、作者单位与摘要；Introduction在已保存前3页内。
https://arxiv.org/abs/1811.02172；访问2026-09-17；arXiv作者顺序和摘要。
CV：https://ikekonglp.github.io/lingpenk_cv.pdf；第3页；版本2026-01-27。
原文摘要依据：“In this paper, we propose Neural Phrase-to-Phrase Machine Translation (NP$^2$MT). Our model uses a phrase attention mechanism to discover relevant input (source) segments that are used by a decoder to”。
仅确认论文内原姓名署名；跨论文身份未确认。","身份待核验；按单篇保留，不跨论文合并同名者。待核验（未深查）；原姓名整体未达到重点阈值。
具体论文问题：P2-C;P2-A;P2-R
完整Scholar/DBLP论文列表及CCF/CORE目录未获取；当前公开材料可能漏项。",2
Jiayuan Mao（论文 #2，身份待核验）,2018；论文#2；清华大学,待核验,身份待核验,待核验,论文合作者（身份待核验）,待核验,待核验,待核验,机器翻译,未公开,"论文信息汇总.csv 序2：摘要、研究内容、创新点；内容仅据摘要/Introduction归纳。
PDF：港大/Kong, Lingpeng/论文/2018_Neural Phrase-to-Phrase Machine Translation.pdf；第1页标题、作者单位与摘要；Introduction在已保存前3页内。
https://arxiv.org/abs/1811.02172；访问2026-09-17；arXiv作者顺序和摘要。
CV：https://ikekonglp.github.io/lingpenk_cv.pdf；第3页；版本2026-01-27。
原文摘要依据：“In this paper, we propose Neural Phrase-to-Phrase Machine Translation (NP$^2$MT). Our model uses a phrase attention mechanism to discover relevant input (source) segments that are used by a decoder to”。
仅确认论文内原姓名署名；跨论文身份未确认。","身份待核验；按单篇保留，不跨论文合并同名者。待核验（未深查）；原姓名整体未达到重点阈值。
具体论文问题：P2-C;P2-A;P2-R
完整Scholar/DBLP论文列表及CCF/CORE目录未获取；当前公开材料可能漏项。",2
Kan Qiao（论文 #2，身份待核验）,2018；论文#2；Google,待核验,身份待核验,待核验,论文合作者（身份待核验）,待核验,待核验,待核验,机器翻译,未公开,"论文信息汇总.csv 序2：摘要、研究内容、创新点；内容仅据摘要/Introduction归纳。
PDF：港大/Kong, Lingpeng/论文/2018_Neural Phrase-to-Phrase Machine Translation.pdf；第1页标题、作者单位与摘要；Introduction在已保存前3页内。
https://arxiv.org/abs/1811.02172；访问2026-09-17；arXiv作者顺序和摘要。
CV：https://ikekonglp.github.io/lingpenk_cv.pdf；第3页；版本2026-01-27。
原文摘要依据：“In this paper, we propose Neural Phrase-to-Phrase Machine Translation (NP$^2$MT). Our model uses a phrase attention mechanism to discover relevant input (source) segments that are used by a decoder to”。
仅确认论文内原姓名署名；跨论文身份未确认。","身份待核验；按单篇保留，不跨论文合并同名者。待核验（未深查）；原姓名整体未达到重点阈值。
具体论文问题：P2-C;P2-A;P2-R
完整Scholar/DBLP论文列表及CCF/CORE目录未获取；当前公开材料可能漏项。",2
Dengyong Zhou（论文 #2，身份待核验）,2018；论文#2；Google,待核验,身份待核验,待核验,论文合作者（身份待核验）,待核验,待核验,待核验,机器翻译,未公开,"论文信息汇总.csv 序2：摘要、研究内容、创新点；内容仅据摘要/Introduction归纳。
PDF：港大/Kong, Lingpeng/论文/2018_Neural Phrase-to-Phrase Machine Translation.pdf；第1页标题、作者单位与摘要；Introduction在已保存前3页内。
https://arxiv.org/abs/1811.02172；访问2026-09-17；arXiv作者顺序和摘要。
CV：https://ikekonglp.github.io/lingpenk_cv.pdf；第3页；版本2026-01-27。
原文摘要依据：“In this paper, we propose Neural Phrase-to-Phrase Machine Translation (NP$^2$MT). Our model uses a phrase attention mechanism to discover relevant input (source) segments that are used by a decoder to”。
仅确认论文内原姓名署名；跨论文身份未确认。","身份待核验；按单篇保留，不跨论文合并同名者。待核验（未深查）；原姓名整体未达到重点阈值。
具体论文问题：P2-C;P2-A;P2-R
完整Scholar/DBLP论文列表及CCF/CORE目录未获取；当前公开材料可能漏项。",2
Chris Alberti（论文 #4，身份待核验）,2017；论文#4；Google,待核验,身份待核验,待核验,论文合作者（身份待核验）,待核验,待核验,待核验,句法分析与结构化表示,未公开,"论文信息汇总.csv 序4：摘要、研究内容、创新点；内容仅据摘要/Introduction归纳。
PDF：港大/Kong, Lingpeng/论文/2017_SyntaxNet Models for the CoNLL 2017 Shared Task.pdf；第1页标题、作者单位与摘要；Introduction在已保存前3页内。
https://arxiv.org/abs/1703.04929；访问2026-09-17；arXiv作者顺序和摘要。
CV：https://ikekonglp.github.io/lingpenk_cv.pdf；第3页；版本2026-01-27。
原文摘要依据：“We describe a baseline dependency parsing system for the CoNLL2017 Shared Task. This system, which we call ""ParseySaurus,"" uses the DRAGNN framework [Kong et al, 2017] to combine transition-based recu”。
仅确认论文内原姓名署名；跨论文身份未确认。","身份待核验；按单篇保留，不跨论文合并同名者。待核验（未深查）；原姓名整体未达到重点阈值。
具体论文问题：P4-C;P4-A;P4-R
完整Scholar/DBLP论文列表及CCF/CORE目录未获取；当前公开材料可能漏项。",4
Chris Alberti（论文 #5，身份待核验）,2017；论文#5；Google,待核验,身份待核验,待核验,论文合作者（身份待核验）,待核验,待核验,待核验,句法分析与结构化表示,未公开,"论文信息汇总.csv 序5：摘要、研究内容、创新点；内容仅据摘要/Introduction归纳。
PDF：港大/Kong, Lingpeng/论文/2017_DRAGNN_ A Transition-based Framework for Dynamically Connected Neural Networks.pdf；第1页标题、作者单位与摘要；Introduction在已保存前3页内。
https://arxiv.org/abs/1703.04474；访问2026-09-17；arXiv作者顺序和摘要。
CV：https://ikekonglp.github.io/lingpenk_cv.pdf；第3页；版本2026-01-27。
原文摘要依据：“In this work, we present a compact, modular framework for constructing novel recurrent neural architectures. Our basic module is a new generic unit, the Transition Based Recurrent Unit (TBRU). In addi”。
仅确认论文内原姓名署名；跨论文身份未确认。","身份待核验；按单篇保留，不跨论文合并同名者。待核验（未深查）；原姓名整体未达到重点阈值。
具体论文问题：P5-C;P5-A;P5-R
完整Scholar/DBLP论文列表及CCF/CORE目录未获取；当前公开材料可能漏项。",5
Daniel Andor（论文 #4，身份待核验）,2017；论文#4；Google,待核验,身份待核验,待核验,论文合作者（身份待核验）,待核验,待核验,待核验,句法分析与结构化表示,未公开,"论文信息汇总.csv 序4：摘要、研究内容、创新点；内容仅据摘要/Introduction归纳。
PDF：港大/Kong, Lingpeng/论文/2017_SyntaxNet Models for the CoNLL 2017 Shared Task.pdf；第1页标题、作者单位与摘要；Introduction在已保存前3页内。
https://arxiv.org/abs/1703.04929；访问2026-09-17；arXiv作者顺序和摘要。
CV：https://ikekonglp.github.io/lingpenk_cv.pdf；第3页；版本2026-01-27。
原文摘要依据：“We describe a baseline dependency parsing system for the CoNLL2017 Shared Task. This system, which we call ""ParseySaurus,"" uses the DRAGNN framework [Kong et al, 2017] to combine transition-based recu”。
仅确认论文内原姓名署名；跨论文身份未确认。","身份待核验；按单篇保留，不跨论文合并同名者。待核验（未深查）；原姓名整体未达到重点阈值。
具体论文问题：P4-C;P4-A;P4-R
完整Scholar/DBLP论文列表及CCF/CORE目录未获取；当前公开材料可能漏项。",4
Daniel Andor（论文 #5，身份待核验）,2017；论文#5；Google,待核验,身份待核验,待核验,论文合作者（身份待核验）,待核验,待核验,待核验,句法分析与结构化表示,未公开,"论文信息汇总.csv 序5：摘要、研究内容、创新点；内容仅据摘要/Introduction归纳。
PDF：港大/Kong, Lingpeng/论文/2017_DRAGNN_ A Transition-based Framework for Dynamically Connected Neural Networks.pdf；第1页标题、作者单位与摘要；Introduction在已保存前3页内。
https://arxiv.org/abs/1703.04474；访问2026-09-17；arXiv作者顺序和摘要。
CV：https://ikekonglp.github.io/lingpenk_cv.pdf；第3页；版本2026-01-27。
原文摘要依据：“In this work, we present a compact, modular framework for constructing novel recurrent neural architectures. Our basic module is a new generic unit, the Transition Based Recurrent Unit (TBRU). In addi”。
仅确认论文内原姓名署名；跨论文身份未确认。","身份待核验；按单篇保留，不跨论文合并同名者。待核验（未深查）；原姓名整体未达到重点阈值。
具体论文问题：P5-C;P5-A;P5-R
完整Scholar/DBLP论文列表及CCF/CORE目录未获取；当前公开材料可能漏项。",5
Ivan Bogatyy（论文 #4，身份待核验）,2017；论文#4；Google,待核验,身份待核验,待核验,论文合作者（身份待核验）,待核验,待核验,待核验,句法分析与结构化表示,未公开,"论文信息汇总.csv 序4：摘要、研究内容、创新点；内容仅据摘要/Introduction归纳。
PDF：港大/Kong, Lingpeng/论文/2017_SyntaxNet Models for the CoNLL 2017 Shared Task.pdf；第1页标题、作者单位与摘要；Introduction在已保存前3页内。
https://arxiv.org/abs/1703.04929；访问2026-09-17；arXiv作者顺序和摘要。
CV：https://ikekonglp.github.io/lingpenk_cv.pdf；第3页；版本2026-01-27。
原文摘要依据：“We describe a baseline dependency parsing system for the CoNLL2017 Shared Task. This system, which we call ""ParseySaurus,"" uses the DRAGNN framework [Kong et al, 2017] to combine transition-based recu”。
仅确认论文内原姓名署名；跨论文身份未确认。","身份待核验；按单篇保留，不跨论文合并同名者。待核验（未深查）；原姓名整体未达到重点阈值。
具体论文问题：P4-C;P4-A;P4-R
完整Scholar/DBLP论文列表及CCF/CORE目录未获取；当前公开材料可能漏项。",4
Ivan Bogatyy（论文 #5，身份待核验）,2017；论文#5；Google,待核验,身份待核验,待核验,论文合作者（身份待核验）,待核验,待核验,待核验,句法分析与结构化表示,未公开,"论文信息汇总.csv 序5：摘要、研究内容、创新点；内容仅据摘要/Introduction归纳。
PDF：港大/Kong, Lingpeng/论文/2017_DRAGNN_ A Transition-based Framework for Dynamically Connected Neural Networks.pdf；第1页标题、作者单位与摘要；Introduction在已保存前3页内。
https://arxiv.org/abs/1703.04474；访问2026-09-17；arXiv作者顺序和摘要。
CV：https://ikekonglp.github.io/lingpenk_cv.pdf；第3页；版本2026-01-27。
原文摘要依据：“In this work, we present a compact, modular framework for constructing novel recurrent neural architectures. Our basic module is a new generic unit, the Transition Based Recurrent Unit (TBRU). In addi”。
仅确认论文内原姓名署名；跨论文身份未确认。","身份待核验；按单篇保留，不跨论文合并同名者。待核验（未深查）；原姓名整体未达到重点阈值。
具体论文问题：P5-C;P5-A;P5-R
完整Scholar/DBLP论文列表及CCF/CORE目录未获取；当前公开材料可能漏项。",5
Michael Collins（论文 #4，身份待核验）,2017；论文#4；Google,待核验,身份待核验,待核验,论文合作者（身份待核验）,待核验,待核验,待核验,句法分析与结构化表示,未公开,"论文信息汇总.csv 序4：摘要、研究内容、创新点；内容仅据摘要/Introduction归纳。
PDF：港大/Kong, Lingpeng/论文/2017_SyntaxNet Models for the CoNLL 2017 Shared Task.pdf；第1页标题、作者单位与摘要；Introduction在已保存前3页内。
https://arxiv.org/abs/1703.04929；访问2026-09-17；arXiv作者顺序和摘要。
CV：https://ikekonglp.github.io/lingpenk_cv.pdf；第3页；版本2026-01-27。
原文摘要依据：“We describe a baseline dependency parsing system for the CoNLL2017 Shared Task. This system, which we call ""ParseySaurus,"" uses the DRAGNN framework [Kong et al, 2017] to combine transition-based recu”。
仅确认论文内原姓名署名；跨论文身份未确认。","身份待核验；按单篇保留，不跨论文合并同名者。待核验（未深查）；原姓名整体未达到重点阈值。
具体论文问题：P4-C;P4-A;P4-R
完整Scholar/DBLP论文列表及CCF/CORE目录未获取；当前公开材料可能漏项。",4
Dan Gillick（论文 #4，身份待核验）,2017；论文#4；Google,待核验,身份待核验,待核验,论文合作者（身份待核验）,待核验,待核验,待核验,句法分析与结构化表示,未公开,"论文信息汇总.csv 序4：摘要、研究内容、创新点；内容仅据摘要/Introduction归纳。
PDF：港大/Kong, Lingpeng/论文/2017_SyntaxNet Models for the CoNLL 2017 Shared Task.pdf；第1页标题、作者单位与摘要；Introduction在已保存前3页内。
https://arxiv.org/abs/1703.04929；访问2026-09-17；arXiv作者顺序和摘要。
CV：https://ikekonglp.github.io/lingpenk_cv.pdf；第3页；版本2026-01-27。
原文摘要依据：“We describe a baseline dependency parsing system for the CoNLL2017 Shared Task. This system, which we call ""ParseySaurus,"" uses the DRAGNN framework [Kong et al, 2017] to combine transition-based recu”。
仅确认论文内原姓名署名；跨论文身份未确认。","身份待核验；按单篇保留，不跨论文合并同名者。待核验（未深查）；原姓名整体未达到重点阈值。
具体论文问题：P4-C;P4-A;P4-R
完整Scholar/DBLP论文列表及CCF/CORE目录未获取；当前公开材料可能漏项。",4
Terry Koo（论文 #4，身份待核验）,2017；论文#4；Google,待核验,身份待核验,待核验,论文合作者（身份待核验）,待核验,待核验,待核验,句法分析与结构化表示,未公开,"论文信息汇总.csv 序4：摘要、研究内容、创新点；内容仅据摘要/Introduction归纳。
PDF：港大/Kong, Lingpeng/论文/2017_SyntaxNet Models for the CoNLL 2017 Shared Task.pdf；第1页标题、作者单位与摘要；Introduction在已保存前3页内。
https://arxiv.org/abs/1703.04929；访问2026-09-17；arXiv作者顺序和摘要。
CV：https://ikekonglp.github.io/lingpenk_cv.pdf；第3页；版本2026-01-27。
原文摘要依据：“We describe a baseline dependency parsing system for the CoNLL2017 Shared Task. This system, which we call ""ParseySaurus,"" uses the DRAGNN framework [Kong et al, 2017] to combine transition-based recu”。
仅确认论文内原姓名署名；跨论文身份未确认。","身份待核验；按单篇保留，不跨论文合并同名者。待核验（未深查）；原姓名整体未达到重点阈值。
具体论文问题：P4-C;P4-A;P4-R
完整Scholar/DBLP论文列表及CCF/CORE目录未获取；当前公开材料可能漏项。",4
Ji Ma（论文 #4，身份待核验）,2017；论文#4；Google,待核验,身份待核验,待核验,论文合作者（身份待核验）,待核验,待核验,待核验,句法分析与结构化表示,未公开,"论文信息汇总.csv 序4：摘要、研究内容、创新点；内容仅据摘要/Introduction归纳。
PDF：港大/Kong, Lingpeng/论文/2017_SyntaxNet Models for the CoNLL 2017 Shared Task.pdf；第1页标题、作者单位与摘要；Introduction在已保存前3页内。
https://arxiv.org/abs/1703.04929；访问2026-09-17；arXiv作者顺序和摘要。
CV：https://ikekonglp.github.io/lingpenk_cv.pdf；第3页；版本2026-01-27。
原文摘要依据：“We describe a baseline dependency parsing system for the CoNLL2017 Shared Task. This system, which we call ""ParseySaurus,"" uses the DRAGNN framework [Kong et al, 2017] to combine transition-based recu”。
仅确认论文内原姓名署名；跨论文身份未确认。","身份待核验；按单篇保留，不跨论文合并同名者。待核验（未深查）；原姓名整体未达到重点阈值。
具体论文问题：P4-C;P4-A;P4-R
完整Scholar/DBLP论文列表及CCF/CORE目录未获取；当前公开材料可能漏项。",4
Mark Omernick（论文 #4，身份待核验）,2017；论文#4；Google,待核验,身份待核验,待核验,论文合作者（身份待核验）,待核验,待核验,待核验,句法分析与结构化表示,未公开,"论文信息汇总.csv 序4：摘要、研究内容、创新点；内容仅据摘要/Introduction归纳。
PDF：港大/Kong, Lingpeng/论文/2017_SyntaxNet Models for the CoNLL 2017 Shared Task.pdf；第1页标题、作者单位与摘要；Introduction在已保存前3页内。
https://arxiv.org/abs/1703.04929；访问2026-09-17；arXiv作者顺序和摘要。
CV：https://ikekonglp.github.io/lingpenk_cv.pdf；第3页；版本2026-01-27。
原文摘要依据：“We describe a baseline dependency parsing system for the CoNLL2017 Shared Task. This system, which we call ""ParseySaurus,"" uses the DRAGNN framework [Kong et al, 2017] to combine transition-based recu”。
仅确认论文内原姓名署名；跨论文身份未确认。","身份待核验；按单篇保留，不跨论文合并同名者。待核验（未深查）；原姓名整体未达到重点阈值。
具体论文问题：P4-C;P4-A;P4-R
完整Scholar/DBLP论文列表及CCF/CORE目录未获取；当前公开材料可能漏项。",4
Slav Petrov（论文 #4，身份待核验）,2017；论文#4；Google,待核验,身份待核验,待核验,论文合作者（身份待核验）,待核验,待核验,待核验,句法分析与结构化表示,未公开,"论文信息汇总.csv 序4：摘要、研究内容、创新点；内容仅据摘要/Introduction归纳。
PDF：港大/Kong, Lingpeng/论文/2017_SyntaxNet Models for the CoNLL 2017 Shared Task.pdf；第1页标题、作者单位与摘要；Introduction在已保存前3页内。
https://arxiv.org/abs/1703.04929；访问2026-09-17；arXiv作者顺序和摘要。
CV：https://ikekonglp.github.io/lingpenk_cv.pdf；第3页；版本2026-01-27。
原文摘要依据：“We describe a baseline dependency parsing system for the CoNLL2017 Shared Task. This system, which we call ""ParseySaurus,"" uses the DRAGNN framework [Kong et al, 2017] to combine transition-based recu”。
仅确认论文内原姓名署名；跨论文身份未确认。","身份待核验；按单篇保留，不跨论文合并同名者。待核验（未深查）；原姓名整体未达到重点阈值。
具体论文问题：P4-C;P4-A;P4-R
完整Scholar/DBLP论文列表及CCF/CORE目录未获取；当前公开材料可能漏项。",4
Chayut Thanapirom（论文 #4，身份待核验）,2017；论文#4；Google,待核验,身份待核验,待核验,论文合作者（身份待核验）,待核验,待核验,待核验,句法分析与结构化表示,未公开,"论文信息汇总.csv 序4：摘要、研究内容、创新点；内容仅据摘要/Introduction归纳。
PDF：港大/Kong, Lingpeng/论文/2017_SyntaxNet Models for the CoNLL 2017 Shared Task.pdf；第1页标题、作者单位与摘要；Introduction在已保存前3页内。
https://arxiv.org/abs/1703.04929；访问2026-09-17；arXiv作者顺序和摘要。
CV：https://ikekonglp.github.io/lingpenk_cv.pdf；第3页；版本2026-01-27。
原文摘要依据：“We describe a baseline dependency parsing system for the CoNLL2017 Shared Task. This system, which we call ""ParseySaurus,"" uses the DRAGNN framework [Kong et al, 2017] to combine transition-based recu”。
仅确认论文内原姓名署名；跨论文身份未确认。","身份待核验；按单篇保留，不跨论文合并同名者。待核验（未深查）；原姓名整体未达到重点阈值。
具体论文问题：P4-C;P4-A;P4-R
完整Scholar/DBLP论文列表及CCF/CORE目录未获取；当前公开材料可能漏项。",4
Zora Tung（论文 #4，身份待核验）,2017；论文#4；Google,待核验,身份待核验,待核验,论文合作者（身份待核验）,待核验,待核验,待核验,句法分析与结构化表示,未公开,"论文信息汇总.csv 序4：摘要、研究内容、创新点；内容仅据摘要/Introduction归纳。
PDF：港大/Kong, Lingpeng/论文/2017_SyntaxNet Models for the CoNLL 2017 Shared Task.pdf；第1页标题、作者单位与摘要；Introduction在已保存前3页内。
https://arxiv.org/abs/1703.04929；访问2026-09-17；arXiv作者顺序和摘要。
CV：https://ikekonglp.github.io/lingpenk_cv.pdf；第3页；版本2026-01-27。
原文摘要依据：“We describe a baseline dependency parsing system for the CoNLL2017 Shared Task. This system, which we call ""ParseySaurus,"" uses the DRAGNN framework [Kong et al, 2017] to combine transition-based recu”。
仅确认论文内原姓名署名；跨论文身份未确认。","身份待核验；按单篇保留，不跨论文合并同名者。待核验（未深查）；原姓名整体未达到重点阈值。
具体论文问题：P4-C;P4-A;P4-R
完整Scholar/DBLP论文列表及CCF/CORE目录未获取；当前公开材料可能漏项。",4
David Weiss（论文 #4，身份待核验）,2017；论文#4；Google,待核验,身份待核验,待核验,论文合作者（身份待核验）,待核验,待核验,待核验,句法分析与结构化表示,未公开,"论文信息汇总.csv 序4：摘要、研究内容、创新点；内容仅据摘要/Introduction归纳。
PDF：港大/Kong, Lingpeng/论文/2017_SyntaxNet Models for the CoNLL 2017 Shared Task.pdf；第1页标题、作者单位与摘要；Introduction在已保存前3页内。
https://arxiv.org/abs/1703.04929；访问2026-09-17；arXiv作者顺序和摘要。
CV：https://ikekonglp.github.io/lingpenk_cv.pdf；第3页；版本2026-01-27。
原文摘要依据：“We describe a baseline dependency parsing system for the CoNLL2017 Shared Task. This system, which we call ""ParseySaurus,"" uses the DRAGNN framework [Kong et al, 2017] to combine transition-based recu”。
仅确认论文内原姓名署名；跨论文身份未确认。","身份待核验；按单篇保留，不跨论文合并同名者。待核验（未深查）；原姓名整体未达到重点阈值。
具体论文问题：P4-C;P4-A;P4-R
完整Scholar/DBLP论文列表及CCF/CORE目录未获取；当前公开材料可能漏项。",4
David Weiss（论文 #5，身份待核验）,2017；论文#5；Google,待核验,身份待核验,待核验,论文合作者（身份待核验）,待核验,待核验,待核验,句法分析与结构化表示,未公开,"论文信息汇总.csv 序5：摘要、研究内容、创新点；内容仅据摘要/Introduction归纳。
PDF：港大/Kong, Lingpeng/论文/2017_DRAGNN_ A Transition-based Framework for Dynamically Connected Neural Networks.pdf；第1页标题、作者单位与摘要；Introduction在已保存前3页内。
https://arxiv.org/abs/1703.04474；访问2026-09-17；arXiv作者顺序和摘要。
CV：https://ikekonglp.github.io/lingpenk_cv.pdf；第3页；版本2026-01-27。
原文摘要依据：“In this work, we present a compact, modular framework for constructing novel recurrent neural architectures. Our basic module is a new generic unit, the Transition Based Recurrent Unit (TBRU). In addi”。
仅确认论文内原姓名署名；跨论文身份未确认。","身份待核验；按单篇保留，不跨论文合并同名者。待核验（未深查）；原姓名整体未达到重点阈值。
具体论文问题：P5-C;P5-A;P5-R
完整Scholar/DBLP论文列表及CCF/CORE目录未获取；当前公开材料可能漏项。",5
Graham Neubig（论文 #6，身份待核验）,2017；论文#6；待核验,待核验,身份待核验,待核验,论文合作者（身份待核验）,待核验,待核验,待核验,神经网络工具,未公开,"论文信息汇总.csv 序6：摘要、研究内容、创新点；内容仅据摘要/Introduction归纳。
PDF：港大/Kong, Lingpeng/论文/2017_DyNet_ The Dynamic Neural Network Toolkit.pdf；第1页标题、作者单位与摘要；Introduction在已保存前3页内。
https://arxiv.org/abs/1701.03980；访问2026-09-17；arXiv作者顺序和摘要。
CV：https://ikekonglp.github.io/lingpenk_cv.pdf；第3页；版本2026-01-27。
原文摘要依据：“We describe DyNet, a toolkit for implementing neural network models based on dynamic declaration of network structure. In the static declaration strategy that is used in toolkits like Theano, CNTK, an”。
仅确认论文内原姓名署名；跨论文身份未确认。","身份待核验；按单篇保留，不跨论文合并同名者。待核验（未深查）；原姓名整体未达到重点阈值。
具体论文问题：P6-C;P6-A;P6-R
完整Scholar/DBLP论文列表及CCF/CORE目录未获取；当前公开材料可能漏项。",6
Graham Neubig（论文 #118，身份待核验）,2017；论文#118；卡内基梅隆大学,待核验,身份待核验,待核验,论文合作者（身份待核验）,待核验,待核验,待核验,句法分析与结构化表示,未公开,"论文信息汇总.csv 序118：摘要、研究内容、创新点；内容仅据摘要/Introduction归纳。
PDF：港大/Kong, Lingpeng/论文/2017_What Do Recurrent Neural Network Grammars Learn About Syntax_.pdf；第1页标题、作者单位与摘要；Introduction在已保存前3页内。
https://aclanthology.org/E17-1117/；访问2026-09-17；ACL作者顺序、发表信息与摘要。
CV：https://ikekonglp.github.io/lingpenk_cv.pdf；第12页；版本2026-01-27。
PDF发表标记：“Proceedings of the 15th Conference of the European Chapter of the Association for Computational Linguistics: Volume 1, Long Papers, pages 1249–1258,”。
原文摘要依据：“Recurrent neural network grammars (RNNG) are a recently proposed probablistic generative modeling family for natural language. They show state-of-the-art language modeling and parsing performance. We ”。
仅确认论文内原姓名署名；跨论文身份未确认。","身份待核验；按单篇保留，不跨论文合并同名者。待核验（未深查）；原姓名整体未达到重点阈值。
具体论文问题：P118-C;P118-A;P118-R
完整Scholar/DBLP论文列表及CCF/CORE目录未获取；当前公开材料可能漏项。",118
Yoav Goldberg（论文 #6，身份待核验）,2017；论文#6；待核验,待核验,身份待核验,待核验,论文合作者（身份待核验）,待核验,待核验,待核验,神经网络工具,未公开,"论文信息汇总.csv 序6：摘要、研究内容、创新点；内容仅据摘要/Introduction归纳。
PDF：港大/Kong, Lingpeng/论文/2017_DyNet_ The Dynamic Neural Network Toolkit.pdf；第1页标题、作者单位与摘要；Introduction在已保存前3页内。
https://arxiv.org/abs/1701.03980；访问2026-09-17；arXiv作者顺序和摘要。
CV：https://ikekonglp.github.io/lingpenk_cv.pdf；第3页；版本2026-01-27。
原文摘要依据：“We describe DyNet, a toolkit for implementing neural network models based on dynamic declaration of network structure. In the static declaration strategy that is used in toolkits like Theano, CNTK, an”。
仅确认论文内原姓名署名；跨论文身份未确认。","身份待核验；按单篇保留，不跨论文合并同名者。待核验（未深查）；原姓名整体未达到重点阈值。
具体论文问题：P6-C;P6-A;P6-R
完整Scholar/DBLP论文列表及CCF/CORE目录未获取；当前公开材料可能漏项。",6
Austin Matthews（论文 #6，身份待核验）,2017；论文#6；待核验,待核验,身份待核验,待核验,论文合作者（身份待核验）,待核验,待核验,待核验,神经网络工具,未公开,"论文信息汇总.csv 序6：摘要、研究内容、创新点；内容仅据摘要/Introduction归纳。
PDF：港大/Kong, Lingpeng/论文/2017_DyNet_ The Dynamic Neural Network Toolkit.pdf；第1页标题、作者单位与摘要；Introduction在已保存前3页内。
https://arxiv.org/abs/1701.03980；访问2026-09-17；arXiv作者顺序和摘要。
CV：https://ikekonglp.github.io/lingpenk_cv.pdf；第3页；版本2026-01-27。
原文摘要依据：“We describe DyNet, a toolkit for implementing neural network models based on dynamic declaration of network structure. In the static declaration strategy that is used in toolkits like Theano, CNTK, an”。
仅确认论文内原姓名署名；跨论文身份未确认。","身份待核验；按单篇保留，不跨论文合并同名者。待核验（未深查）；原姓名整体未达到重点阈值。
具体论文问题：P6-C;P6-A;P6-R
完整Scholar/DBLP论文列表及CCF/CORE目录未获取；当前公开材料可能漏项。",6
Waleed Ammar（论文 #6，身份待核验）,2017；论文#6；待核验,待核验,身份待核验,待核验,论文合作者（身份待核验）,待核验,待核验,待核验,神经网络工具,未公开,"论文信息汇总.csv 序6：摘要、研究内容、创新点；内容仅据摘要/Introduction归纳。
PDF：港大/Kong, Lingpeng/论文/2017_DyNet_ The Dynamic Neural Network Toolkit.pdf；第1页标题、作者单位与摘要；Introduction在已保存前3页内。
https://arxiv.org/abs/1701.03980；访问2026-09-17；arXiv作者顺序和摘要。
CV：https://ikekonglp.github.io/lingpenk_cv.pdf；第3页；版本2026-01-27。
原文摘要依据：“We describe DyNet, a toolkit for implementing neural network models based on dynamic declaration of network structure. In the static declaration strategy that is used in toolkits like Theano, CNTK, an”。
仅确认论文内原姓名署名；跨论文身份未确认。","身份待核验；按单篇保留，不跨论文合并同名者。待核验（未深查）；原姓名整体未达到重点阈值。
具体论文问题：P6-C;P6-A;P6-R
完整Scholar/DBLP论文列表及CCF/CORE目录未获取；当前公开材料可能漏项。",6
Antonios Anastasopoulos（论文 #6，身份待核验）,2017；论文#6；待核验,待核验,身份待核验,待核验,论文合作者（身份待核验）,待核验,待核验,待核验,神经网络工具,未公开,"论文信息汇总.csv 序6：摘要、研究内容、创新点；内容仅据摘要/Introduction归纳。
PDF：港大/Kong, Lingpeng/论文/2017_DyNet_ The Dynamic Neural Network Toolkit.pdf；第1页标题、作者单位与摘要；Introduction在已保存前3页内。
https://arxiv.org/abs/1701.03980；访问2026-09-17；arXiv作者顺序和摘要。
CV：https://ikekonglp.github.io/lingpenk_cv.pdf；第3页；版本2026-01-27。
原文摘要依据：“We describe DyNet, a toolkit for implementing neural network models based on dynamic declaration of network structure. In the static declaration strategy that is used in toolkits like Theano, CNTK, an”。
仅确认论文内原姓名署名；跨论文身份未确认。","身份待核验；按单篇保留，不跨论文合并同名者。待核验（未深查）；原姓名整体未达到重点阈值。
具体论文问题：P6-C;P6-A;P6-R
完整Scholar/DBLP论文列表及CCF/CORE目录未获取；当前公开材料可能漏项。",6
Miguel Ballesteros（论文 #6，身份待核验）,2017；论文#6；待核验,待核验,身份待核验,待核验,论文合作者（身份待核验）,待核验,待核验,待核验,神经网络工具,未公开,"论文信息汇总.csv 序6：摘要、研究内容、创新点；内容仅据摘要/Introduction归纳。
PDF：港大/Kong, Lingpeng/论文/2017_DyNet_ The Dynamic Neural Network Toolkit.pdf；第1页标题、作者单位与摘要；Introduction在已保存前3页内。
https://arxiv.org/abs/1701.03980；访问2026-09-17；arXiv作者顺序和摘要。
CV：https://ikekonglp.github.io/lingpenk_cv.pdf；第3页；版本2026-01-27。
原文摘要依据：“We describe DyNet, a toolkit for implementing neural network models based on dynamic declaration of network structure. In the static declaration strategy that is used in toolkits like Theano, CNTK, an”。
仅确认论文内原姓名署名；跨论文身份未确认。https://aclanthology.org/people/miguel-ballesteros/unverified/","身份待核验；按单篇保留，不跨论文合并同名者。达到重点候选筛选阈值；已查可定位来源，身份/历史履历仍未确认。
具体论文问题：P6-C;P6-A;P6-R
完整Scholar/DBLP论文列表及CCF/CORE目录未获取；当前公开材料可能漏项。",6
Miguel Ballesteros（论文 #118，身份待核验）,2017；论文#118；IBM T.J. Watson研究中心,待核验,身份待核验,待核验,论文合作者（身份待核验）,待核验,待核验,待核验,句法分析与结构化表示,未公开,"论文信息汇总.csv 序118：摘要、研究内容、创新点；内容仅据摘要/Introduction归纳。
PDF：港大/Kong, Lingpeng/论文/2017_What Do Recurrent Neural Network Grammars Learn About Syntax_.pdf；第1页标题、作者单位与摘要；Introduction在已保存前3页内。
https://aclanthology.org/E17-1117/；访问2026-09-17；ACL作者顺序、发表信息与摘要。
CV：https://ikekonglp.github.io/lingpenk_cv.pdf；第12页；版本2026-01-27。
PDF发表标记：“Proceedings of the 15th Conference of the European Chapter of the Association for Computational Linguistics: Volume 1, Long Papers, pages 1249–1258,”。
原文摘要依据：“Recurrent neural network grammars (RNNG) are a recently proposed probablistic generative modeling family for natural language. They show state-of-the-art language modeling and parsing performance. We ”。
仅确认论文内原姓名署名；跨论文身份未确认。https://aclanthology.org/people/miguel-ballesteros/unverified/","身份待核验；按单篇保留，不跨论文合并同名者。达到重点候选筛选阈值；已查可定位来源，身份/历史履历仍未确认。
具体论文问题：P118-C;P118-A;P118-R
完整Scholar/DBLP论文列表及CCF/CORE目录未获取；当前公开材料可能漏项。",118
Miguel Ballesteros（论文 #120，身份待核验）,2016；论文#120；庞培法布拉大学,待核验,身份待核验,待核验,论文合作者（身份待核验）,待核验,待核验,待核验,句法分析与结构化表示,未公开,"论文信息汇总.csv 序120：摘要、研究内容、创新点；内容仅据摘要/Introduction归纳。
PDF：港大/Kong, Lingpeng/论文/2016_Distilling an Ensemble of Greedy Dependency Parsers into One MST Parser.pdf；第1页标题、作者单位与摘要；Introduction在已保存前3页内。
https://aclanthology.org/D16-1180/；访问2026-09-17；ACL作者顺序、发表信息与摘要。
CV：https://ikekonglp.github.io/lingpenk_cv.pdf；第12页；版本2026-01-27。
PDF发表标记：“Proceedings of the 2016 Conference on Empirical Methods in Natural Language Processing, pages 1744–1753,”。
原文摘要依据：“We introduce two first-order graph-based dependency parsers achieving a new state of the art. The first is a consensus parser built from an ensemble of independently trained greedy LSTM transition-bas”。
仅确认论文内原姓名署名；跨论文身份未确认。https://aclanthology.org/people/miguel-ballesteros/unverified/","身份待核验；按单篇保留，不跨论文合并同名者。达到重点候选筛选阈值；已查可定位来源，身份/历史履历仍未确认。
具体论文问题：P120-C;P120-A;P120-R
完整Scholar/DBLP论文列表及CCF/CORE目录未获取；当前公开材料可能漏项。",120
David Chiang（论文 #6，身份待核验）,2017；论文#6；待核验,待核验,身份待核验,待核验,论文合作者（身份待核验）,待核验,待核验,待核验,神经网络工具,未公开,"论文信息汇总.csv 序6：摘要、研究内容、创新点；内容仅据摘要/Introduction归纳。
PDF：港大/Kong, Lingpeng/论文/2017_DyNet_ The Dynamic Neural Network Toolkit.pdf；第1页标题、作者单位与摘要；Introduction在已保存前3页内。
https://arxiv.org/abs/1701.03980；访问2026-09-17；arXiv作者顺序和摘要。
CV：https://ikekonglp.github.io/lingpenk_cv.pdf；第3页；版本2026-01-27。
原文摘要依据：“We describe DyNet, a toolkit for implementing neural network models based on dynamic declaration of network structure. In the static declaration strategy that is used in toolkits like Theano, CNTK, an”。
仅确认论文内原姓名署名；跨论文身份未确认。","身份待核验；按单篇保留，不跨论文合并同名者。待核验（未深查）；原姓名整体未达到重点阈值。
具体论文问题：P6-C;P6-A;P6-R
完整Scholar/DBLP论文列表及CCF/CORE目录未获取；当前公开材料可能漏项。",6
Daniel Clothiaux（论文 #6，身份待核验）,2017；论文#6；待核验,待核验,身份待核验,待核验,论文合作者（身份待核验）,待核验,待核验,待核验,神经网络工具,未公开,"论文信息汇总.csv 序6：摘要、研究内容、创新点；内容仅据摘要/Introduction归纳。
PDF：港大/Kong, Lingpeng/论文/2017_DyNet_ The Dynamic Neural Network Toolkit.pdf；第1页标题、作者单位与摘要；Introduction在已保存前3页内。
https://arxiv.org/abs/1701.03980；访问2026-09-17；arXiv作者顺序和摘要。
CV：https://ikekonglp.github.io/lingpenk_cv.pdf；第3页；版本2026-01-27。
原文摘要依据：“We describe DyNet, a toolkit for implementing neural network models based on dynamic declaration of network structure. In the static declaration strategy that is used in toolkits like Theano, CNTK, an”。
仅确认论文内原姓名署名；跨论文身份未确认。","身份待核验；按单篇保留，不跨论文合并同名者。待核验（未深查）；原姓名整体未达到重点阈值。
具体论文问题：P6-C;P6-A;P6-R
完整Scholar/DBLP论文列表及CCF/CORE目录未获取；当前公开材料可能漏项。",6
Trevor Cohn（论文 #6，身份待核验）,2017；论文#6；待核验,待核验,身份待核验,待核验,论文合作者（身份待核验）,待核验,待核验,待核验,神经网络工具,未公开,"论文信息汇总.csv 序6：摘要、研究内容、创新点；内容仅据摘要/Introduction归纳。
PDF：港大/Kong, Lingpeng/论文/2017_DyNet_ The Dynamic Neural Network Toolkit.pdf；第1页标题、作者单位与摘要；Introduction在已保存前3页内。
https://arxiv.org/abs/1701.03980；访问2026-09-17；arXiv作者顺序和摘要。
CV：https://ikekonglp.github.io/lingpenk_cv.pdf；第3页；版本2026-01-27。
原文摘要依据：“We describe DyNet, a toolkit for implementing neural network models based on dynamic declaration of network structure. In the static declaration strategy that is used in toolkits like Theano, CNTK, an”。
仅确认论文内原姓名署名；跨论文身份未确认。","身份待核验；按单篇保留，不跨论文合并同名者。待核验（未深查）；原姓名整体未达到重点阈值。
具体论文问题：P6-C;P6-A;P6-R
完整Scholar/DBLP论文列表及CCF/CORE目录未获取；当前公开材料可能漏项。",6
Trevor Cohn（论文 #129，身份待核验）,2016；论文#129；墨尔本大学,待核验,身份待核验,待核验,论文合作者（身份待核验）,待核验,待核验,待核验,语言建模与记忆,未公开,"论文信息汇总.csv 序129：摘要、研究内容、创新点；内容仅据摘要/Introduction归纳。
PDF：港大/Kong, Lingpeng/论文/2016_Document Context Language Models.pdf；第1页标题、作者单位与摘要；Introduction在已保存前3页内。
https://arxiv.org/abs/1511.03962；访问2026-09-17；arXiv作者顺序和摘要。
CV：https://ikekonglp.github.io/lingpenk_cv.pdf；第13页；版本2026-01-27。
PDF发表标记：“Workshop track - ICLR 2016”。
原文摘要依据：“Text documents are structured on multiple levels of detail: individual words are related by syntax, but larger units of text are related by discourse structure. Existing language models generally fail”。
仅确认论文内原姓名署名；跨论文身份未确认。","身份待核验；按单篇保留，不跨论文合并同名者。待核验（未深查）；原姓名整体未达到重点阈值。
具体论文问题：P129-C;P129-A;P129-R
完整Scholar/DBLP论文列表及CCF/CORE目录未获取；当前公开材料可能漏项。",129
Kevin Duh（论文 #6，身份待核验）,2017；论文#6；待核验,待核验,身份待核验,待核验,论文合作者（身份待核验）,待核验,待核验,待核验,神经网络工具,未公开,"论文信息汇总.csv 序6：摘要、研究内容、创新点；内容仅据摘要/Introduction归纳。
PDF：港大/Kong, Lingpeng/论文/2017_DyNet_ The Dynamic Neural Network Toolkit.pdf；第1页标题、作者单位与摘要；Introduction在已保存前3页内。
https://arxiv.org/abs/1701.03980；访问2026-09-17；arXiv作者顺序和摘要。
CV：https://ikekonglp.github.io/lingpenk_cv.pdf；第3页；版本2026-01-27。
原文摘要依据：“We describe DyNet, a toolkit for implementing neural network models based on dynamic declaration of network structure. In the static declaration strategy that is used in toolkits like Theano, CNTK, an”。
仅确认论文内原姓名署名；跨论文身份未确认。","身份待核验；按单篇保留，不跨论文合并同名者。待核验（未深查）；原姓名整体未达到重点阈值。
具体论文问题：P6-C;P6-A;P6-R
完整Scholar/DBLP论文列表及CCF/CORE目录未获取；当前公开材料可能漏项。",6
Manaal Faruqui（论文 #6，身份待核验）,2017；论文#6；待核验,待核验,身份待核验,待核验,论文合作者（身份待核验）,待核验,待核验,待核验,神经网络工具,未公开,"论文信息汇总.csv 序6：摘要、研究内容、创新点；内容仅据摘要/Introduction归纳。
PDF：港大/Kong, Lingpeng/论文/2017_DyNet_ The Dynamic Neural Network Toolkit.pdf；第1页标题、作者单位与摘要；Introduction在已保存前3页内。
https://arxiv.org/abs/1701.03980；访问2026-09-17；arXiv作者顺序和摘要。
CV：https://ikekonglp.github.io/lingpenk_cv.pdf；第3页；版本2026-01-27。
原文摘要依据：“We describe DyNet, a toolkit for implementing neural network models based on dynamic declaration of network structure. In the static declaration strategy that is used in toolkits like Theano, CNTK, an”。
仅确认论文内原姓名署名；跨论文身份未确认。","身份待核验；按单篇保留，不跨论文合并同名者。待核验（未深查）；原姓名整体未达到重点阈值。
具体论文问题：P6-C;P6-A;P6-R
完整Scholar/DBLP论文列表及CCF/CORE目录未获取；当前公开材料可能漏项。",6
Cynthia Gan（论文 #6，身份待核验）,2017；论文#6；待核验,待核验,身份待核验,待核验,论文合作者（身份待核验）,待核验,待核验,待核验,神经网络工具,未公开,"论文信息汇总.csv 序6：摘要、研究内容、创新点；内容仅据摘要/Introduction归纳。
PDF：港大/Kong, Lingpeng/论文/2017_DyNet_ The Dynamic Neural Network Toolkit.pdf；第1页标题、作者单位与摘要；Introduction在已保存前3页内。
https://arxiv.org/abs/1701.03980；访问2026-09-17；arXiv作者顺序和摘要。
CV：https://ikekonglp.github.io/lingpenk_cv.pdf；第3页；版本2026-01-27。
原文摘要依据：“We describe DyNet, a toolkit for implementing neural network models based on dynamic declaration of network structure. In the static declaration strategy that is used in toolkits like Theano, CNTK, an”。
仅确认论文内原姓名署名；跨论文身份未确认。","身份待核验；按单篇保留，不跨论文合并同名者。待核验（未深查）；原姓名整体未达到重点阈值。
具体论文问题：P6-C;P6-A;P6-R
完整Scholar/DBLP论文列表及CCF/CORE目录未获取；当前公开材料可能漏项。",6
Dan Garrette（论文 #6，身份待核验）,2017；论文#6；待核验,待核验,身份待核验,待核验,论文合作者（身份待核验）,待核验,待核验,待核验,神经网络工具,未公开,"论文信息汇总.csv 序6：摘要、研究内容、创新点；内容仅据摘要/Introduction归纳。
PDF：港大/Kong, Lingpeng/论文/2017_DyNet_ The Dynamic Neural Network Toolkit.pdf；第1页标题、作者单位与摘要；Introduction在已保存前3页内。
https://arxiv.org/abs/1701.03980；访问2026-09-17；arXiv作者顺序和摘要。
CV：https://ikekonglp.github.io/lingpenk_cv.pdf；第3页；版本2026-01-27。
原文摘要依据：“We describe DyNet, a toolkit for implementing neural network models based on dynamic declaration of network structure. In the static declaration strategy that is used in toolkits like Theano, CNTK, an”。
仅确认论文内原姓名署名；跨论文身份未确认。","身份待核验；按单篇保留，不跨论文合并同名者。待核验（未深查）；原姓名整体未达到重点阈值。
具体论文问题：P6-C;P6-A;P6-R
完整Scholar/DBLP论文列表及CCF/CORE目录未获取；当前公开材料可能漏项。",6
Yangfeng Ji（论文 #6，身份待核验）,2017；论文#6；待核验,待核验,身份待核验,待核验,论文合作者（身份待核验）,待核验,待核验,待核验,神经网络工具,未公开,"论文信息汇总.csv 序6：摘要、研究内容、创新点；内容仅据摘要/Introduction归纳。
PDF：港大/Kong, Lingpeng/论文/2017_DyNet_ The Dynamic Neural Network Toolkit.pdf；第1页标题、作者单位与摘要；Introduction在已保存前3页内。
https://arxiv.org/abs/1701.03980；访问2026-09-17；arXiv作者顺序和摘要。
CV：https://ikekonglp.github.io/lingpenk_cv.pdf；第3页；版本2026-01-27。
原文摘要依据：“We describe DyNet, a toolkit for implementing neural network models based on dynamic declaration of network structure. In the static declaration strategy that is used in toolkits like Theano, CNTK, an”。
仅确认论文内原姓名署名；跨论文身份未确认。","身份待核验；按单篇保留，不跨论文合并同名者。待核验（未深查）；原姓名整体未达到重点阈值。
具体论文问题：P6-C;P6-A;P6-R
完整Scholar/DBLP论文列表及CCF/CORE目录未获取；当前公开材料可能漏项。",6
Yangfeng Ji（论文 #129，身份待核验）,2016；论文#129；佐治亚理工学院,待核验,身份待核验,待核验,论文合作者（身份待核验）,待核验,待核验,待核验,语言建模与记忆,未公开,"论文信息汇总.csv 序129：摘要、研究内容、创新点；内容仅据摘要/Introduction归纳。
PDF：港大/Kong, Lingpeng/论文/2016_Document Context Language Models.pdf；第1页标题、作者单位与摘要；Introduction在已保存前3页内。
https://arxiv.org/abs/1511.03962；访问2026-09-17；arXiv作者顺序和摘要。
CV：https://ikekonglp.github.io/lingpenk_cv.pdf；第13页；版本2026-01-27。
PDF发表标记：“Workshop track - ICLR 2016”。
原文摘要依据：“Text documents are structured on multiple levels of detail: individual words are related by syntax, but larger units of text are related by discourse structure. Existing language models generally fail”。
仅确认论文内原姓名署名；跨论文身份未确认。","身份待核验；按单篇保留，不跨论文合并同名者。待核验（未深查）；原姓名整体未达到重点阈值。
具体论文问题：P129-C;P129-A;P129-R
完整Scholar/DBLP论文列表及CCF/CORE目录未获取；当前公开材料可能漏项。",129
Adhiguna Kuncoro（论文 #6，身份待核验）,2017；论文#6；待核验,待核验,身份待核验,待核验,论文合作者（身份待核验）,待核验,待核验,待核验,神经网络工具,未公开,"论文信息汇总.csv 序6：摘要、研究内容、创新点；内容仅据摘要/Introduction归纳。
PDF：港大/Kong, Lingpeng/论文/2017_DyNet_ The Dynamic Neural Network Toolkit.pdf；第1页标题、作者单位与摘要；Introduction在已保存前3页内。
https://arxiv.org/abs/1701.03980；访问2026-09-17；arXiv作者顺序和摘要。
CV：https://ikekonglp.github.io/lingpenk_cv.pdf；第3页；版本2026-01-27。
原文摘要依据：“We describe DyNet, a toolkit for implementing neural network models based on dynamic declaration of network structure. In the static declaration strategy that is used in toolkits like Theano, CNTK, an”。
仅确认论文内原姓名署名；跨论文身份未确认。https://aclanthology.org/people/adhiguna-kuncoro/unverified/","身份待核验；按单篇保留，不跨论文合并同名者。达到重点候选筛选阈值；已查可定位来源，身份/历史履历仍未确认。
具体论文问题：P6-C;P6-A;P6-R
完整Scholar/DBLP论文列表及CCF/CORE目录未获取；当前公开材料可能漏项。",6
Adhiguna Kuncoro（论文 #13，身份待核验）,2020；论文#13；Google DeepMind；牛津大学,待核验,身份待核验,待核验,论文合作者（身份待核验）,待核验,待核验,待核验,句法分析与结构化表示,未公开,"论文信息汇总.csv 序13：摘要、研究内容、创新点；内容仅据摘要/Introduction归纳。
PDF：港大/Kong, Lingpeng/论文/2020_Syntactic Structure Distillation Pretraining for Bidirectional Encoders.pdf；第1页标题、作者单位与摘要；Introduction在已保存前3页内。
https://aclanthology.org/2020.tacl-1.50/；访问2026-09-17；ACL作者顺序、发表信息与摘要。
CV：https://ikekonglp.github.io/lingpenk_cv.pdf；第4页；版本2026-01-27。
原文摘要依据：“Textual representation learners trained on large amounts of data have achieved notable success on downstream tasks; intriguingly, they have also performed well on challenging tests of syntactic compet”。
仅确认论文内原姓名署名；跨论文身份未确认。https://aclanthology.org/people/adhiguna-kuncoro/unverified/","身份待核验；按单篇保留，不跨论文合并同名者。达到重点候选筛选阈值；已查可定位来源，身份/历史履历仍未确认。
具体论文问题：P13-C;P13-A;P13-R
完整Scholar/DBLP论文列表及CCF/CORE目录未获取；当前公开材料可能漏项。",13
Adhiguna Kuncoro（论文 #118，身份待核验）,2017；论文#118；卡内基梅隆大学,待核验,身份待核验,待核验,论文合作者（身份待核验）,待核验,待核验,待核验,句法分析与结构化表示,未公开,"论文信息汇总.csv 序118：摘要、研究内容、创新点；内容仅据摘要/Introduction归纳。
PDF：港大/Kong, Lingpeng/论文/2017_What Do Recurrent Neural Network Grammars Learn About Syntax_.pdf；第1页标题、作者单位与摘要；Introduction在已保存前3页内。
https://aclanthology.org/E17-1117/；访问2026-09-17；ACL作者顺序、发表信息与摘要。
CV：https://ikekonglp.github.io/lingpenk_cv.pdf；第12页；版本2026-01-27。
PDF发表标记：“Proceedings of the 15th Conference of the European Chapter of the Association for Computational Linguistics: Volume 1, Long Papers, pages 1249–1258,”。
原文摘要依据：“Recurrent neural network grammars (RNNG) are a recently proposed probablistic generative modeling family for natural language. They show state-of-the-art language modeling and parsing performance. We ”。
仅确认论文内原姓名署名；跨论文身份未确认。https://aclanthology.org/people/adhiguna-kuncoro/unverified/","身份待核验；按单篇保留，不跨论文合并同名者。达到重点候选筛选阈值；已查可定位来源，身份/历史履历仍未确认。
具体论文问题：P118-C;P118-A;P118-R
完整Scholar/DBLP论文列表及CCF/CORE目录未获取；当前公开材料可能漏项。",118
Adhiguna Kuncoro（论文 #120，身份待核验）,2016；论文#120；卡内基梅隆大学,待核验,身份待核验,待核验,论文合作者（身份待核验）,待核验,待核验,待核验,句法分析与结构化表示,未公开,"论文信息汇总.csv 序120：摘要、研究内容、创新点；内容仅据摘要/Introduction归纳。
PDF：港大/Kong, Lingpeng/论文/2016_Distilling an Ensemble of Greedy Dependency Parsers into One MST Parser.pdf；第1页标题、作者单位与摘要；Introduction在已保存前3页内。
https://aclanthology.org/D16-1180/；访问2026-09-17；ACL作者顺序、发表信息与摘要。
CV：https://ikekonglp.github.io/lingpenk_cv.pdf；第12页；版本2026-01-27。
PDF发表标记：“Proceedings of the 2016 Conference on Empirical Methods in Natural Language Processing, pages 1744–1753,”。
原文摘要依据：“We introduce two first-order graph-based dependency parsers achieving a new state of the art. The first is a consensus parser built from an ensemble of independently trained greedy LSTM transition-bas”。
仅确认论文内原姓名署名；跨论文身份未确认。https://aclanthology.org/people/adhiguna-kuncoro/unverified/","身份待核验；按单篇保留，不跨论文合并同名者。达到重点候选筛选阈值；已查可定位来源，身份/历史履历仍未确认。
具体论文问题：P120-C;P120-A;P120-R
完整Scholar/DBLP论文列表及CCF/CORE目录未获取；当前公开材料可能漏项。",120
Gaurav Kumar（论文 #6，身份待核验）,2017；论文#6；待核验,待核验,身份待核验,待核验,论文合作者（身份待核验）,待核验,待核验,待核验,神经网络工具,未公开,"论文信息汇总.csv 序6：摘要、研究内容、创新点；内容仅据摘要/Introduction归纳。
PDF：港大/Kong, Lingpeng/论文/2017_DyNet_ The Dynamic Neural Network Toolkit.pdf；第1页标题、作者单位与摘要；Introduction在已保存前3页内。
https://arxiv.org/abs/1701.03980；访问2026-09-17；arXiv作者顺序和摘要。
CV：https://ikekonglp.github.io/lingpenk_cv.pdf；第3页；版本2026-01-27。
原文摘要依据：“We describe DyNet, a toolkit for implementing neural network models based on dynamic declaration of network structure. In the static declaration strategy that is used in toolkits like Theano, CNTK, an”。
仅确认论文内原姓名署名；跨论文身份未确认。","身份待核验；按单篇保留，不跨论文合并同名者。待核验（未深查）；原姓名整体未达到重点阈值。
具体论文问题：P6-C;P6-A;P6-R
完整Scholar/DBLP论文列表及CCF/CORE目录未获取；当前公开材料可能漏项。",6
Chaitanya Malaviya（论文 #6，身份待核验）,2017；论文#6；待核验,待核验,身份待核验,待核验,论文合作者（身份待核验）,待核验,待核验,待核验,神经网络工具,未公开,"论文信息汇总.csv 序6：摘要、研究内容、创新点；内容仅据摘要/Introduction归纳。
PDF：港大/Kong, Lingpeng/论文/2017_DyNet_ The Dynamic Neural Network Toolkit.pdf；第1页标题、作者单位与摘要；Introduction在已保存前3页内。
https://arxiv.org/abs/1701.03980；访问2026-09-17；arXiv作者顺序和摘要。
CV：https://ikekonglp.github.io/lingpenk_cv.pdf；第3页；版本2026-01-27。
原文摘要依据：“We describe DyNet, a toolkit for implementing neural network models based on dynamic declaration of network structure. In the static declaration strategy that is used in toolkits like Theano, CNTK, an”。
仅确认论文内原姓名署名；跨论文身份未确认。","身份待核验；按单篇保留，不跨论文合并同名者。待核验（未深查）；原姓名整体未达到重点阈值。
具体论文问题：P6-C;P6-A;P6-R
完整Scholar/DBLP论文列表及CCF/CORE目录未获取；当前公开材料可能漏项。",6
Paul Michel（论文 #6，身份待核验）,2017；论文#6；待核验,待核验,身份待核验,待核验,论文合作者（身份待核验）,待核验,待核验,待核验,神经网络工具,未公开,"论文信息汇总.csv 序6：摘要、研究内容、创新点；内容仅据摘要/Introduction归纳。
PDF：港大/Kong, Lingpeng/论文/2017_DyNet_ The Dynamic Neural Network Toolkit.pdf；第1页标题、作者单位与摘要；Introduction在已保存前3页内。
https://arxiv.org/abs/1701.03980；访问2026-09-17；arXiv作者顺序和摘要。
CV：https://ikekonglp.github.io/lingpenk_cv.pdf；第3页；版本2026-01-27。
原文摘要依据：“We describe DyNet, a toolkit for implementing neural network models based on dynamic declaration of network structure. In the static declaration strategy that is used in toolkits like Theano, CNTK, an”。
仅确认论文内原姓名署名；跨论文身份未确认。","身份待核验；按单篇保留，不跨论文合并同名者。待核验（未深查）；原姓名整体未达到重点阈值。
具体论文问题：P6-C;P6-A;P6-R
完整Scholar/DBLP论文列表及CCF/CORE目录未获取；当前公开材料可能漏项。",6
Yusuke Oda（论文 #6，身份待核验）,2017；论文#6；待核验,待核验,身份待核验,待核验,论文合作者（身份待核验）,待核验,待核验,待核验,神经网络工具,未公开,"论文信息汇总.csv 序6：摘要、研究内容、创新点；内容仅据摘要/Introduction归纳。
PDF：港大/Kong, Lingpeng/论文/2017_DyNet_ The Dynamic Neural Network Toolkit.pdf；第1页标题、作者单位与摘要；Introduction在已保存前3页内。
https://arxiv.org/abs/1701.03980；访问2026-09-17；arXiv作者顺序和摘要。
CV：https://ikekonglp.github.io/lingpenk_cv.pdf；第3页；版本2026-01-27。
原文摘要依据：“We describe DyNet, a toolkit for implementing neural network models based on dynamic declaration of network structure. In the static declaration strategy that is used in toolkits like Theano, CNTK, an”。
仅确认论文内原姓名署名；跨论文身份未确认。","身份待核验；按单篇保留，不跨论文合并同名者。待核验（未深查）；原姓名整体未达到重点阈值。
具体论文问题：P6-C;P6-A;P6-R
完整Scholar/DBLP论文列表及CCF/CORE目录未获取；当前公开材料可能漏项。",6
Matthew Richardson（论文 #6，身份待核验）,2017；论文#6；待核验,待核验,身份待核验,待核验,论文合作者（身份待核验）,待核验,待核验,待核验,神经网络工具,未公开,"论文信息汇总.csv 序6：摘要、研究内容、创新点；内容仅据摘要/Introduction归纳。
PDF：港大/Kong, Lingpeng/论文/2017_DyNet_ The Dynamic Neural Network Toolkit.pdf；第1页标题、作者单位与摘要；Introduction在已保存前3页内。
https://arxiv.org/abs/1701.03980；访问2026-09-17；arXiv作者顺序和摘要。
CV：https://ikekonglp.github.io/lingpenk_cv.pdf；第3页；版本2026-01-27。
原文摘要依据：“We describe DyNet, a toolkit for implementing neural network models based on dynamic declaration of network structure. In the static declaration strategy that is used in toolkits like Theano, CNTK, an”。
仅确认论文内原姓名署名；跨论文身份未确认。","身份待核验；按单篇保留，不跨论文合并同名者。待核验（未深查）；原姓名整体未达到重点阈值。
具体论文问题：P6-C;P6-A;P6-R
完整Scholar/DBLP论文列表及CCF/CORE目录未获取；当前公开材料可能漏项。",6
Naomi Saphra（论文 #6，身份待核验）,2017；论文#6；待核验,待核验,身份待核验,待核验,论文合作者（身份待核验）,待核验,待核验,待核验,神经网络工具,未公开,"论文信息汇总.csv 序6：摘要、研究内容、创新点；内容仅据摘要/Introduction归纳。
PDF：港大/Kong, Lingpeng/论文/2017_DyNet_ The Dynamic Neural Network Toolkit.pdf；第1页标题、作者单位与摘要；Introduction在已保存前3页内。
https://arxiv.org/abs/1701.03980；访问2026-09-17；arXiv作者顺序和摘要。
CV：https://ikekonglp.github.io/lingpenk_cv.pdf；第3页；版本2026-01-27。
原文摘要依据：“We describe DyNet, a toolkit for implementing neural network models based on dynamic declaration of network structure. In the static declaration strategy that is used in toolkits like Theano, CNTK, an”。
仅确认论文内原姓名署名；跨论文身份未确认。","身份待核验；按单篇保留，不跨论文合并同名者。待核验（未深查）；原姓名整体未达到重点阈值。
具体论文问题：P6-C;P6-A;P6-R
完整Scholar/DBLP论文列表及CCF/CORE目录未获取；当前公开材料可能漏项。",6
Swabha Swayamdipta（论文 #6，身份待核验）,2017；论文#6；待核验,待核验,身份待核验,待核验,论文合作者（身份待核验）,待核验,待核验,待核验,神经网络工具,未公开,"论文信息汇总.csv 序6：摘要、研究内容、创新点；内容仅据摘要/Introduction归纳。
PDF：港大/Kong, Lingpeng/论文/2017_DyNet_ The Dynamic Neural Network Toolkit.pdf；第1页标题、作者单位与摘要；Introduction在已保存前3页内。
https://arxiv.org/abs/1701.03980；访问2026-09-17；arXiv作者顺序和摘要。
CV：https://ikekonglp.github.io/lingpenk_cv.pdf；第3页；版本2026-01-27。
原文摘要依据：“We describe DyNet, a toolkit for implementing neural network models based on dynamic declaration of network structure. In the static declaration strategy that is used in toolkits like Theano, CNTK, an”。
仅确认论文内原姓名署名；跨论文身份未确认。","身份待核验；按单篇保留，不跨论文合并同名者。待核验（未深查）；原姓名整体未达到重点阈值。
具体论文问题：P6-C;P6-A;P6-R
完整Scholar/DBLP论文列表及CCF/CORE目录未获取；当前公开材料可能漏项。",6
Swabha Swayamdipta（论文 #124，身份待核验）,2014；论文#124；卡内基梅隆大学,待核验,身份待核验,待核验,论文合作者（身份待核验）,待核验,待核验,待核验,句法分析与结构化表示,未公开,"论文信息汇总.csv 序124：摘要、研究内容、创新点；内容仅据摘要/Introduction归纳。
PDF：港大/Kong, Lingpeng/论文/2014_A Dependency Parser for Tweets.pdf；第1页标题、作者单位与摘要；Introduction在已保存前3页内。
https://aclanthology.org/D14-1108/；访问2026-09-17；ACL作者顺序、发表信息与摘要。
CV：https://ikekonglp.github.io/lingpenk_cv.pdf；第12页；版本2026-01-27。
PDF发表标记：“Proceedings of the 2014 Conference on Empirical Methods in Natural Language Processing (EMNLP), pages 1001–1012,”。
原文摘要依据：“We describe a new dependency parser for English tweets, TWEEBOPARSER. The parser builds on several contributions: new syntactic annotations for a corpus of tweets (TWEEBANK), with conventions informed”。
仅确认论文内原姓名署名；跨论文身份未确认。","身份待核验；按单篇保留，不跨论文合并同名者。待核验（未深查）；原姓名整体未达到重点阈值。
具体论文问题：P124-C;P124-A;P124-R
完整Scholar/DBLP论文列表及CCF/CORE目录未获取；当前公开材料可能漏项。",124
Pengcheng Yin（论文 #6，身份待核验）,2017；论文#6；待核验,待核验,身份待核验,待核验,论文合作者（身份待核验）,待核验,待核验,待核验,神经网络工具,未公开,"论文信息汇总.csv 序6：摘要、研究内容、创新点；内容仅据摘要/Introduction归纳。
PDF：港大/Kong, Lingpeng/论文/2017_DyNet_ The Dynamic Neural Network Toolkit.pdf；第1页标题、作者单位与摘要；Introduction在已保存前3页内。
https://arxiv.org/abs/1701.03980；访问2026-09-17；arXiv作者顺序和摘要。
CV：https://ikekonglp.github.io/lingpenk_cv.pdf；第3页；版本2026-01-27。
原文摘要依据：“We describe DyNet, a toolkit for implementing neural network models based on dynamic declaration of network structure. In the static declaration strategy that is used in toolkits like Theano, CNTK, an”。
仅确认论文内原姓名署名；跨论文身份未确认。https://aclanthology.org/people/pengcheng-yin/unverified/","身份待核验；按单篇保留，不跨论文合并同名者。达到重点候选筛选阈值；已查可定位来源，身份/历史履历仍未确认。
具体论文问题：P6-C;P6-A;P6-R
完整Scholar/DBLP论文列表及CCF/CORE目录未获取；当前公开材料可能漏项。",6
Pengcheng Yin（论文 #97，身份待核验）,2022；论文#97；待核验,待核验,身份待核验,待核验,论文合作者（身份待核验）,待核验,待核验,待核验,结构化知识理解,未公开,"论文信息汇总.csv 序97：摘要、研究内容、创新点；内容仅据摘要/Introduction归纳。
仅取得可靠元数据或摘要；未取得可读全文。
https://aclanthology.org/2022.emnlp-main.39/；访问2026-09-17；ACL作者顺序、发表信息与摘要。
CV：https://ikekonglp.github.io/lingpenk_cv.pdf；第10页；版本2026-01-27。
原文摘要依据：“Structured knowledge grounding (SKG) leverages structured knowledge to complete user requests, such as semantic parsing over databases and question answering over knowledge bases. Since the inputs and”。
仅确认论文内原姓名署名；跨论文身份未确认。https://aclanthology.org/people/pengcheng-yin/unverified/","身份待核验；按单篇保留，不跨论文合并同名者。达到重点候选筛选阈值；已查可定位来源，身份/历史履历仍未确认。
具体论文问题：P97-C;P97-D;P97-A;P97-R
完整Scholar/DBLP论文列表及CCF/CORE目录未获取；当前公开材料可能漏项。",97
Pengcheng Yin（论文 #144，身份待核验）,2024；论文#144；待核验,待核验,身份待核验,待核验,论文合作者（身份待核验）,待核验,待核验,待核验,代码生成与纠错,未公开,"论文信息汇总.csv 序144：摘要、研究内容、创新点；内容仅据摘要/Introduction归纳。
仅取得可靠元数据或摘要；未取得可读全文。
https://arxiv.org/abs/2403.14734；访问2026-09-17；arXiv作者顺序和摘要。
原文摘要依据：“Neural Code Intelligence -- leveraging deep learning to understand, generate, and optimize code -- holds immense potential for transformative impacts on the whole society. Bridging the gap between Nat”。
仅确认论文内原姓名署名；跨论文身份未确认。https://aclanthology.org/people/pengcheng-yin/unverified/","身份待核验；按单篇保留，不跨论文合并同名者。达到重点候选筛选阈值；已查可定位来源，身份/历史履历仍未确认。
具体论文问题：P144-C;P144-D;P144-A;P144-R
完整Scholar/DBLP论文列表及CCF/CORE目录未获取；当前公开材料可能漏项。",144
Noah A. Smith,"2014；论文#7；卡内基梅隆大学
2014；论文#124；卡内基梅隆大学
2015；论文#122；华盛顿大学
2015；论文#123；卡内基梅隆大学
2016；论文#119；华盛顿大学
2016；论文#120；华盛顿大学
2016；论文#121；华盛顿大学
2017；论文#15；待核验
2017；论文#117；华盛顿大学
2017；论文#118；华盛顿大学
2022；论文#97；待核验
2022；论文#108；华盛顿大学；Allen AI",未公开（当前页面正文未成功提取）,2017博士论文委员会共同主席；2015-2022共同论文署名华盛顿大学,当前职称待核验,导师—学生（孔令鹏为学生）,12,2014,2022,句法分析与结构化表示；文本表示与自动优化；语音识别与分段建模；结构化知识理解；高效注意力与序列架构,未公开,https://homes.cs.washington.edu/~nasmith/；访问2026-09-17；原文依据：“Noah A. Smith (co-chair)”。历史指导/时间另见https://ikekonglp.github.io/lingpenk_cv.pdf第1-2页（版本2026-01-27）；校友更新见https://hkunlp.github.io/people/。核验状态：公开身份部分确认；局限见待核验问题。,"当前学校职称及任职时间待核验；导师关系依据孔令鹏CV第1页。
具体论文问题：P7-C;P7-A;P7-R;P124-C;P124-A;P124-R;P122-C;P122-A;P122-R;P123-C;P123-A;P123-R;P119-C;P119-A;P119-R;P119-F;P120-C;P120-A;P120-R;P121-C;P121-A;P121-R;P15-C;P15-A;P15-R;P15-F;P117-C;P117-A;P117-R;P117-F;P118-C;P118-A;P118-R;P97-C;P97-D;P97-A;P97-R;P108-C;P108-R
完整Scholar/DBLP论文列表及CCF/CORE目录未获取；当前公开材料可能漏项。;CP43;CP44;CP45;CP46;CP47;CP48;CP49;CP50;CP51;CP52",7;124;122;123;119;120;121;15;117;118;97;108
Xiachong Feng,"2024；论文#60；待核验
2024；论文#148；待核验
2024；论文#149；香港大学
2025；论文#8；香港大学
2025；论文#33；香港大学；Sea AI Lab
2025；论文#35；香港大学
2026；论文#16；待核验
2026；论文#18；哈尔滨工业大学；香港大学
2026；论文#164；香港大学
2026；论文#169；香港大学
2026；论文#170；香港大学
2026；论文#171；香港大学
2026；论文#172；香港大学",香港大学,2024起；博士后；与Chuan Wu共同主持（CV）,博士后,博士后；共同指导,13,2024,2026,视觉语言理解；社会智能与角色控制；模型评价与奖励学习；模型安全与可靠性；工具智能体与任务评测；字节级语言建模；语言建模与记忆；推理与决策规划,未公开,https://xcfeng.net/；访问2026-09-17；原文依据：“postdoctoral”。历史指导/时间另见https://ikekonglp.github.io/lingpenk_cv.pdf第1-2页（版本2026-01-27）；校友更新见https://hkunlp.github.io/people/。核验状态：公开身份部分确认；局限见待核验问题。,"博士后结束日期未公开；博士导师Bing Qin与Xiaocheng Feng来自个人主页。
具体论文问题：P60-C;P60-D;P60-A;P60-R;P148-C;P148-D;P148-A;P148-R;P149-C;P8-C;P8-A;P8-R;P33-C;P35-C;P16-C;P16-D;P16-A;P16-R;P16-F;P18-C;P164-C;P169-C;P170-C;P171-C;P172-C
完整Scholar/DBLP论文列表及CCF/CORE目录未获取；当前公开材料可能漏项。;CP66;CP67;CP68",60;148;149;8;33;35;16;18;164;169;170;171;172
Longxu Dou（论文 #8，身份待核验）,2025；论文#8；独立研究者,待核验,身份待核验,待核验,论文合作者（身份待核验）,待核验,待核验,待核验,社会智能与角色控制,未公开,"论文信息汇总.csv 序8：摘要、研究内容、创新点；内容仅据摘要/Introduction归纳。
PDF：港大/Kong, Lingpeng/论文/2025_A Survey on Large Language Model-Based Social Agents in Game-Theoretic Scenarios.pdf；第1页标题、作者单位与摘要；Introduction在已保存前3页内。
https://arxiv.org/abs/2412.03920；访问2026-09-17；arXiv作者顺序和摘要。
CV：https://ikekonglp.github.io/lingpenk_cv.pdf；第3页；版本2026-01-27。
PDF发表标记：“Published in Transactions on Machine Learning Research (05/2025)”。
原文摘要依据：“Game-theoretic scenarios have become pivotal in evaluating the social intelligence of Large Language Model (LLM)-based social agents. While numerous studies have explored these agents in such settings”。
仅确认论文内原姓名署名；跨论文身份未确认。https://aclanthology.org/people/longxu-dou/unverified/","身份待核验；按单篇保留，不跨论文合并同名者。达到重点候选筛选阈值；已查可定位来源，身份/历史履历仍未确认。
具体论文问题：P8-C;P8-A;P8-R
完整Scholar/DBLP论文列表及CCF/CORE目录未获取；当前公开材料可能漏项。",8
Longxu Dou（论文 #33，身份待核验）,2025；论文#33；Sea AI Lab,待核验,身份待核验,待核验,论文合作者（身份待核验）,待核验,待核验,待核验,社会智能与角色控制,未公开,"论文信息汇总.csv 序33：摘要、研究内容、创新点；内容仅据摘要/Introduction归纳。
PDF：港大/Kong, Lingpeng/论文/2025_Reasoning Does Not Necessarily Improve Role-Playing Ability.pdf；第1页标题、作者单位与摘要；Introduction在已保存前3页内。
https://aclanthology.org/2025.findings-acl.537/；访问2026-09-17；ACL作者顺序、发表信息与摘要。
CV：https://ikekonglp.github.io/lingpenk_cv.pdf；第5页；版本2026-01-27。
原文摘要依据：“The application of role-playing large language models (LLMs) is rapidly expanding in both academic and commercial domains, driving an increasing demand for high-precision role-playing models. Simultan”。
仅确认论文内原姓名署名；跨论文身份未确认。https://aclanthology.org/people/longxu-dou/unverified/","身份待核验；按单篇保留，不跨论文合并同名者。达到重点候选筛选阈值；已查可定位来源，身份/历史履历仍未确认。
具体论文问题：P33-C
完整Scholar/DBLP论文列表及CCF/CORE目录未获取；当前公开材料可能漏项。",33
Minzhi Li（论文 #8，身份待核验）,2025；论文#8；待核验（PDF姓名为Ella Li）,待核验,身份待核验,待核验,论文合作者（身份待核验）,待核验,待核验,待核验,社会智能与角色控制,未公开,"论文信息汇总.csv 序8：摘要、研究内容、创新点；内容仅据摘要/Introduction归纳。
PDF：港大/Kong, Lingpeng/论文/2025_A Survey on Large Language Model-Based Social Agents in Game-Theoretic Scenarios.pdf；第1页标题、作者单位与摘要；Introduction在已保存前3页内。
https://arxiv.org/abs/2412.03920；访问2026-09-17；arXiv作者顺序和摘要。
CV：https://ikekonglp.github.io/lingpenk_cv.pdf；第3页；版本2026-01-27。
PDF发表标记：“Published in Transactions on Machine Learning Research (05/2025)”。
原文摘要依据：“Game-theoretic scenarios have become pivotal in evaluating the social intelligence of Large Language Model (LLM)-based social agents. While numerous studies have explored these agents in such settings”。
仅确认论文内原姓名署名；跨论文身份未确认。","身份待核验；按单篇保留，不跨论文合并同名者。待核验（未深查）；原姓名整体未达到重点阈值。
具体论文问题：P8-C;P8-A;P8-R
完整Scholar/DBLP论文列表及CCF/CORE目录未获取；当前公开材料可能漏项。",8
Qinghao Wang（论文 #8，身份待核验）,2025；论文#8；北京大学,待核验,身份待核验,待核验,论文合作者（身份待核验）,待核验,待核验,待核验,社会智能与角色控制,未公开,"论文信息汇总.csv 序8：摘要、研究内容、创新点；内容仅据摘要/Introduction归纳。
PDF：港大/Kong, Lingpeng/论文/2025_A Survey on Large Language Model-Based Social Agents in Game-Theoretic Scenarios.pdf；第1页标题、作者单位与摘要；Introduction在已保存前3页内。
https://arxiv.org/abs/2412.03920；访问2026-09-17；arXiv作者顺序和摘要。
CV：https://ikekonglp.github.io/lingpenk_cv.pdf；第3页；版本2026-01-27。
PDF发表标记：“Published in Transactions on Machine Learning Research (05/2025)”。
原文摘要依据：“Game-theoretic scenarios have become pivotal in evaluating the social intelligence of Large Language Model (LLM)-based social agents. While numerous studies have explored these agents in such settings”。
仅确认论文内原姓名署名；跨论文身份未确认。","身份待核验；按单篇保留，不跨论文合并同名者。待核验（未深查）；原姓名整体未达到重点阈值。
具体论文问题：P8-C;P8-A;P8-R
完整Scholar/DBLP论文列表及CCF/CORE目录未获取；当前公开材料可能漏项。",8
Yu Guo（论文 #8，身份待核验）,2025；论文#8；哈尔滨工业大学,待核验,身份待核验,待核验,论文合作者（身份待核验）,待核验,待核验,待核验,社会智能与角色控制,未公开,"论文信息汇总.csv 序8：摘要、研究内容、创新点；内容仅据摘要/Introduction归纳。
PDF：港大/Kong, Lingpeng/论文/2025_A Survey on Large Language Model-Based Social Agents in Game-Theoretic Scenarios.pdf；第1页标题、作者单位与摘要；Introduction在已保存前3页内。
https://arxiv.org/abs/2412.03920；访问2026-09-17；arXiv作者顺序和摘要。
CV：https://ikekonglp.github.io/lingpenk_cv.pdf；第3页；版本2026-01-27。
PDF发表标记：“Published in Transactions on Machine Learning Research (05/2025)”。
原文摘要依据：“Game-theoretic scenarios have become pivotal in evaluating the social intelligence of Large Language Model (LLM)-based social agents. While numerous studies have explored these agents in such settings”。
仅确认论文内原姓名署名；跨论文身份未确认。","身份待核验；按单篇保留，不跨论文合并同名者。达到重点候选筛选阈值；已查可定位来源，身份/历史履历仍未确认。
具体论文问题：P8-C;P8-A;P8-R
完整Scholar/DBLP论文列表及CCF/CORE目录未获取；当前公开材料可能漏项。",8
Yu Guo（论文 #148，身份待核验）,2024；论文#148；待核验,待核验,身份待核验,待核验,论文合作者（身份待核验）,待核验,待核验,待核验,社会智能与角色控制,未公开,"论文信息汇总.csv 序148：摘要、研究内容、创新点；内容仅据摘要/Introduction归纳。
仅取得可靠元数据或摘要；未取得可读全文。
https://arxiv.org/abs/2410.10479；访问2026-09-17；arXiv作者顺序和摘要。
原文摘要依据：“The rapid advancement of large language models has accelerated their application in reasoning, with strategic reasoning drawing increasing attention. To evaluate the strategic reasoning capabilities o”。
仅确认论文内原姓名署名；跨论文身份未确认。","身份待核验；按单篇保留，不跨论文合并同名者。达到重点候选筛选阈值；已查可定位来源，身份/历史履历仍未确认。
具体论文问题：P148-C;P148-D;P148-A;P148-R
完整Scholar/DBLP论文列表及CCF/CORE目录未获取；当前公开材料可能漏项。",148
Haochuan Wang（论文 #8，身份待核验）,2025；论文#8；哈尔滨工业大学,待核验,身份待核验,待核验,论文合作者（身份待核验）,待核验,待核验,待核验,社会智能与角色控制,未公开,"论文信息汇总.csv 序8：摘要、研究内容、创新点；内容仅据摘要/Introduction归纳。
PDF：港大/Kong, Lingpeng/论文/2025_A Survey on Large Language Model-Based Social Agents in Game-Theoretic Scenarios.pdf；第1页标题、作者单位与摘要；Introduction在已保存前3页内。
https://arxiv.org/abs/2412.03920；访问2026-09-17；arXiv作者顺序和摘要。
CV：https://ikekonglp.github.io/lingpenk_cv.pdf；第3页；版本2026-01-27。
PDF发表标记：“Published in Transactions on Machine Learning Research (05/2025)”。
原文摘要依据：“Game-theoretic scenarios have become pivotal in evaluating the social intelligence of Large Language Model (LLM)-based social agents. While numerous studies have explored these agents in such settings”。
仅确认论文内原姓名署名；跨论文身份未确认。","身份待核验；按单篇保留，不跨论文合并同名者。达到重点候选筛选阈值；已查可定位来源，身份/历史履历仍未确认。
具体论文问题：P8-C;P8-A;P8-R
完整Scholar/DBLP论文列表及CCF/CORE目录未获取；当前公开材料可能漏项。",8
Haochuan Wang（论文 #148，身份待核验）,2024；论文#148；待核验,待核验,身份待核验,待核验,论文合作者（身份待核验）,待核验,待核验,待核验,社会智能与角色控制,未公开,"论文信息汇总.csv 序148：摘要、研究内容、创新点；内容仅据摘要/Introduction归纳。
仅取得可靠元数据或摘要；未取得可读全文。
https://arxiv.org/abs/2410.10479；访问2026-09-17；arXiv作者顺序和摘要。
原文摘要依据：“The rapid advancement of large language models has accelerated their application in reasoning, with strategic reasoning drawing increasing attention. To evaluate the strategic reasoning capabilities o”。
仅确认论文内原姓名署名；跨论文身份未确认。","身份待核验；按单篇保留，不跨论文合并同名者。达到重点候选筛选阈值；已查可定位来源，身份/历史履历仍未确认。
具体论文问题：P148-C;P148-D;P148-A;P148-R
完整Scholar/DBLP论文列表及CCF/CORE目录未获取；当前公开材料可能漏项。",148
Chang Ma,"2023；论文#78；待核验
2024；论文#53；待核验
2024；论文#54；待核验
2024；论文#56；香港大学
2024；论文#65；待核验
2024；论文#144；待核验
2025；论文#8；香港大学
2025；论文#42；香港大学
2025；论文#151；香港大学
2026；论文#16；待核验",华盛顿大学,2022起；香港大学博士生；现为华盛顿大学博士后，准确分界待核验,博士后,导师—学生；共同指导,10,2023,2026,分子零样本学习；工具智能体与任务评测；蛋白质表示学习；语言迁移与学习能力评测；代码生成与纠错；社会智能与角色控制；推理与决策规划；生物通路推理,未公开,https://chang-github-00.github.io/-changma/；访问2026-09-17；原文依据：“postdoctoral researcher at the University of Washington”。历史指导/时间另见https://ikekonglp.github.io/lingpenk_cv.pdf第1-2页（版本2026-01-27）；校友更新见https://hkunlp.github.io/people/。核验状态：公开身份部分确认；局限见待核验问题。,"个人主页博士时间至2026-04，实验室校友页为2025；毕业及离组年份冲突待核验。
具体论文问题：P78-C;P78-D;P78-A;P78-R;P78-F;P53-C;P53-D;P53-A;P53-R;P53-F;P54-C;P54-A;P54-R;P54-V;P56-C;P56-R;P56-F;P65-C;P65-D;P65-A;P65-R;P144-C;P144-D;P144-A;P144-R;P8-C;P8-A;P8-R;P42-C;P42-R;P42-F;P151-C;P151-R;P16-C;P16-D;P16-A;P16-R;P16-F
完整Scholar/DBLP论文列表及CCF/CORE目录未获取；当前公开材料可能漏项。;CP79;CP80",78;53;54;56;65;144;8;42;151;16
Jing Xiong,"2024；论文#147；待核验
2025；论文#9；待核验
2025；论文#29；香港大学
2025；论文#37；待核验
2025；论文#156；待核验
2025；论文#160；香港大学
2026；论文#17；香港大学
2026；论文#19；待核验
2026；论文#163；待核验
2026；论文#172；香港大学",香港大学,2024起；博士生（CV）,博士生,导师—学生；共同指导,10,2024,2026,检索增强生成；视觉自回归生成；长上下文建模与压缩；社会智能与角色控制；工具智能体与任务评测；推理部署与参数效率；形式化定理证明,未公开,https://menik1126.github.io/；访问2026-09-17；原文依据：“supervised by Prof. Yi Huang and Prof. Lingpeng Kong”。历史指导/时间另见https://ikekonglp.github.io/lingpenk_cv.pdf第1-2页（版本2026-01-27）；校友更新见https://hkunlp.github.io/people/。核验状态：公开身份部分确认；局限见待核验问题。,"CV共同指导者Ngai Wong，个人主页为Yi Huang；不将两人视为同一人，共同指导者待核验。
具体论文问题：P147-C;P147-A;P9-C;P9-A;P29-C;P37-C;P37-D;P37-A;P37-R;P37-F;P156-C;P156-D;P156-A;P156-R;P160-C;P17-C;P17-R;P17-V;P19-C;P19-A;P19-R;P163-C;P163-D;P163-A;P163-R;P172-C
完整Scholar/DBLP论文列表及CCF/CORE目录未获取；当前公开材料可能漏项。;CP91;CP92",147;9;29;37;156;160;17;19;163;172
Gongye Liu（论文 #9，身份待核验）,2025；论文#9；待核验,待核验,身份待核验,待核验,论文合作者（身份待核验）,待核验,待核验,待核验,视觉自回归生成,未公开,"论文信息汇总.csv 序9：摘要、研究内容、创新点；内容仅据摘要/Introduction归纳。
PDF：港大/Kong, Lingpeng/论文/2025_Autoregressive Models in Vision_ A Survey.pdf；第1页标题、作者单位与摘要；Introduction在已保存前3页内。
https://arxiv.org/abs/2411.05902；访问2026-09-17；arXiv作者顺序和摘要。
CV：https://ikekonglp.github.io/lingpenk_cv.pdf；第4页；版本2026-01-27。
PDF发表标记：“Published in Transactions on Machine Learning Research (03/2025)”。
原文摘要依据：“Autoregressive modeling has been a huge success in the field of natural language processing (NLP). Recently, autoregressive models have emerged as a significant area of focus in computer vision, where”。
仅确认论文内原姓名署名；跨论文身份未确认。","身份待核验；按单篇保留，不跨论文合并同名者。待核验（未深查）；原姓名整体未达到重点阈值。
具体论文问题：P9-C;P9-A
完整Scholar/DBLP论文列表及CCF/CORE目录未获取；当前公开材料可能漏项。",9
Lun Huang（论文 #9，身份待核验）,2025；论文#9；待核验,待核验,身份待核验,待核验,论文合作者（身份待核验）,待核验,待核验,待核验,视觉自回归生成,未公开,"论文信息汇总.csv 序9：摘要、研究内容、创新点；内容仅据摘要/Introduction归纳。
PDF：港大/Kong, Lingpeng/论文/2025_Autoregressive Models in Vision_ A Survey.pdf；第1页标题、作者单位与摘要；Introduction在已保存前3页内。
https://arxiv.org/abs/2411.05902；访问2026-09-17；arXiv作者顺序和摘要。
CV：https://ikekonglp.github.io/lingpenk_cv.pdf；第4页；版本2026-01-27。
PDF发表标记：“Published in Transactions on Machine Learning Research (03/2025)”。
原文摘要依据：“Autoregressive modeling has been a huge success in the field of natural language processing (NLP). Recently, autoregressive models have emerged as a significant area of focus in computer vision, where”。
仅确认论文内原姓名署名；跨论文身份未确认。","身份待核验；按单篇保留，不跨论文合并同名者。待核验（未深查）；原姓名整体未达到重点阈值。
具体论文问题：P9-C;P9-A
完整Scholar/DBLP论文列表及CCF/CORE目录未获取；当前公开材料可能漏项。",9
Chengyue Wu（论文 #9，身份待核验）,2025；论文#9；待核验,待核验,身份待核验,待核验,论文合作者（身份待核验）,待核验,待核验,待核验,视觉自回归生成,未公开,"论文信息汇总.csv 序9：摘要、研究内容、创新点；内容仅据摘要/Introduction归纳。
PDF：港大/Kong, Lingpeng/论文/2025_Autoregressive Models in Vision_ A Survey.pdf；第1页标题、作者单位与摘要；Introduction在已保存前3页内。
https://arxiv.org/abs/2411.05902；访问2026-09-17；arXiv作者顺序和摘要。
CV：https://ikekonglp.github.io/lingpenk_cv.pdf；第4页；版本2026-01-27。
PDF发表标记：“Published in Transactions on Machine Learning Research (03/2025)”。
原文摘要依据：“Autoregressive modeling has been a huge success in the field of natural language processing (NLP). Recently, autoregressive models have emerged as a significant area of focus in computer vision, where”。
仅确认论文内原姓名署名；跨论文身份未确认。","身份待核验；按单篇保留，不跨论文合并同名者。待核验（未深查）；原姓名整体未达到重点阈值。
具体论文问题：P9-C;P9-A
完整Scholar/DBLP论文列表及CCF/CORE目录未获取；当前公开材料可能漏项。",9
Taiqiang Wu（论文 #9，身份待核验）,2025；论文#9；待核验,待核验,身份待核验,待核验,论文合作者（身份待核验）,待核验,待核验,待核验,视觉自回归生成,未公开,"论文信息汇总.csv 序9：摘要、研究内容、创新点；内容仅据摘要/Introduction归纳。
PDF：港大/Kong, Lingpeng/论文/2025_Autoregressive Models in Vision_ A Survey.pdf；第1页标题、作者单位与摘要；Introduction在已保存前3页内。
https://arxiv.org/abs/2411.05902；访问2026-09-17；arXiv作者顺序和摘要。
CV：https://ikekonglp.github.io/lingpenk_cv.pdf；第4页；版本2026-01-27。
PDF发表标记：“Published in Transactions on Machine Learning Research (03/2025)”。
原文摘要依据：“Autoregressive modeling has been a huge success in the field of natural language processing (NLP). Recently, autoregressive models have emerged as a significant area of focus in computer vision, where”。
仅确认论文内原姓名署名；跨论文身份未确认。","身份待核验；按单篇保留，不跨论文合并同名者。达到重点候选筛选阈值；已查可定位来源，身份/历史履历仍未确认。
具体论文问题：P9-C;P9-A
完整Scholar/DBLP论文列表及CCF/CORE目录未获取；当前公开材料可能漏项。",9
Taiqiang Wu（论文 #17，身份待核验）,2026；论文#17；香港大学,待核验,身份待核验,待核验,论文合作者（身份待核验）,待核验,待核验,待核验,工具智能体与任务评测,未公开,"论文信息汇总.csv 序17：摘要、研究内容、创新点；内容仅据摘要/Introduction归纳。
PDF：港大/Kong, Lingpeng/论文/2026_SwingArena_ Adversarial Programming Arena for Long-Context GitHub Issue Solving.pdf；第1页标题、作者单位与摘要；Introduction在已保存前3页内。
https://arxiv.org/abs/2505.23932；访问2026-09-17；arXiv作者顺序和摘要。
CV：https://ikekonglp.github.io/lingpenk_cv.pdf；第4页；版本2026-01-27。
PDF发表标记：“Published as a conference paper at ICLR 2026”。
原文摘要依据：“We present SwingArena, a competitive evaluation framework for Large Language Models (LLMs) that closely mirrors real-world software development workflows. Unlike traditional static benchmarks, SwingAr”。
仅确认论文内原姓名署名；跨论文身份未确认。","身份待核验；按单篇保留，不跨论文合并同名者。达到重点候选筛选阈值；已查可定位来源，身份/历史履历仍未确认。
具体论文问题：P17-C;P17-R;P17-V
完整Scholar/DBLP论文列表及CCF/CORE目录未获取；当前公开材料可能漏项。",17
Taiqiang Wu（论文 #163，身份待核验）,2026；论文#163；待核验,待核验,身份待核验,待核验,论文合作者（身份待核验）,待核验,待核验,待核验,形式化定理证明,未公开,"论文信息汇总.csv 序163：摘要、研究内容、创新点；内容仅据摘要/Introduction归纳。
仅取得可靠元数据或摘要；未取得可读全文。
https://arxiv.org/abs/2601.03017；访问2026-09-17；arXiv作者顺序和摘要。
原文摘要依据：“Autoformalization, which translates natural language mathematics into formal statements to enable machine reasoning, faces fundamental challenges in the wild due to the multimodal nature of the physic”。
仅确认论文内原姓名署名；跨论文身份未确认。","身份待核验；按单篇保留，不跨论文合并同名者。达到重点候选筛选阈值；已查可定位来源，身份/历史履历仍未确认。
具体论文问题：P163-C;P163-D;P163-A;P163-R
完整Scholar/DBLP论文列表及CCF/CORE目录未获取；当前公开材料可能漏项。",163
Yao Mu（论文 #9，身份待核验）,2025；论文#9；待核验,待核验,身份待核验,待核验,论文合作者（身份待核验）,待核验,待核验,待核验,视觉自回归生成,未公开,"论文信息汇总.csv 序9：摘要、研究内容、创新点；内容仅据摘要/Introduction归纳。
PDF：港大/Kong, Lingpeng/论文/2025_Autoregressive Models in Vision_ A Survey.pdf；第1页标题、作者单位与摘要；Introduction在已保存前3页内。
https://arxiv.org/abs/2411.05902；访问2026-09-17；arXiv作者顺序和摘要。
CV：https://ikekonglp.github.io/lingpenk_cv.pdf；第4页；版本2026-01-27。
PDF发表标记：“Published in Transactions on Machine Learning Research (03/2025)”。
原文摘要依据：“Autoregressive modeling has been a huge success in the field of natural language processing (NLP). Recently, autoregressive models have emerged as a significant area of focus in computer vision, where”。
仅确认论文内原姓名署名；跨论文身份未确认。","身份待核验；按单篇保留，不跨论文合并同名者。待核验（未深查）；原姓名整体未达到重点阈值。
具体论文问题：P9-C;P9-A
完整Scholar/DBLP论文列表及CCF/CORE目录未获取；当前公开材料可能漏项。",9
Yuan Yao（论文 #9，身份待核验）,2025；论文#9；待核验,待核验,身份待核验,待核验,论文合作者（身份待核验）,待核验,待核验,待核验,视觉自回归生成,未公开,"论文信息汇总.csv 序9：摘要、研究内容、创新点；内容仅据摘要/Introduction归纳。
PDF：港大/Kong, Lingpeng/论文/2025_Autoregressive Models in Vision_ A Survey.pdf；第1页标题、作者单位与摘要；Introduction在已保存前3页内。
https://arxiv.org/abs/2411.05902；访问2026-09-17；arXiv作者顺序和摘要。
CV：https://ikekonglp.github.io/lingpenk_cv.pdf；第4页；版本2026-01-27。
PDF发表标记：“Published in Transactions on Machine Learning Research (03/2025)”。
原文摘要依据：“Autoregressive modeling has been a huge success in the field of natural language processing (NLP). Recently, autoregressive models have emerged as a significant area of focus in computer vision, where”。
仅确认论文内原姓名署名；跨论文身份未确认。","身份待核验；按单篇保留，不跨论文合并同名者。待核验（未深查）；原姓名整体未达到重点阈值。
具体论文问题：P9-C;P9-A
完整Scholar/DBLP论文列表及CCF/CORE目录未获取；当前公开材料可能漏项。",9
Hui Shen（论文 #9，身份待核验）,2025；论文#9；待核验,待核验,身份待核验,待核验,论文合作者（身份待核验）,待核验,待核验,待核验,视觉自回归生成,未公开,"论文信息汇总.csv 序9：摘要、研究内容、创新点；内容仅据摘要/Introduction归纳。
PDF：港大/Kong, Lingpeng/论文/2025_Autoregressive Models in Vision_ A Survey.pdf；第1页标题、作者单位与摘要；Introduction在已保存前3页内。
https://arxiv.org/abs/2411.05902；访问2026-09-17；arXiv作者顺序和摘要。
CV：https://ikekonglp.github.io/lingpenk_cv.pdf；第4页；版本2026-01-27。
PDF发表标记：“Published in Transactions on Machine Learning Research (03/2025)”。
原文摘要依据：“Autoregressive modeling has been a huge success in the field of natural language processing (NLP). Recently, autoregressive models have emerged as a significant area of focus in computer vision, where”。
仅确认论文内原姓名署名；跨论文身份未确认。","身份待核验；按单篇保留，不跨论文合并同名者。达到重点候选筛选阈值；已查可定位来源，身份/历史履历仍未确认。
具体论文问题：P9-C;P9-A
完整Scholar/DBLP论文列表及CCF/CORE目录未获取；当前公开材料可能漏项。",9
Hui Shen（论文 #17，身份待核验）,2026；论文#17；密歇根大学安娜堡分校,待核验,身份待核验,待核验,论文合作者（身份待核验）,待核验,待核验,待核验,工具智能体与任务评测,未公开,"论文信息汇总.csv 序17：摘要、研究内容、创新点；内容仅据摘要/Introduction归纳。
PDF：港大/Kong, Lingpeng/论文/2026_SwingArena_ Adversarial Programming Arena for Long-Context GitHub Issue Solving.pdf；第1页标题、作者单位与摘要；Introduction在已保存前3页内。
https://arxiv.org/abs/2505.23932；访问2026-09-17；arXiv作者顺序和摘要。
CV：https://ikekonglp.github.io/lingpenk_cv.pdf；第4页；版本2026-01-27。
PDF发表标记：“Published as a conference paper at ICLR 2026”。
原文摘要依据：“We present SwingArena, a competitive evaluation framework for Large Language Models (LLMs) that closely mirrors real-world software development workflows. Unlike traditional static benchmarks, SwingAr”。
仅确认论文内原姓名署名；跨论文身份未确认。","身份待核验；按单篇保留，不跨论文合并同名者。达到重点候选筛选阈值；已查可定位来源，身份/历史履历仍未确认。
具体论文问题：P17-C;P17-R;P17-V
完整Scholar/DBLP论文列表及CCF/CORE目录未获取；当前公开材料可能漏项。",17
Hui Shen（论文 #19，身份待核验）,2026；论文#19；待核验,待核验,身份待核验,待核验,论文合作者（身份待核验）,待核验,待核验,待核验,推理部署与参数效率,未公开,"论文信息汇总.csv 序19：摘要、研究内容、创新点；内容仅据摘要/Introduction归纳。
PDF：港大/Kong, Lingpeng/论文/2026_ATTS_ Asynchronous Test-Time Scaling via Conformal Prediction.pdf；第1页标题、作者单位与摘要；Introduction在已保存前3页内。
https://arxiv.org/abs/2509.15148；访问2026-09-17；arXiv作者顺序和摘要。
CV：https://ikekonglp.github.io/lingpenk_cv.pdf；第4页；版本2026-01-27。
PDF发表标记：“Published as a conference paper at ICLR 2026”。
原文摘要依据：“Large language models (LLMs) benefit from test-time scaling but are often hampered by high inference latency. Speculative decoding is a natural way to accelerate the scaling process; however, scaling ”。
仅确认论文内原姓名署名；跨论文身份未确认。","身份待核验；按单篇保留，不跨论文合并同名者。达到重点候选筛选阈值；已查可定位来源，身份/历史履历仍未确认。
具体论文问题：P19-C;P19-A;P19-R
完整Scholar/DBLP论文列表及CCF/CORE目录未获取；当前公开材料可能漏项。",19
Hui Shen（论文 #156，身份待核验）,2025；论文#156；待核验,待核验,身份待核验,待核验,论文合作者（身份待核验）,待核验,待核验,待核验,社会智能与角色控制,未公开,"论文信息汇总.csv 序156：摘要、研究内容、创新点；内容仅据摘要/Introduction归纳。
仅取得可靠元数据或摘要；未取得可读全文。
https://arxiv.org/abs/2509.07403；访问2026-09-17；arXiv作者顺序和摘要。
原文摘要依据：“Large language models (LLMs) have made significant progress in Emotional Intelligence (EI) and long-context modeling. However, existing benchmarks often overlook the fact that emotional information pr”。
仅确认论文内原姓名署名；跨论文身份未确认。","身份待核验；按单篇保留，不跨论文合并同名者。达到重点候选筛选阈值；已查可定位来源，身份/历史履历仍未确认。
具体论文问题：P156-C;P156-D;P156-A;P156-R
完整Scholar/DBLP论文列表及CCF/CORE目录未获取；当前公开材料可能漏项。",156
Hui Shen（论文 #160，身份待核验）,2025；论文#160；密歇根大学安娜堡分校,待核验,身份待核验,待核验,论文合作者（身份待核验）,待核验,待核验,待核验,长上下文建模与压缩,未公开,"论文信息汇总.csv 序160：摘要、研究内容、创新点；内容仅据摘要/Introduction归纳。
PDF：港大/Kong, Lingpeng/论文/2025_DoPE_ Denoising Rotary Position Embedding.pdf；第1页标题、作者单位与摘要；Introduction在已保存前3页内。
https://arxiv.org/abs/2511.09146；访问2026-09-17；arXiv作者顺序和摘要。
原文摘要依据：“Positional encoding is essential for large language models (LLMs) to represent sequence order, yet recent studies show that Rotary Position Embedding (RoPE) can induce massive activation. We investiga”。
仅确认论文内原姓名署名；跨论文身份未确认。","身份待核验；按单篇保留，不跨论文合并同名者。达到重点候选筛选阈值；已查可定位来源，身份/历史履历仍未确认。
具体论文问题：P160-C
完整Scholar/DBLP论文列表及CCF/CORE目录未获取；当前公开材料可能漏项。",160
Hui Shen（论文 #163，身份待核验）,2026；论文#163；待核验,待核验,身份待核验,待核验,论文合作者（身份待核验）,待核验,待核验,待核验,形式化定理证明,未公开,"论文信息汇总.csv 序163：摘要、研究内容、创新点；内容仅据摘要/Introduction归纳。
仅取得可靠元数据或摘要；未取得可读全文。
https://arxiv.org/abs/2601.03017；访问2026-09-17；arXiv作者顺序和摘要。
原文摘要依据：“Autoformalization, which translates natural language mathematics into formal statements to enable machine reasoning, faces fundamental challenges in the wild due to the multimodal nature of the physic”。
仅确认论文内原姓名署名；跨论文身份未确认。","身份待核验；按单篇保留，不跨论文合并同名者。达到重点候选筛选阈值；已查可定位来源，身份/历史履历仍未确认。
具体论文问题：P163-C;P163-D;P163-A;P163-R
完整Scholar/DBLP论文列表及CCF/CORE目录未获取；当前公开材料可能漏项。",163
Zhongwei Wan（论文 #9，身份待核验）,2025；论文#9；待核验,待核验,身份待核验,待核验,论文合作者（身份待核验）,待核验,待核验,待核验,视觉自回归生成,未公开,"论文信息汇总.csv 序9：摘要、研究内容、创新点；内容仅据摘要/Introduction归纳。
PDF：港大/Kong, Lingpeng/论文/2025_Autoregressive Models in Vision_ A Survey.pdf；第1页标题、作者单位与摘要；Introduction在已保存前3页内。
https://arxiv.org/abs/2411.05902；访问2026-09-17；arXiv作者顺序和摘要。
CV：https://ikekonglp.github.io/lingpenk_cv.pdf；第4页；版本2026-01-27。
PDF发表标记：“Published in Transactions on Machine Learning Research (03/2025)”。
原文摘要依据：“Autoregressive modeling has been a huge success in the field of natural language processing (NLP). Recently, autoregressive models have emerged as a significant area of focus in computer vision, where”。
仅确认论文内原姓名署名；跨论文身份未确认。https://aclanthology.org/people/zhongwei-wan/unverified/","身份待核验；按单篇保留，不跨论文合并同名者。达到重点候选筛选阈值；已查可定位来源，身份/历史履历仍未确认。
具体论文问题：P9-C;P9-A
完整Scholar/DBLP论文列表及CCF/CORE目录未获取；当前公开材料可能漏项。",9
Zhongwei Wan（论文 #17，身份待核验）,2026；论文#17；俄亥俄州立大学,待核验,身份待核验,待核验,论文合作者（身份待核验）,待核验,待核验,待核验,工具智能体与任务评测,未公开,"论文信息汇总.csv 序17：摘要、研究内容、创新点；内容仅据摘要/Introduction归纳。
PDF：港大/Kong, Lingpeng/论文/2026_SwingArena_ Adversarial Programming Arena for Long-Context GitHub Issue Solving.pdf；第1页标题、作者单位与摘要；Introduction在已保存前3页内。
https://arxiv.org/abs/2505.23932；访问2026-09-17；arXiv作者顺序和摘要。
CV：https://ikekonglp.github.io/lingpenk_cv.pdf；第4页；版本2026-01-27。
PDF发表标记：“Published as a conference paper at ICLR 2026”。
原文摘要依据：“We present SwingArena, a competitive evaluation framework for Large Language Models (LLMs) that closely mirrors real-world software development workflows. Unlike traditional static benchmarks, SwingAr”。
仅确认论文内原姓名署名；跨论文身份未确认。https://aclanthology.org/people/zhongwei-wan/unverified/","身份待核验；按单篇保留，不跨论文合并同名者。达到重点候选筛选阈值；已查可定位来源，身份/历史履历仍未确认。
具体论文问题：P17-C;P17-R;P17-V
完整Scholar/DBLP论文列表及CCF/CORE目录未获取；当前公开材料可能漏项。",17
Zhongwei Wan（论文 #19，身份待核验）,2026；论文#19；待核验,待核验,身份待核验,待核验,论文合作者（身份待核验）,待核验,待核验,待核验,推理部署与参数效率,未公开,"论文信息汇总.csv 序19：摘要、研究内容、创新点；内容仅据摘要/Introduction归纳。
PDF：港大/Kong, Lingpeng/论文/2026_ATTS_ Asynchronous Test-Time Scaling via Conformal Prediction.pdf；第1页标题、作者单位与摘要；Introduction在已保存前3页内。
https://arxiv.org/abs/2509.15148；访问2026-09-17；arXiv作者顺序和摘要。
CV：https://ikekonglp.github.io/lingpenk_cv.pdf；第4页；版本2026-01-27。
PDF发表标记：“Published as a conference paper at ICLR 2026”。
原文摘要依据：“Large language models (LLMs) benefit from test-time scaling but are often hampered by high inference latency. Speculative decoding is a natural way to accelerate the scaling process; however, scaling ”。
仅确认论文内原姓名署名；跨论文身份未确认。https://aclanthology.org/people/zhongwei-wan/unverified/","身份待核验；按单篇保留，不跨论文合并同名者。达到重点候选筛选阈值；已查可定位来源，身份/历史履历仍未确认。
具体论文问题：P19-C;P19-A;P19-R
完整Scholar/DBLP论文列表及CCF/CORE目录未获取；当前公开材料可能漏项。",19
Zhongwei Wan（论文 #29，身份待核验）,2025；论文#29；俄亥俄州立大学,待核验,身份待核验,待核验,论文合作者（身份待核验）,待核验,待核验,待核验,长上下文建模与压缩,未公开,"论文信息汇总.csv 序29：摘要、研究内容、创新点；内容仅据摘要/Introduction归纳。
PDF：港大/Kong, Lingpeng/论文/2025_UNComp_ Can Matrix Entropy Uncover Sparsity_ — A Compressor Design from an Uncertainty-Aware Perspective.pdf；第1页标题、作者单位与摘要；Introduction在已保存前3页内。
https://aclanthology.org/2025.emnlp-main.209/；访问2026-09-17；ACL作者顺序、发表信息与摘要。
CV：https://ikekonglp.github.io/lingpenk_cv.pdf；第5页；版本2026-01-27。
PDF发表标记：“Proceedings of the 2025 Conference on Empirical Methods in Natural Language Processing, pages 4179–4199”。
原文摘要依据：“Deploying large language models (LLMs) for long-context inference remains challenging due to their substantial memory and computational demands. While techniques such as Key-Value (KV) cache compressi”。
仅确认论文内原姓名署名；跨论文身份未确认。https://aclanthology.org/people/zhongwei-wan/unverified/","身份待核验；按单篇保留，不跨论文合并同名者。达到重点候选筛选阈值；已查可定位来源，身份/历史履历仍未确认。
具体论文问题：P29-C
完整Scholar/DBLP论文列表及CCF/CORE目录未获取；当前公开材料可能漏项。",29
Zhongwei Wan（论文 #37，身份待核验）,2025；论文#37；待核验,待核验,身份待核验,待核验,论文合作者（身份待核验）,待核验,待核验,待核验,长上下文建模与压缩,未公开,"论文信息汇总.csv 序37：摘要、研究内容、创新点；内容仅据摘要/Introduction归纳。
仅取得可靠元数据或摘要；未取得可读全文。
https://arxiv.org/abs/2502.14317；访问2026-09-17；arXiv作者顺序和摘要。
CV：https://ikekonglp.github.io/lingpenk_cv.pdf；第6页；版本2026-01-27。
原文摘要依据：“Extrapolating ultra-long contexts (text length >128K) remains a major challenge for large language models (LLMs), as most training-free extrapolation methods are not only severely limited by memory bo”。
仅确认论文内原姓名署名；跨论文身份未确认。https://aclanthology.org/people/zhongwei-wan/unverified/","身份待核验；按单篇保留，不跨论文合并同名者。达到重点候选筛选阈值；已查可定位来源，身份/历史履历仍未确认。
具体论文问题：P37-C;P37-D;P37-A;P37-R;P37-F
完整Scholar/DBLP论文列表及CCF/CORE目录未获取；当前公开材料可能漏项。",37
Zhongwei Wan（论文 #147，身份待核验）,2024；论文#147；待核验,待核验,身份待核验,待核验,论文合作者（身份待核验）,待核验,待核验,待核验,检索增强生成,未公开,"论文信息汇总.csv 序147：摘要、研究内容、创新点；内容仅据摘要/Introduction归纳。
PDF：港大/Kong, Lingpeng/论文/2024_UncertaintyRAG_ Span-Level Uncertainty Enhanced Long-Context Modeling for Retrieval-Augmented Generation.pdf；第1页标题、作者单位与摘要；Introduction在已保存前3页内。
https://arxiv.org/abs/2410.02719；访问2026-09-17；arXiv作者顺序和摘要。
原文摘要依据：“We present UncertaintyRAG, a novel approach for long-context Retrieval-Augmented Generation (RAG) that utilizes Signal-to-Noise Ratio (SNR)-based span uncertainty to estimate similarity between text c”。
仅确认论文内原姓名署名；跨论文身份未确认。https://aclanthology.org/people/zhongwei-wan/unverified/","身份待核验；按单篇保留，不跨论文合并同名者。达到重点候选筛选阈值；已查可定位来源，身份/历史履历仍未确认。
具体论文问题：P147-C;P147-A
完整Scholar/DBLP论文列表及CCF/CORE目录未获取；当前公开材料可能漏项。",147
Zhongwei Wan（论文 #163，身份待核验）,2026；论文#163；待核验,待核验,身份待核验,待核验,论文合作者（身份待核验）,待核验,待核验,待核验,形式化定理证明,未公开,"论文信息汇总.csv 序163：摘要、研究内容、创新点；内容仅据摘要/Introduction归纳。
仅取得可靠元数据或摘要；未取得可读全文。
https://arxiv.org/abs/2601.03017；访问2026-09-17；arXiv作者顺序和摘要。
原文摘要依据：“Autoformalization, which translates natural language mathematics into formal statements to enable machine reasoning, faces fundamental challenges in the wild due to the multimodal nature of the physic”。
仅确认论文内原姓名署名；跨论文身份未确认。https://aclanthology.org/people/zhongwei-wan/unverified/","身份待核验；按单篇保留，不跨论文合并同名者。达到重点候选筛选阈值；已查可定位来源，身份/历史履历仍未确认。
具体论文问题：P163-C;P163-D;P163-A;P163-R
完整Scholar/DBLP论文列表及CCF/CORE目录未获取；当前公开材料可能漏项。",163
Jinfa Huang（论文 #9，身份待核验）,2025；论文#9；待核验,待核验,身份待核验,待核验,论文合作者（身份待核验）,待核验,待核验,待核验,视觉自回归生成,未公开,"论文信息汇总.csv 序9：摘要、研究内容、创新点；内容仅据摘要/Introduction归纳。
PDF：港大/Kong, Lingpeng/论文/2025_Autoregressive Models in Vision_ A Survey.pdf；第1页标题、作者单位与摘要；Introduction在已保存前3页内。
https://arxiv.org/abs/2411.05902；访问2026-09-17；arXiv作者顺序和摘要。
CV：https://ikekonglp.github.io/lingpenk_cv.pdf；第4页；版本2026-01-27。
PDF发表标记：“Published in Transactions on Machine Learning Research (03/2025)”。
原文摘要依据：“Autoregressive modeling has been a huge success in the field of natural language processing (NLP). Recently, autoregressive models have emerged as a significant area of focus in computer vision, where”。
仅确认论文内原姓名署名；跨论文身份未确认。","身份待核验；按单篇保留，不跨论文合并同名者。待核验（未深查）；原姓名整体未达到重点阈值。
具体论文问题：P9-C;P9-A
完整Scholar/DBLP论文列表及CCF/CORE目录未获取；当前公开材料可能漏项。",9
Chaofan Tao（论文 #9，身份待核验）,2025；论文#9；待核验,待核验,身份待核验,待核验,论文合作者（身份待核验）,待核验,待核验,待核验,视觉自回归生成,未公开,"论文信息汇总.csv 序9：摘要、研究内容、创新点；内容仅据摘要/Introduction归纳。
PDF：港大/Kong, Lingpeng/论文/2025_Autoregressive Models in Vision_ A Survey.pdf；第1页标题、作者单位与摘要；Introduction在已保存前3页内。
https://arxiv.org/abs/2411.05902；访问2026-09-17；arXiv作者顺序和摘要。
CV：https://ikekonglp.github.io/lingpenk_cv.pdf；第4页；版本2026-01-27。
PDF发表标记：“Published in Transactions on Machine Learning Research (03/2025)”。
原文摘要依据：“Autoregressive modeling has been a huge success in the field of natural language processing (NLP). Recently, autoregressive models have emerged as a significant area of focus in computer vision, where”。
仅确认论文内原姓名署名；跨论文身份未确认。https://aclanthology.org/people/chaofan-tao/","身份待核验；按单篇保留，不跨论文合并同名者。达到重点候选筛选阈值；已查可定位来源，身份/历史履历仍未确认。
具体论文问题：P9-C;P9-A
完整Scholar/DBLP论文列表及CCF/CORE目录未获取；当前公开材料可能漏项。",9
Chaofan Tao（论文 #17，身份待核验）,2026；论文#17；香港大学,待核验,身份待核验,待核验,论文合作者（身份待核验）,待核验,待核验,待核验,工具智能体与任务评测,未公开,"论文信息汇总.csv 序17：摘要、研究内容、创新点；内容仅据摘要/Introduction归纳。
PDF：港大/Kong, Lingpeng/论文/2026_SwingArena_ Adversarial Programming Arena for Long-Context GitHub Issue Solving.pdf；第1页标题、作者单位与摘要；Introduction在已保存前3页内。
https://arxiv.org/abs/2505.23932；访问2026-09-17；arXiv作者顺序和摘要。
CV：https://ikekonglp.github.io/lingpenk_cv.pdf；第4页；版本2026-01-27。
PDF发表标记：“Published as a conference paper at ICLR 2026”。
原文摘要依据：“We present SwingArena, a competitive evaluation framework for Large Language Models (LLMs) that closely mirrors real-world software development workflows. Unlike traditional static benchmarks, SwingAr”。
仅确认论文内原姓名署名；跨论文身份未确认。https://aclanthology.org/people/chaofan-tao/","身份待核验；按单篇保留，不跨论文合并同名者。达到重点候选筛选阈值；已查可定位来源，身份/历史履历仍未确认。
具体论文问题：P17-C;P17-R;P17-V
完整Scholar/DBLP论文列表及CCF/CORE目录未获取；当前公开材料可能漏项。",17
Chaofan Tao（论文 #19，身份待核验）,2026；论文#19；待核验,待核验,身份待核验,待核验,论文合作者（身份待核验）,待核验,待核验,待核验,推理部署与参数效率,未公开,"论文信息汇总.csv 序19：摘要、研究内容、创新点；内容仅据摘要/Introduction归纳。
PDF：港大/Kong, Lingpeng/论文/2026_ATTS_ Asynchronous Test-Time Scaling via Conformal Prediction.pdf；第1页标题、作者单位与摘要；Introduction在已保存前3页内。
https://arxiv.org/abs/2509.15148；访问2026-09-17；arXiv作者顺序和摘要。
CV：https://ikekonglp.github.io/lingpenk_cv.pdf；第4页；版本2026-01-27。
PDF发表标记：“Published as a conference paper at ICLR 2026”。
原文摘要依据：“Large language models (LLMs) benefit from test-time scaling but are often hampered by high inference latency. Speculative decoding is a natural way to accelerate the scaling process; however, scaling ”。
仅确认论文内原姓名署名；跨论文身份未确认。https://aclanthology.org/people/chaofan-tao/","身份待核验；按单篇保留，不跨论文合并同名者。达到重点候选筛选阈值；已查可定位来源，身份/历史履历仍未确认。
具体论文问题：P19-C;P19-A;P19-R
完整Scholar/DBLP论文列表及CCF/CORE目录未获取；当前公开材料可能漏项。",19
Chaofan Tao（论文 #21，身份待核验）,2026；论文#21；待核验,待核验,身份待核验,待核验,论文合作者（身份待核验）,待核验,待核验,待核验,工具智能体与任务评测,未公开,"论文信息汇总.csv 序21：摘要、研究内容、创新点；内容仅据摘要/Introduction归纳。
仅取得可靠元数据或摘要；未取得可读全文。
https://arxiv.org/abs/2508.21475；访问2026-09-17；arXiv作者顺序和摘要。
CV：https://ikekonglp.github.io/lingpenk_cv.pdf；第4页；版本2026-01-27。
原文摘要依据：“Existing multimodal browsing benchmarks often fail to require genuine multimodal reasoning, as many tasks can be solved with text-only heuristics without vision-in-the-loop verification. We introduce ”。
仅确认论文内原姓名署名；跨论文身份未确认。https://aclanthology.org/people/chaofan-tao/","身份待核验；按单篇保留，不跨论文合并同名者。达到重点候选筛选阈值；已查可定位来源，身份/历史履历仍未确认。
具体论文问题：P21-C;P21-D;P21-A;P21-R;P21-F
完整Scholar/DBLP论文列表及CCF/CORE目录未获取；当前公开材料可能漏项。",21
Chaofan Tao（论文 #29，身份待核验）,2025；论文#29；香港大学,待核验,身份待核验,待核验,论文合作者（身份待核验）,待核验,待核验,待核验,长上下文建模与压缩,未公开,"论文信息汇总.csv 序29：摘要、研究内容、创新点；内容仅据摘要/Introduction归纳。
PDF：港大/Kong, Lingpeng/论文/2025_UNComp_ Can Matrix Entropy Uncover Sparsity_ — A Compressor Design from an Uncertainty-Aware Perspective.pdf；第1页标题、作者单位与摘要；Introduction在已保存前3页内。
https://aclanthology.org/2025.emnlp-main.209/；访问2026-09-17；ACL作者顺序、发表信息与摘要。
CV：https://ikekonglp.github.io/lingpenk_cv.pdf；第5页；版本2026-01-27。
PDF发表标记：“Proceedings of the 2025 Conference on Empirical Methods in Natural Language Processing, pages 4179–4199”。
原文摘要依据：“Deploying large language models (LLMs) for long-context inference remains challenging due to their substantial memory and computational demands. While techniques such as Key-Value (KV) cache compressi”。
仅确认论文内原姓名署名；跨论文身份未确认。https://aclanthology.org/people/chaofan-tao/","身份待核验；按单篇保留，不跨论文合并同名者。达到重点候选筛选阈值；已查可定位来源，身份/历史履历仍未确认。
具体论文问题：P29-C
完整Scholar/DBLP论文列表及CCF/CORE目录未获取；当前公开材料可能漏项。",29
Chaofan Tao（论文 #156，身份待核验）,2025；论文#156；待核验,待核验,身份待核验,待核验,论文合作者（身份待核验）,待核验,待核验,待核验,社会智能与角色控制,未公开,"论文信息汇总.csv 序156：摘要、研究内容、创新点；内容仅据摘要/Introduction归纳。
仅取得可靠元数据或摘要；未取得可读全文。
https://arxiv.org/abs/2509.07403；访问2026-09-17；arXiv作者顺序和摘要。
原文摘要依据：“Large language models (LLMs) have made significant progress in Emotional Intelligence (EI) and long-context modeling. However, existing benchmarks often overlook the fact that emotional information pr”。
仅确认论文内原姓名署名；跨论文身份未确认。https://aclanthology.org/people/chaofan-tao/","身份待核验；按单篇保留，不跨论文合并同名者。达到重点候选筛选阈值；已查可定位来源，身份/历史履历仍未确认。
具体论文问题：P156-C;P156-D;P156-A;P156-R
完整Scholar/DBLP论文列表及CCF/CORE目录未获取；当前公开材料可能漏项。",156
Chaofan Tao（论文 #163，身份待核验）,2026；论文#163；待核验,待核验,身份待核验,待核验,论文合作者（身份待核验）,待核验,待核验,待核验,形式化定理证明,未公开,"论文信息汇总.csv 序163：摘要、研究内容、创新点；内容仅据摘要/Introduction归纳。
仅取得可靠元数据或摘要；未取得可读全文。
https://arxiv.org/abs/2601.03017；访问2026-09-17；arXiv作者顺序和摘要。
原文摘要依据：“Autoformalization, which translates natural language mathematics into formal statements to enable machine reasoning, faces fundamental challenges in the wild due to the multimodal nature of the physic”。
仅确认论文内原姓名署名；跨论文身份未确认。https://aclanthology.org/people/chaofan-tao/","身份待核验；按单篇保留，不跨论文合并同名者。达到重点候选筛选阈值；已查可定位来源，身份/历史履历仍未确认。
具体论文问题：P163-C;P163-D;P163-A;P163-R
完整Scholar/DBLP论文列表及CCF/CORE目录未获取；当前公开材料可能漏项。",163
Shen Yan（论文 #9，身份待核验）,2025；论文#9；待核验,待核验,身份待核验,待核验,论文合作者（身份待核验）,待核验,待核验,待核验,视觉自回归生成,未公开,"论文信息汇总.csv 序9：摘要、研究内容、创新点；内容仅据摘要/Introduction归纳。
PDF：港大/Kong, Lingpeng/论文/2025_Autoregressive Models in Vision_ A Survey.pdf；第1页标题、作者单位与摘要；Introduction在已保存前3页内。
https://arxiv.org/abs/2411.05902；访问2026-09-17；arXiv作者顺序和摘要。
CV：https://ikekonglp.github.io/lingpenk_cv.pdf；第4页；版本2026-01-27。
PDF发表标记：“Published in Transactions on Machine Learning Research (03/2025)”。
原文摘要依据：“Autoregressive modeling has been a huge success in the field of natural language processing (NLP). Recently, autoregressive models have emerged as a significant area of focus in computer vision, where”。
仅确认论文内原姓名署名；跨论文身份未确认。","身份待核验；按单篇保留，不跨论文合并同名者。待核验（未深查）；原姓名整体未达到重点阈值。
具体论文问题：P9-C;P9-A
完整Scholar/DBLP论文列表及CCF/CORE目录未获取；当前公开材料可能漏项。",9
Huaxiu Yao（论文 #9，身份待核验）,2025；论文#9；待核验,待核验,身份待核验,待核验,论文合作者（身份待核验）,待核验,待核验,待核验,视觉自回归生成,未公开,"论文信息汇总.csv 序9：摘要、研究内容、创新点；内容仅据摘要/Introduction归纳。
PDF：港大/Kong, Lingpeng/论文/2025_Autoregressive Models in Vision_ A Survey.pdf；第1页标题、作者单位与摘要；Introduction在已保存前3页内。
https://arxiv.org/abs/2411.05902；访问2026-09-17；arXiv作者顺序和摘要。
CV：https://ikekonglp.github.io/lingpenk_cv.pdf；第4页；版本2026-01-27。
PDF发表标记：“Published in Transactions on Machine Learning Research (03/2025)”。
原文摘要依据：“Autoregressive modeling has been a huge success in the field of natural language processing (NLP). Recently, autoregressive models have emerged as a significant area of focus in computer vision, where”。
仅确认论文内原姓名署名；跨论文身份未确认。","身份待核验；按单篇保留，不跨论文合并同名者。待核验（未深查）；原姓名整体未达到重点阈值。
具体论文问题：P9-C;P9-A
完整Scholar/DBLP论文列表及CCF/CORE目录未获取；当前公开材料可能漏项。",9
Hongxia Yang（论文 #9，身份待核验）,2025；论文#9；待核验,待核验,身份待核验,待核验,论文合作者（身份待核验）,待核验,待核验,待核验,视觉自回归生成,未公开,"论文信息汇总.csv 序9：摘要、研究内容、创新点；内容仅据摘要/Introduction归纳。
PDF：港大/Kong, Lingpeng/论文/2025_Autoregressive Models in Vision_ A Survey.pdf；第1页标题、作者单位与摘要；Introduction在已保存前3页内。
https://arxiv.org/abs/2411.05902；访问2026-09-17；arXiv作者顺序和摘要。
CV：https://ikekonglp.github.io/lingpenk_cv.pdf；第4页；版本2026-01-27。
PDF发表标记：“Published in Transactions on Machine Learning Research (03/2025)”。
原文摘要依据：“Autoregressive modeling has been a huge success in the field of natural language processing (NLP). Recently, autoregressive models have emerged as a significant area of focus in computer vision, where”。
仅确认论文内原姓名署名；跨论文身份未确认。","身份待核验；按单篇保留，不跨论文合并同名者。达到重点候选筛选阈值；已查可定位来源，身份/历史履历仍未确认。
具体论文问题：P9-C;P9-A
完整Scholar/DBLP论文列表及CCF/CORE目录未获取；当前公开材料可能漏项。",9
Hongxia Yang（论文 #17，身份待核验）,2026；论文#17；香港理工大学,待核验,身份待核验,待核验,论文合作者（身份待核验）,待核验,待核验,待核验,工具智能体与任务评测,未公开,"论文信息汇总.csv 序17：摘要、研究内容、创新点；内容仅据摘要/Introduction归纳。
PDF：港大/Kong, Lingpeng/论文/2026_SwingArena_ Adversarial Programming Arena for Long-Context GitHub Issue Solving.pdf；第1页标题、作者单位与摘要；Introduction在已保存前3页内。
https://arxiv.org/abs/2505.23932；访问2026-09-17；arXiv作者顺序和摘要。
CV：https://ikekonglp.github.io/lingpenk_cv.pdf；第4页；版本2026-01-27。
PDF发表标记：“Published as a conference paper at ICLR 2026”。
原文摘要依据：“We present SwingArena, a competitive evaluation framework for Large Language Models (LLMs) that closely mirrors real-world software development workflows. Unlike traditional static benchmarks, SwingAr”。
仅确认论文内原姓名署名；跨论文身份未确认。","身份待核验；按单篇保留，不跨论文合并同名者。达到重点候选筛选阈值；已查可定位来源，身份/历史履历仍未确认。
具体论文问题：P17-C;P17-R;P17-V
完整Scholar/DBLP论文列表及CCF/CORE目录未获取；当前公开材料可能漏项。",17
Hongxia Yang（论文 #37，身份待核验）,2025；论文#37；待核验,待核验,身份待核验,待核验,论文合作者（身份待核验）,待核验,待核验,待核验,长上下文建模与压缩,未公开,"论文信息汇总.csv 序37：摘要、研究内容、创新点；内容仅据摘要/Introduction归纳。
仅取得可靠元数据或摘要；未取得可读全文。
https://arxiv.org/abs/2502.14317；访问2026-09-17；arXiv作者顺序和摘要。
CV：https://ikekonglp.github.io/lingpenk_cv.pdf；第6页；版本2026-01-27。
原文摘要依据：“Extrapolating ultra-long contexts (text length >128K) remains a major challenge for large language models (LLMs), as most training-free extrapolation methods are not only severely limited by memory bo”。
仅确认论文内原姓名署名；跨论文身份未确认。","身份待核验；按单篇保留，不跨论文合并同名者。达到重点候选筛选阈值；已查可定位来源，身份/历史履历仍未确认。
具体论文问题：P37-C;P37-D;P37-A;P37-R;P37-F
完整Scholar/DBLP论文列表及CCF/CORE目录未获取；当前公开材料可能漏项。",37
Hongxia Yang（论文 #56，身份待核验）,2024；论文#56；字节跳动,待核验,身份待核验,待核验,论文合作者（身份待核验）,待核验,待核验,待核验,工具智能体与任务评测,未公开,"论文信息汇总.csv 序56：摘要、研究内容、创新点；内容仅据摘要/Introduction归纳。
PDF：港大/Kong, Lingpeng/论文/2024_Empowering Large Language Model Agents through Action Learning.pdf；第1页标题、作者单位与摘要；Introduction在已保存前3页内。
https://arxiv.org/abs/2402.15809；访问2026-09-17；arXiv作者顺序和摘要。
CV：https://ikekonglp.github.io/lingpenk_cv.pdf；第7页；版本2026-01-27。
原文摘要依据：“Large Language Model (LLM) Agents have recently garnered increasing interest yet they are limited in their ability to learn from trial and error, a key element of intelligent behavior. In this work, w”。
仅确认论文内原姓名署名；跨论文身份未确认。","身份待核验；按单篇保留，不跨论文合并同名者。达到重点候选筛选阈值；已查可定位来源，身份/历史履历仍未确认。
具体论文问题：P56-C;P56-R;P56-F
完整Scholar/DBLP论文列表及CCF/CORE目录未获取；当前公开材料可能漏项。",56
Hongxia Yang（论文 #69，身份待核验）,2024；论文#69；字节跳动,待核验,身份待核验,待核验,论文合作者（身份待核验）,待核验,待核验,待核验,代码生成与纠错,未公开,"论文信息汇总.csv 序69：摘要、研究内容、创新点；内容仅据摘要/Introduction归纳。
PDF：港大/Kong, Lingpeng/论文/2024_Self-Infilling Code Generation.pdf；第1页标题、作者单位与摘要；Introduction在已保存前3页内。
https://arxiv.org/abs/2311.17972；访问2026-09-17；arXiv作者顺序和摘要。
CV：https://ikekonglp.github.io/lingpenk_cv.pdf；第8页；版本2026-01-27。
PDF发表标记：“Proceedings of the 41 st International Conference on Machine          terruption point to infill the bypassed context (Figure 1c).”。
原文摘要依据：“This work introduces self-infilling code generation, a general framework that incorporates infilling operations into auto-regressive decoding. Our approach capitalizes on the observation that recent i”。
仅确认论文内原姓名署名；跨论文身份未确认。","身份待核验；按单篇保留，不跨论文合并同名者。达到重点候选筛选阈值；已查可定位来源，身份/历史履历仍未确认。
具体论文问题：P69-C;P69-R
完整Scholar/DBLP论文列表及CCF/CORE目录未获取；当前公开材料可能漏项。",69
Mi Zhang（论文 #9，身份待核验）,2025；论文#9；待核验,待核验,身份待核验,待核验,论文合作者（身份待核验）,待核验,待核验,待核验,视觉自回归生成,未公开,"论文信息汇总.csv 序9：摘要、研究内容、创新点；内容仅据摘要/Introduction归纳。
PDF：港大/Kong, Lingpeng/论文/2025_Autoregressive Models in Vision_ A Survey.pdf；第1页标题、作者单位与摘要；Introduction在已保存前3页内。
https://arxiv.org/abs/2411.05902；访问2026-09-17；arXiv作者顺序和摘要。
CV：https://ikekonglp.github.io/lingpenk_cv.pdf；第4页；版本2026-01-27。
PDF发表标记：“Published in Transactions on Machine Learning Research (03/2025)”。
原文摘要依据：“Autoregressive modeling has been a huge success in the field of natural language processing (NLP). Recently, autoregressive models have emerged as a significant area of focus in computer vision, where”。
仅确认论文内原姓名署名；跨论文身份未确认。","身份待核验；按单篇保留，不跨论文合并同名者。待核验（未深查）；原姓名整体未达到重点阈值。
具体论文问题：P9-C;P9-A
完整Scholar/DBLP论文列表及CCF/CORE目录未获取；当前公开材料可能漏项。",9
Guillermo Sapiro（论文 #9，身份待核验）,2025；论文#9；待核验,待核验,身份待核验,待核验,论文合作者（身份待核验）,待核验,待核验,待核验,视觉自回归生成,未公开,"论文信息汇总.csv 序9：摘要、研究内容、创新点；内容仅据摘要/Introduction归纳。
PDF：港大/Kong, Lingpeng/论文/2025_Autoregressive Models in Vision_ A Survey.pdf；第1页标题、作者单位与摘要；Introduction在已保存前3页内。
https://arxiv.org/abs/2411.05902；访问2026-09-17；arXiv作者顺序和摘要。
CV：https://ikekonglp.github.io/lingpenk_cv.pdf；第4页；版本2026-01-27。
PDF发表标记：“Published in Transactions on Machine Learning Research (03/2025)”。
原文摘要依据：“Autoregressive modeling has been a huge success in the field of natural language processing (NLP). Recently, autoregressive models have emerged as a significant area of focus in computer vision, where”。
仅确认论文内原姓名署名；跨论文身份未确认。","身份待核验；按单篇保留，不跨论文合并同名者。待核验（未深查）；原姓名整体未达到重点阈值。
具体论文问题：P9-C;P9-A
完整Scholar/DBLP论文列表及CCF/CORE目录未获取；当前公开材料可能漏项。",9
Jiebo Luo（论文 #9，身份待核验）,2025；论文#9；待核验,待核验,身份待核验,待核验,论文合作者（身份待核验）,待核验,待核验,待核验,视觉自回归生成,未公开,"论文信息汇总.csv 序9：摘要、研究内容、创新点；内容仅据摘要/Introduction归纳。
PDF：港大/Kong, Lingpeng/论文/2025_Autoregressive Models in Vision_ A Survey.pdf；第1页标题、作者单位与摘要；Introduction在已保存前3页内。
https://arxiv.org/abs/2411.05902；访问2026-09-17；arXiv作者顺序和摘要。
CV：https://ikekonglp.github.io/lingpenk_cv.pdf；第4页；版本2026-01-27。
PDF发表标记：“Published in Transactions on Machine Learning Research (03/2025)”。
原文摘要依据：“Autoregressive modeling has been a huge success in the field of natural language processing (NLP). Recently, autoregressive models have emerged as a significant area of focus in computer vision, where”。
仅确认论文内原姓名署名；跨论文身份未确认。","身份待核验；按单篇保留，不跨论文合并同名者。待核验（未深查）；原姓名整体未达到重点阈值。
具体论文问题：P9-C;P9-A
完整Scholar/DBLP论文列表及CCF/CORE目录未获取；当前公开材料可能漏项。",9
Ping Luo（论文 #9，身份待核验）,2025；论文#9；待核验,待核验,身份待核验,待核验,论文合作者（身份待核验）,待核验,待核验,待核验,视觉自回归生成,未公开,"论文信息汇总.csv 序9：摘要、研究内容、创新点；内容仅据摘要/Introduction归纳。
PDF：港大/Kong, Lingpeng/论文/2025_Autoregressive Models in Vision_ A Survey.pdf；第1页标题、作者单位与摘要；Introduction在已保存前3页内。
https://arxiv.org/abs/2411.05902；访问2026-09-17；arXiv作者顺序和摘要。
CV：https://ikekonglp.github.io/lingpenk_cv.pdf；第4页；版本2026-01-27。
PDF发表标记：“Published in Transactions on Machine Learning Research (03/2025)”。
原文摘要依据：“Autoregressive modeling has been a huge success in the field of natural language processing (NLP). Recently, autoregressive models have emerged as a significant area of focus in computer vision, where”。
仅确认论文内原姓名署名；跨论文身份未确认。","身份待核验；按单篇保留，不跨论文合并同名者。待核验（未深查）；原姓名整体未达到重点阈值。
具体论文问题：P9-C;P9-A
完整Scholar/DBLP论文列表及CCF/CORE目录未获取；当前公开材料可能漏项。",9
Ngai Wong（论文 #9，身份待核验）,2025；论文#9；待核验,待核验,身份待核验,待核验,论文合作者（身份待核验）,待核验,待核验,待核验,视觉自回归生成,未公开,"论文信息汇总.csv 序9：摘要、研究内容、创新点；内容仅据摘要/Introduction归纳。
PDF：港大/Kong, Lingpeng/论文/2025_Autoregressive Models in Vision_ A Survey.pdf；第1页标题、作者单位与摘要；Introduction在已保存前3页内。
https://arxiv.org/abs/2411.05902；访问2026-09-17；arXiv作者顺序和摘要。
CV：https://ikekonglp.github.io/lingpenk_cv.pdf；第4页；版本2026-01-27。
PDF发表标记：“Published in Transactions on Machine Learning Research (03/2025)”。
原文摘要依据：“Autoregressive modeling has been a huge success in the field of natural language processing (NLP). Recently, autoregressive models have emerged as a significant area of focus in computer vision, where”。
仅确认论文内原姓名署名；跨论文身份未确认。https://aclanthology.org/people/ngai-wong/","身份待核验；按单篇保留，不跨论文合并同名者。达到重点候选筛选阈值；已查可定位来源，身份/历史履历仍未确认。
具体论文问题：P9-C;P9-A
完整Scholar/DBLP论文列表及CCF/CORE目录未获取；当前公开材料可能漏项。",9
Ngai Wong（论文 #17，身份待核验）,2026；论文#17；香港大学,待核验,身份待核验,待核验,论文合作者（身份待核验）,待核验,待核验,待核验,工具智能体与任务评测,未公开,"论文信息汇总.csv 序17：摘要、研究内容、创新点；内容仅据摘要/Introduction归纳。
PDF：港大/Kong, Lingpeng/论文/2026_SwingArena_ Adversarial Programming Arena for Long-Context GitHub Issue Solving.pdf；第1页标题、作者单位与摘要；Introduction在已保存前3页内。
https://arxiv.org/abs/2505.23932；访问2026-09-17；arXiv作者顺序和摘要。
CV：https://ikekonglp.github.io/lingpenk_cv.pdf；第4页；版本2026-01-27。
PDF发表标记：“Published as a conference paper at ICLR 2026”。
原文摘要依据：“We present SwingArena, a competitive evaluation framework for Large Language Models (LLMs) that closely mirrors real-world software development workflows. Unlike traditional static benchmarks, SwingAr”。
仅确认论文内原姓名署名；跨论文身份未确认。https://aclanthology.org/people/ngai-wong/","身份待核验；按单篇保留，不跨论文合并同名者。达到重点候选筛选阈值；已查可定位来源，身份/历史履历仍未确认。
具体论文问题：P17-C;P17-R;P17-V
完整Scholar/DBLP论文列表及CCF/CORE目录未获取；当前公开材料可能漏项。",17
Ngai Wong（论文 #19，身份待核验）,2026；论文#19；待核验,待核验,身份待核验,待核验,论文合作者（身份待核验）,待核验,待核验,待核验,推理部署与参数效率,未公开,"论文信息汇总.csv 序19：摘要、研究内容、创新点；内容仅据摘要/Introduction归纳。
PDF：港大/Kong, Lingpeng/论文/2026_ATTS_ Asynchronous Test-Time Scaling via Conformal Prediction.pdf；第1页标题、作者单位与摘要；Introduction在已保存前3页内。
https://arxiv.org/abs/2509.15148；访问2026-09-17；arXiv作者顺序和摘要。
CV：https://ikekonglp.github.io/lingpenk_cv.pdf；第4页；版本2026-01-27。
PDF发表标记：“Published as a conference paper at ICLR 2026”。
原文摘要依据：“Large language models (LLMs) benefit from test-time scaling but are often hampered by high inference latency. Speculative decoding is a natural way to accelerate the scaling process; however, scaling ”。
仅确认论文内原姓名署名；跨论文身份未确认。https://aclanthology.org/people/ngai-wong/","身份待核验；按单篇保留，不跨论文合并同名者。达到重点候选筛选阈值；已查可定位来源，身份/历史履历仍未确认。
具体论文问题：P19-C;P19-A;P19-R
完整Scholar/DBLP论文列表及CCF/CORE目录未获取；当前公开材料可能漏项。",19
Ngai Wong（论文 #29，身份待核验）,2025；论文#29；香港大学,待核验,身份待核验,待核验,论文合作者（身份待核验）,待核验,待核验,待核验,长上下文建模与压缩,未公开,"论文信息汇总.csv 序29：摘要、研究内容、创新点；内容仅据摘要/Introduction归纳。
PDF：港大/Kong, Lingpeng/论文/2025_UNComp_ Can Matrix Entropy Uncover Sparsity_ — A Compressor Design from an Uncertainty-Aware Perspective.pdf；第1页标题、作者单位与摘要；Introduction在已保存前3页内。
https://aclanthology.org/2025.emnlp-main.209/；访问2026-09-17；ACL作者顺序、发表信息与摘要。
CV：https://ikekonglp.github.io/lingpenk_cv.pdf；第5页；版本2026-01-27。
PDF发表标记：“Proceedings of the 2025 Conference on Empirical Methods in Natural Language Processing, pages 4179–4199”。
原文摘要依据：“Deploying large language models (LLMs) for long-context inference remains challenging due to their substantial memory and computational demands. While techniques such as Key-Value (KV) cache compressi”。
仅确认论文内原姓名署名；跨论文身份未确认。https://aclanthology.org/people/ngai-wong/","身份待核验；按单篇保留，不跨论文合并同名者。达到重点候选筛选阈值；已查可定位来源，身份/历史履历仍未确认。
具体论文问题：P29-C
完整Scholar/DBLP论文列表及CCF/CORE目录未获取；当前公开材料可能漏项。",29
Ngai Wong（论文 #37，身份待核验）,2025；论文#37；待核验,待核验,身份待核验,待核验,论文合作者（身份待核验）,待核验,待核验,待核验,长上下文建模与压缩,未公开,"论文信息汇总.csv 序37：摘要、研究内容、创新点；内容仅据摘要/Introduction归纳。
仅取得可靠元数据或摘要；未取得可读全文。
https://arxiv.org/abs/2502.14317；访问2026-09-17；arXiv作者顺序和摘要。
CV：https://ikekonglp.github.io/lingpenk_cv.pdf；第6页；版本2026-01-27。
原文摘要依据：“Extrapolating ultra-long contexts (text length >128K) remains a major challenge for large language models (LLMs), as most training-free extrapolation methods are not only severely limited by memory bo”。
仅确认论文内原姓名署名；跨论文身份未确认。https://aclanthology.org/people/ngai-wong/","身份待核验；按单篇保留，不跨论文合并同名者。达到重点候选筛选阈值；已查可定位来源，身份/历史履历仍未确认。
具体论文问题：P37-C;P37-D;P37-A;P37-R;P37-F
完整Scholar/DBLP论文列表及CCF/CORE目录未获取；当前公开材料可能漏项。",37
Ngai Wong（论文 #147，身份待核验）,2024；论文#147；待核验,待核验,身份待核验,待核验,论文合作者（身份待核验）,待核验,待核验,待核验,检索增强生成,未公开,"论文信息汇总.csv 序147：摘要、研究内容、创新点；内容仅据摘要/Introduction归纳。
PDF：港大/Kong, Lingpeng/论文/2024_UncertaintyRAG_ Span-Level Uncertainty Enhanced Long-Context Modeling for Retrieval-Augmented Generation.pdf；第1页标题、作者单位与摘要；Introduction在已保存前3页内。
https://arxiv.org/abs/2410.02719；访问2026-09-17；arXiv作者顺序和摘要。
原文摘要依据：“We present UncertaintyRAG, a novel approach for long-context Retrieval-Augmented Generation (RAG) that utilizes Signal-to-Noise Ratio (SNR)-based span uncertainty to estimate similarity between text c”。
仅确认论文内原姓名署名；跨论文身份未确认。https://aclanthology.org/people/ngai-wong/","身份待核验；按单篇保留，不跨论文合并同名者。达到重点候选筛选阈值；已查可定位来源，身份/历史履历仍未确认。
具体论文问题：P147-C;P147-A
完整Scholar/DBLP论文列表及CCF/CORE目录未获取；当前公开材料可能漏项。",147
Ngai Wong（论文 #156，身份待核验）,2025；论文#156；待核验,待核验,身份待核验,待核验,论文合作者（身份待核验）,待核验,待核验,待核验,社会智能与角色控制,未公开,"论文信息汇总.csv 序156：摘要、研究内容、创新点；内容仅据摘要/Introduction归纳。
仅取得可靠元数据或摘要；未取得可读全文。
https://arxiv.org/abs/2509.07403；访问2026-09-17；arXiv作者顺序和摘要。
原文摘要依据：“Large language models (LLMs) have made significant progress in Emotional Intelligence (EI) and long-context modeling. However, existing benchmarks often overlook the fact that emotional information pr”。
仅确认论文内原姓名署名；跨论文身份未确认。https://aclanthology.org/people/ngai-wong/","身份待核验；按单篇保留，不跨论文合并同名者。达到重点候选筛选阈值；已查可定位来源，身份/历史履历仍未确认。
具体论文问题：P156-C;P156-D;P156-A;P156-R
完整Scholar/DBLP论文列表及CCF/CORE目录未获取；当前公开材料可能漏项。",156
Ngai Wong（论文 #160，身份待核验）,2025；论文#160；香港大学,待核验,身份待核验,待核验,论文合作者（身份待核验）,待核验,待核验,待核验,长上下文建模与压缩,未公开,"论文信息汇总.csv 序160：摘要、研究内容、创新点；内容仅据摘要/Introduction归纳。
PDF：港大/Kong, Lingpeng/论文/2025_DoPE_ Denoising Rotary Position Embedding.pdf；第1页标题、作者单位与摘要；Introduction在已保存前3页内。
https://arxiv.org/abs/2511.09146；访问2026-09-17；arXiv作者顺序和摘要。
原文摘要依据：“Positional encoding is essential for large language models (LLMs) to represent sequence order, yet recent studies show that Rotary Position Embedding (RoPE) can induce massive activation. We investiga”。
仅确认论文内原姓名署名；跨论文身份未确认。https://aclanthology.org/people/ngai-wong/","身份待核验；按单篇保留，不跨论文合并同名者。达到重点候选筛选阈值；已查可定位来源，身份/历史履历仍未确认。
具体论文问题：P160-C
完整Scholar/DBLP论文列表及CCF/CORE目录未获取；当前公开材料可能漏项。",160
Ngai Wong（论文 #163，身份待核验）,2026；论文#163；待核验,待核验,身份待核验,待核验,论文合作者（身份待核验）,待核验,待核验,待核验,形式化定理证明,未公开,"论文信息汇总.csv 序163：摘要、研究内容、创新点；内容仅据摘要/Introduction归纳。
仅取得可靠元数据或摘要；未取得可读全文。
https://arxiv.org/abs/2601.03017；访问2026-09-17；arXiv作者顺序和摘要。
原文摘要依据：“Autoformalization, which translates natural language mathematics into formal statements to enable machine reasoning, faces fundamental challenges in the wild due to the multimodal nature of the physic”。
仅确认论文内原姓名署名；跨论文身份未确认。https://aclanthology.org/people/ngai-wong/","身份待核验；按单篇保留，不跨论文合并同名者。达到重点候选筛选阈值；已查可定位来源，身份/历史履历仍未确认。
具体论文问题：P163-C;P163-D;P163-A;P163-R
完整Scholar/DBLP论文列表及CCF/CORE目录未获取；当前公开材料可能漏项。",163
Zhen Qin（论文 #10，身份待核验）,2023；论文#10；待核验,待核验,身份待核验,待核验,论文合作者（身份待核验）,待核验,待核验,待核验,高效注意力与序列架构,未公开,"论文信息汇总.csv 序10：摘要、研究内容、创新点；内容仅据摘要/Introduction归纳。
PDF：港大/Kong, Lingpeng/论文/2023_Linearized Relative Positional Encoding.pdf；第1页标题、作者单位与摘要；Introduction在已保存前3页内。
https://arxiv.org/abs/2307.09270；访问2026-09-17；arXiv作者顺序和摘要。
CV：https://ikekonglp.github.io/lingpenk_cv.pdf；第4页；版本2026-01-27。
原文摘要依据：“Relative positional encoding is widely used in vanilla and linear transformers to represent positional information. However, existing encoding methods of a vanilla transformer are not always directly ”。
仅确认论文内原姓名署名；跨论文身份未确认。https://aclanthology.org/people/zhen-qin/unverified/","身份待核验；按单篇保留，不跨论文合并同名者。达到重点候选筛选阈值；已查可定位来源，身份/历史履历仍未确认。
具体论文问题：P10-C;P10-A;P10-F
完整Scholar/DBLP论文列表及CCF/CORE目录未获取；当前公开材料可能漏项。",10
Zhen Qin（论文 #11，身份待核验）,2023；论文#11；待核验,待核验,身份待核验,待核验,论文合作者（身份待核验）,待核验,待核验,待核验,高效注意力与序列架构,未公开,"论文信息汇总.csv 序11：摘要、研究内容、创新点；内容仅据摘要/Introduction归纳。
仅取得可靠元数据或摘要；未取得可读全文。
https://arxiv.org/abs/2206.10552；访问2026-09-17；arXiv作者顺序和摘要。
CV：https://ikekonglp.github.io/lingpenk_cv.pdf；第4页；版本2026-01-27。
原文摘要依据：“Vision transformers have shown great success on numerous computer vision tasks. However, its central component, softmax attention, prohibits vision transformers from scaling up to high-resolution imag”。
仅确认论文内原姓名署名；跨论文身份未确认。https://aclanthology.org/people/zhen-qin/unverified/","身份待核验；按单篇保留，不跨论文合并同名者。达到重点候选筛选阈值；已查可定位来源，身份/历史履历仍未确认。
具体论文问题：P11-C;P11-D;P11-A;P11-R;P11-F
完整Scholar/DBLP论文列表及CCF/CORE目录未获取；当前公开材料可能漏项。",11
Zhen Qin（论文 #89，身份待核验）,2023；论文#89；待核验,待核验,身份待核验,待核验,论文合作者（身份待核验）,待核验,待核验,待核验,音视频分割与描述,未公开,"论文信息汇总.csv 序89：摘要、研究内容、创新点；内容仅据摘要/Introduction归纳。
仅取得可靠元数据或摘要；未取得可读全文。
https://arxiv.org/abs/2303.15616；访问2026-09-17；arXiv作者顺序和摘要。
CV：https://ikekonglp.github.io/lingpenk_cv.pdf；第10页；版本2026-01-27。
原文摘要依据：“We explore a new task for audio-visual-language modeling called fine-grained audible video description (FAVD). It aims to provide detailed textual descriptions for the given audible videos, including ”。
仅确认论文内原姓名署名；跨论文身份未确认。https://aclanthology.org/people/zhen-qin/unverified/","身份待核验；按单篇保留，不跨论文合并同名者。达到重点候选筛选阈值；已查可定位来源，身份/历史履历仍未确认。
具体论文问题：P89-C;P89-D;P89-A;P89-R;P89-F
完整Scholar/DBLP论文列表及CCF/CORE目录未获取；当前公开材料可能漏项。",89
Zhen Qin（论文 #92，身份待核验）,2023；论文#92；待核验,待核验,身份待核验,待核验,论文合作者（身份待核验）,待核验,待核验,待核验,高效注意力与序列架构,未公开,"论文信息汇总.csv 序92：摘要、研究内容、创新点；内容仅据摘要/Introduction归纳。
PDF：港大/Kong, Lingpeng/论文/2023_Toeplitz Neural Network for Sequence Modeling.pdf；第1页标题、作者单位与摘要；Introduction在已保存前3页内。
https://arxiv.org/abs/2305.04749；访问2026-09-17；arXiv作者顺序和摘要。
CV：https://ikekonglp.github.io/lingpenk_cv.pdf；第10页；版本2026-01-27。
PDF发表标记：“Published as a conference paper at ICLR 2023”。
原文摘要依据：“Sequence modeling has important applications in natural language processing and computer vision. Recently, the transformer-based models have shown strong performance on various sequence modeling tasks”。
仅确认论文内原姓名署名；跨论文身份未确认。https://aclanthology.org/people/zhen-qin/unverified/","身份待核验；按单篇保留，不跨论文合并同名者。达到重点候选筛选阈值；已查可定位来源，身份/历史履历仍未确认。
具体论文问题：P92-C;P92-A
完整Scholar/DBLP论文列表及CCF/CORE目录未获取；当前公开材料可能漏项。",92
Zhen Qin（论文 #98，身份待核验）,2022；论文#98；待核验,待核验,身份待核验,待核验,论文合作者（身份待核验）,待核验,待核验,待核验,高效注意力与序列架构,未公开,"论文信息汇总.csv 序98：摘要、研究内容、创新点；内容仅据摘要/Introduction归纳。
PDF：港大/Kong, Lingpeng/论文/2022_The Devil in Linear Transformer.pdf；第1页标题、作者单位与摘要；Introduction在已保存前3页内。
https://aclanthology.org/2022.emnlp-main.473/；访问2026-09-17；ACL作者顺序、发表信息与摘要。
CV：https://ikekonglp.github.io/lingpenk_cv.pdf；第10页；版本2026-01-27。
原文摘要依据：“Linear transformers aim to reduce the quadratic space-time complexity of vanilla transformers. However, they usually suffer from degraded performances on various tasks and corpus. In this paper, we ex”。
仅确认论文内原姓名署名；跨论文身份未确认。https://aclanthology.org/people/zhen-qin/unverified/","身份待核验；按单篇保留，不跨论文合并同名者。达到重点候选筛选阈值；已查可定位来源，身份/历史履历仍未确认。
具体论文问题：P98-C;P98-A
完整Scholar/DBLP论文列表及CCF/CORE目录未获取；当前公开材料可能漏项。",98
Zhen Qin（论文 #109，身份待核验）,2022；论文#109；待核验,待核验,身份待核验,待核验,论文合作者（身份待核验）,待核验,待核验,待核验,高效注意力与序列架构,未公开,"论文信息汇总.csv 序109：摘要、研究内容、创新点；内容仅据摘要/Introduction归纳。
PDF：港大/Kong, Lingpeng/论文/2022_cosFormer_ Rethinking Softmax In Attention.pdf；第1页标题、作者单位与摘要；Introduction在已保存前3页内。
https://arxiv.org/abs/2202.08791；访问2026-09-17；arXiv作者顺序和摘要。
CV：https://ikekonglp.github.io/lingpenk_cv.pdf；第11页；版本2026-01-27。
PDF发表标记：“Published as a conference paper at ICLR 2022”。
原文摘要依据：“Transformer has shown great successes in natural language processing, computer vision, and audio processing. As one of its core components, the softmax attention helps to capture long-range dependenci”。
仅确认论文内原姓名署名；跨论文身份未确认。https://aclanthology.org/people/zhen-qin/unverified/","身份待核验；按单篇保留，不跨论文合并同名者。达到重点候选筛选阈值；已查可定位来源，身份/历史履历仍未确认。
具体论文问题：P109-C;P109-A
完整Scholar/DBLP论文列表及CCF/CORE目录未获取；当前公开材料可能漏项。",109
Weixuan Sun（论文 #10，身份待核验）,2023；论文#10；待核验,待核验,身份待核验,待核验,论文合作者（身份待核验）,待核验,待核验,待核验,高效注意力与序列架构,未公开,"论文信息汇总.csv 序10：摘要、研究内容、创新点；内容仅据摘要/Introduction归纳。
PDF：港大/Kong, Lingpeng/论文/2023_Linearized Relative Positional Encoding.pdf；第1页标题、作者单位与摘要；Introduction在已保存前3页内。
https://arxiv.org/abs/2307.09270；访问2026-09-17；arXiv作者顺序和摘要。
CV：https://ikekonglp.github.io/lingpenk_cv.pdf；第4页；版本2026-01-27。
原文摘要依据：“Relative positional encoding is widely used in vanilla and linear transformers to represent positional information. However, existing encoding methods of a vanilla transformer are not always directly ”。
仅确认论文内原姓名署名；跨论文身份未确认。https://aclanthology.org/people/weixuan-sun/unverified/","身份待核验；按单篇保留，不跨论文合并同名者。达到重点候选筛选阈值；已查可定位来源，身份/历史履历仍未确认。
具体论文问题：P10-C;P10-A;P10-F
完整Scholar/DBLP论文列表及CCF/CORE目录未获取；当前公开材料可能漏项。",10
Weixuan Sun（论文 #11，身份待核验）,2023；论文#11；待核验,待核验,身份待核验,待核验,论文合作者（身份待核验）,待核验,待核验,待核验,高效注意力与序列架构,未公开,"论文信息汇总.csv 序11：摘要、研究内容、创新点；内容仅据摘要/Introduction归纳。
仅取得可靠元数据或摘要；未取得可读全文。
https://arxiv.org/abs/2206.10552；访问2026-09-17；arXiv作者顺序和摘要。
CV：https://ikekonglp.github.io/lingpenk_cv.pdf；第4页；版本2026-01-27。
原文摘要依据：“Vision transformers have shown great success on numerous computer vision tasks. However, its central component, softmax attention, prohibits vision transformers from scaling up to high-resolution imag”。
仅确认论文内原姓名署名；跨论文身份未确认。https://aclanthology.org/people/weixuan-sun/unverified/","身份待核验；按单篇保留，不跨论文合并同名者。达到重点候选筛选阈值；已查可定位来源，身份/历史履历仍未确认。
具体论文问题：P11-C;P11-D;P11-A;P11-R;P11-F
完整Scholar/DBLP论文列表及CCF/CORE目录未获取；当前公开材料可能漏项。",11
Weixuan Sun（论文 #92，身份待核验）,2023；论文#92；待核验,待核验,身份待核验,待核验,论文合作者（身份待核验）,待核验,待核验,待核验,高效注意力与序列架构,未公开,"论文信息汇总.csv 序92：摘要、研究内容、创新点；内容仅据摘要/Introduction归纳。
PDF：港大/Kong, Lingpeng/论文/2023_Toeplitz Neural Network for Sequence Modeling.pdf；第1页标题、作者单位与摘要；Introduction在已保存前3页内。
https://arxiv.org/abs/2305.04749；访问2026-09-17；arXiv作者顺序和摘要。
CV：https://ikekonglp.github.io/lingpenk_cv.pdf；第10页；版本2026-01-27。
PDF发表标记：“Published as a conference paper at ICLR 2023”。
原文摘要依据：“Sequence modeling has important applications in natural language processing and computer vision. Recently, the transformer-based models have shown strong performance on various sequence modeling tasks”。
仅确认论文内原姓名署名；跨论文身份未确认。https://aclanthology.org/people/weixuan-sun/unverified/","身份待核验；按单篇保留，不跨论文合并同名者。达到重点候选筛选阈值；已查可定位来源，身份/历史履历仍未确认。
具体论文问题：P92-C;P92-A
完整Scholar/DBLP论文列表及CCF/CORE目录未获取；当前公开材料可能漏项。",92
Weixuan Sun（论文 #98，身份待核验）,2022；论文#98；待核验,待核验,身份待核验,待核验,论文合作者（身份待核验）,待核验,待核验,待核验,高效注意力与序列架构,未公开,"论文信息汇总.csv 序98：摘要、研究内容、创新点；内容仅据摘要/Introduction归纳。
PDF：港大/Kong, Lingpeng/论文/2022_The Devil in Linear Transformer.pdf；第1页标题、作者单位与摘要；Introduction在已保存前3页内。
https://aclanthology.org/2022.emnlp-main.473/；访问2026-09-17；ACL作者顺序、发表信息与摘要。
CV：https://ikekonglp.github.io/lingpenk_cv.pdf；第10页；版本2026-01-27。
原文摘要依据：“Linear transformers aim to reduce the quadratic space-time complexity of vanilla transformers. However, they usually suffer from degraded performances on various tasks and corpus. In this paper, we ex”。
仅确认论文内原姓名署名；跨论文身份未确认。https://aclanthology.org/people/weixuan-sun/unverified/","身份待核验；按单篇保留，不跨论文合并同名者。达到重点候选筛选阈值；已查可定位来源，身份/历史履历仍未确认。
具体论文问题：P98-C;P98-A
完整Scholar/DBLP论文列表及CCF/CORE目录未获取；当前公开材料可能漏项。",98
Weixuan Sun（论文 #102，身份待核验）,2022；论文#102；待核验,待核验,身份待核验,待核验,论文合作者（身份待核验）,待核验,待核验,待核验,音视频分割与描述,未公开,"论文信息汇总.csv 序102：摘要、研究内容、创新点；内容仅据摘要/Introduction归纳。
仅取得可靠元数据或摘要；未取得可读全文。
https://arxiv.org/abs/2207.05042；访问2026-09-17；arXiv作者顺序和摘要。
CV：https://ikekonglp.github.io/lingpenk_cv.pdf；第11页；版本2026-01-27。
原文摘要依据：“We propose to explore a new problem called audio-visual segmentation (AVS), in which the goal is to output a pixel-level map of the object(s) that produce sound at the time of the image frame. To faci”。
仅确认论文内原姓名署名；跨论文身份未确认。https://aclanthology.org/people/weixuan-sun/unverified/","身份待核验；按单篇保留，不跨论文合并同名者。达到重点候选筛选阈值；已查可定位来源，身份/历史履历仍未确认。
具体论文问题：P102-C;P102-D;P102-A;P102-R;P102-F
完整Scholar/DBLP论文列表及CCF/CORE目录未获取；当前公开材料可能漏项。",102
Weixuan Sun（论文 #109，身份待核验）,2022；论文#109；待核验,待核验,身份待核验,待核验,论文合作者（身份待核验）,待核验,待核验,待核验,高效注意力与序列架构,未公开,"论文信息汇总.csv 序109：摘要、研究内容、创新点；内容仅据摘要/Introduction归纳。
PDF：港大/Kong, Lingpeng/论文/2022_cosFormer_ Rethinking Softmax In Attention.pdf；第1页标题、作者单位与摘要；Introduction在已保存前3页内。
https://arxiv.org/abs/2202.08791；访问2026-09-17；arXiv作者顺序和摘要。
CV：https://ikekonglp.github.io/lingpenk_cv.pdf；第11页；版本2026-01-27。
PDF发表标记：“Published as a conference paper at ICLR 2022”。
原文摘要依据：“Transformer has shown great successes in natural language processing, computer vision, and audio processing. As one of its core components, the softmax attention helps to capture long-range dependenci”。
仅确认论文内原姓名署名；跨论文身份未确认。https://aclanthology.org/people/weixuan-sun/unverified/","身份待核验；按单篇保留，不跨论文合并同名者。达到重点候选筛选阈值；已查可定位来源，身份/历史履历仍未确认。
具体论文问题：P109-C;P109-A
完整Scholar/DBLP论文列表及CCF/CORE目录未获取；当前公开材料可能漏项。",109
Weixuan Sun（论文 #133，身份待核验）,2023；论文#133；待核验,待核验,身份待核验,待核验,论文合作者（身份待核验）,待核验,待核验,待核验,音视频分割与描述,未公开,"论文信息汇总.csv 序133：摘要、研究内容、创新点；内容仅据摘要/Introduction归纳。
仅取得可靠元数据或摘要；未取得可读全文。
https://arxiv.org/abs/2301.13190；访问2026-09-17；arXiv作者顺序和摘要。
原文摘要依据：“We propose a new problem called audio-visual segmentation (AVS), in which the goal is to output a pixel-level map of the object(s) that produce sound at the time of the image frame. To facilitate this”。
仅确认论文内原姓名署名；跨论文身份未确认。https://aclanthology.org/people/weixuan-sun/unverified/","身份待核验；按单篇保留，不跨论文合并同名者。达到重点候选筛选阈值；已查可定位来源，身份/历史履历仍未确认。
具体论文问题：P133-C;P133-D;P133-A;P133-R
完整Scholar/DBLP论文列表及CCF/CORE目录未获取；当前公开材料可能漏项。",133
Kaiyue Lu（论文 #10，身份待核验）,2023；论文#10；待核验,待核验,身份待核验,待核验,论文合作者（身份待核验）,待核验,待核验,待核验,高效注意力与序列架构,未公开,"论文信息汇总.csv 序10：摘要、研究内容、创新点；内容仅据摘要/Introduction归纳。
PDF：港大/Kong, Lingpeng/论文/2023_Linearized Relative Positional Encoding.pdf；第1页标题、作者单位与摘要；Introduction在已保存前3页内。
https://arxiv.org/abs/2307.09270；访问2026-09-17；arXiv作者顺序和摘要。
CV：https://ikekonglp.github.io/lingpenk_cv.pdf；第4页；版本2026-01-27。
原文摘要依据：“Relative positional encoding is widely used in vanilla and linear transformers to represent positional information. However, existing encoding methods of a vanilla transformer are not always directly ”。
仅确认论文内原姓名署名；跨论文身份未确认。","身份待核验；按单篇保留，不跨论文合并同名者。待核验（未深查）；原姓名整体未达到重点阈值。
具体论文问题：P10-C;P10-A;P10-F
完整Scholar/DBLP论文列表及CCF/CORE目录未获取；当前公开材料可能漏项。",10
Dongxu Li（论文 #10，身份待核验）,2023；论文#10；待核验,待核验,身份待核验,待核验,论文合作者（身份待核验）,待核验,待核验,待核验,高效注意力与序列架构,未公开,"论文信息汇总.csv 序10：摘要、研究内容、创新点；内容仅据摘要/Introduction归纳。
PDF：港大/Kong, Lingpeng/论文/2023_Linearized Relative Positional Encoding.pdf；第1页标题、作者单位与摘要；Introduction在已保存前3页内。
https://arxiv.org/abs/2307.09270；访问2026-09-17；arXiv作者顺序和摘要。
CV：https://ikekonglp.github.io/lingpenk_cv.pdf；第4页；版本2026-01-27。
原文摘要依据：“Relative positional encoding is widely used in vanilla and linear transformers to represent positional information. However, existing encoding methods of a vanilla transformer are not always directly ”。
仅确认论文内原姓名署名；跨论文身份未确认。https://aclanthology.org/people/dongxu-li/unverified/","身份待核验；按单篇保留，不跨论文合并同名者。达到重点候选筛选阈值；已查可定位来源，身份/历史履历仍未确认。
具体论文问题：P10-C;P10-A;P10-F
完整Scholar/DBLP论文列表及CCF/CORE目录未获取；当前公开材料可能漏项。",10
Dongxu Li（论文 #92，身份待核验）,2023；论文#92；待核验,待核验,身份待核验,待核验,论文合作者（身份待核验）,待核验,待核验,待核验,高效注意力与序列架构,未公开,"论文信息汇总.csv 序92：摘要、研究内容、创新点；内容仅据摘要/Introduction归纳。
PDF：港大/Kong, Lingpeng/论文/2023_Toeplitz Neural Network for Sequence Modeling.pdf；第1页标题、作者单位与摘要；Introduction在已保存前3页内。
https://arxiv.org/abs/2305.04749；访问2026-09-17；arXiv作者顺序和摘要。
CV：https://ikekonglp.github.io/lingpenk_cv.pdf；第10页；版本2026-01-27。
PDF发表标记：“Published as a conference paper at ICLR 2023”。
原文摘要依据：“Sequence modeling has important applications in natural language processing and computer vision. Recently, the transformer-based models have shown strong performance on various sequence modeling tasks”。
仅确认论文内原姓名署名；跨论文身份未确认。https://aclanthology.org/people/dongxu-li/unverified/","身份待核验；按单篇保留，不跨论文合并同名者。达到重点候选筛选阈值；已查可定位来源，身份/历史履历仍未确认。
具体论文问题：P92-C;P92-A
完整Scholar/DBLP论文列表及CCF/CORE目录未获取；当前公开材料可能漏项。",92
Dongxu Li（论文 #98，身份待核验）,2022；论文#98；待核验,待核验,身份待核验,待核验,论文合作者（身份待核验）,待核验,待核验,待核验,高效注意力与序列架构,未公开,"论文信息汇总.csv 序98：摘要、研究内容、创新点；内容仅据摘要/Introduction归纳。
PDF：港大/Kong, Lingpeng/论文/2022_The Devil in Linear Transformer.pdf；第1页标题、作者单位与摘要；Introduction在已保存前3页内。
https://aclanthology.org/2022.emnlp-main.473/；访问2026-09-17；ACL作者顺序、发表信息与摘要。
CV：https://ikekonglp.github.io/lingpenk_cv.pdf；第10页；版本2026-01-27。
原文摘要依据：“Linear transformers aim to reduce the quadratic space-time complexity of vanilla transformers. However, they usually suffer from degraded performances on various tasks and corpus. In this paper, we ex”。
仅确认论文内原姓名署名；跨论文身份未确认。https://aclanthology.org/people/dongxu-li/unverified/","身份待核验；按单篇保留，不跨论文合并同名者。达到重点候选筛选阈值；已查可定位来源，身份/历史履历仍未确认。
具体论文问题：P98-C;P98-A
完整Scholar/DBLP论文列表及CCF/CORE目录未获取；当前公开材料可能漏项。",98
Dongxu Li（论文 #109，身份待核验）,2022；论文#109；待核验,待核验,身份待核验,待核验,论文合作者（身份待核验）,待核验,待核验,待核验,高效注意力与序列架构,未公开,"论文信息汇总.csv 序109：摘要、研究内容、创新点；内容仅据摘要/Introduction归纳。
PDF：港大/Kong, Lingpeng/论文/2022_cosFormer_ Rethinking Softmax In Attention.pdf；第1页标题、作者单位与摘要；Introduction在已保存前3页内。
https://arxiv.org/abs/2202.08791；访问2026-09-17；arXiv作者顺序和摘要。
CV：https://ikekonglp.github.io/lingpenk_cv.pdf；第11页；版本2026-01-27。
PDF发表标记：“Published as a conference paper at ICLR 2022”。
原文摘要依据：“Transformer has shown great successes in natural language processing, computer vision, and audio processing. As one of its core components, the softmax attention helps to capture long-range dependenci”。
仅确认论文内原姓名署名；跨论文身份未确认。https://aclanthology.org/people/dongxu-li/unverified/","身份待核验；按单篇保留，不跨论文合并同名者。达到重点候选筛选阈值；已查可定位来源，身份/历史履历仍未确认。
具体论文问题：P109-C;P109-A
完整Scholar/DBLP论文列表及CCF/CORE目录未获取；当前公开材料可能漏项。",109
Xiaodong Han（论文 #10，身份待核验）,2023；论文#10；待核验,待核验,身份待核验,待核验,论文合作者（身份待核验）,待核验,待核验,待核验,高效注意力与序列架构,未公开,"论文信息汇总.csv 序10：摘要、研究内容、创新点；内容仅据摘要/Introduction归纳。
PDF：港大/Kong, Lingpeng/论文/2023_Linearized Relative Positional Encoding.pdf；第1页标题、作者单位与摘要；Introduction在已保存前3页内。
https://arxiv.org/abs/2307.09270；访问2026-09-17；arXiv作者顺序和摘要。
CV：https://ikekonglp.github.io/lingpenk_cv.pdf；第4页；版本2026-01-27。
原文摘要依据：“Relative positional encoding is widely used in vanilla and linear transformers to represent positional information. However, existing encoding methods of a vanilla transformer are not always directly ”。
仅确认论文内原姓名署名；跨论文身份未确认。https://aclanthology.org/people/xiaodong-han/unverified/","身份待核验；按单篇保留，不跨论文合并同名者。达到重点候选筛选阈值；已查可定位来源，身份/历史履历仍未确认。
具体论文问题：P10-C;P10-A;P10-F
完整Scholar/DBLP论文列表及CCF/CORE目录未获取；当前公开材料可能漏项。",10
Xiaodong Han（论文 #89，身份待核验）,2023；论文#89；待核验,待核验,身份待核验,待核验,论文合作者（身份待核验）,待核验,待核验,待核验,音视频分割与描述,未公开,"论文信息汇总.csv 序89：摘要、研究内容、创新点；内容仅据摘要/Introduction归纳。
仅取得可靠元数据或摘要；未取得可读全文。
https://arxiv.org/abs/2303.15616；访问2026-09-17；arXiv作者顺序和摘要。
CV：https://ikekonglp.github.io/lingpenk_cv.pdf；第10页；版本2026-01-27。
原文摘要依据：“We explore a new task for audio-visual-language modeling called fine-grained audible video description (FAVD). It aims to provide detailed textual descriptions for the given audible videos, including ”。
仅确认论文内原姓名署名；跨论文身份未确认。https://aclanthology.org/people/xiaodong-han/unverified/","身份待核验；按单篇保留，不跨论文合并同名者。达到重点候选筛选阈值；已查可定位来源，身份/历史履历仍未确认。
具体论文问题：P89-C;P89-D;P89-A;P89-R;P89-F
完整Scholar/DBLP论文列表及CCF/CORE目录未获取；当前公开材料可能漏项。",89
Xiaodong Han（论文 #92，身份待核验）,2023；论文#92；待核验,待核验,身份待核验,待核验,论文合作者（身份待核验）,待核验,待核验,待核验,高效注意力与序列架构,未公开,"论文信息汇总.csv 序92：摘要、研究内容、创新点；内容仅据摘要/Introduction归纳。
PDF：港大/Kong, Lingpeng/论文/2023_Toeplitz Neural Network for Sequence Modeling.pdf；第1页标题、作者单位与摘要；Introduction在已保存前3页内。
https://arxiv.org/abs/2305.04749；访问2026-09-17；arXiv作者顺序和摘要。
CV：https://ikekonglp.github.io/lingpenk_cv.pdf；第10页；版本2026-01-27。
PDF发表标记：“Published as a conference paper at ICLR 2023”。
原文摘要依据：“Sequence modeling has important applications in natural language processing and computer vision. Recently, the transformer-based models have shown strong performance on various sequence modeling tasks”。
仅确认论文内原姓名署名；跨论文身份未确认。https://aclanthology.org/people/xiaodong-han/unverified/","身份待核验；按单篇保留，不跨论文合并同名者。达到重点候选筛选阈值；已查可定位来源，身份/历史履历仍未确认。
具体论文问题：P92-C;P92-A
完整Scholar/DBLP论文列表及CCF/CORE目录未获取；当前公开材料可能漏项。",92
Xiaodong Han（论文 #98，身份待核验）,2022；论文#98；待核验,待核验,身份待核验,待核验,论文合作者（身份待核验）,待核验,待核验,待核验,高效注意力与序列架构,未公开,"论文信息汇总.csv 序98：摘要、研究内容、创新点；内容仅据摘要/Introduction归纳。
PDF：港大/Kong, Lingpeng/论文/2022_The Devil in Linear Transformer.pdf；第1页标题、作者单位与摘要；Introduction在已保存前3页内。
https://aclanthology.org/2022.emnlp-main.473/；访问2026-09-17；ACL作者顺序、发表信息与摘要。
CV：https://ikekonglp.github.io/lingpenk_cv.pdf；第10页；版本2026-01-27。
原文摘要依据：“Linear transformers aim to reduce the quadratic space-time complexity of vanilla transformers. However, they usually suffer from degraded performances on various tasks and corpus. In this paper, we ex”。
仅确认论文内原姓名署名；跨论文身份未确认。https://aclanthology.org/people/xiaodong-han/unverified/","身份待核验；按单篇保留，不跨论文合并同名者。达到重点候选筛选阈值；已查可定位来源，身份/历史履历仍未确认。
具体论文问题：P98-C;P98-A
完整Scholar/DBLP论文列表及CCF/CORE目录未获取；当前公开材料可能漏项。",98
Yuchao Dai（论文 #10，身份待核验）,2023；论文#10；待核验,待核验,身份待核验,待核验,论文合作者（身份待核验）,待核验,待核验,待核验,高效注意力与序列架构,未公开,"论文信息汇总.csv 序10：摘要、研究内容、创新点；内容仅据摘要/Introduction归纳。
PDF：港大/Kong, Lingpeng/论文/2023_Linearized Relative Positional Encoding.pdf；第1页标题、作者单位与摘要；Introduction在已保存前3页内。
https://arxiv.org/abs/2307.09270；访问2026-09-17；arXiv作者顺序和摘要。
CV：https://ikekonglp.github.io/lingpenk_cv.pdf；第4页；版本2026-01-27。
原文摘要依据：“Relative positional encoding is widely used in vanilla and linear transformers to represent positional information. However, existing encoding methods of a vanilla transformer are not always directly ”。
仅确认论文内原姓名署名；跨论文身份未确认。","身份待核验；按单篇保留，不跨论文合并同名者。达到重点候选筛选阈值；已查可定位来源，身份/历史履历仍未确认。
具体论文问题：P10-C;P10-A;P10-F
完整Scholar/DBLP论文列表及CCF/CORE目录未获取；当前公开材料可能漏项。",10
Yuchao Dai（论文 #89，身份待核验）,2023；论文#89；待核验,待核验,身份待核验,待核验,论文合作者（身份待核验）,待核验,待核验,待核验,音视频分割与描述,未公开,"论文信息汇总.csv 序89：摘要、研究内容、创新点；内容仅据摘要/Introduction归纳。
仅取得可靠元数据或摘要；未取得可读全文。
https://arxiv.org/abs/2303.15616；访问2026-09-17；arXiv作者顺序和摘要。
CV：https://ikekonglp.github.io/lingpenk_cv.pdf；第10页；版本2026-01-27。
原文摘要依据：“We explore a new task for audio-visual-language modeling called fine-grained audible video description (FAVD). It aims to provide detailed textual descriptions for the given audible videos, including ”。
仅确认论文内原姓名署名；跨论文身份未确认。","身份待核验；按单篇保留，不跨论文合并同名者。达到重点候选筛选阈值；已查可定位来源，身份/历史履历仍未确认。
具体论文问题：P89-C;P89-D;P89-A;P89-R;P89-F
完整Scholar/DBLP论文列表及CCF/CORE目录未获取；当前公开材料可能漏项。",89
Yuchao Dai（论文 #92，身份待核验）,2023；论文#92；待核验,待核验,身份待核验,待核验,论文合作者（身份待核验）,待核验,待核验,待核验,高效注意力与序列架构,未公开,"论文信息汇总.csv 序92：摘要、研究内容、创新点；内容仅据摘要/Introduction归纳。
PDF：港大/Kong, Lingpeng/论文/2023_Toeplitz Neural Network for Sequence Modeling.pdf；第1页标题、作者单位与摘要；Introduction在已保存前3页内。
https://arxiv.org/abs/2305.04749；访问2026-09-17；arXiv作者顺序和摘要。
CV：https://ikekonglp.github.io/lingpenk_cv.pdf；第10页；版本2026-01-27。
PDF发表标记：“Published as a conference paper at ICLR 2023”。
原文摘要依据：“Sequence modeling has important applications in natural language processing and computer vision. Recently, the transformer-based models have shown strong performance on various sequence modeling tasks”。
仅确认论文内原姓名署名；跨论文身份未确认。","身份待核验；按单篇保留，不跨论文合并同名者。达到重点候选筛选阈值；已查可定位来源，身份/历史履历仍未确认。
具体论文问题：P92-C;P92-A
完整Scholar/DBLP论文列表及CCF/CORE目录未获取；当前公开材料可能漏项。",92
Yiran Zhong（论文 #10，身份待核验）,2023；论文#10；待核验,待核验,身份待核验,待核验,论文合作者（身份待核验）,待核验,待核验,待核验,高效注意力与序列架构,未公开,"论文信息汇总.csv 序10：摘要、研究内容、创新点；内容仅据摘要/Introduction归纳。
PDF：港大/Kong, Lingpeng/论文/2023_Linearized Relative Positional Encoding.pdf；第1页标题、作者单位与摘要；Introduction在已保存前3页内。
https://arxiv.org/abs/2307.09270；访问2026-09-17；arXiv作者顺序和摘要。
CV：https://ikekonglp.github.io/lingpenk_cv.pdf；第4页；版本2026-01-27。
原文摘要依据：“Relative positional encoding is widely used in vanilla and linear transformers to represent positional information. However, existing encoding methods of a vanilla transformer are not always directly ”。
仅确认论文内原姓名署名；跨论文身份未确认。https://aclanthology.org/people/yiran-zhong/unverified/","身份待核验；按单篇保留，不跨论文合并同名者。达到重点候选筛选阈值；已查可定位来源，身份/历史履历仍未确认。
具体论文问题：P10-C;P10-A;P10-F
完整Scholar/DBLP论文列表及CCF/CORE目录未获取；当前公开材料可能漏项。",10
Yiran Zhong（论文 #11，身份待核验）,2023；论文#11；待核验,待核验,身份待核验,待核验,论文合作者（身份待核验）,待核验,待核验,待核验,高效注意力与序列架构,未公开,"论文信息汇总.csv 序11：摘要、研究内容、创新点；内容仅据摘要/Introduction归纳。
仅取得可靠元数据或摘要；未取得可读全文。
https://arxiv.org/abs/2206.10552；访问2026-09-17；arXiv作者顺序和摘要。
CV：https://ikekonglp.github.io/lingpenk_cv.pdf；第4页；版本2026-01-27。
原文摘要依据：“Vision transformers have shown great success on numerous computer vision tasks. However, its central component, softmax attention, prohibits vision transformers from scaling up to high-resolution imag”。
仅确认论文内原姓名署名；跨论文身份未确认。https://aclanthology.org/people/yiran-zhong/unverified/","身份待核验；按单篇保留，不跨论文合并同名者。达到重点候选筛选阈值；已查可定位来源，身份/历史履历仍未确认。
具体论文问题：P11-C;P11-D;P11-A;P11-R;P11-F
完整Scholar/DBLP论文列表及CCF/CORE目录未获取；当前公开材料可能漏项。",11
Yiran Zhong（论文 #89，身份待核验）,2023；论文#89；待核验,待核验,身份待核验,待核验,论文合作者（身份待核验）,待核验,待核验,待核验,音视频分割与描述,未公开,"论文信息汇总.csv 序89：摘要、研究内容、创新点；内容仅据摘要/Introduction归纳。
仅取得可靠元数据或摘要；未取得可读全文。
https://arxiv.org/abs/2303.15616；访问2026-09-17；arXiv作者顺序和摘要。
CV：https://ikekonglp.github.io/lingpenk_cv.pdf；第10页；版本2026-01-27。
原文摘要依据：“We explore a new task for audio-visual-language modeling called fine-grained audible video description (FAVD). It aims to provide detailed textual descriptions for the given audible videos, including ”。
仅确认论文内原姓名署名；跨论文身份未确认。https://aclanthology.org/people/yiran-zhong/unverified/","身份待核验；按单篇保留，不跨论文合并同名者。达到重点候选筛选阈值；已查可定位来源，身份/历史履历仍未确认。
具体论文问题：P89-C;P89-D;P89-A;P89-R;P89-F
完整Scholar/DBLP论文列表及CCF/CORE目录未获取；当前公开材料可能漏项。",89
Yiran Zhong（论文 #92，身份待核验）,2023；论文#92；待核验,待核验,身份待核验,待核验,论文合作者（身份待核验）,待核验,待核验,待核验,高效注意力与序列架构,未公开,"论文信息汇总.csv 序92：摘要、研究内容、创新点；内容仅据摘要/Introduction归纳。
PDF：港大/Kong, Lingpeng/论文/2023_Toeplitz Neural Network for Sequence Modeling.pdf；第1页标题、作者单位与摘要；Introduction在已保存前3页内。
https://arxiv.org/abs/2305.04749；访问2026-09-17；arXiv作者顺序和摘要。
CV：https://ikekonglp.github.io/lingpenk_cv.pdf；第10页；版本2026-01-27。
PDF发表标记：“Published as a conference paper at ICLR 2023”。
原文摘要依据：“Sequence modeling has important applications in natural language processing and computer vision. Recently, the transformer-based models have shown strong performance on various sequence modeling tasks”。
仅确认论文内原姓名署名；跨论文身份未确认。https://aclanthology.org/people/yiran-zhong/unverified/","身份待核验；按单篇保留，不跨论文合并同名者。达到重点候选筛选阈值；已查可定位来源，身份/历史履历仍未确认。
具体论文问题：P92-C;P92-A
完整Scholar/DBLP论文列表及CCF/CORE目录未获取；当前公开材料可能漏项。",92
Yiran Zhong（论文 #98，身份待核验）,2022；论文#98；待核验,待核验,身份待核验,待核验,论文合作者（身份待核验）,待核验,待核验,待核验,高效注意力与序列架构,未公开,"论文信息汇总.csv 序98：摘要、研究内容、创新点；内容仅据摘要/Introduction归纳。
PDF：港大/Kong, Lingpeng/论文/2022_The Devil in Linear Transformer.pdf；第1页标题、作者单位与摘要；Introduction在已保存前3页内。
https://aclanthology.org/2022.emnlp-main.473/；访问2026-09-17；ACL作者顺序、发表信息与摘要。
CV：https://ikekonglp.github.io/lingpenk_cv.pdf；第10页；版本2026-01-27。
原文摘要依据：“Linear transformers aim to reduce the quadratic space-time complexity of vanilla transformers. However, they usually suffer from degraded performances on various tasks and corpus. In this paper, we ex”。
仅确认论文内原姓名署名；跨论文身份未确认。https://aclanthology.org/people/yiran-zhong/unverified/","身份待核验；按单篇保留，不跨论文合并同名者。达到重点候选筛选阈值；已查可定位来源，身份/历史履历仍未确认。
具体论文问题：P98-C;P98-A
完整Scholar/DBLP论文列表及CCF/CORE目录未获取；当前公开材料可能漏项。",98
Yiran Zhong（论文 #102，身份待核验）,2022；论文#102；待核验,待核验,身份待核验,待核验,论文合作者（身份待核验）,待核验,待核验,待核验,音视频分割与描述,未公开,"论文信息汇总.csv 序102：摘要、研究内容、创新点；内容仅据摘要/Introduction归纳。
仅取得可靠元数据或摘要；未取得可读全文。
https://arxiv.org/abs/2207.05042；访问2026-09-17；arXiv作者顺序和摘要。
CV：https://ikekonglp.github.io/lingpenk_cv.pdf；第11页；版本2026-01-27。
原文摘要依据：“We propose to explore a new problem called audio-visual segmentation (AVS), in which the goal is to output a pixel-level map of the object(s) that produce sound at the time of the image frame. To faci”。
仅确认论文内原姓名署名；跨论文身份未确认。https://aclanthology.org/people/yiran-zhong/unverified/","身份待核验；按单篇保留，不跨论文合并同名者。达到重点候选筛选阈值；已查可定位来源，身份/历史履历仍未确认。
具体论文问题：P102-C;P102-D;P102-A;P102-R;P102-F
完整Scholar/DBLP论文列表及CCF/CORE目录未获取；当前公开材料可能漏项。",102
Yiran Zhong（论文 #109，身份待核验）,2022；论文#109；待核验,待核验,身份待核验,待核验,论文合作者（身份待核验）,待核验,待核验,待核验,高效注意力与序列架构,未公开,"论文信息汇总.csv 序109：摘要、研究内容、创新点；内容仅据摘要/Introduction归纳。
PDF：港大/Kong, Lingpeng/论文/2022_cosFormer_ Rethinking Softmax In Attention.pdf；第1页标题、作者单位与摘要；Introduction在已保存前3页内。
https://arxiv.org/abs/2202.08791；访问2026-09-17；arXiv作者顺序和摘要。
CV：https://ikekonglp.github.io/lingpenk_cv.pdf；第11页；版本2026-01-27。
PDF发表标记：“Published as a conference paper at ICLR 2022”。
原文摘要依据：“Transformer has shown great successes in natural language processing, computer vision, and audio processing. As one of its core components, the softmax attention helps to capture long-range dependenci”。
仅确认论文内原姓名署名；跨论文身份未确认。https://aclanthology.org/people/yiran-zhong/unverified/","身份待核验；按单篇保留，不跨论文合并同名者。达到重点候选筛选阈值；已查可定位来源，身份/历史履历仍未确认。
具体论文问题：P109-C;P109-A
完整Scholar/DBLP论文列表及CCF/CORE目录未获取；当前公开材料可能漏项。",109
Yiran Zhong（论文 #133，身份待核验）,2023；论文#133；待核验,待核验,身份待核验,待核验,论文合作者（身份待核验）,待核验,待核验,待核验,音视频分割与描述,未公开,"论文信息汇总.csv 序133：摘要、研究内容、创新点；内容仅据摘要/Introduction归纳。
仅取得可靠元数据或摘要；未取得可读全文。
https://arxiv.org/abs/2301.13190；访问2026-09-17；arXiv作者顺序和摘要。
原文摘要依据：“We propose a new problem called audio-visual segmentation (AVS), in which the goal is to output a pixel-level map of the object(s) that produce sound at the time of the image frame. To facilitate this”。
仅确认论文内原姓名署名；跨论文身份未确认。https://aclanthology.org/people/yiran-zhong/unverified/","身份待核验；按单篇保留，不跨论文合并同名者。达到重点候选筛选阈值；已查可定位来源，身份/历史履历仍未确认。
具体论文问题：P133-C;P133-D;P133-A;P133-R
完整Scholar/DBLP论文列表及CCF/CORE目录未获取；当前公开材料可能漏项。",133
Hui Deng（论文 #11，身份待核验）,2023；论文#11；待核验,待核验,身份待核验,待核验,论文合作者（身份待核验）,待核验,待核验,待核验,高效注意力与序列架构,未公开,"论文信息汇总.csv 序11：摘要、研究内容、创新点；内容仅据摘要/Introduction归纳。
仅取得可靠元数据或摘要；未取得可读全文。
https://arxiv.org/abs/2206.10552；访问2026-09-17；arXiv作者顺序和摘要。
CV：https://ikekonglp.github.io/lingpenk_cv.pdf；第4页；版本2026-01-27。
原文摘要依据：“Vision transformers have shown great success on numerous computer vision tasks. However, its central component, softmax attention, prohibits vision transformers from scaling up to high-resolution imag”。
仅确认论文内原姓名署名；跨论文身份未确认。","身份待核验；按单篇保留，不跨论文合并同名者。达到重点候选筛选阈值；已查可定位来源，身份/历史履历仍未确认。
具体论文问题：P11-C;P11-D;P11-A;P11-R;P11-F
完整Scholar/DBLP论文列表及CCF/CORE目录未获取；当前公开材料可能漏项。",11
Hui Deng（论文 #109，身份待核验）,2022；论文#109；待核验,待核验,身份待核验,待核验,论文合作者（身份待核验）,待核验,待核验,待核验,高效注意力与序列架构,未公开,"论文信息汇总.csv 序109：摘要、研究内容、创新点；内容仅据摘要/Introduction归纳。
PDF：港大/Kong, Lingpeng/论文/2022_cosFormer_ Rethinking Softmax In Attention.pdf；第1页标题、作者单位与摘要；Introduction在已保存前3页内。
https://arxiv.org/abs/2202.08791；访问2026-09-17；arXiv作者顺序和摘要。
CV：https://ikekonglp.github.io/lingpenk_cv.pdf；第11页；版本2026-01-27。
PDF发表标记：“Published as a conference paper at ICLR 2022”。
原文摘要依据：“Transformer has shown great successes in natural language processing, computer vision, and audio processing. As one of its core components, the softmax attention helps to capture long-range dependenci”。
仅确认论文内原姓名署名；跨论文身份未确认。","身份待核验；按单篇保留，不跨论文合并同名者。达到重点候选筛选阈值；已查可定位来源，身份/历史履历仍未确认。
具体论文问题：P109-C;P109-A
完整Scholar/DBLP论文列表及CCF/CORE目录未获取；当前公开材料可能漏项。",109
Jianyuan Wang（论文 #11，身份待核验）,2023；论文#11；待核验,待核验,身份待核验,待核验,论文合作者（身份待核验）,待核验,待核验,待核验,高效注意力与序列架构,未公开,"论文信息汇总.csv 序11：摘要、研究内容、创新点；内容仅据摘要/Introduction归纳。
仅取得可靠元数据或摘要；未取得可读全文。
https://arxiv.org/abs/2206.10552；访问2026-09-17；arXiv作者顺序和摘要。
CV：https://ikekonglp.github.io/lingpenk_cv.pdf；第4页；版本2026-01-27。
原文摘要依据：“Vision transformers have shown great success on numerous computer vision tasks. However, its central component, softmax attention, prohibits vision transformers from scaling up to high-resolution imag”。
仅确认论文内原姓名署名；跨论文身份未确认。","身份待核验；按单篇保留，不跨论文合并同名者。达到重点候选筛选阈值；已查可定位来源，身份/历史履历仍未确认。
具体论文问题：P11-C;P11-D;P11-A;P11-R;P11-F
完整Scholar/DBLP论文列表及CCF/CORE目录未获取；当前公开材料可能漏项。",11
Jianyuan Wang（论文 #102，身份待核验）,2022；论文#102；待核验,待核验,身份待核验,待核验,论文合作者（身份待核验）,待核验,待核验,待核验,音视频分割与描述,未公开,"论文信息汇总.csv 序102：摘要、研究内容、创新点；内容仅据摘要/Introduction归纳。
仅取得可靠元数据或摘要；未取得可读全文。
https://arxiv.org/abs/2207.05042；访问2026-09-17；arXiv作者顺序和摘要。
CV：https://ikekonglp.github.io/lingpenk_cv.pdf；第11页；版本2026-01-27。
原文摘要依据：“We propose to explore a new problem called audio-visual segmentation (AVS), in which the goal is to output a pixel-level map of the object(s) that produce sound at the time of the image frame. To faci”。
仅确认论文内原姓名署名；跨论文身份未确认。","身份待核验；按单篇保留，不跨论文合并同名者。达到重点候选筛选阈值；已查可定位来源，身份/历史履历仍未确认。
具体论文问题：P102-C;P102-D;P102-A;P102-R;P102-F
完整Scholar/DBLP论文列表及CCF/CORE目录未获取；当前公开材料可能漏项。",102
Jianyuan Wang（论文 #133，身份待核验）,2023；论文#133；待核验,待核验,身份待核验,待核验,论文合作者（身份待核验）,待核验,待核验,待核验,音视频分割与描述,未公开,"论文信息汇总.csv 序133：摘要、研究内容、创新点；内容仅据摘要/Introduction归纳。
仅取得可靠元数据或摘要；未取得可读全文。
https://arxiv.org/abs/2301.13190；访问2026-09-17；arXiv作者顺序和摘要。
原文摘要依据：“We propose a new problem called audio-visual segmentation (AVS), in which the goal is to output a pixel-level map of the object(s) that produce sound at the time of the image frame. To facilitate this”。
仅确认论文内原姓名署名；跨论文身份未确认。","身份待核验；按单篇保留，不跨论文合并同名者。达到重点候选筛选阈值；已查可定位来源，身份/历史履历仍未确认。
具体论文问题：P133-C;P133-D;P133-A;P133-R
完整Scholar/DBLP论文列表及CCF/CORE目录未获取；当前公开材料可能漏项。",133
Yi Zhang（论文 #11，身份待核验）,2023；论文#11；待核验,待核验,身份待核验,待核验,论文合作者（身份待核验）,待核验,待核验,待核验,高效注意力与序列架构,未公开,"论文信息汇总.csv 序11：摘要、研究内容、创新点；内容仅据摘要/Introduction归纳。
仅取得可靠元数据或摘要；未取得可读全文。
https://arxiv.org/abs/2206.10552；访问2026-09-17；arXiv作者顺序和摘要。
CV：https://ikekonglp.github.io/lingpenk_cv.pdf；第4页；版本2026-01-27。
原文摘要依据：“Vision transformers have shown great success on numerous computer vision tasks. However, its central component, softmax attention, prohibits vision transformers from scaling up to high-resolution imag”。
仅确认论文内原姓名署名；跨论文身份未确认。","身份待核验；按单篇保留，不跨论文合并同名者。待核验（未深查）；原姓名整体未达到重点阈值。
具体论文问题：P11-C;P11-D;P11-A;P11-R;P11-F
完整Scholar/DBLP论文列表及CCF/CORE目录未获取；当前公开材料可能漏项。",11
Kaihao Zhang（论文 #11，身份待核验）,2023；论文#11；待核验,待核验,身份待核验,待核验,论文合作者（身份待核验）,待核验,待核验,待核验,高效注意力与序列架构,未公开,"论文信息汇总.csv 序11：摘要、研究内容、创新点；内容仅据摘要/Introduction归纳。
仅取得可靠元数据或摘要；未取得可读全文。
https://arxiv.org/abs/2206.10552；访问2026-09-17；arXiv作者顺序和摘要。
CV：https://ikekonglp.github.io/lingpenk_cv.pdf；第4页；版本2026-01-27。
原文摘要依据：“Vision transformers have shown great success on numerous computer vision tasks. However, its central component, softmax attention, prohibits vision transformers from scaling up to high-resolution imag”。
仅确认论文内原姓名署名；跨论文身份未确认。","身份待核验；按单篇保留，不跨论文合并同名者。待核验（未深查）；原姓名整体未达到重点阈值。
具体论文问题：P11-C;P11-D;P11-A;P11-R;P11-F
完整Scholar/DBLP论文列表及CCF/CORE目录未获取；当前公开材料可能漏项。",11
Nick Barnes（论文 #11，身份待核验）,2023；论文#11；待核验,待核验,身份待核验,待核验,论文合作者（身份待核验）,待核验,待核验,待核验,高效注意力与序列架构,未公开,"论文信息汇总.csv 序11：摘要、研究内容、创新点；内容仅据摘要/Introduction归纳。
仅取得可靠元数据或摘要；未取得可读全文。
https://arxiv.org/abs/2206.10552；访问2026-09-17；arXiv作者顺序和摘要。
CV：https://ikekonglp.github.io/lingpenk_cv.pdf；第4页；版本2026-01-27。
原文摘要依据：“Vision transformers have shown great success on numerous computer vision tasks. However, its central component, softmax attention, prohibits vision transformers from scaling up to high-resolution imag”。
仅确认论文内原姓名署名；跨论文身份未确认。https://aclanthology.org/people/nick-barnes/unverified/","身份待核验；按单篇保留，不跨论文合并同名者。达到重点候选筛选阈值；已查可定位来源，身份/历史履历仍未确认。
具体论文问题：P11-C;P11-D;P11-A;P11-R;P11-F
完整Scholar/DBLP论文列表及CCF/CORE目录未获取；当前公开材料可能漏项。",11
Nick Barnes（论文 #98，身份待核验）,2022；论文#98；待核验,待核验,身份待核验,待核验,论文合作者（身份待核验）,待核验,待核验,待核验,高效注意力与序列架构,未公开,"论文信息汇总.csv 序98：摘要、研究内容、创新点；内容仅据摘要/Introduction归纳。
PDF：港大/Kong, Lingpeng/论文/2022_The Devil in Linear Transformer.pdf；第1页标题、作者单位与摘要；Introduction在已保存前3页内。
https://aclanthology.org/2022.emnlp-main.473/；访问2026-09-17；ACL作者顺序、发表信息与摘要。
CV：https://ikekonglp.github.io/lingpenk_cv.pdf；第10页；版本2026-01-27。
原文摘要依据：“Linear transformers aim to reduce the quadratic space-time complexity of vanilla transformers. However, they usually suffer from degraded performances on various tasks and corpus. In this paper, we ex”。
仅确认论文内原姓名署名；跨论文身份未确认。https://aclanthology.org/people/nick-barnes/unverified/","身份待核验；按单篇保留，不跨论文合并同名者。达到重点候选筛选阈值；已查可定位来源，身份/历史履历仍未确认。
具体论文问题：P98-C;P98-A
完整Scholar/DBLP论文列表及CCF/CORE目录未获取；当前公开材料可能漏项。",98
Stan Birchfield（论文 #11，身份待核验）,2023；论文#11；待核验,待核验,身份待核验,待核验,论文合作者（身份待核验）,待核验,待核验,待核验,高效注意力与序列架构,未公开,"论文信息汇总.csv 序11：摘要、研究内容、创新点；内容仅据摘要/Introduction归纳。
仅取得可靠元数据或摘要；未取得可读全文。
https://arxiv.org/abs/2206.10552；访问2026-09-17；arXiv作者顺序和摘要。
CV：https://ikekonglp.github.io/lingpenk_cv.pdf；第4页；版本2026-01-27。
原文摘要依据：“Vision transformers have shown great success on numerous computer vision tasks. However, its central component, softmax attention, prohibits vision transformers from scaling up to high-resolution imag”。
仅确认论文内原姓名署名；跨论文身份未确认。","身份待核验；按单篇保留，不跨论文合并同名者。达到重点候选筛选阈值；已查可定位来源，身份/历史履历仍未确认。
具体论文问题：P11-C;P11-D;P11-A;P11-R;P11-F
完整Scholar/DBLP论文列表及CCF/CORE目录未获取；当前公开材料可能漏项。",11
Stan Birchfield（论文 #102，身份待核验）,2022；论文#102；待核验,待核验,身份待核验,待核验,论文合作者（身份待核验）,待核验,待核验,待核验,音视频分割与描述,未公开,"论文信息汇总.csv 序102：摘要、研究内容、创新点；内容仅据摘要/Introduction归纳。
仅取得可靠元数据或摘要；未取得可读全文。
https://arxiv.org/abs/2207.05042；访问2026-09-17；arXiv作者顺序和摘要。
CV：https://ikekonglp.github.io/lingpenk_cv.pdf；第11页；版本2026-01-27。
原文摘要依据：“We propose to explore a new problem called audio-visual segmentation (AVS), in which the goal is to output a pixel-level map of the object(s) that produce sound at the time of the image frame. To faci”。
仅确认论文内原姓名署名；跨论文身份未确认。","身份待核验；按单篇保留，不跨论文合并同名者。达到重点候选筛选阈值；已查可定位来源，身份/历史履历仍未确认。
具体论文问题：P102-C;P102-D;P102-A;P102-R;P102-F
完整Scholar/DBLP论文列表及CCF/CORE目录未获取；当前公开材料可能漏项。",102
Stan Birchfield（论文 #133，身份待核验）,2023；论文#133；待核验,待核验,身份待核验,待核验,论文合作者（身份待核验）,待核验,待核验,待核验,音视频分割与描述,未公开,"论文信息汇总.csv 序133：摘要、研究内容、创新点；内容仅据摘要/Introduction归纳。
仅取得可靠元数据或摘要；未取得可读全文。
https://arxiv.org/abs/2301.13190；访问2026-09-17；arXiv作者顺序和摘要。
原文摘要依据：“We propose a new problem called audio-visual segmentation (AVS), in which the goal is to output a pixel-level map of the object(s) that produce sound at the time of the image frame. To facilitate this”。
仅确认论文内原姓名署名；跨论文身份未确认。","身份待核验；按单篇保留，不跨论文合并同名者。达到重点候选筛选阈值；已查可定位来源，身份/历史履历仍未确认。
具体论文问题：P133-C;P133-D;P133-A;P133-R
完整Scholar/DBLP论文列表及CCF/CORE目录未获取；当前公开材料可能漏项。",133
Daniel Fried（论文 #13，身份待核验）,2020；论文#13；加州大学伯克利分校,待核验,身份待核验,待核验,论文合作者（身份待核验）,待核验,待核验,待核验,句法分析与结构化表示,未公开,"论文信息汇总.csv 序13：摘要、研究内容、创新点；内容仅据摘要/Introduction归纳。
PDF：港大/Kong, Lingpeng/论文/2020_Syntactic Structure Distillation Pretraining for Bidirectional Encoders.pdf；第1页标题、作者单位与摘要；Introduction在已保存前3页内。
https://aclanthology.org/2020.tacl-1.50/；访问2026-09-17；ACL作者顺序、发表信息与摘要。
CV：https://ikekonglp.github.io/lingpenk_cv.pdf；第4页；版本2026-01-27。
原文摘要依据：“Textual representation learners trained on large amounts of data have achieved notable success on downstream tasks; intriguingly, they have also performed well on challenging tests of syntactic compet”。
仅确认论文内原姓名署名；跨论文身份未确认。","身份待核验；按单篇保留，不跨论文合并同名者。待核验（未深查）；原姓名整体未达到重点阈值。
具体论文问题：P13-C;P13-A;P13-R
完整Scholar/DBLP论文列表及CCF/CORE目录未获取；当前公开材料可能漏项。",13
Laura Rimell（论文 #13，身份待核验）,2020；论文#13；Google DeepMind,待核验,身份待核验,待核验,论文合作者（身份待核验）,待核验,待核验,待核验,句法分析与结构化表示,未公开,"论文信息汇总.csv 序13：摘要、研究内容、创新点；内容仅据摘要/Introduction归纳。
PDF：港大/Kong, Lingpeng/论文/2020_Syntactic Structure Distillation Pretraining for Bidirectional Encoders.pdf；第1页标题、作者单位与摘要；Introduction在已保存前3页内。
https://aclanthology.org/2020.tacl-1.50/；访问2026-09-17；ACL作者顺序、发表信息与摘要。
CV：https://ikekonglp.github.io/lingpenk_cv.pdf；第4页；版本2026-01-27。
原文摘要依据：“Textual representation learners trained on large amounts of data have achieved notable success on downstream tasks; intriguingly, they have also performed well on challenging tests of syntactic compet”。
仅确认论文内原姓名署名；跨论文身份未确认。","身份待核验；按单篇保留，不跨论文合并同名者。待核验（未深查）；原姓名整体未达到重点阈值。
具体论文问题：P13-C;P13-A;P13-R
完整Scholar/DBLP论文列表及CCF/CORE目录未获取；当前公开材料可能漏项。",13
Laurent Sartran（论文 #14，身份待核验）,2020；论文#14；Google DeepMind,待核验,身份待核验,待核验,论文合作者（身份待核验）,待核验,待核验,待核验,机器翻译,未公开,"论文信息汇总.csv 序14：摘要、研究内容、创新点；内容仅据摘要/Introduction归纳。
PDF：港大/Kong, Lingpeng/论文/2020_Better Document-Level Machine Translation with Bayes’ Rule.pdf；第1页标题、作者单位与摘要；Introduction在已保存前3页内。
https://aclanthology.org/2020.tacl-1.23/；访问2026-09-17；ACL作者顺序、发表信息与摘要。
CV：https://ikekonglp.github.io/lingpenk_cv.pdf；第4页；版本2026-01-27。
原文摘要依据：“We show that Bayes’ rule provides an effective mechanism for creating document translation models that can be learned from only parallel sentences and monolingual documents a compelling benefit becaus”。
仅确认论文内原姓名署名；跨论文身份未确认。","身份待核验；按单篇保留，不跨论文合并同名者。待核验（未深查）；原姓名整体未达到重点阈值。
具体论文问题：P14-C;P14-A;P14-R
完整Scholar/DBLP论文列表及CCF/CORE目录未获取；当前公开材料可能漏项。",14
Wojciech Stokowiec（论文 #14，身份待核验）,2020；论文#14；Google DeepMind,待核验,身份待核验,待核验,论文合作者（身份待核验）,待核验,待核验,待核验,机器翻译,未公开,"论文信息汇总.csv 序14：摘要、研究内容、创新点；内容仅据摘要/Introduction归纳。
PDF：港大/Kong, Lingpeng/论文/2020_Better Document-Level Machine Translation with Bayes’ Rule.pdf；第1页标题、作者单位与摘要；Introduction在已保存前3页内。
https://aclanthology.org/2020.tacl-1.23/；访问2026-09-17；ACL作者顺序、发表信息与摘要。
CV：https://ikekonglp.github.io/lingpenk_cv.pdf；第4页；版本2026-01-27。
原文摘要依据：“We show that Bayes’ rule provides an effective mechanism for creating document translation models that can be learned from only parallel sentences and monolingual documents a compelling benefit becaus”。
仅确认论文内原姓名署名；跨论文身份未确认。","身份待核验；按单篇保留，不跨论文合并同名者。待核验（未深查）；原姓名整体未达到重点阈值。
具体论文问题：P14-C;P14-A;P14-R
完整Scholar/DBLP论文列表及CCF/CORE目录未获取；当前公开材料可能漏项。",14
Hao Tang（论文 #15，身份待核验）,2017；论文#15；待核验,待核验,身份待核验,待核验,论文合作者（身份待核验）,待核验,待核验,待核验,语音识别与分段建模,未公开,"论文信息汇总.csv 序15：摘要、研究内容、创新点；内容仅据摘要/Introduction归纳。
PDF：港大/Kong, Lingpeng/论文/2017_End-to-End Neural Segmental Models for Speech Recognition.pdf；第1页标题、作者单位与摘要；Introduction在已保存前3页内。
https://arxiv.org/abs/1708.00531；访问2026-09-17；arXiv作者顺序和摘要。
CV：https://ikekonglp.github.io/lingpenk_cv.pdf；第4页；版本2026-01-27。
原文摘要依据：“Segmental models are an alternative to frame-based models for sequence prediction, where hypothesized path weights are based on entire segment scores rather than a single frame at a time. Neural segme”。
仅确认论文内原姓名署名；跨论文身份未确认。","身份待核验；按单篇保留，不跨论文合并同名者。待核验（未深查）；原姓名整体未达到重点阈值。
具体论文问题：P15-C;P15-A;P15-R;P15-F
完整Scholar/DBLP论文列表及CCF/CORE目录未获取；当前公开材料可能漏项。",15
Liang Lu（论文 #15，身份待核验）,2017；论文#15；待核验,待核验,身份待核验,待核验,论文合作者（身份待核验）,待核验,待核验,待核验,语音识别与分段建模,未公开,"论文信息汇总.csv 序15：摘要、研究内容、创新点；内容仅据摘要/Introduction归纳。
PDF：港大/Kong, Lingpeng/论文/2017_End-to-End Neural Segmental Models for Speech Recognition.pdf；第1页标题、作者单位与摘要；Introduction在已保存前3页内。
https://arxiv.org/abs/1708.00531；访问2026-09-17；arXiv作者顺序和摘要。
CV：https://ikekonglp.github.io/lingpenk_cv.pdf；第4页；版本2026-01-27。
原文摘要依据：“Segmental models are an alternative to frame-based models for sequence prediction, where hypothesized path weights are based on entire segment scores rather than a single frame at a time. Neural segme”。
仅确认论文内原姓名署名；跨论文身份未确认。","身份待核验；按单篇保留，不跨论文合并同名者。达到重点候选筛选阈值；已查可定位来源，身份/历史履历仍未确认。
具体论文问题：P15-C;P15-A;P15-R;P15-F
完整Scholar/DBLP论文列表及CCF/CORE目录未获取；当前公开材料可能漏项。",15
Liang Lu（论文 #117，身份待核验）,2017；论文#117；丰田芝加哥技术学院,待核验,身份待核验,待核验,论文合作者（身份待核验）,待核验,待核验,待核验,语音识别与分段建模,未公开,"论文信息汇总.csv 序117：摘要、研究内容、创新点；内容仅据摘要/Introduction归纳。
PDF：港大/Kong, Lingpeng/论文/2017_Multi-task Learning with CTC and Segmental CRF for Speech Recognition.pdf；第1页标题、作者单位与摘要；Introduction在已保存前3页内。
https://arxiv.org/abs/1702.06378；访问2026-09-17；arXiv作者顺序和摘要。
CV：https://ikekonglp.github.io/lingpenk_cv.pdf；第12页；版本2026-01-27。
原文摘要依据：“Segmental conditional random fields (SCRFs) and connectionist temporal classification (CTC) are two sequence labeling methods used for end-to-end training of speech recognition models. Both models def”。
仅确认论文内原姓名署名；跨论文身份未确认。","身份待核验；按单篇保留，不跨论文合并同名者。达到重点候选筛选阈值；已查可定位来源，身份/历史履历仍未确认。
具体论文问题：P117-C;P117-A;P117-R;P117-F
完整Scholar/DBLP论文列表及CCF/CORE目录未获取；当前公开材料可能漏项。",117
Liang Lu（论文 #119，身份待核验）,2016；论文#119；爱丁堡大学,待核验,身份待核验,待核验,论文合作者（身份待核验）,待核验,待核验,待核验,语音识别与分段建模,未公开,"论文信息汇总.csv 序119：摘要、研究内容、创新点；内容仅据摘要/Introduction归纳。
PDF：港大/Kong, Lingpeng/论文/2016_Segmental Recurrent Neural Networks for End-to-end Speech Recognition.pdf；第1页标题、作者单位与摘要；Introduction在已保存前3页内。
https://arxiv.org/abs/1603.00223；访问2026-09-17；arXiv作者顺序和摘要。
CV：https://ikekonglp.github.io/lingpenk_cv.pdf；第12页；版本2026-01-27。
原文摘要依据：“We study the segmental recurrent neural network for end-to-end acoustic modelling. This model connects the segmental conditional random field (CRF) with a recurrent neural network (RNN) used for featu”。
仅确认论文内原姓名署名；跨论文身份未确认。","身份待核验；按单篇保留，不跨论文合并同名者。达到重点候选筛选阈值；已查可定位来源，身份/历史履历仍未确认。
具体论文问题：P119-C;P119-A;P119-R;P119-F
完整Scholar/DBLP论文列表及CCF/CORE目录未获取；当前公开材料可能漏项。",119
Kevin Gimpel（论文 #15，身份待核验）,2017；论文#15；待核验,待核验,身份待核验,待核验,论文合作者（身份待核验）,待核验,待核验,待核验,语音识别与分段建模,未公开,"论文信息汇总.csv 序15：摘要、研究内容、创新点；内容仅据摘要/Introduction归纳。
PDF：港大/Kong, Lingpeng/论文/2017_End-to-End Neural Segmental Models for Speech Recognition.pdf；第1页标题、作者单位与摘要；Introduction在已保存前3页内。
https://arxiv.org/abs/1708.00531；访问2026-09-17；arXiv作者顺序和摘要。
CV：https://ikekonglp.github.io/lingpenk_cv.pdf；第4页；版本2026-01-27。
原文摘要依据：“Segmental models are an alternative to frame-based models for sequence prediction, where hypothesized path weights are based on entire segment scores rather than a single frame at a time. Neural segme”。
仅确认论文内原姓名署名；跨论文身份未确认。","身份待核验；按单篇保留，不跨论文合并同名者。待核验（未深查）；原姓名整体未达到重点阈值。
具体论文问题：P15-C;P15-A;P15-R;P15-F
完整Scholar/DBLP论文列表及CCF/CORE目录未获取；当前公开材料可能漏项。",15
Karen Livescu（论文 #15，身份待核验）,2017；论文#15；待核验,待核验,身份待核验,待核验,论文合作者（身份待核验）,待核验,待核验,待核验,语音识别与分段建模,未公开,"论文信息汇总.csv 序15：摘要、研究内容、创新点；内容仅据摘要/Introduction归纳。
PDF：港大/Kong, Lingpeng/论文/2017_End-to-End Neural Segmental Models for Speech Recognition.pdf；第1页标题、作者单位与摘要；Introduction在已保存前3页内。
https://arxiv.org/abs/1708.00531；访问2026-09-17；arXiv作者顺序和摘要。
CV：https://ikekonglp.github.io/lingpenk_cv.pdf；第4页；版本2026-01-27。
原文摘要依据：“Segmental models are an alternative to frame-based models for sequence prediction, where hypothesized path weights are based on entire segment scores rather than a single frame at a time. Neural segme”。
仅确认论文内原姓名署名；跨论文身份未确认。","身份待核验；按单篇保留，不跨论文合并同名者。待核验（未深查）；原姓名整体未达到重点阈值。
具体论文问题：P15-C;P15-A;P15-R;P15-F
完整Scholar/DBLP论文列表及CCF/CORE目录未获取；当前公开材料可能漏项。",15
Steve Renals（论文 #15，身份待核验）,2017；论文#15；待核验,待核验,身份待核验,待核验,论文合作者（身份待核验）,待核验,待核验,待核验,语音识别与分段建模,未公开,"论文信息汇总.csv 序15：摘要、研究内容、创新点；内容仅据摘要/Introduction归纳。
PDF：港大/Kong, Lingpeng/论文/2017_End-to-End Neural Segmental Models for Speech Recognition.pdf；第1页标题、作者单位与摘要；Introduction在已保存前3页内。
https://arxiv.org/abs/1708.00531；访问2026-09-17；arXiv作者顺序和摘要。
CV：https://ikekonglp.github.io/lingpenk_cv.pdf；第4页；版本2026-01-27。
原文摘要依据：“Segmental models are an alternative to frame-based models for sequence prediction, where hypothesized path weights are based on entire segment scores rather than a single frame at a time. Neural segme”。
仅确认论文内原姓名署名；跨论文身份未确认。","身份待核验；按单篇保留，不跨论文合并同名者。待核验（未深查）；原姓名整体未达到重点阈值。
具体论文问题：P15-C;P15-A;P15-R;P15-F
完整Scholar/DBLP论文列表及CCF/CORE目录未获取；当前公开材料可能漏项。",15
Steve Renals（论文 #119，身份待核验）,2016；论文#119；爱丁堡大学,待核验,身份待核验,待核验,论文合作者（身份待核验）,待核验,待核验,待核验,语音识别与分段建模,未公开,"论文信息汇总.csv 序119：摘要、研究内容、创新点；内容仅据摘要/Introduction归纳。
PDF：港大/Kong, Lingpeng/论文/2016_Segmental Recurrent Neural Networks for End-to-end Speech Recognition.pdf；第1页标题、作者单位与摘要；Introduction在已保存前3页内。
https://arxiv.org/abs/1603.00223；访问2026-09-17；arXiv作者顺序和摘要。
CV：https://ikekonglp.github.io/lingpenk_cv.pdf；第12页；版本2026-01-27。
原文摘要依据：“We study the segmental recurrent neural network for end-to-end acoustic modelling. This model connects the segmental conditional random field (CRF) with a recurrent neural network (RNN) used for featu”。
仅确认论文内原姓名署名；跨论文身份未确认。","身份待核验；按单篇保留，不跨论文合并同名者。待核验（未深查）；原姓名整体未达到重点阈值。
具体论文问题：P119-C;P119-A;P119-R;P119-F
完整Scholar/DBLP论文列表及CCF/CORE目录未获取；当前公开材料可能漏项。",119
Qiushi Sun（论文 #16，身份待核验）,2026；论文#16；待核验,待核验,身份待核验,待核验,论文合作者（身份待核验）,待核验,待核验,待核验,工具智能体与任务评测,未公开,"论文信息汇总.csv 序16：摘要、研究内容、创新点；内容仅据摘要/Introduction归纳。
仅取得可靠元数据或摘要；未取得可读全文。
https://arxiv.org/abs/2505.19897；访问2026-09-17；arXiv作者顺序和摘要。
CV：https://ikekonglp.github.io/lingpenk_cv.pdf；第4页；版本2026-01-27。
原文摘要依据：“Large Language Models (LLMs) have extended their impact beyond Natural Language Processing, substantially fostering the development of interdisciplinary research. Recently, various LLM-based agents ha”。
仅确认论文内原姓名署名；跨论文身份未确认。https://qiushisun.github.io/
https://aclanthology.org/people/qiushi-sun/","身份待核验；按单篇保留，不跨论文合并同名者。达到重点候选筛选阈值；已查可定位来源，身份/历史履历仍未确认。
具体论文问题：P16-C;P16-D;P16-A;P16-R;P16-F
完整Scholar/DBLP论文列表及CCF/CORE目录未获取；当前公开材料可能漏项。",16
Qiushi Sun（论文 #57，身份待核验）,2024；论文#57；待核验,待核验,身份待核验,待核验,论文合作者（身份待核验）,待核验,待核验,待核验,推理与决策规划,未公开,"论文信息汇总.csv 序57：摘要、研究内容、创新点；内容仅据摘要/Introduction归纳。
仅取得可靠元数据或摘要；未取得可读全文。
https://arxiv.org/abs/2310.00280；访问2026-09-17；arXiv作者顺序和摘要。
CV：https://ikekonglp.github.io/lingpenk_cv.pdf；第7页；版本2026-01-27。
原文摘要依据：“Large Language Models (LLMs) are evolving at an unprecedented pace and have exhibited considerable capability in the realm of natural language processing (NLP) with world knowledge. Benefiting from ul”。
仅确认论文内原姓名署名；跨论文身份未确认。https://qiushisun.github.io/
https://aclanthology.org/people/qiushi-sun/","身份待核验；按单篇保留，不跨论文合并同名者。达到重点候选筛选阈值；已查可定位来源，身份/历史履历仍未确认。
具体论文问题：P57-C;P57-D;P57-A;P57-R;P57-F
完整Scholar/DBLP论文列表及CCF/CORE目录未获取；当前公开材料可能漏项。",57
Qiushi Sun（论文 #144，身份待核验）,2024；论文#144；待核验,待核验,身份待核验,待核验,论文合作者（身份待核验）,待核验,待核验,待核验,代码生成与纠错,未公开,"论文信息汇总.csv 序144：摘要、研究内容、创新点；内容仅据摘要/Introduction归纳。
仅取得可靠元数据或摘要；未取得可读全文。
https://arxiv.org/abs/2403.14734；访问2026-09-17；arXiv作者顺序和摘要。
原文摘要依据：“Neural Code Intelligence -- leveraging deep learning to understand, generate, and optimize code -- holds immense potential for transformative impacts on the whole society. Bridging the gap between Nat”。
仅确认论文内原姓名署名；跨论文身份未确认。https://qiushisun.github.io/
https://aclanthology.org/people/qiushi-sun/","身份待核验；按单篇保留，不跨论文合并同名者。达到重点候选筛选阈值；已查可定位来源，身份/历史履历仍未确认。
具体论文问题：P144-C;P144-D;P144-A;P144-R
完整Scholar/DBLP论文列表及CCF/CORE目录未获取；当前公开材料可能漏项。",144
Qiushi Sun（论文 #158，身份待核验）,2026；论文#158；待核验,待核验,身份待核验,待核验,论文合作者（身份待核验）,待核验,待核验,待核验,工具智能体与任务评测,未公开,"论文信息汇总.csv 序158：摘要、研究内容、创新点；内容仅据摘要/Introduction归纳。
仅取得可靠元数据或摘要；未取得可读全文。
https://aclanthology.org/2026.acl-long.431/；访问2026-09-17；ACL作者顺序、发表信息与摘要。
原文摘要依据：“Computer-using agents powered by Vision-Language Models (VLMs) have demonstrated human-like capabilities in operating digital environments like mobile platforms. While these agents hold great promise ”。
仅确认论文内原姓名署名；跨论文身份未确认。https://qiushisun.github.io/
https://aclanthology.org/people/qiushi-sun/","身份待核验；按单篇保留，不跨论文合并同名者。达到重点候选筛选阈值；已查可定位来源，身份/历史履历仍未确认。
具体论文问题：P158-C;P158-D;P158-A;P158-R
完整Scholar/DBLP论文列表及CCF/CORE目录未获取；当前公开材料可能漏项。",158
Qiushi Sun（论文 #176，身份待核验）,2026；论文#176；待核验,待核验,身份待核验,待核验,论文合作者（身份待核验）,待核验,待核验,待核验,工具智能体与任务评测,未公开,"论文信息汇总.csv 序176：摘要、研究内容、创新点；内容仅据摘要/Introduction归纳。
仅取得可靠元数据或摘要；未取得可读全文。
https://arxiv.org/abs/2607.28609；访问2026-09-17；arXiv作者顺序和摘要。
原文摘要依据：“Computer-using agents (CUAs) are advancing rapidly across the digital world. A CUA trajectory records the agent's actions, states, and reasoning. Verifying whether it fulfilled the task instruction is”。
仅确认论文内原姓名署名；跨论文身份未确认。https://qiushisun.github.io/
https://aclanthology.org/people/qiushi-sun/","身份待核验；按单篇保留，不跨论文合并同名者。达到重点候选筛选阈值；已查可定位来源，身份/历史履历仍未确认。
具体论文问题：P176-C;P176-D;P176-A;P176-R
完整Scholar/DBLP论文列表及CCF/CORE目录未获取；当前公开材料可能漏项。",176
Zhoumianze Liu（论文 #16，身份待核验）,2026；论文#16；待核验,待核验,身份待核验,待核验,论文合作者（身份待核验）,待核验,待核验,待核验,工具智能体与任务评测,未公开,"论文信息汇总.csv 序16：摘要、研究内容、创新点；内容仅据摘要/Introduction归纳。
仅取得可靠元数据或摘要；未取得可读全文。
https://arxiv.org/abs/2505.19897；访问2026-09-17；arXiv作者顺序和摘要。
CV：https://ikekonglp.github.io/lingpenk_cv.pdf；第4页；版本2026-01-27。
原文摘要依据：“Large Language Models (LLMs) have extended their impact beyond Natural Language Processing, substantially fostering the development of interdisciplinary research. Recently, various LLM-based agents ha”。
仅确认论文内原姓名署名；跨论文身份未确认。https://aclanthology.org/people/zhoumianze-liu/","身份待核验；按单篇保留，不跨论文合并同名者。达到重点候选筛选阈值；已查可定位来源，身份/历史履历仍未确认。
具体论文问题：P16-C;P16-D;P16-A;P16-R;P16-F
完整Scholar/DBLP论文列表及CCF/CORE目录未获取；当前公开材料可能漏项。",16
Zhoumianze Liu（论文 #143，身份待核验）,2024；论文#143；待核验,待核验,身份待核验,待核验,论文合作者（身份待核验）,待核验,待核验,待核验,工具智能体与任务评测,未公开,"论文信息汇总.csv 序143：摘要、研究内容、创新点；内容仅据摘要/Introduction归纳。
仅取得可靠元数据或摘要；未取得可读全文。
https://arxiv.org/abs/2402.07456；访问2026-09-17；arXiv作者顺序和摘要。
原文摘要依据：“Autonomous interaction with the computer has been a longstanding challenge with great potential, and the recent proliferation of large language models (LLMs) has markedly accelerated progress in build”。
仅确认论文内原姓名署名；跨论文身份未确认。https://aclanthology.org/people/zhoumianze-liu/","身份待核验；按单篇保留，不跨论文合并同名者。达到重点候选筛选阈值；已查可定位来源，身份/历史履历仍未确认。
具体论文问题：P143-C;P143-D;P143-A;P143-R
完整Scholar/DBLP论文列表及CCF/CORE目录未获取；当前公开材料可能漏项。",143
Zhoumianze Liu（论文 #158，身份待核验）,2026；论文#158；待核验,待核验,身份待核验,待核验,论文合作者（身份待核验）,待核验,待核验,待核验,工具智能体与任务评测,未公开,"论文信息汇总.csv 序158：摘要、研究内容、创新点；内容仅据摘要/Introduction归纳。
仅取得可靠元数据或摘要；未取得可读全文。
https://aclanthology.org/2026.acl-long.431/；访问2026-09-17；ACL作者顺序、发表信息与摘要。
原文摘要依据：“Computer-using agents powered by Vision-Language Models (VLMs) have demonstrated human-like capabilities in operating digital environments like mobile platforms. While these agents hold great promise ”。
仅确认论文内原姓名署名；跨论文身份未确认。https://aclanthology.org/people/zhoumianze-liu/","身份待核验；按单篇保留，不跨论文合并同名者。达到重点候选筛选阈值；已查可定位来源，身份/历史履历仍未确认。
具体论文问题：P158-C;P158-D;P158-A;P158-R
完整Scholar/DBLP论文列表及CCF/CORE目录未获取；当前公开材料可能漏项。",158
Zhoumianze Liu（论文 #176，身份待核验）,2026；论文#176；待核验,待核验,身份待核验,待核验,论文合作者（身份待核验）,待核验,待核验,待核验,工具智能体与任务评测,未公开,"论文信息汇总.csv 序176：摘要、研究内容、创新点；内容仅据摘要/Introduction归纳。
仅取得可靠元数据或摘要；未取得可读全文。
https://arxiv.org/abs/2607.28609；访问2026-09-17；arXiv作者顺序和摘要。
原文摘要依据：“Computer-using agents (CUAs) are advancing rapidly across the digital world. A CUA trajectory records the agent's actions, states, and reasoning. Verifying whether it fulfilled the task instruction is”。
仅确认论文内原姓名署名；跨论文身份未确认。https://aclanthology.org/people/zhoumianze-liu/","身份待核验；按单篇保留，不跨论文合并同名者。达到重点候选筛选阈值；已查可定位来源，身份/历史履历仍未确认。
具体论文问题：P176-C;P176-D;P176-A;P176-R
完整Scholar/DBLP论文列表及CCF/CORE目录未获取；当前公开材料可能漏项。",176
Zichen Ding（论文 #16，身份待核验）,2026；论文#16；待核验,待核验,身份待核验,待核验,论文合作者（身份待核验）,待核验,待核验,待核验,工具智能体与任务评测,未公开,"论文信息汇总.csv 序16：摘要、研究内容、创新点；内容仅据摘要/Introduction归纳。
仅取得可靠元数据或摘要；未取得可读全文。
https://arxiv.org/abs/2505.19897；访问2026-09-17；arXiv作者顺序和摘要。
CV：https://ikekonglp.github.io/lingpenk_cv.pdf；第4页；版本2026-01-27。
原文摘要依据：“Large Language Models (LLMs) have extended their impact beyond Natural Language Processing, substantially fostering the development of interdisciplinary research. Recently, various LLM-based agents ha”。
仅确认论文内原姓名署名；跨论文身份未确认。https://aclanthology.org/people/zichen-ding/","身份待核验；按单篇保留，不跨论文合并同名者。达到重点候选筛选阈值；已查可定位来源，身份/历史履历仍未确认。
具体论文问题：P16-C;P16-D;P16-A;P16-R;P16-F
完整Scholar/DBLP论文列表及CCF/CORE目录未获取；当前公开材料可能漏项。",16
Zichen Ding（论文 #143，身份待核验）,2024；论文#143；待核验,待核验,身份待核验,待核验,论文合作者（身份待核验）,待核验,待核验,待核验,工具智能体与任务评测,未公开,"论文信息汇总.csv 序143：摘要、研究内容、创新点；内容仅据摘要/Introduction归纳。
仅取得可靠元数据或摘要；未取得可读全文。
https://arxiv.org/abs/2402.07456；访问2026-09-17；arXiv作者顺序和摘要。
原文摘要依据：“Autonomous interaction with the computer has been a longstanding challenge with great potential, and the recent proliferation of large language models (LLMs) has markedly accelerated progress in build”。
仅确认论文内原姓名署名；跨论文身份未确认。https://aclanthology.org/people/zichen-ding/","身份待核验；按单篇保留，不跨论文合并同名者。达到重点候选筛选阈值；已查可定位来源，身份/历史履历仍未确认。
具体论文问题：P143-C;P143-D;P143-A;P143-R
完整Scholar/DBLP论文列表及CCF/CORE目录未获取；当前公开材料可能漏项。",143
Zichen Ding（论文 #158，身份待核验）,2026；论文#158；待核验,待核验,身份待核验,待核验,论文合作者（身份待核验）,待核验,待核验,待核验,工具智能体与任务评测,未公开,"论文信息汇总.csv 序158：摘要、研究内容、创新点；内容仅据摘要/Introduction归纳。
仅取得可靠元数据或摘要；未取得可读全文。
https://aclanthology.org/2026.acl-long.431/；访问2026-09-17；ACL作者顺序、发表信息与摘要。
原文摘要依据：“Computer-using agents powered by Vision-Language Models (VLMs) have demonstrated human-like capabilities in operating digital environments like mobile platforms. While these agents hold great promise ”。
仅确认论文内原姓名署名；跨论文身份未确认。https://aclanthology.org/people/zichen-ding/","身份待核验；按单篇保留，不跨论文合并同名者。达到重点候选筛选阈值；已查可定位来源，身份/历史履历仍未确认。
具体论文问题：P158-C;P158-D;P158-A;P158-R
完整Scholar/DBLP论文列表及CCF/CORE目录未获取；当前公开材料可能漏项。",158
Zichen Ding（论文 #176，身份待核验）,2026；论文#176；待核验,待核验,身份待核验,待核验,论文合作者（身份待核验）,待核验,待核验,待核验,工具智能体与任务评测,未公开,"论文信息汇总.csv 序176：摘要、研究内容、创新点；内容仅据摘要/Introduction归纳。
仅取得可靠元数据或摘要；未取得可读全文。
https://arxiv.org/abs/2607.28609；访问2026-09-17；arXiv作者顺序和摘要。
原文摘要依据：“Computer-using agents (CUAs) are advancing rapidly across the digital world. A CUA trajectory records the agent's actions, states, and reasoning. Verifying whether it fulfilled the task instruction is”。
仅确认论文内原姓名署名；跨论文身份未确认。https://aclanthology.org/people/zichen-ding/","身份待核验；按单篇保留，不跨论文合并同名者。达到重点候选筛选阈值；已查可定位来源，身份/历史履历仍未确认。
具体论文问题：P176-C;P176-D;P176-A;P176-R
完整Scholar/DBLP论文列表及CCF/CORE目录未获取；当前公开材料可能漏项。",176
Fangzhi Xu（论文 #16，身份待核验）,2026；论文#16；待核验,待核验,身份待核验,待核验,论文合作者（身份待核验）,待核验,待核验,待核验,工具智能体与任务评测,未公开,"论文信息汇总.csv 序16：摘要、研究内容、创新点；内容仅据摘要/Introduction归纳。
仅取得可靠元数据或摘要；未取得可读全文。
https://arxiv.org/abs/2505.19897；访问2026-09-17；arXiv作者顺序和摘要。
CV：https://ikekonglp.github.io/lingpenk_cv.pdf；第4页；版本2026-01-27。
原文摘要依据：“Large Language Models (LLMs) have extended their impact beyond Natural Language Processing, substantially fostering the development of interdisciplinary research. Recently, various LLM-based agents ha”。
仅确认论文内原姓名署名；跨论文身份未确认。https://aclanthology.org/people/fangzhi-xu/","身份待核验；按单篇保留，不跨论文合并同名者。达到重点候选筛选阈值；已查可定位来源，身份/历史履历仍未确认。
具体论文问题：P16-C;P16-D;P16-A;P16-R;P16-F
完整Scholar/DBLP论文列表及CCF/CORE目录未获取；当前公开材料可能漏项。",16
Fangzhi Xu（论文 #144，身份待核验）,2024；论文#144；待核验,待核验,身份待核验,待核验,论文合作者（身份待核验）,待核验,待核验,待核验,代码生成与纠错,未公开,"论文信息汇总.csv 序144：摘要、研究内容、创新点；内容仅据摘要/Introduction归纳。
仅取得可靠元数据或摘要；未取得可读全文。
https://arxiv.org/abs/2403.14734；访问2026-09-17；arXiv作者顺序和摘要。
原文摘要依据：“Neural Code Intelligence -- leveraging deep learning to understand, generate, and optimize code -- holds immense potential for transformative impacts on the whole society. Bridging the gap between Nat”。
仅确认论文内原姓名署名；跨论文身份未确认。https://aclanthology.org/people/fangzhi-xu/","身份待核验；按单篇保留，不跨论文合并同名者。达到重点候选筛选阈值；已查可定位来源，身份/历史履历仍未确认。
具体论文问题：P144-C;P144-D;P144-A;P144-R
完整Scholar/DBLP论文列表及CCF/CORE目录未获取；当前公开材料可能漏项。",144
Fangzhi Xu（论文 #151，身份待核验）,2025；论文#151；西安交通大学,待核验,身份待核验,待核验,论文合作者（身份待核验）,待核验,待核验,待核验,生物通路推理,未公开,"论文信息汇总.csv 序151：摘要、研究内容、创新点；内容仅据摘要/Introduction归纳。
PDF：港大/Kong, Lingpeng/论文/2025_BioMaze_ Benchmarking and Enhancing Large Language Models for Biological Pathway Reasoning.pdf；第1页标题、作者单位与摘要；Introduction在已保存前3页内。
https://arxiv.org/abs/2502.16660；访问2026-09-17；arXiv作者顺序和摘要。
原文摘要依据：“The applications of large language models (LLMs) in various biological domains have been explored recently, but their reasoning ability in complex biological systems, such as pathways, remains underex”。
仅确认论文内原姓名署名；跨论文身份未确认。https://aclanthology.org/people/fangzhi-xu/","身份待核验；按单篇保留，不跨论文合并同名者。达到重点候选筛选阈值；已查可定位来源，身份/历史履历仍未确认。
具体论文问题：P151-C;P151-R
完整Scholar/DBLP论文列表及CCF/CORE目录未获取；当前公开材料可能漏项。",151
Fangzhi Xu（论文 #158，身份待核验）,2026；论文#158；待核验,待核验,身份待核验,待核验,论文合作者（身份待核验）,待核验,待核验,待核验,工具智能体与任务评测,未公开,"论文信息汇总.csv 序158：摘要、研究内容、创新点；内容仅据摘要/Introduction归纳。
仅取得可靠元数据或摘要；未取得可读全文。
https://aclanthology.org/2026.acl-long.431/；访问2026-09-17；ACL作者顺序、发表信息与摘要。
原文摘要依据：“Computer-using agents powered by Vision-Language Models (VLMs) have demonstrated human-like capabilities in operating digital environments like mobile platforms. While these agents hold great promise ”。
仅确认论文内原姓名署名；跨论文身份未确认。https://aclanthology.org/people/fangzhi-xu/","身份待核验；按单篇保留，不跨论文合并同名者。达到重点候选筛选阈值；已查可定位来源，身份/历史履历仍未确认。
具体论文问题：P158-C;P158-D;P158-A;P158-R
完整Scholar/DBLP论文列表及CCF/CORE目录未获取；当前公开材料可能漏项。",158
Fangzhi Xu（论文 #176，身份待核验）,2026；论文#176；待核验,待核验,身份待核验,待核验,论文合作者（身份待核验）,待核验,待核验,待核验,工具智能体与任务评测,未公开,"论文信息汇总.csv 序176：摘要、研究内容、创新点；内容仅据摘要/Introduction归纳。
仅取得可靠元数据或摘要；未取得可读全文。
https://arxiv.org/abs/2607.28609；访问2026-09-17；arXiv作者顺序和摘要。
原文摘要依据：“Computer-using agents (CUAs) are advancing rapidly across the digital world. A CUA trajectory records the agent's actions, states, and reasoning. Verifying whether it fulfilled the task instruction is”。
仅确认论文内原姓名署名；跨论文身份未确认。https://aclanthology.org/people/fangzhi-xu/","身份待核验；按单篇保留，不跨论文合并同名者。达到重点候选筛选阈值；已查可定位来源，身份/历史履历仍未确认。
具体论文问题：P176-C;P176-D;P176-A;P176-R
完整Scholar/DBLP论文列表及CCF/CORE目录未获取；当前公开材料可能漏项。",176
Zhangyue Yin（论文 #16，身份待核验）,2026；论文#16；待核验,待核验,身份待核验,待核验,论文合作者（身份待核验）,待核验,待核验,待核验,工具智能体与任务评测,未公开,"论文信息汇总.csv 序16：摘要、研究内容、创新点；内容仅据摘要/Introduction归纳。
仅取得可靠元数据或摘要；未取得可读全文。
https://arxiv.org/abs/2505.19897；访问2026-09-17；arXiv作者顺序和摘要。
CV：https://ikekonglp.github.io/lingpenk_cv.pdf；第4页；版本2026-01-27。
原文摘要依据：“Large Language Models (LLMs) have extended their impact beyond Natural Language Processing, substantially fostering the development of interdisciplinary research. Recently, various LLM-based agents ha”。
仅确认论文内原姓名署名；跨论文身份未确认。https://aclanthology.org/people/zhangyue-yin/","身份待核验；按单篇保留，不跨论文合并同名者。达到重点候选筛选阈值；已查可定位来源，身份/历史履历仍未确认。
具体论文问题：P16-C;P16-D;P16-A;P16-R;P16-F
完整Scholar/DBLP论文列表及CCF/CORE目录未获取；当前公开材料可能漏项。",16
Zhangyue Yin（论文 #57，身份待核验）,2024；论文#57；待核验,待核验,身份待核验,待核验,论文合作者（身份待核验）,待核验,待核验,待核验,推理与决策规划,未公开,"论文信息汇总.csv 序57：摘要、研究内容、创新点；内容仅据摘要/Introduction归纳。
仅取得可靠元数据或摘要；未取得可读全文。
https://arxiv.org/abs/2310.00280；访问2026-09-17；arXiv作者顺序和摘要。
CV：https://ikekonglp.github.io/lingpenk_cv.pdf；第7页；版本2026-01-27。
原文摘要依据：“Large Language Models (LLMs) are evolving at an unprecedented pace and have exhibited considerable capability in the realm of natural language processing (NLP) with world knowledge. Benefiting from ul”。
仅确认论文内原姓名署名；跨论文身份未确认。https://aclanthology.org/people/zhangyue-yin/","身份待核验；按单篇保留，不跨论文合并同名者。达到重点候选筛选阈值；已查可定位来源，身份/历史履历仍未确认。
具体论文问题：P57-C;P57-D;P57-A;P57-R;P57-F
完整Scholar/DBLP论文列表及CCF/CORE目录未获取；当前公开材料可能漏项。",57
Zhangyue Yin（论文 #144，身份待核验）,2024；论文#144；待核验,待核验,身份待核验,待核验,论文合作者（身份待核验）,待核验,待核验,待核验,代码生成与纠错,未公开,"论文信息汇总.csv 序144：摘要、研究内容、创新点；内容仅据摘要/Introduction归纳。
仅取得可靠元数据或摘要；未取得可读全文。
https://arxiv.org/abs/2403.14734；访问2026-09-17；arXiv作者顺序和摘要。
原文摘要依据：“Neural Code Intelligence -- leveraging deep learning to understand, generate, and optimize code -- holds immense potential for transformative impacts on the whole society. Bridging the gap between Nat”。
仅确认论文内原姓名署名；跨论文身份未确认。https://aclanthology.org/people/zhangyue-yin/","身份待核验；按单篇保留，不跨论文合并同名者。达到重点候选筛选阈值；已查可定位来源，身份/历史履历仍未确认。
具体论文问题：P144-C;P144-D;P144-A;P144-R
完整Scholar/DBLP论文列表及CCF/CORE目录未获取；当前公开材料可能漏项。",144
Zhangyue Yin（论文 #158，身份待核验）,2026；论文#158；待核验,待核验,身份待核验,待核验,论文合作者（身份待核验）,待核验,待核验,待核验,工具智能体与任务评测,未公开,"论文信息汇总.csv 序158：摘要、研究内容、创新点；内容仅据摘要/Introduction归纳。
仅取得可靠元数据或摘要；未取得可读全文。
https://aclanthology.org/2026.acl-long.431/；访问2026-09-17；ACL作者顺序、发表信息与摘要。
原文摘要依据：“Computer-using agents powered by Vision-Language Models (VLMs) have demonstrated human-like capabilities in operating digital environments like mobile platforms. While these agents hold great promise ”。
仅确认论文内原姓名署名；跨论文身份未确认。https://aclanthology.org/people/zhangyue-yin/","身份待核验；按单篇保留，不跨论文合并同名者。达到重点候选筛选阈值；已查可定位来源，身份/历史履历仍未确认。
具体论文问题：P158-C;P158-D;P158-A;P158-R
完整Scholar/DBLP论文列表及CCF/CORE目录未获取；当前公开材料可能漏项。",158
Zhangyue Yin（论文 #176，身份待核验）,2026；论文#176；待核验,待核验,身份待核验,待核验,论文合作者（身份待核验）,待核验,待核验,待核验,工具智能体与任务评测,未公开,"论文信息汇总.csv 序176：摘要、研究内容、创新点；内容仅据摘要/Introduction归纳。
仅取得可靠元数据或摘要；未取得可读全文。
https://arxiv.org/abs/2607.28609；访问2026-09-17；arXiv作者顺序和摘要。
原文摘要依据：“Computer-using agents (CUAs) are advancing rapidly across the digital world. A CUA trajectory records the agent's actions, states, and reasoning. Verifying whether it fulfilled the task instruction is”。
仅确认论文内原姓名署名；跨论文身份未确认。https://aclanthology.org/people/zhangyue-yin/","身份待核验；按单篇保留，不跨论文合并同名者。达到重点候选筛选阈值；已查可定位来源，身份/历史履历仍未确认。
具体论文问题：P176-C;P176-D;P176-A;P176-R
完整Scholar/DBLP论文列表及CCF/CORE目录未获取；当前公开材料可能漏项。",176
Haiteng Zhao,"2023；论文#78；待核验
2024；论文#54；待核验
2024；论文#56；北京大学
2025；论文#42；北京大学
2025；论文#151；北京大学
2026；论文#16；待核验",上海人工智能实验室,北京大学博士2025毕业；现上海人工智能实验室，入职月份未公开,研究员,论文合作者,6,2023,2026,分子零样本学习；蛋白质表示学习；工具智能体与任务评测；推理与决策规划；生物通路推理,未公开,https://zhao-ht.github.io/haitengzhao/；访问2026-09-17；原文依据：“Shanghai AI”。历史指导/时间另见https://ikekonglp.github.io/lingpenk_cv.pdf第1-2页（版本2026-01-27）；校友更新见https://hkunlp.github.io/people/。核验状态：公开身份部分确认；局限见待核验问题。,"历史身份具体起始与共同项目未核验。
具体论文问题：P78-C;P78-D;P78-A;P78-R;P78-F;P54-C;P54-A;P54-R;P54-V;P56-C;P56-R;P56-F;P42-C;P42-R;P42-F;P151-C;P151-R;P16-C;P16-D;P16-A;P16-R;P16-F
完整Scholar/DBLP论文列表及CCF/CORE目录未获取；当前公开材料可能漏项。;CP99;CP100;CP101;CP102;CP103",78;54;56;42;151;16
Zhenyu Wu,"2025；论文#44；待核验
2026；论文#16；待核验",上海交通大学（CV；现况待核验）,2023起；上海交通大学博士生（CV）,博士生（CV）,导师—学生,2,2025,2026,扩散推理与规划；工具智能体与任务评测,未公开,"https://ikekonglp.github.io/lingpenk_cv.pdf；访问2026-09-17；原文依据：“Zhenyu Wu (2023-, SJTU)”。历史指导/时间另见https://ikekonglp.github.io/lingpenk_cv.pdf第1-2页（版本2026-01-27）；校友更新见https://hkunlp.github.io/people/。核验状态：公开身份部分确认；局限见待核验问题。","联合培养安排、具体起止日期及独立主页未核验。
具体论文问题：P44-C;P44-D;P44-A;P44-R;P44-F;P16-C;P16-D;P16-A;P16-R;P16-F
完整Scholar/DBLP论文列表及CCF/CORE目录未获取；当前公开材料可能漏项。",44;16
Kanzhi Cheng（论文 #16，身份待核验）,2026；论文#16；待核验,待核验,身份待核验,待核验,论文合作者（身份待核验）,待核验,待核验,待核验,工具智能体与任务评测,未公开,"论文信息汇总.csv 序16：摘要、研究内容、创新点；内容仅据摘要/Introduction归纳。
仅取得可靠元数据或摘要；未取得可读全文。
https://arxiv.org/abs/2505.19897；访问2026-09-17；arXiv作者顺序和摘要。
CV：https://ikekonglp.github.io/lingpenk_cv.pdf；第4页；版本2026-01-27。
原文摘要依据：“Large Language Models (LLMs) have extended their impact beyond Natural Language Processing, substantially fostering the development of interdisciplinary research. Recently, various LLM-based agents ha”。
仅确认论文内原姓名署名；跨论文身份未确认。https://aclanthology.org/people/kanzhi-cheng/","身份待核验；按单篇保留，不跨论文合并同名者。达到重点候选筛选阈值；已查可定位来源，身份/历史履历仍未确认。
具体论文问题：P16-C;P16-D;P16-A;P16-R;P16-F
完整Scholar/DBLP论文列表及CCF/CORE目录未获取；当前公开材料可能漏项。",16
Kanzhi Cheng（论文 #144，身份待核验）,2024；论文#144；待核验,待核验,身份待核验,待核验,论文合作者（身份待核验）,待核验,待核验,待核验,代码生成与纠错,未公开,"论文信息汇总.csv 序144：摘要、研究内容、创新点；内容仅据摘要/Introduction归纳。
仅取得可靠元数据或摘要；未取得可读全文。
https://arxiv.org/abs/2403.14734；访问2026-09-17；arXiv作者顺序和摘要。
原文摘要依据：“Neural Code Intelligence -- leveraging deep learning to understand, generate, and optimize code -- holds immense potential for transformative impacts on the whole society. Bridging the gap between Nat”。
仅确认论文内原姓名署名；跨论文身份未确认。https://aclanthology.org/people/kanzhi-cheng/","身份待核验；按单篇保留，不跨论文合并同名者。达到重点候选筛选阈值；已查可定位来源，身份/历史履历仍未确认。
具体论文问题：P144-C;P144-D;P144-A;P144-R
完整Scholar/DBLP论文列表及CCF/CORE目录未获取；当前公开材料可能漏项。",144
Kanzhi Cheng（论文 #158，身份待核验）,2026；论文#158；待核验,待核验,身份待核验,待核验,论文合作者（身份待核验）,待核验,待核验,待核验,工具智能体与任务评测,未公开,"论文信息汇总.csv 序158：摘要、研究内容、创新点；内容仅据摘要/Introduction归纳。
仅取得可靠元数据或摘要；未取得可读全文。
https://aclanthology.org/2026.acl-long.431/；访问2026-09-17；ACL作者顺序、发表信息与摘要。
原文摘要依据：“Computer-using agents powered by Vision-Language Models (VLMs) have demonstrated human-like capabilities in operating digital environments like mobile platforms. While these agents hold great promise ”。
仅确认论文内原姓名署名；跨论文身份未确认。https://aclanthology.org/people/kanzhi-cheng/","身份待核验；按单篇保留，不跨论文合并同名者。达到重点候选筛选阈值；已查可定位来源，身份/历史履历仍未确认。
具体论文问题：P158-C;P158-D;P158-A;P158-R
完整Scholar/DBLP论文列表及CCF/CORE目录未获取；当前公开材料可能漏项。",158
Kanzhi Cheng（论文 #176，身份待核验）,2026；论文#176；待核验,待核验,身份待核验,待核验,论文合作者（身份待核验）,待核验,待核验,待核验,工具智能体与任务评测,未公开,"论文信息汇总.csv 序176：摘要、研究内容、创新点；内容仅据摘要/Introduction归纳。
仅取得可靠元数据或摘要；未取得可读全文。
https://arxiv.org/abs/2607.28609；访问2026-09-17；arXiv作者顺序和摘要。
原文摘要依据：“Computer-using agents (CUAs) are advancing rapidly across the digital world. A CUA trajectory records the agent's actions, states, and reasoning. Verifying whether it fulfilled the task instruction is”。
仅确认论文内原姓名署名；跨论文身份未确认。https://aclanthology.org/people/kanzhi-cheng/","身份待核验；按单篇保留，不跨论文合并同名者。达到重点候选筛选阈值；已查可定位来源，身份/历史履历仍未确认。
具体论文问题：P176-C;P176-D;P176-A;P176-R
完整Scholar/DBLP论文列表及CCF/CORE目录未获取；当前公开材料可能漏项。",176
Zhaoyang Liu（论文 #16，身份待核验）,2026；论文#16；待核验,待核验,身份待核验,待核验,论文合作者（身份待核验）,待核验,待核验,待核验,工具智能体与任务评测,未公开,"论文信息汇总.csv 序16：摘要、研究内容、创新点；内容仅据摘要/Introduction归纳。
仅取得可靠元数据或摘要；未取得可读全文。
https://arxiv.org/abs/2505.19897；访问2026-09-17；arXiv作者顺序和摘要。
CV：https://ikekonglp.github.io/lingpenk_cv.pdf；第4页；版本2026-01-27。
原文摘要依据：“Large Language Models (LLMs) have extended their impact beyond Natural Language Processing, substantially fostering the development of interdisciplinary research. Recently, various LLM-based agents ha”。
仅确认论文内原姓名署名；跨论文身份未确认。","身份待核验；按单篇保留，不跨论文合并同名者。待核验（未深查）；原姓名整体未达到重点阈值。
具体论文问题：P16-C;P16-D;P16-A;P16-R;P16-F
完整Scholar/DBLP论文列表及CCF/CORE目录未获取；当前公开材料可能漏项。",16
Jianing Wang（论文 #16，身份待核验）,2026；论文#16；待核验,待核验,身份待核验,待核验,论文合作者（身份待核验）,待核验,待核验,待核验,工具智能体与任务评测,未公开,"论文信息汇总.csv 序16：摘要、研究内容、创新点；内容仅据摘要/Introduction归纳。
仅取得可靠元数据或摘要；未取得可读全文。
https://arxiv.org/abs/2505.19897；访问2026-09-17；arXiv作者顺序和摘要。
CV：https://ikekonglp.github.io/lingpenk_cv.pdf；第4页；版本2026-01-27。
原文摘要依据：“Large Language Models (LLMs) have extended their impact beyond Natural Language Processing, substantially fostering the development of interdisciplinary research. Recently, various LLM-based agents ha”。
仅确认论文内原姓名署名；跨论文身份未确认。","身份待核验；按单篇保留，不跨论文合并同名者。达到重点候选筛选阈值；已查可定位来源，身份/历史履历仍未确认。
具体论文问题：P16-C;P16-D;P16-A;P16-R;P16-F
完整Scholar/DBLP论文列表及CCF/CORE目录未获取；当前公开材料可能漏项。",16
Jianing Wang（论文 #144，身份待核验）,2024；论文#144；待核验,待核验,身份待核验,待核验,论文合作者（身份待核验）,待核验,待核验,待核验,代码生成与纠错,未公开,"论文信息汇总.csv 序144：摘要、研究内容、创新点；内容仅据摘要/Introduction归纳。
仅取得可靠元数据或摘要；未取得可读全文。
https://arxiv.org/abs/2403.14734；访问2026-09-17；arXiv作者顺序和摘要。
原文摘要依据：“Neural Code Intelligence -- leveraging deep learning to understand, generate, and optimize code -- holds immense potential for transformative impacts on the whole society. Bridging the gap between Nat”。
仅确认论文内原姓名署名；跨论文身份未确认。","身份待核验；按单篇保留，不跨论文合并同名者。达到重点候选筛选阈值；已查可定位来源，身份/历史履历仍未确认。
具体论文问题：P144-C;P144-D;P144-A;P144-R
完整Scholar/DBLP论文列表及CCF/CORE目录未获取；当前公开材料可能漏项。",144
Qintong Li,"2022；论文#96；香港大学
2022；论文#106；香港大学
2023；论文#82；待核验
2023；论文#85；香港大学
2024；论文#54；待核验
2024；论文#63；香港大学
2024；论文#67；香港大学
2025；论文#24；待核验
2025；论文#25；香港大学
2025；论文#48；香港大学
2025；论文#140；香港大学
2026；论文#16；待核验
2026；论文#166；香港大学",Qwen（依据导师2026-01-27 CV；当前任职仍待新公告复核）,2021-2025；香港大学博士生；毕业后Qwen研究科学家（CV）,研究科学家（CV）,导师—学生,13,2022,2026,任务数据合成；可控文本生成与一致性；解释生成；支持性对话；蛋白质表示学习；数学推理与题目合成；视觉语言理解；推理与决策规划；模型评价与奖励学习；工具智能体与任务评测,未公开,"https://qtli.github.io/；访问2026-09-17；原文依据：“Qintong Li (2021-2025), now a research scientist at Qwen”。历史指导/时间另见https://ikekonglp.github.io/lingpenk_cv.pdf第1-2页（版本2026-01-27）；校友更新见https://hkunlp.github.io/people/。核验状态：公开身份部分确认；局限见待核验问题。","个人主页残留final-year表述，与CV毕业/去向记录并列；入职月份未公开。
具体论文问题：P96-C;P96-A;P96-R;P106-C;P106-A;P82-C;P82-D;P82-A;P82-R;P85-C;P85-R;P54-C;P54-A;P54-R;P54-V;P63-C;P67-C;P67-R;P24-C;P24-D;P24-A;P24-R;P24-F;P25-C;P25-F;P48-C;P48-F;P48-V;P140-C;P140-R;P16-C;P16-D;P16-A;P16-R;P16-F;P166-C;P166-R
完整Scholar/DBLP论文列表及CCF/CORE目录未获取；当前公开材料可能漏项。;CP119;CP121;CP122;CP123",96;106;82;85;54;63;67;24;25;48;140;16;166
Xiangru Tang（论文 #16，身份待核验）,2026；论文#16；待核验,待核验,身份待核验,待核验,论文合作者（身份待核验）,待核验,待核验,待核验,工具智能体与任务评测,未公开,"论文信息汇总.csv 序16：摘要、研究内容、创新点；内容仅据摘要/Introduction归纳。
仅取得可靠元数据或摘要；未取得可读全文。
https://arxiv.org/abs/2505.19897；访问2026-09-17；arXiv作者顺序和摘要。
CV：https://ikekonglp.github.io/lingpenk_cv.pdf；第4页；版本2026-01-27。
原文摘要依据：“Large Language Models (LLMs) have extended their impact beyond Natural Language Processing, substantially fostering the development of interdisciplinary research. Recently, various LLM-based agents ha”。
仅确认论文内原姓名署名；跨论文身份未确认。","身份待核验；按单篇保留，不跨论文合并同名者。待核验（未深查）；原姓名整体未达到重点阈值。
具体论文问题：P16-C;P16-D;P16-A;P16-R;P16-F
完整Scholar/DBLP论文列表及CCF/CORE目录未获取；当前公开材料可能漏项。",16
Tianbao Xie（论文 #16，身份待核验）,2026；论文#16；待核验,待核验,身份待核验,待核验,论文合作者（身份待核验）,待核验,待核验,待核验,工具智能体与任务评测,未公开,"论文信息汇总.csv 序16：摘要、研究内容、创新点；内容仅据摘要/Introduction归纳。
仅取得可靠元数据或摘要；未取得可读全文。
https://arxiv.org/abs/2505.19897；访问2026-09-17；arXiv作者顺序和摘要。
CV：https://ikekonglp.github.io/lingpenk_cv.pdf；第4页；版本2026-01-27。
原文摘要依据：“Large Language Models (LLMs) have extended their impact beyond Natural Language Processing, substantially fostering the development of interdisciplinary research. Recently, various LLM-based agents ha”。
仅确认论文内原姓名署名；跨论文身份未确认。https://tianbaoxie.com/
https://aclanthology.org/people/tianbao-xie/unverified/","身份待核验；按单篇保留，不跨论文合并同名者。达到重点候选筛选阈值；已查可定位来源，身份/历史履历仍未确认。
具体论文问题：P16-C;P16-D;P16-A;P16-R;P16-F
完整Scholar/DBLP论文列表及CCF/CORE目录未获取；当前公开材料可能漏项。",16
Tianbao Xie（论文 #73，身份待核验）,2024；论文#73；香港大学；XLANG Lab,待核验,身份待核验,待核验,论文合作者（身份待核验）,待核验,待核验,待核验,工具智能体与任务评测,未公开,"论文信息汇总.csv 序73：摘要、研究内容、创新点；内容仅据摘要/Introduction归纳。
PDF：港大/Kong, Lingpeng/论文/2024_Lemur_ Harmonizing Natural Language and Code for Language Agents.pdf；第1页标题、作者单位与摘要；Introduction在已保存前3页内。
https://arxiv.org/abs/2310.06830；访问2026-09-17；arXiv作者顺序和摘要。
CV：https://ikekonglp.github.io/lingpenk_cv.pdf；第8页；版本2026-01-27。
PDF发表标记：“Published as a conference paper at ICLR 2024”。
原文摘要依据：“We introduce Lemur and Lemur-Chat, openly accessible language models optimized for both natural language and coding capabilities to serve as the backbone of versatile language agents. The evolution fr”。
仅确认论文内原姓名署名；跨论文身份未确认。https://tianbaoxie.com/
https://aclanthology.org/people/tianbao-xie/unverified/","身份待核验；按单篇保留，不跨论文合并同名者。达到重点候选筛选阈值；已查可定位来源，身份/历史履历仍未确认。
具体论文问题：P73-C;P73-R
完整Scholar/DBLP论文列表及CCF/CORE目录未获取；当前公开材料可能漏项。",73
Tianbao Xie（论文 #97，身份待核验）,2022；论文#97；待核验,待核验,身份待核验,待核验,论文合作者（身份待核验）,待核验,待核验,待核验,结构化知识理解,未公开,"论文信息汇总.csv 序97：摘要、研究内容、创新点；内容仅据摘要/Introduction归纳。
仅取得可靠元数据或摘要；未取得可读全文。
https://aclanthology.org/2022.emnlp-main.39/；访问2026-09-17；ACL作者顺序、发表信息与摘要。
CV：https://ikekonglp.github.io/lingpenk_cv.pdf；第10页；版本2026-01-27。
原文摘要依据：“Structured knowledge grounding (SKG) leverages structured knowledge to complete user requests, such as semantic parsing over databases and question answering over knowledge bases. Since the inputs and”。
仅确认论文内原姓名署名；跨论文身份未确认。https://tianbaoxie.com/
https://aclanthology.org/people/tianbao-xie/unverified/","身份待核验；按单篇保留，不跨论文合并同名者。达到重点候选筛选阈值；已查可定位来源，身份/历史履历仍未确认。
具体论文问题：P97-C;P97-D;P97-A;P97-R
完整Scholar/DBLP论文列表及CCF/CORE目录未获取；当前公开材料可能漏项。",97
Tianbao Xie（论文 #176，身份待核验）,2026；论文#176；待核验,待核验,身份待核验,待核验,论文合作者（身份待核验）,待核验,待核验,待核验,工具智能体与任务评测,未公开,"论文信息汇总.csv 序176：摘要、研究内容、创新点；内容仅据摘要/Introduction归纳。
仅取得可靠元数据或摘要；未取得可读全文。
https://arxiv.org/abs/2607.28609；访问2026-09-17；arXiv作者顺序和摘要。
原文摘要依据：“Computer-using agents (CUAs) are advancing rapidly across the digital world. A CUA trajectory records the agent's actions, states, and reasoning. Verifying whether it fulfilled the task instruction is”。
仅确认论文内原姓名署名；跨论文身份未确认。https://tianbaoxie.com/
https://aclanthology.org/people/tianbao-xie/unverified/","身份待核验；按单篇保留，不跨论文合并同名者。达到重点候选筛选阈值；已查可定位来源，身份/历史履历仍未确认。
具体论文问题：P176-C;P176-D;P176-A;P176-R
完整Scholar/DBLP论文列表及CCF/CORE目录未获取；当前公开材料可能漏项。",176
Wendong Xu（论文 #17，身份待核验）,2026；论文#17；香港大学,待核验,身份待核验,待核验,论文合作者（身份待核验）,待核验,待核验,待核验,工具智能体与任务评测,未公开,"论文信息汇总.csv 序17：摘要、研究内容、创新点；内容仅据摘要/Introduction归纳。
PDF：港大/Kong, Lingpeng/论文/2026_SwingArena_ Adversarial Programming Arena for Long-Context GitHub Issue Solving.pdf；第1页标题、作者单位与摘要；Introduction在已保存前3页内。
https://arxiv.org/abs/2505.23932；访问2026-09-17；arXiv作者顺序和摘要。
CV：https://ikekonglp.github.io/lingpenk_cv.pdf；第4页；版本2026-01-27。
PDF发表标记：“Published as a conference paper at ICLR 2026”。
原文摘要依据：“We present SwingArena, a competitive evaluation framework for Large Language Models (LLMs) that closely mirrors real-world software development workflows. Unlike traditional static benchmarks, SwingAr”。
仅确认论文内原姓名署名；跨论文身份未确认。","身份待核验；按单篇保留，不跨论文合并同名者。达到重点候选筛选阈值；已查可定位来源，身份/历史履历仍未确认。
具体论文问题：P17-C;P17-R;P17-V
完整Scholar/DBLP论文列表及CCF/CORE目录未获取；当前公开材料可能漏项。",17
Wendong Xu（论文 #156，身份待核验）,2025；论文#156；待核验,待核验,身份待核验,待核验,论文合作者（身份待核验）,待核验,待核验,待核验,社会智能与角色控制,未公开,"论文信息汇总.csv 序156：摘要、研究内容、创新点；内容仅据摘要/Introduction归纳。
仅取得可靠元数据或摘要；未取得可读全文。
https://arxiv.org/abs/2509.07403；访问2026-09-17；arXiv作者顺序和摘要。
原文摘要依据：“Large language models (LLMs) have made significant progress in Emotional Intelligence (EI) and long-context modeling. However, existing benchmarks often overlook the fact that emotional information pr”。
仅确认论文内原姓名署名；跨论文身份未确认。","身份待核验；按单篇保留，不跨论文合并同名者。达到重点候选筛选阈值；已查可定位来源，身份/历史履历仍未确认。
具体论文问题：P156-C;P156-D;P156-A;P156-R
完整Scholar/DBLP论文列表及CCF/CORE目录未获取；当前公开材料可能漏项。",156
Chenyang Zhao（论文 #17，身份待核验）,2026；论文#17；加州大学洛杉矶分校；LMSYS Org,待核验,身份待核验,待核验,论文合作者（身份待核验）,待核验,待核验,待核验,工具智能体与任务评测,未公开,"论文信息汇总.csv 序17：摘要、研究内容、创新点；内容仅据摘要/Introduction归纳。
PDF：港大/Kong, Lingpeng/论文/2026_SwingArena_ Adversarial Programming Arena for Long-Context GitHub Issue Solving.pdf；第1页标题、作者单位与摘要；Introduction在已保存前3页内。
https://arxiv.org/abs/2505.23932；访问2026-09-17；arXiv作者顺序和摘要。
CV：https://ikekonglp.github.io/lingpenk_cv.pdf；第4页；版本2026-01-27。
PDF发表标记：“Published as a conference paper at ICLR 2026”。
原文摘要依据：“We present SwingArena, a competitive evaluation framework for Large Language Models (LLMs) that closely mirrors real-world software development workflows. Unlike traditional static benchmarks, SwingAr”。
仅确认论文内原姓名署名；跨论文身份未确认。","身份待核验；按单篇保留，不跨论文合并同名者。达到重点候选筛选阈值；已查可定位来源，身份/历史履历仍未确认。
具体论文问题：P17-C;P17-R;P17-V
完整Scholar/DBLP论文列表及CCF/CORE目录未获取；当前公开材料可能漏项。",17
Chenyang Zhao（论文 #19，身份待核验）,2026；论文#19；待核验,待核验,身份待核验,待核验,论文合作者（身份待核验）,待核验,待核验,待核验,推理部署与参数效率,未公开,"论文信息汇总.csv 序19：摘要、研究内容、创新点；内容仅据摘要/Introduction归纳。
PDF：港大/Kong, Lingpeng/论文/2026_ATTS_ Asynchronous Test-Time Scaling via Conformal Prediction.pdf；第1页标题、作者单位与摘要；Introduction在已保存前3页内。
https://arxiv.org/abs/2509.15148；访问2026-09-17；arXiv作者顺序和摘要。
CV：https://ikekonglp.github.io/lingpenk_cv.pdf；第4页；版本2026-01-27。
PDF发表标记：“Published as a conference paper at ICLR 2026”。
原文摘要依据：“Large language models (LLMs) benefit from test-time scaling but are often hampered by high inference latency. Speculative decoding is a natural way to accelerate the scaling process; however, scaling ”。
仅确认论文内原姓名署名；跨论文身份未确认。","身份待核验；按单篇保留，不跨论文合并同名者。达到重点候选筛选阈值；已查可定位来源，身份/历史履历仍未确认。
具体论文问题：P19-C;P19-A;P19-R
完整Scholar/DBLP论文列表及CCF/CORE目录未获取；当前公开材料可能漏项。",19
Chenyang Zhao（论文 #37，身份待核验）,2025；论文#37；待核验,待核验,身份待核验,待核验,论文合作者（身份待核验）,待核验,待核验,待核验,长上下文建模与压缩,未公开,"论文信息汇总.csv 序37：摘要、研究内容、创新点；内容仅据摘要/Introduction归纳。
仅取得可靠元数据或摘要；未取得可读全文。
https://arxiv.org/abs/2502.14317；访问2026-09-17；arXiv作者顺序和摘要。
CV：https://ikekonglp.github.io/lingpenk_cv.pdf；第6页；版本2026-01-27。
原文摘要依据：“Extrapolating ultra-long contexts (text length >128K) remains a major challenge for large language models (LLMs), as most training-free extrapolation methods are not only severely limited by memory bo”。
仅确认论文内原姓名署名；跨论文身份未确认。","身份待核验；按单篇保留，不跨论文合并同名者。达到重点候选筛选阈值；已查可定位来源，身份/历史履历仍未确认。
具体论文问题：P37-C;P37-D;P37-A;P37-R;P37-F
完整Scholar/DBLP论文列表及CCF/CORE目录未获取；当前公开材料可能漏项。",37
Chenyang Zhao（论文 #163，身份待核验）,2026；论文#163；待核验,待核验,身份待核验,待核验,论文合作者（身份待核验）,待核验,待核验,待核验,形式化定理证明,未公开,"论文信息汇总.csv 序163：摘要、研究内容、创新点；内容仅据摘要/Introduction归纳。
仅取得可靠元数据或摘要；未取得可读全文。
https://arxiv.org/abs/2601.03017；访问2026-09-17；arXiv作者顺序和摘要。
原文摘要依据：“Autoformalization, which translates natural language mathematics into formal statements to enable machine reasoning, faces fundamental challenges in the wild due to the multimodal nature of the physic”。
仅确认论文内原姓名署名；跨论文身份未确认。","身份待核验；按单篇保留，不跨论文合并同名者。达到重点候选筛选阈值；已查可定位来源，身份/历史履历仍未确认。
具体论文问题：P163-C;P163-D;P163-A;P163-R
完整Scholar/DBLP论文列表及CCF/CORE目录未获取；当前公开材料可能漏项。",163
Qiujiang Chen（论文 #17，身份待核验）,2026；论文#17；LMSYS Org,待核验,身份待核验,待核验,论文合作者（身份待核验）,待核验,待核验,待核验,工具智能体与任务评测,未公开,"论文信息汇总.csv 序17：摘要、研究内容、创新点；内容仅据摘要/Introduction归纳。
PDF：港大/Kong, Lingpeng/论文/2026_SwingArena_ Adversarial Programming Arena for Long-Context GitHub Issue Solving.pdf；第1页标题、作者单位与摘要；Introduction在已保存前3页内。
https://arxiv.org/abs/2505.23932；访问2026-09-17；arXiv作者顺序和摘要。
CV：https://ikekonglp.github.io/lingpenk_cv.pdf；第4页；版本2026-01-27。
PDF发表标记：“Published as a conference paper at ICLR 2026”。
原文摘要依据：“We present SwingArena, a competitive evaluation framework for Large Language Models (LLMs) that closely mirrors real-world software development workflows. Unlike traditional static benchmarks, SwingAr”。
仅确认论文内原姓名署名；跨论文身份未确认。","身份待核验；按单篇保留，不跨论文合并同名者。达到重点候选筛选阈值；已查可定位来源，身份/历史履历仍未确认。
具体论文问题：P17-C;P17-R;P17-V
完整Scholar/DBLP论文列表及CCF/CORE目录未获取；当前公开材料可能漏项。",17
Qiujiang Chen（论文 #19，身份待核验）,2026；论文#19；待核验,待核验,身份待核验,待核验,论文合作者（身份待核验）,待核验,待核验,待核验,推理部署与参数效率,未公开,"论文信息汇总.csv 序19：摘要、研究内容、创新点；内容仅据摘要/Introduction归纳。
PDF：港大/Kong, Lingpeng/论文/2026_ATTS_ Asynchronous Test-Time Scaling via Conformal Prediction.pdf；第1页标题、作者单位与摘要；Introduction在已保存前3页内。
https://arxiv.org/abs/2509.15148；访问2026-09-17；arXiv作者顺序和摘要。
CV：https://ikekonglp.github.io/lingpenk_cv.pdf；第4页；版本2026-01-27。
PDF发表标记：“Published as a conference paper at ICLR 2026”。
原文摘要依据：“Large language models (LLMs) benefit from test-time scaling but are often hampered by high inference latency. Speculative decoding is a natural way to accelerate the scaling process; however, scaling ”。
仅确认论文内原姓名署名；跨论文身份未确认。","身份待核验；按单篇保留，不跨论文合并同名者。达到重点候选筛选阈值；已查可定位来源，身份/历史履历仍未确认。
具体论文问题：P19-C;P19-A;P19-R
完整Scholar/DBLP论文列表及CCF/CORE目录未获取；当前公开材料可能漏项。",19
Haoran Wang（论文 #17，身份待核验）,2026；论文#17；清华大学,待核验,身份待核验,待核验,论文合作者（身份待核验）,待核验,待核验,待核验,工具智能体与任务评测,未公开,"论文信息汇总.csv 序17：摘要、研究内容、创新点；内容仅据摘要/Introduction归纳。
PDF：港大/Kong, Lingpeng/论文/2026_SwingArena_ Adversarial Programming Arena for Long-Context GitHub Issue Solving.pdf；第1页标题、作者单位与摘要；Introduction在已保存前3页内。
https://arxiv.org/abs/2505.23932；访问2026-09-17；arXiv作者顺序和摘要。
CV：https://ikekonglp.github.io/lingpenk_cv.pdf；第4页；版本2026-01-27。
PDF发表标记：“Published as a conference paper at ICLR 2026”。
原文摘要依据：“We present SwingArena, a competitive evaluation framework for Large Language Models (LLMs) that closely mirrors real-world software development workflows. Unlike traditional static benchmarks, SwingAr”。
仅确认论文内原姓名署名；跨论文身份未确认。","身份待核验；按单篇保留，不跨论文合并同名者。待核验（未深查）；原姓名整体未达到重点阈值。
具体论文问题：P17-C;P17-R;P17-V
完整Scholar/DBLP论文列表及CCF/CORE目录未获取；当前公开材料可能漏项。",17
Jianbo Dai（论文 #17，身份待核验）,2026；论文#17；爱丁堡大学,待核验,身份待核验,待核验,论文合作者（身份待核验）,待核验,待核验,待核验,工具智能体与任务评测,未公开,"论文信息汇总.csv 序17：摘要、研究内容、创新点；内容仅据摘要/Introduction归纳。
PDF：港大/Kong, Lingpeng/论文/2026_SwingArena_ Adversarial Programming Arena for Long-Context GitHub Issue Solving.pdf；第1页标题、作者单位与摘要；Introduction在已保存前3页内。
https://arxiv.org/abs/2505.23932；访问2026-09-17；arXiv作者顺序和摘要。
CV：https://ikekonglp.github.io/lingpenk_cv.pdf；第4页；版本2026-01-27。
PDF发表标记：“Published as a conference paper at ICLR 2026”。
原文摘要依据：“We present SwingArena, a competitive evaluation framework for Large Language Models (LLMs) that closely mirrors real-world software development workflows. Unlike traditional static benchmarks, SwingAr”。
仅确认论文内原姓名署名；跨论文身份未确认。","身份待核验；按单篇保留，不跨论文合并同名者。待核验（未深查）；原姓名整体未达到重点阈值。
具体论文问题：P17-C;P17-R;P17-V
完整Scholar/DBLP论文列表及CCF/CORE目录未获取；当前公开材料可能漏项。",17
He Xiao（论文 #17，身份待核验）,2026；论文#17；香港大学,待核验,身份待核验,待核验,论文合作者（身份待核验）,待核验,待核验,待核验,工具智能体与任务评测,未公开,"论文信息汇总.csv 序17：摘要、研究内容、创新点；内容仅据摘要/Introduction归纳。
PDF：港大/Kong, Lingpeng/论文/2026_SwingArena_ Adversarial Programming Arena for Long-Context GitHub Issue Solving.pdf；第1页标题、作者单位与摘要；Introduction在已保存前3页内。
https://arxiv.org/abs/2505.23932；访问2026-09-17；arXiv作者顺序和摘要。
CV：https://ikekonglp.github.io/lingpenk_cv.pdf；第4页；版本2026-01-27。
PDF发表标记：“Published as a conference paper at ICLR 2026”。
原文摘要依据：“We present SwingArena, a competitive evaluation framework for Large Language Models (LLMs) that closely mirrors real-world software development workflows. Unlike traditional static benchmarks, SwingAr”。
仅确认论文内原姓名署名；跨论文身份未确认。","身份待核验；按单篇保留，不跨论文合并同名者。待核验（未深查）；原姓名整体未达到重点阈值。
具体论文问题：P17-C;P17-R;P17-V
完整Scholar/DBLP论文列表及CCF/CORE目录未获取；当前公开材料可能漏项。",17
Z. Morley Mao（论文 #17，身份待核验）,2026；论文#17；密歇根大学安娜堡分校,待核验,身份待核验,待核验,论文合作者（身份待核验）,待核验,待核验,待核验,工具智能体与任务评测,未公开,"论文信息汇总.csv 序17：摘要、研究内容、创新点；内容仅据摘要/Introduction归纳。
PDF：港大/Kong, Lingpeng/论文/2026_SwingArena_ Adversarial Programming Arena for Long-Context GitHub Issue Solving.pdf；第1页标题、作者单位与摘要；Introduction在已保存前3页内。
https://arxiv.org/abs/2505.23932；访问2026-09-17；arXiv作者顺序和摘要。
CV：https://ikekonglp.github.io/lingpenk_cv.pdf；第4页；版本2026-01-27。
PDF发表标记：“Published as a conference paper at ICLR 2026”。
原文摘要依据：“We present SwingArena, a competitive evaluation framework for Large Language Models (LLMs) that closely mirrors real-world software development workflows. Unlike traditional static benchmarks, SwingAr”。
仅确认论文内原姓名署名；跨论文身份未确认。","身份待核验；按单篇保留，不跨论文合并同名者。待核验（未深查）；原姓名整体未达到重点阈值。
具体论文问题：P17-C;P17-R;P17-V
完整Scholar/DBLP论文列表及CCF/CORE目录未获取；当前公开材料可能漏项。",17
Ying Sheng（论文 #17，身份待核验）,2026；论文#17；LMSYS Org,待核验,身份待核验,待核验,论文合作者（身份待核验）,待核验,待核验,待核验,工具智能体与任务评测,未公开,"论文信息汇总.csv 序17：摘要、研究内容、创新点；内容仅据摘要/Introduction归纳。
PDF：港大/Kong, Lingpeng/论文/2026_SwingArena_ Adversarial Programming Arena for Long-Context GitHub Issue Solving.pdf；第1页标题、作者单位与摘要；Introduction在已保存前3页内。
https://arxiv.org/abs/2505.23932；访问2026-09-17；arXiv作者顺序和摘要。
CV：https://ikekonglp.github.io/lingpenk_cv.pdf；第4页；版本2026-01-27。
PDF发表标记：“Published as a conference paper at ICLR 2026”。
原文摘要依据：“We present SwingArena, a competitive evaluation framework for Large Language Models (LLMs) that closely mirrors real-world software development workflows. Unlike traditional static benchmarks, SwingAr”。
仅确认论文内原姓名署名；跨论文身份未确认。","身份待核验；按单篇保留，不跨论文合并同名者。待核验（未深查）；原姓名整体未达到重点阈值。
具体论文问题：P17-C;P17-R;P17-V
完整Scholar/DBLP论文列表及CCF/CORE目录未获取；当前公开材料可能漏项。",17
Zhijiang Guo（论文 #17，身份待核验）,2026；论文#17；香港科技大学（广州）,待核验,身份待核验,待核验,论文合作者（身份待核验）,待核验,待核验,待核验,工具智能体与任务评测,未公开,"论文信息汇总.csv 序17：摘要、研究内容、创新点；内容仅据摘要/Introduction归纳。
PDF：港大/Kong, Lingpeng/论文/2026_SwingArena_ Adversarial Programming Arena for Long-Context GitHub Issue Solving.pdf；第1页标题、作者单位与摘要；Introduction在已保存前3页内。
https://arxiv.org/abs/2505.23932；访问2026-09-17；arXiv作者顺序和摘要。
CV：https://ikekonglp.github.io/lingpenk_cv.pdf；第4页；版本2026-01-27。
PDF发表标记：“Published as a conference paper at ICLR 2026”。
原文摘要依据：“We present SwingArena, a competitive evaluation framework for Large Language Models (LLMs) that closely mirrors real-world software development workflows. Unlike traditional static benchmarks, SwingAr”。
仅确认论文内原姓名署名；跨论文身份未确认。https://aclanthology.org/people/zhijiang-guo/","身份待核验；按单篇保留，不跨论文合并同名者。达到重点候选筛选阈值；已查可定位来源，身份/历史履历仍未确认。
具体论文问题：P17-C;P17-R;P17-V
完整Scholar/DBLP论文列表及CCF/CORE目录未获取；当前公开材料可能漏项。",17
Zhijiang Guo（论文 #29，身份待核验）,2025；论文#29；香港科技大学（广州）,待核验,身份待核验,待核验,论文合作者（身份待核验）,待核验,待核验,待核验,长上下文建模与压缩,未公开,"论文信息汇总.csv 序29：摘要、研究内容、创新点；内容仅据摘要/Introduction归纳。
PDF：港大/Kong, Lingpeng/论文/2025_UNComp_ Can Matrix Entropy Uncover Sparsity_ — A Compressor Design from an Uncertainty-Aware Perspective.pdf；第1页标题、作者单位与摘要；Introduction在已保存前3页内。
https://aclanthology.org/2025.emnlp-main.209/；访问2026-09-17；ACL作者顺序、发表信息与摘要。
CV：https://ikekonglp.github.io/lingpenk_cv.pdf；第5页；版本2026-01-27。
PDF发表标记：“Proceedings of the 2025 Conference on Empirical Methods in Natural Language Processing, pages 4179–4199”。
原文摘要依据：“Deploying large language models (LLMs) for long-context inference remains challenging due to their substantial memory and computational demands. While techniques such as Key-Value (KV) cache compressi”。
仅确认论文内原姓名署名；跨论文身份未确认。https://aclanthology.org/people/zhijiang-guo/","身份待核验；按单篇保留，不跨论文合并同名者。达到重点候选筛选阈值；已查可定位来源，身份/历史履历仍未确认。
具体论文问题：P29-C
完整Scholar/DBLP论文列表及CCF/CORE目录未获取；当前公开材料可能漏项。",29
Bei Yu（论文 #17，身份待核验）,2026；论文#17；香港中文大学,待核验,身份待核验,待核验,论文合作者（身份待核验）,待核验,待核验,待核验,工具智能体与任务评测,未公开,"论文信息汇总.csv 序17：摘要、研究内容、创新点；内容仅据摘要/Introduction归纳。
PDF：港大/Kong, Lingpeng/论文/2026_SwingArena_ Adversarial Programming Arena for Long-Context GitHub Issue Solving.pdf；第1页标题、作者单位与摘要；Introduction在已保存前3页内。
https://arxiv.org/abs/2505.23932；访问2026-09-17；arXiv作者顺序和摘要。
CV：https://ikekonglp.github.io/lingpenk_cv.pdf；第4页；版本2026-01-27。
PDF发表标记：“Published as a conference paper at ICLR 2026”。
原文摘要依据：“We present SwingArena, a competitive evaluation framework for Large Language Models (LLMs) that closely mirrors real-world software development workflows. Unlike traditional static benchmarks, SwingAr”。
仅确认论文内原姓名署名；跨论文身份未确认。","身份待核验；按单篇保留，不跨论文合并同名者。待核验（未深查）；原姓名整体未达到重点阈值。
具体论文问题：P17-C;P17-R;P17-V
完整Scholar/DBLP论文列表及CCF/CORE目录未获取；当前公开材料可能漏项。",17
Quanquan Gu（论文 #17，身份待核验）,2026；论文#17；加州大学洛杉矶分校,待核验,身份待核验,待核验,论文合作者（身份待核验）,待核验,待核验,待核验,工具智能体与任务评测,未公开,"论文信息汇总.csv 序17：摘要、研究内容、创新点；内容仅据摘要/Introduction归纳。
PDF：港大/Kong, Lingpeng/论文/2026_SwingArena_ Adversarial Programming Arena for Long-Context GitHub Issue Solving.pdf；第1页标题、作者单位与摘要；Introduction在已保存前3页内。
https://arxiv.org/abs/2505.23932；访问2026-09-17；arXiv作者顺序和摘要。
CV：https://ikekonglp.github.io/lingpenk_cv.pdf；第4页；版本2026-01-27。
PDF发表标记：“Published as a conference paper at ICLR 2026”。
原文摘要依据：“We present SwingArena, a competitive evaluation framework for Large Language Models (LLMs) that closely mirrors real-world software development workflows. Unlike traditional static benchmarks, SwingAr”。
仅确认论文内原姓名署名；跨论文身份未确认。","身份待核验；按单篇保留，不跨论文合并同名者。待核验（未深查）；原姓名整体未达到重点阈值。
具体论文问题：P17-C;P17-R;P17-V
完整Scholar/DBLP论文列表及CCF/CORE目录未获取；当前公开材料可能漏项。",17
Liang Zhao（论文 #18，身份待核验）,2026；论文#18；哈尔滨工业大学,待核验,身份待核验,待核验,论文合作者（身份待核验）,待核验,待核验,待核验,社会智能与角色控制,未公开,"论文信息汇总.csv 序18：摘要、研究内容、创新点；内容仅据摘要/Introduction归纳。
PDF：港大/Kong, Lingpeng/论文/2026_PERSONA_ Dynamic and Compositional Inference-Time Personality Control via Activation Vector Algebra.pdf；第1页标题、作者单位与摘要；Introduction在已保存前3页内。
https://arxiv.org/abs/2602.15669；访问2026-09-17；arXiv作者顺序和摘要。
CV：https://ikekonglp.github.io/lingpenk_cv.pdf；第4页；版本2026-01-27。
PDF发表标记：“Published as a conference paper at ICLR 2026”。
原文摘要依据：“Current methods for personality control in Large Language Models rely on static prompting or expensive fine-tuning, failing to capture the dynamic and compositional nature of human traits. We introduc”。
仅确认论文内原姓名署名；跨论文身份未确认。https://aclanthology.org/people/liang-zhao/","身份待核验；按单篇保留，不跨论文合并同名者。达到重点候选筛选阈值；已查可定位来源，身份/历史履历仍未确认。
具体论文问题：P18-C
完整Scholar/DBLP论文列表及CCF/CORE目录未获取；当前公开材料可能漏项。",18
Liang Zhao（论文 #35，身份待核验）,2025；论文#35；哈尔滨工业大学,待核验,身份待核验,待核验,论文合作者（身份待核验）,待核验,待核验,待核验,模型安全与可靠性,未公开,"论文信息汇总.csv 序35：摘要、研究内容、创新点；内容仅据摘要/Introduction归纳。
PDF：港大/Kong, Lingpeng/论文/2025_Alleviating Hallucinations from Knowledge Misalignment in Large Language Models via Selective Abstention Learning.pdf；第1页标题、作者单位与摘要；Introduction在已保存前3页内。
https://aclanthology.org/2025.acl-long.1199/；访问2026-09-17；ACL作者顺序、发表信息与摘要。
CV：https://ikekonglp.github.io/lingpenk_cv.pdf；第6页；版本2026-01-27。
PDF发表标记：“Proceedings of the 63rd Annual Meeting of the Association for Computational Linguistics (Volume 1: Long Papers), pages 24564–24579”。
原文摘要依据：“Large language models (LLMs) are known to suffer from severe hallucination issues. One of the main causes lies in the knowledge misalignment between the pre-training stage and the supervised fine-tuni”。
仅确认论文内原姓名署名；跨论文身份未确认。https://aclanthology.org/people/liang-zhao/","身份待核验；按单篇保留，不跨论文合并同名者。达到重点候选筛选阈值；已查可定位来源，身份/历史履历仍未确认。
具体论文问题：P35-C
完整Scholar/DBLP论文列表及CCF/CORE目录未获取；当前公开材料可能漏项。",35
Weihong Zhong（论文 #18，身份待核验）,2026；论文#18；哈尔滨工业大学,待核验,身份待核验,待核验,论文合作者（身份待核验）,待核验,待核验,待核验,社会智能与角色控制,未公开,"论文信息汇总.csv 序18：摘要、研究内容、创新点；内容仅据摘要/Introduction归纳。
PDF：港大/Kong, Lingpeng/论文/2026_PERSONA_ Dynamic and Compositional Inference-Time Personality Control via Activation Vector Algebra.pdf；第1页标题、作者单位与摘要；Introduction在已保存前3页内。
https://arxiv.org/abs/2602.15669；访问2026-09-17；arXiv作者顺序和摘要。
CV：https://ikekonglp.github.io/lingpenk_cv.pdf；第4页；版本2026-01-27。
PDF发表标记：“Published as a conference paper at ICLR 2026”。
原文摘要依据：“Current methods for personality control in Large Language Models rely on static prompting or expensive fine-tuning, failing to capture the dynamic and compositional nature of human traits. We introduc”。
仅确认论文内原姓名署名；跨论文身份未确认。https://aclanthology.org/people/weihong-zhong/","身份待核验；按单篇保留，不跨论文合并同名者。达到重点候选筛选阈值；已查可定位来源，身份/历史履历仍未确认。
具体论文问题：P18-C
完整Scholar/DBLP论文列表及CCF/CORE目录未获取；当前公开材料可能漏项。",18
Weihong Zhong（论文 #35，身份待核验）,2025；论文#35；哈尔滨工业大学,待核验,身份待核验,待核验,论文合作者（身份待核验）,待核验,待核验,待核验,模型安全与可靠性,未公开,"论文信息汇总.csv 序35：摘要、研究内容、创新点；内容仅据摘要/Introduction归纳。
PDF：港大/Kong, Lingpeng/论文/2025_Alleviating Hallucinations from Knowledge Misalignment in Large Language Models via Selective Abstention Learning.pdf；第1页标题、作者单位与摘要；Introduction在已保存前3页内。
https://aclanthology.org/2025.acl-long.1199/；访问2026-09-17；ACL作者顺序、发表信息与摘要。
CV：https://ikekonglp.github.io/lingpenk_cv.pdf；第6页；版本2026-01-27。
PDF发表标记：“Proceedings of the 63rd Annual Meeting of the Association for Computational Linguistics (Volume 1: Long Papers), pages 24564–24579”。
原文摘要依据：“Large language models (LLMs) are known to suffer from severe hallucination issues. One of the main causes lies in the knowledge misalignment between the pre-training stage and the supervised fine-tuni”。
仅确认论文内原姓名署名；跨论文身份未确认。https://aclanthology.org/people/weihong-zhong/","身份待核验；按单篇保留，不跨论文合并同名者。达到重点候选筛选阈值；已查可定位来源，身份/历史履历仍未确认。
具体论文问题：P35-C
完整Scholar/DBLP论文列表及CCF/CORE目录未获取；当前公开材料可能漏项。",35
Yichong Huang（论文 #18，身份待核验）,2026；论文#18；哈尔滨工业大学,待核验,身份待核验,待核验,论文合作者（身份待核验）,待核验,待核验,待核验,社会智能与角色控制,未公开,"论文信息汇总.csv 序18：摘要、研究内容、创新点；内容仅据摘要/Introduction归纳。
PDF：港大/Kong, Lingpeng/论文/2026_PERSONA_ Dynamic and Compositional Inference-Time Personality Control via Activation Vector Algebra.pdf；第1页标题、作者单位与摘要；Introduction在已保存前3页内。
https://arxiv.org/abs/2602.15669；访问2026-09-17；arXiv作者顺序和摘要。
CV：https://ikekonglp.github.io/lingpenk_cv.pdf；第4页；版本2026-01-27。
PDF发表标记：“Published as a conference paper at ICLR 2026”。
原文摘要依据：“Current methods for personality control in Large Language Models rely on static prompting or expensive fine-tuning, failing to capture the dynamic and compositional nature of human traits. We introduc”。
仅确认论文内原姓名署名；跨论文身份未确认。","身份待核验；按单篇保留，不跨论文合并同名者。待核验（未深查）；原姓名整体未达到重点阈值。
具体论文问题：P18-C
完整Scholar/DBLP论文列表及CCF/CORE目录未获取；当前公开材料可能漏项。",18
Yuxuan Gu（论文 #18，身份待核验）,2026；论文#18；哈尔滨工业大学,待核验,身份待核验,待核验,论文合作者（身份待核验）,待核验,待核验,待核验,社会智能与角色控制,未公开,"论文信息汇总.csv 序18：摘要、研究内容、创新点；内容仅据摘要/Introduction归纳。
PDF：港大/Kong, Lingpeng/论文/2026_PERSONA_ Dynamic and Compositional Inference-Time Personality Control via Activation Vector Algebra.pdf；第1页标题、作者单位与摘要；Introduction在已保存前3页内。
https://arxiv.org/abs/2602.15669；访问2026-09-17；arXiv作者顺序和摘要。
CV：https://ikekonglp.github.io/lingpenk_cv.pdf；第4页；版本2026-01-27。
PDF发表标记：“Published as a conference paper at ICLR 2026”。
原文摘要依据：“Current methods for personality control in Large Language Models rely on static prompting or expensive fine-tuning, failing to capture the dynamic and compositional nature of human traits. We introduc”。
仅确认论文内原姓名署名；跨论文身份未确认。https://aclanthology.org/people/yuxuan-gu/","身份待核验；按单篇保留，不跨论文合并同名者。达到重点候选筛选阈值；已查可定位来源，身份/历史履历仍未确认。
具体论文问题：P18-C
完整Scholar/DBLP论文列表及CCF/CORE目录未获取；当前公开材料可能漏项。",18
Yuxuan Gu（论文 #35，身份待核验）,2025；论文#35；哈尔滨工业大学,待核验,身份待核验,待核验,论文合作者（身份待核验）,待核验,待核验,待核验,模型安全与可靠性,未公开,"论文信息汇总.csv 序35：摘要、研究内容、创新点；内容仅据摘要/Introduction归纳。
PDF：港大/Kong, Lingpeng/论文/2025_Alleviating Hallucinations from Knowledge Misalignment in Large Language Models via Selective Abstention Learning.pdf；第1页标题、作者单位与摘要；Introduction在已保存前3页内。
https://aclanthology.org/2025.acl-long.1199/；访问2026-09-17；ACL作者顺序、发表信息与摘要。
CV：https://ikekonglp.github.io/lingpenk_cv.pdf；第6页；版本2026-01-27。
PDF发表标记：“Proceedings of the 63rd Annual Meeting of the Association for Computational Linguistics (Volume 1: Long Papers), pages 24564–24579”。
原文摘要依据：“Large language models (LLMs) are known to suffer from severe hallucination issues. One of the main causes lies in the knowledge misalignment between the pre-training stage and the supervised fine-tuni”。
仅确认论文内原姓名署名；跨论文身份未确认。https://aclanthology.org/people/yuxuan-gu/","身份待核验；按单篇保留，不跨论文合并同名者。达到重点候选筛选阈值；已查可定位来源，身份/历史履历仍未确认。
具体论文问题：P35-C
完整Scholar/DBLP论文列表及CCF/CORE目录未获取；当前公开材料可能漏项。",35
Yuxuan Gu（论文 #170，身份待核验）,2026；论文#170；哈尔滨工业大学,待核验,身份待核验,待核验,论文合作者（身份待核验）,待核验,待核验,待核验,推理与决策规划,未公开,"论文信息汇总.csv 序170：摘要、研究内容、创新点；内容仅据摘要/Introduction归纳。
PDF：港大/Kong, Lingpeng/论文/2026_Stratagem_ Learning Transferable Reasoning via Trajectory-Modulated Game Self-Play.pdf；第1页标题、作者单位与摘要；Introduction在已保存前3页内。
https://aclanthology.org/2026.acl-long.897/；访问2026-09-17；ACL作者顺序、发表信息与摘要。
PDF发表标记：“Proceedings of the 64th Annual Meeting of the Association for Computational Linguistics (Volume 1: Long Papers), pages 19595–19614”。
原文摘要依据：“Games offer a compelling paradigm for developing general reasoning capabilities in language models, as they naturally demand strategic planning, probabilistic inference, and adaptive decision-making. ”。
仅确认论文内原姓名署名；跨论文身份未确认。https://aclanthology.org/people/yuxuan-gu/","身份待核验；按单篇保留，不跨论文合并同名者。达到重点候选筛选阈值；已查可定位来源，身份/历史履历仍未确认。
具体论文问题：P170-C
完整Scholar/DBLP论文列表及CCF/CORE目录未获取；当前公开材料可能漏项。",170
Yuxuan Gu（论文 #171，身份待核验）,2026；论文#171；哈尔滨工业大学,待核验,身份待核验,待核验,论文合作者（身份待核验）,待核验,待核验,待核验,社会智能与角色控制,未公开,"论文信息汇总.csv 序171：摘要、研究内容、创新点；内容仅据摘要/Introduction归纳。
PDF：港大/Kong, Lingpeng/论文/2026_SAVOIR_ Learning Social Savoir-Faire via Shapley-based Reward Attribution.pdf；第1页标题、作者单位与摘要；Introduction在已保存前3页内。
https://aclanthology.org/2026.findings-acl.699/；访问2026-09-17；ACL作者顺序、发表信息与摘要。
原文摘要依据：“Social intelligence, the ability to navigate complex interpersonal interactions, presents a fundamental challenge for language agents. Training such agents via reinforcement learning requires solving ”。
仅确认论文内原姓名署名；跨论文身份未确认。https://aclanthology.org/people/yuxuan-gu/","身份待核验；按单篇保留，不跨论文合并同名者。达到重点候选筛选阈值；已查可定位来源，身份/历史履历仍未确认。
具体论文问题：P171-C
完整Scholar/DBLP论文列表及CCF/CORE目录未获取；当前公开材料可能漏项。",171
Xiaocheng Feng（论文 #18，身份待核验）,2026；论文#18；哈尔滨工业大学,待核验,身份待核验,待核验,论文合作者（身份待核验）,待核验,待核验,待核验,社会智能与角色控制,未公开,"论文信息汇总.csv 序18：摘要、研究内容、创新点；内容仅据摘要/Introduction归纳。
PDF：港大/Kong, Lingpeng/论文/2026_PERSONA_ Dynamic and Compositional Inference-Time Personality Control via Activation Vector Algebra.pdf；第1页标题、作者单位与摘要；Introduction在已保存前3页内。
https://arxiv.org/abs/2602.15669；访问2026-09-17；arXiv作者顺序和摘要。
CV：https://ikekonglp.github.io/lingpenk_cv.pdf；第4页；版本2026-01-27。
PDF发表标记：“Published as a conference paper at ICLR 2026”。
原文摘要依据：“Current methods for personality control in Large Language Models rely on static prompting or expensive fine-tuning, failing to capture the dynamic and compositional nature of human traits. We introduc”。
仅确认论文内原姓名署名；跨论文身份未确认。https://aclanthology.org/people/xiaocheng-feng/","身份待核验；按单篇保留，不跨论文合并同名者。达到重点候选筛选阈值；已查可定位来源，身份/历史履历仍未确认。
具体论文问题：P18-C
完整Scholar/DBLP论文列表及CCF/CORE目录未获取；当前公开材料可能漏项。",18
Xiaocheng Feng（论文 #35，身份待核验）,2025；论文#35；哈尔滨工业大学；鹏城实验室,待核验,身份待核验,待核验,论文合作者（身份待核验）,待核验,待核验,待核验,模型安全与可靠性,未公开,"论文信息汇总.csv 序35：摘要、研究内容、创新点；内容仅据摘要/Introduction归纳。
PDF：港大/Kong, Lingpeng/论文/2025_Alleviating Hallucinations from Knowledge Misalignment in Large Language Models via Selective Abstention Learning.pdf；第1页标题、作者单位与摘要；Introduction在已保存前3页内。
https://aclanthology.org/2025.acl-long.1199/；访问2026-09-17；ACL作者顺序、发表信息与摘要。
CV：https://ikekonglp.github.io/lingpenk_cv.pdf；第6页；版本2026-01-27。
PDF发表标记：“Proceedings of the 63rd Annual Meeting of the Association for Computational Linguistics (Volume 1: Long Papers), pages 24564–24579”。
原文摘要依据：“Large language models (LLMs) are known to suffer from severe hallucination issues. One of the main causes lies in the knowledge misalignment between the pre-training stage and the supervised fine-tuni”。
仅确认论文内原姓名署名；跨论文身份未确认。https://aclanthology.org/people/xiaocheng-feng/","身份待核验；按单篇保留，不跨论文合并同名者。达到重点候选筛选阈值；已查可定位来源，身份/历史履历仍未确认。
具体论文问题：P35-C
完整Scholar/DBLP论文列表及CCF/CORE目录未获取；当前公开材料可能漏项。",35
Xiaocheng Feng（论文 #169，身份待核验）,2026；论文#169；哈尔滨工业大学,待核验,身份待核验,待核验,论文合作者（身份待核验）,待核验,待核验,待核验,语言建模与记忆,未公开,"论文信息汇总.csv 序169：摘要、研究内容、创新点；内容仅据摘要/Introduction归纳。
PDF：港大/Kong, Lingpeng/论文/2026_ImplicitMemBench_ Measuring Unconscious Behavioral Adaptation in Large Language Models.pdf；第1页标题、作者单位与摘要；Introduction在已保存前3页内。
https://aclanthology.org/2026.acl-long.1301/；访问2026-09-17；ACL作者顺序、发表信息与摘要。
PDF发表标记：“Proceedings of the 64th Annual Meeting of the Association for Computational Linguistics (Volume 1: Long Papers), pages 28232–28261”。
原文摘要依据：“Existing memory benchmarks for LLM agents evaluate explicit recall of facts, yet overlook implicit memory where experience becomes automated behavior without conscious retrieval. This gap is critical:”。
仅确认论文内原姓名署名；跨论文身份未确认。https://aclanthology.org/people/xiaocheng-feng/","身份待核验；按单篇保留，不跨论文合并同名者。达到重点候选筛选阈值；已查可定位来源，身份/历史履历仍未确认。
具体论文问题：P169-C
完整Scholar/DBLP论文列表及CCF/CORE目录未获取；当前公开材料可能漏项。",169
Xiaocheng Feng（论文 #170，身份待核验）,2026；论文#170；哈尔滨工业大学,待核验,身份待核验,待核验,论文合作者（身份待核验）,待核验,待核验,待核验,推理与决策规划,未公开,"论文信息汇总.csv 序170：摘要、研究内容、创新点；内容仅据摘要/Introduction归纳。
PDF：港大/Kong, Lingpeng/论文/2026_Stratagem_ Learning Transferable Reasoning via Trajectory-Modulated Game Self-Play.pdf；第1页标题、作者单位与摘要；Introduction在已保存前3页内。
https://aclanthology.org/2026.acl-long.897/；访问2026-09-17；ACL作者顺序、发表信息与摘要。
PDF发表标记：“Proceedings of the 64th Annual Meeting of the Association for Computational Linguistics (Volume 1: Long Papers), pages 19595–19614”。
原文摘要依据：“Games offer a compelling paradigm for developing general reasoning capabilities in language models, as they naturally demand strategic planning, probabilistic inference, and adaptive decision-making. ”。
仅确认论文内原姓名署名；跨论文身份未确认。https://aclanthology.org/people/xiaocheng-feng/","身份待核验；按单篇保留，不跨论文合并同名者。达到重点候选筛选阈值；已查可定位来源，身份/历史履历仍未确认。
具体论文问题：P170-C
完整Scholar/DBLP论文列表及CCF/CORE目录未获取；当前公开材料可能漏项。",170
Xiaocheng Feng（论文 #171，身份待核验）,2026；论文#171；哈尔滨工业大学,待核验,身份待核验,待核验,论文合作者（身份待核验）,待核验,待核验,待核验,社会智能与角色控制,未公开,"论文信息汇总.csv 序171：摘要、研究内容、创新点；内容仅据摘要/Introduction归纳。
PDF：港大/Kong, Lingpeng/论文/2026_SAVOIR_ Learning Social Savoir-Faire via Shapley-based Reward Attribution.pdf；第1页标题、作者单位与摘要；Introduction在已保存前3页内。
https://aclanthology.org/2026.findings-acl.699/；访问2026-09-17；ACL作者顺序、发表信息与摘要。
原文摘要依据：“Social intelligence, the ability to navigate complex interpersonal interactions, presents a fundamental challenge for language agents. Training such agents via reinforcement learning requires solving ”。
仅确认论文内原姓名署名；跨论文身份未确认。https://aclanthology.org/people/xiaocheng-feng/","身份待核验；按单篇保留，不跨论文合并同名者。达到重点候选筛选阈值；已查可定位来源，身份/历史履历仍未确认。
具体论文问题：P171-C
完整Scholar/DBLP论文列表及CCF/CORE目录未获取；当前公开材料可能漏项。",171
Xiaocheng Feng（论文 #172，身份待核验）,2026；论文#172；哈尔滨工业大学,待核验,身份待核验,待核验,论文合作者（身份待核验）,待核验,待核验,待核验,社会智能与角色控制,未公开,"论文信息汇总.csv 序172：摘要、研究内容、创新点；内容仅据摘要/Introduction归纳。
PDF：港大/Kong, Lingpeng/论文/2026_The Granularity Axis_ A Micro-to-Macro Latent Direction for Social Roles in Language Models.pdf；第1页标题、作者单位与摘要；Introduction在已保存前3页内。
https://arxiv.org/abs/2605.06196；访问2026-09-17；arXiv作者顺序和摘要。
原文摘要依据：“Large language models (LLMs) are routinely prompted to take on social roles ranging from individuals to institutions, yet it remains unclear whether their internal representations encode the granulari”。
仅确认论文内原姓名署名；跨论文身份未确认。https://aclanthology.org/people/xiaocheng-feng/","身份待核验；按单篇保留，不跨论文合并同名者。达到重点候选筛选阈值；已查可定位来源，身份/历史履历仍未确认。
具体论文问题：P172-C
完整Scholar/DBLP论文列表及CCF/CORE目录未获取；当前公开材料可能漏项。",172
Bing Qin（论文 #18，身份待核验）,2026；论文#18；哈尔滨工业大学,待核验,身份待核验,待核验,论文合作者（身份待核验）,待核验,待核验,待核验,社会智能与角色控制,未公开,"论文信息汇总.csv 序18：摘要、研究内容、创新点；内容仅据摘要/Introduction归纳。
PDF：港大/Kong, Lingpeng/论文/2026_PERSONA_ Dynamic and Compositional Inference-Time Personality Control via Activation Vector Algebra.pdf；第1页标题、作者单位与摘要；Introduction在已保存前3页内。
https://arxiv.org/abs/2602.15669；访问2026-09-17；arXiv作者顺序和摘要。
CV：https://ikekonglp.github.io/lingpenk_cv.pdf；第4页；版本2026-01-27。
PDF发表标记：“Published as a conference paper at ICLR 2026”。
原文摘要依据：“Current methods for personality control in Large Language Models rely on static prompting or expensive fine-tuning, failing to capture the dynamic and compositional nature of human traits. We introduc”。
仅确认论文内原姓名署名；跨论文身份未确认。https://aclanthology.org/people/bing-qin/","身份待核验；按单篇保留，不跨论文合并同名者。达到重点候选筛选阈值；已查可定位来源，身份/历史履历仍未确认。
具体论文问题：P18-C
完整Scholar/DBLP论文列表及CCF/CORE目录未获取；当前公开材料可能漏项。",18
Bing Qin（论文 #35，身份待核验）,2025；论文#35；哈尔滨工业大学；鹏城实验室,待核验,身份待核验,待核验,论文合作者（身份待核验）,待核验,待核验,待核验,模型安全与可靠性,未公开,"论文信息汇总.csv 序35：摘要、研究内容、创新点；内容仅据摘要/Introduction归纳。
PDF：港大/Kong, Lingpeng/论文/2025_Alleviating Hallucinations from Knowledge Misalignment in Large Language Models via Selective Abstention Learning.pdf；第1页标题、作者单位与摘要；Introduction在已保存前3页内。
https://aclanthology.org/2025.acl-long.1199/；访问2026-09-17；ACL作者顺序、发表信息与摘要。
CV：https://ikekonglp.github.io/lingpenk_cv.pdf；第6页；版本2026-01-27。
PDF发表标记：“Proceedings of the 63rd Annual Meeting of the Association for Computational Linguistics (Volume 1: Long Papers), pages 24564–24579”。
原文摘要依据：“Large language models (LLMs) are known to suffer from severe hallucination issues. One of the main causes lies in the knowledge misalignment between the pre-training stage and the supervised fine-tuni”。
仅确认论文内原姓名署名；跨论文身份未确认。https://aclanthology.org/people/bing-qin/","身份待核验；按单篇保留，不跨论文合并同名者。达到重点候选筛选阈值；已查可定位来源，身份/历史履历仍未确认。
具体论文问题：P35-C
完整Scholar/DBLP论文列表及CCF/CORE目录未获取；当前公开材料可能漏项。",35
Bing Qin（论文 #170，身份待核验）,2026；论文#170；哈尔滨工业大学,待核验,身份待核验,待核验,论文合作者（身份待核验）,待核验,待核验,待核验,推理与决策规划,未公开,"论文信息汇总.csv 序170：摘要、研究内容、创新点；内容仅据摘要/Introduction归纳。
PDF：港大/Kong, Lingpeng/论文/2026_Stratagem_ Learning Transferable Reasoning via Trajectory-Modulated Game Self-Play.pdf；第1页标题、作者单位与摘要；Introduction在已保存前3页内。
https://aclanthology.org/2026.acl-long.897/；访问2026-09-17；ACL作者顺序、发表信息与摘要。
PDF发表标记：“Proceedings of the 64th Annual Meeting of the Association for Computational Linguistics (Volume 1: Long Papers), pages 19595–19614”。
原文摘要依据：“Games offer a compelling paradigm for developing general reasoning capabilities in language models, as they naturally demand strategic planning, probabilistic inference, and adaptive decision-making. ”。
仅确认论文内原姓名署名；跨论文身份未确认。https://aclanthology.org/people/bing-qin/","身份待核验；按单篇保留，不跨论文合并同名者。达到重点候选筛选阈值；已查可定位来源，身份/历史履历仍未确认。
具体论文问题：P170-C
完整Scholar/DBLP论文列表及CCF/CORE目录未获取；当前公开材料可能漏项。",170
Bing Qin（论文 #171，身份待核验）,2026；论文#171；哈尔滨工业大学,待核验,身份待核验,待核验,论文合作者（身份待核验）,待核验,待核验,待核验,社会智能与角色控制,未公开,"论文信息汇总.csv 序171：摘要、研究内容、创新点；内容仅据摘要/Introduction归纳。
PDF：港大/Kong, Lingpeng/论文/2026_SAVOIR_ Learning Social Savoir-Faire via Shapley-based Reward Attribution.pdf；第1页标题、作者单位与摘要；Introduction在已保存前3页内。
https://aclanthology.org/2026.findings-acl.699/；访问2026-09-17；ACL作者顺序、发表信息与摘要。
原文摘要依据：“Social intelligence, the ability to navigate complex interpersonal interactions, presents a fundamental challenge for language agents. Training such agents via reinforcement learning requires solving ”。
仅确认论文内原姓名署名；跨论文身份未确认。https://aclanthology.org/people/bing-qin/","身份待核验；按单篇保留，不跨论文合并同名者。达到重点候选筛选阈值；已查可定位来源，身份/历史履历仍未确认。
具体论文问题：P171-C
完整Scholar/DBLP论文列表及CCF/CORE目录未获取；当前公开材料可能漏项。",171
Fanghua Ye（论文 #19，身份待核验）,2026；论文#19；待核验,待核验,身份待核验,待核验,论文合作者（身份待核验）,待核验,待核验,待核验,推理部署与参数效率,未公开,"论文信息汇总.csv 序19：摘要、研究内容、创新点；内容仅据摘要/Introduction归纳。
PDF：港大/Kong, Lingpeng/论文/2026_ATTS_ Asynchronous Test-Time Scaling via Conformal Prediction.pdf；第1页标题、作者单位与摘要；Introduction在已保存前3页内。
https://arxiv.org/abs/2509.15148；访问2026-09-17；arXiv作者顺序和摘要。
CV：https://ikekonglp.github.io/lingpenk_cv.pdf；第4页；版本2026-01-27。
PDF发表标记：“Published as a conference paper at ICLR 2026”。
原文摘要依据：“Large language models (LLMs) benefit from test-time scaling but are often hampered by high inference latency. Speculative decoding is a natural way to accelerate the scaling process; however, scaling ”。
仅确认论文内原姓名署名；跨论文身份未确认。https://aclanthology.org/people/fanghua-ye/unverified/","身份待核验；按单篇保留，不跨论文合并同名者。达到重点候选筛选阈值；已查可定位来源，身份/历史履历仍未确认。
具体论文问题：P19-C;P19-A;P19-R
完整Scholar/DBLP论文列表及CCF/CORE目录未获取；当前公开材料可能漏项。",19
Fanghua Ye（论文 #29，身份待核验）,2025；论文#29；伦敦大学学院,待核验,身份待核验,待核验,论文合作者（身份待核验）,待核验,待核验,待核验,长上下文建模与压缩,未公开,"论文信息汇总.csv 序29：摘要、研究内容、创新点；内容仅据摘要/Introduction归纳。
PDF：港大/Kong, Lingpeng/论文/2025_UNComp_ Can Matrix Entropy Uncover Sparsity_ — A Compressor Design from an Uncertainty-Aware Perspective.pdf；第1页标题、作者单位与摘要；Introduction在已保存前3页内。
https://aclanthology.org/2025.emnlp-main.209/；访问2026-09-17；ACL作者顺序、发表信息与摘要。
CV：https://ikekonglp.github.io/lingpenk_cv.pdf；第5页；版本2026-01-27。
PDF发表标记：“Proceedings of the 2025 Conference on Empirical Methods in Natural Language Processing, pages 4179–4199”。
原文摘要依据：“Deploying large language models (LLMs) for long-context inference remains challenging due to their substantial memory and computational demands. While techniques such as Key-Value (KV) cache compressi”。
仅确认论文内原姓名署名；跨论文身份未确认。https://aclanthology.org/people/fanghua-ye/unverified/","身份待核验；按单篇保留，不跨论文合并同名者。达到重点候选筛选阈值；已查可定位来源，身份/历史履历仍未确认。
具体论文问题：P29-C
完整Scholar/DBLP论文列表及CCF/CORE目录未获取；当前公开材料可能漏项。",29
Fanghua Ye（论文 #37，身份待核验）,2025；论文#37；待核验,待核验,身份待核验,待核验,论文合作者（身份待核验）,待核验,待核验,待核验,长上下文建模与压缩,未公开,"论文信息汇总.csv 序37：摘要、研究内容、创新点；内容仅据摘要/Introduction归纳。
仅取得可靠元数据或摘要；未取得可读全文。
https://arxiv.org/abs/2502.14317；访问2026-09-17；arXiv作者顺序和摘要。
CV：https://ikekonglp.github.io/lingpenk_cv.pdf；第6页；版本2026-01-27。
原文摘要依据：“Extrapolating ultra-long contexts (text length >128K) remains a major challenge for large language models (LLMs), as most training-free extrapolation methods are not only severely limited by memory bo”。
仅确认论文内原姓名署名；跨论文身份未确认。https://aclanthology.org/people/fanghua-ye/unverified/","身份待核验；按单篇保留，不跨论文合并同名者。达到重点候选筛选阈值；已查可定位来源，身份/历史履历仍未确认。
具体论文问题：P37-C;P37-D;P37-A;P37-R;P37-F
完整Scholar/DBLP论文列表及CCF/CORE目录未获取；当前公开材料可能漏项。",37
Fanghua Ye（论文 #147，身份待核验）,2024；论文#147；待核验,待核验,身份待核验,待核验,论文合作者（身份待核验）,待核验,待核验,待核验,检索增强生成,未公开,"论文信息汇总.csv 序147：摘要、研究内容、创新点；内容仅据摘要/Introduction归纳。
PDF：港大/Kong, Lingpeng/论文/2024_UncertaintyRAG_ Span-Level Uncertainty Enhanced Long-Context Modeling for Retrieval-Augmented Generation.pdf；第1页标题、作者单位与摘要；Introduction在已保存前3页内。
https://arxiv.org/abs/2410.02719；访问2026-09-17；arXiv作者顺序和摘要。
原文摘要依据：“We present UncertaintyRAG, a novel approach for long-context Retrieval-Augmented Generation (RAG) that utilizes Signal-to-Noise Ratio (SNR)-based span uncertainty to estimate similarity between text c”。
仅确认论文内原姓名署名；跨论文身份未确认。https://aclanthology.org/people/fanghua-ye/unverified/","身份待核验；按单篇保留，不跨论文合并同名者。达到重点候选筛选阈值；已查可定位来源，身份/历史履历仍未确认。
具体论文问题：P147-C;P147-A
完整Scholar/DBLP论文列表及CCF/CORE目录未获取；当前公开材料可能漏项。",147
Chuanyang Zheng（论文 #19，身份待核验）,2026；论文#19；待核验,待核验,身份待核验,待核验,论文合作者（身份待核验）,待核验,待核验,待核验,推理部署与参数效率,未公开,"论文信息汇总.csv 序19：摘要、研究内容、创新点；内容仅据摘要/Introduction归纳。
PDF：港大/Kong, Lingpeng/论文/2026_ATTS_ Asynchronous Test-Time Scaling via Conformal Prediction.pdf；第1页标题、作者单位与摘要；Introduction在已保存前3页内。
https://arxiv.org/abs/2509.15148；访问2026-09-17；arXiv作者顺序和摘要。
CV：https://ikekonglp.github.io/lingpenk_cv.pdf；第4页；版本2026-01-27。
PDF发表标记：“Published as a conference paper at ICLR 2026”。
原文摘要依据：“Large language models (LLMs) benefit from test-time scaling but are often hampered by high inference latency. Speculative decoding is a natural way to accelerate the scaling process; however, scaling ”。
仅确认论文内原姓名署名；跨论文身份未确认。https://aclanthology.org/people/chuanyang-zheng/","身份待核验；按单篇保留，不跨论文合并同名者。达到重点候选筛选阈值；已查可定位来源，身份/历史履历仍未确认。
具体论文问题：P19-C;P19-A;P19-R
完整Scholar/DBLP论文列表及CCF/CORE目录未获取；当前公开材料可能漏项。",19
Chuanyang Zheng（论文 #29，身份待核验）,2025；论文#29；香港中文大学,待核验,身份待核验,待核验,论文合作者（身份待核验）,待核验,待核验,待核验,长上下文建模与压缩,未公开,"论文信息汇总.csv 序29：摘要、研究内容、创新点；内容仅据摘要/Introduction归纳。
PDF：港大/Kong, Lingpeng/论文/2025_UNComp_ Can Matrix Entropy Uncover Sparsity_ — A Compressor Design from an Uncertainty-Aware Perspective.pdf；第1页标题、作者单位与摘要；Introduction在已保存前3页内。
https://aclanthology.org/2025.emnlp-main.209/；访问2026-09-17；ACL作者顺序、发表信息与摘要。
CV：https://ikekonglp.github.io/lingpenk_cv.pdf；第5页；版本2026-01-27。
PDF发表标记：“Proceedings of the 2025 Conference on Empirical Methods in Natural Language Processing, pages 4179–4199”。
原文摘要依据：“Deploying large language models (LLMs) for long-context inference remains challenging due to their substantial memory and computational demands. While techniques such as Key-Value (KV) cache compressi”。
仅确认论文内原姓名署名；跨论文身份未确认。https://aclanthology.org/people/chuanyang-zheng/","身份待核验；按单篇保留，不跨论文合并同名者。达到重点候选筛选阈值；已查可定位来源，身份/历史履历仍未确认。
具体论文问题：P29-C
完整Scholar/DBLP论文列表及CCF/CORE目录未获取；当前公开材料可能漏项。",29
Chuanyang Zheng（论文 #37，身份待核验）,2025；论文#37；待核验,待核验,身份待核验,待核验,论文合作者（身份待核验）,待核验,待核验,待核验,长上下文建模与压缩,未公开,"论文信息汇总.csv 序37：摘要、研究内容、创新点；内容仅据摘要/Introduction归纳。
仅取得可靠元数据或摘要；未取得可读全文。
https://arxiv.org/abs/2502.14317；访问2026-09-17；arXiv作者顺序和摘要。
CV：https://ikekonglp.github.io/lingpenk_cv.pdf；第6页；版本2026-01-27。
原文摘要依据：“Extrapolating ultra-long contexts (text length >128K) remains a major challenge for large language models (LLMs), as most training-free extrapolation methods are not only severely limited by memory bo”。
仅确认论文内原姓名署名；跨论文身份未确认。https://aclanthology.org/people/chuanyang-zheng/","身份待核验；按单篇保留，不跨论文合并同名者。达到重点候选筛选阈值；已查可定位来源，身份/历史履历仍未确认。
具体论文问题：P37-C;P37-D;P37-A;P37-R;P37-F
完整Scholar/DBLP论文列表及CCF/CORE目录未获取；当前公开材料可能漏项。",37
Chuanyang Zheng（论文 #147，身份待核验）,2024；论文#147；待核验,待核验,身份待核验,待核验,论文合作者（身份待核验）,待核验,待核验,待核验,检索增强生成,未公开,"论文信息汇总.csv 序147：摘要、研究内容、创新点；内容仅据摘要/Introduction归纳。
PDF：港大/Kong, Lingpeng/论文/2024_UncertaintyRAG_ Span-Level Uncertainty Enhanced Long-Context Modeling for Retrieval-Augmented Generation.pdf；第1页标题、作者单位与摘要；Introduction在已保存前3页内。
https://arxiv.org/abs/2410.02719；访问2026-09-17；arXiv作者顺序和摘要。
原文摘要依据：“We present UncertaintyRAG, a novel approach for long-context Retrieval-Augmented Generation (RAG) that utilizes Signal-to-Noise Ratio (SNR)-based span uncertainty to estimate similarity between text c”。
仅确认论文内原姓名署名；跨论文身份未确认。https://aclanthology.org/people/chuanyang-zheng/","身份待核验；按单篇保留，不跨论文合并同名者。达到重点候选筛选阈值；已查可定位来源，身份/历史履历仍未确认。
具体论文问题：P147-C;P147-A
完整Scholar/DBLP论文列表及CCF/CORE目录未获取；当前公开材料可能漏项。",147
Alexander Hanbo Li（论文 #19，身份待核验）,2026；论文#19；待核验,待核验,身份待核验,待核验,论文合作者（身份待核验）,待核验,待核验,待核验,推理部署与参数效率,未公开,"论文信息汇总.csv 序19：摘要、研究内容、创新点；内容仅据摘要/Introduction归纳。
PDF：港大/Kong, Lingpeng/论文/2026_ATTS_ Asynchronous Test-Time Scaling via Conformal Prediction.pdf；第1页标题、作者单位与摘要；Introduction在已保存前3页内。
https://arxiv.org/abs/2509.15148；访问2026-09-17；arXiv作者顺序和摘要。
CV：https://ikekonglp.github.io/lingpenk_cv.pdf；第4页；版本2026-01-27。
PDF发表标记：“Published as a conference paper at ICLR 2026”。
原文摘要依据：“Large language models (LLMs) benefit from test-time scaling but are often hampered by high inference latency. Speculative decoding is a natural way to accelerate the scaling process; however, scaling ”。
仅确认论文内原姓名署名；跨论文身份未确认。","身份待核验；按单篇保留，不跨论文合并同名者。待核验（未深查）；原姓名整体未达到重点阈值。
具体论文问题：P19-C;P19-A;P19-R
完整Scholar/DBLP论文列表及CCF/CORE目录未获取；当前公开材料可能漏项。",19
Haochen Tan（论文 #19，身份待核验）,2026；论文#19；待核验,待核验,身份待核验,待核验,论文合作者（身份待核验）,待核验,待核验,待核验,推理部署与参数效率,未公开,"论文信息汇总.csv 序19：摘要、研究内容、创新点；内容仅据摘要/Introduction归纳。
PDF：港大/Kong, Lingpeng/论文/2026_ATTS_ Asynchronous Test-Time Scaling via Conformal Prediction.pdf；第1页标题、作者单位与摘要；Introduction在已保存前3页内。
https://arxiv.org/abs/2509.15148；访问2026-09-17；arXiv作者顺序和摘要。
CV：https://ikekonglp.github.io/lingpenk_cv.pdf；第4页；版本2026-01-27。
PDF发表标记：“Published as a conference paper at ICLR 2026”。
原文摘要依据：“Large language models (LLMs) benefit from test-time scaling but are often hampered by high inference latency. Speculative decoding is a natural way to accelerate the scaling process; however, scaling ”。
仅确认论文内原姓名署名；跨论文身份未确认。","身份待核验；按单篇保留，不跨论文合并同名者。待核验（未深查）；原姓名整体未达到重点阈值。
具体论文问题：P19-C;P19-A;P19-R
完整Scholar/DBLP论文列表及CCF/CORE目录未获取；当前公开材料可能漏项。",19
Haoli Bai（论文 #19，身份待核验）,2026；论文#19；待核验,待核验,身份待核验,待核验,论文合作者（身份待核验）,待核验,待核验,待核验,推理部署与参数效率,未公开,"论文信息汇总.csv 序19：摘要、研究内容、创新点；内容仅据摘要/Introduction归纳。
PDF：港大/Kong, Lingpeng/论文/2026_ATTS_ Asynchronous Test-Time Scaling via Conformal Prediction.pdf；第1页标题、作者单位与摘要；Introduction在已保存前3页内。
https://arxiv.org/abs/2509.15148；访问2026-09-17；arXiv作者顺序和摘要。
CV：https://ikekonglp.github.io/lingpenk_cv.pdf；第4页；版本2026-01-27。
PDF发表标记：“Published as a conference paper at ICLR 2026”。
原文摘要依据：“Large language models (LLMs) benefit from test-time scaling but are often hampered by high inference latency. Speculative decoding is a natural way to accelerate the scaling process; however, scaling ”。
仅确认论文内原姓名署名；跨论文身份未确认。","身份待核验；按单篇保留，不跨论文合并同名者。达到重点候选筛选阈值；已查可定位来源，身份/历史履历仍未确认。
具体论文问题：P19-C;P19-A;P19-R
完整Scholar/DBLP论文列表及CCF/CORE目录未获取；当前公开材料可能漏项。",19
Haoli Bai（论文 #21，身份待核验）,2026；论文#21；待核验,待核验,身份待核验,待核验,论文合作者（身份待核验）,待核验,待核验,待核验,工具智能体与任务评测,未公开,"论文信息汇总.csv 序21：摘要、研究内容、创新点；内容仅据摘要/Introduction归纳。
仅取得可靠元数据或摘要；未取得可读全文。
https://arxiv.org/abs/2508.21475；访问2026-09-17；arXiv作者顺序和摘要。
CV：https://ikekonglp.github.io/lingpenk_cv.pdf；第4页；版本2026-01-27。
原文摘要依据：“Existing multimodal browsing benchmarks often fail to require genuine multimodal reasoning, as many tasks can be solved with text-only heuristics without vision-in-the-loop verification. We introduce ”。
仅确认论文内原姓名署名；跨论文身份未确认。","身份待核验；按单篇保留，不跨论文合并同名者。达到重点候选筛选阈值；已查可定位来源，身份/历史履历仍未确认。
具体论文问题：P21-C;P21-D;P21-A;P21-R;P21-F
完整Scholar/DBLP论文列表及CCF/CORE目录未获取；当前公开材料可能漏项。",21
Haoli Bai（论文 #162，身份待核验）,2025；论文#162；华为,待核验,身份待核验,待核验,论文合作者（身份待核验）,待核验,待核验,待核验,扩散视觉与动作生成,未公开,"论文信息汇总.csv 序162：摘要、研究内容、创新点；内容仅据摘要/Introduction归纳。
PDF：港大/Kong, Lingpeng/论文/2025_Dream-VL & Dream-VLA_ Open Vision-Language and Vision-Language-Action Models with Diffusion Language Model Backbone.pdf；第1页标题、作者单位与摘要；Introduction在已保存前3页内。
https://arxiv.org/abs/2512.22615；访问2026-09-17；arXiv作者顺序和摘要。
原文摘要依据：“While autoregressive Large Vision-Language Models (VLMs) have achieved remarkable success, their sequential generation often limits their efficacy in complex visual planning and dynamic robotic contro”。
仅确认论文内原姓名署名；跨论文身份未确认。","身份待核验；按单篇保留，不跨论文合并同名者。达到重点候选筛选阈值；已查可定位来源，身份/历史履历仍未确认。
具体论文问题：P162-C
完整Scholar/DBLP论文列表及CCF/CORE目录未获取；当前公开材料可能漏项。",162
Lifeng Shang（论文 #19，身份待核验）,2026；论文#19；待核验,待核验,身份待核验,待核验,论文合作者（身份待核验）,待核验,待核验,待核验,推理部署与参数效率,未公开,"论文信息汇总.csv 序19：摘要、研究内容、创新点；内容仅据摘要/Introduction归纳。
PDF：港大/Kong, Lingpeng/论文/2026_ATTS_ Asynchronous Test-Time Scaling via Conformal Prediction.pdf；第1页标题、作者单位与摘要；Introduction在已保存前3页内。
https://arxiv.org/abs/2509.15148；访问2026-09-17；arXiv作者顺序和摘要。
CV：https://ikekonglp.github.io/lingpenk_cv.pdf；第4页；版本2026-01-27。
PDF发表标记：“Published as a conference paper at ICLR 2026”。
原文摘要依据：“Large language models (LLMs) benefit from test-time scaling but are often hampered by high inference latency. Speculative decoding is a natural way to accelerate the scaling process; however, scaling ”。
仅确认论文内原姓名署名；跨论文身份未确认。","身份待核验；按单篇保留，不跨论文合并同名者。达到重点候选筛选阈值；已查可定位来源，身份/历史履历仍未确认。
具体论文问题：P19-C;P19-A;P19-R
完整Scholar/DBLP论文列表及CCF/CORE目录未获取；当前公开材料可能漏项。",19
Lifeng Shang（论文 #162，身份待核验）,2025；论文#162；华为,待核验,身份待核验,待核验,论文合作者（身份待核验）,待核验,待核验,待核验,扩散视觉与动作生成,未公开,"论文信息汇总.csv 序162：摘要、研究内容、创新点；内容仅据摘要/Introduction归纳。
PDF：港大/Kong, Lingpeng/论文/2025_Dream-VL & Dream-VLA_ Open Vision-Language and Vision-Language-Action Models with Diffusion Language Model Backbone.pdf；第1页标题、作者单位与摘要；Introduction在已保存前3页内。
https://arxiv.org/abs/2512.22615；访问2026-09-17；arXiv作者顺序和摘要。
原文摘要依据：“While autoregressive Large Vision-Language Models (VLMs) have achieved remarkable success, their sequential generation often limits their efficacy in complex visual planning and dynamic robotic contro”。
仅确认论文内原姓名署名；跨论文身份未确认。","身份待核验；按单篇保留，不跨论文合并同名者。达到重点候选筛选阈值；已查可定位来源，身份/历史履历仍未确认。
具体论文问题：P162-C
完整Scholar/DBLP论文列表及CCF/CORE目录未获取；当前公开材料可能漏项。",162
Shansan Gong,"2023；论文#77；香港大学
2023；论文#93；上海人工智能实验室
2023；论文#134；上海人工智能实验室
2024；论文#52；香港大学
2024；论文#61；香港大学
2024；论文#67；香港大学
2024；论文#70；香港大学
2025；论文#26；待核验
2025；论文#43；香港大学
2025；论文#46；香港大学
2025；论文#47；香港大学
2025；论文#155；香港大学
2025；论文#162；香港大学
2026；论文#20；待核验
2026；论文#22；香港大学
2026；论文#174；香港大学",香港大学,2023起；博士生（CV）,博士生,导师—学生,16,2023,2026,扩散文本生成；上下文示例选择；扩散推理与规划；长上下文建模与压缩；视觉语言理解；推理与决策规划；扩散代码生成；扩散视觉与动作生成,未公开,"https://summmeer.github.io/；访问2026-09-17；原文依据：“I am a PhD candidate at HKU, supervised by Lingpeng Kong.”。历史指导/时间另见https://ikekonglp.github.io/lingpenk_cv.pdf第1-2页（版本2026-01-27）；校友更新见https://hkunlp.github.io/people/。核验状态：公开身份部分确认；局限见待核验问题。","主页明确为精选论文；CV以外成果可能漏项。
具体论文问题：P77-C;P77-R;P93-C;P93-R;P134-C;P134-A;P52-C;P52-R;P52-F;P61-C;P61-R;P67-C;P67-R;P70-C;P70-A;P70-R;P26-C;P26-D;P26-A;P26-R;P43-C;P43-R;P46-C;P46-R;P46-F;P47-C;P47-R;P155-C;P155-R;P162-C;P20-C;P20-D;P20-A;P20-R;P20-F;P22-C;P174-C
完整Scholar/DBLP论文列表及CCF/CORE目录未获取；当前公开材料可能漏项。;CP140;CP141",77;93;134;52;61;67;70;26;43;46;47;155;162;20;22;174
Ruixiang Zhang（论文 #20，身份待核验）,2026；论文#20；待核验,待核验,身份待核验,待核验,论文合作者（身份待核验）,待核验,待核验,待核验,扩散代码生成,未公开,"论文信息汇总.csv 序20：摘要、研究内容、创新点；内容仅据摘要/Introduction归纳。
仅取得可靠元数据或摘要；未取得可读全文。
https://arxiv.org/abs/2506.20639；访问2026-09-17；arXiv作者顺序和摘要。
CV：https://ikekonglp.github.io/lingpenk_cv.pdf；第4页；版本2026-01-27。
原文摘要依据：“Diffusion large language models (dLLMs) are compelling alternatives to autoregressive (AR) models because their denoising models operate over the entire sequence. The global planning and iterative ref”。
仅确认论文内原姓名署名；跨论文身份未确认。","身份待核验；按单篇保留，不跨论文合并同名者。待核验（未深查）；原姓名整体未达到重点阈值。
具体论文问题：P20-C;P20-D;P20-A;P20-R;P20-F
完整Scholar/DBLP论文列表及CCF/CORE目录未获取；当前公开材料可能漏项。",20
Huangjie Zheng（论文 #20，身份待核验）,2026；论文#20；待核验,待核验,身份待核验,待核验,论文合作者（身份待核验）,待核验,待核验,待核验,扩散代码生成,未公开,"论文信息汇总.csv 序20：摘要、研究内容、创新点；内容仅据摘要/Introduction归纳。
仅取得可靠元数据或摘要；未取得可读全文。
https://arxiv.org/abs/2506.20639；访问2026-09-17；arXiv作者顺序和摘要。
CV：https://ikekonglp.github.io/lingpenk_cv.pdf；第4页；版本2026-01-27。
原文摘要依据：“Diffusion large language models (dLLMs) are compelling alternatives to autoregressive (AR) models because their denoising models operate over the entire sequence. The global planning and iterative ref”。
仅确认论文内原姓名署名；跨论文身份未确认。","身份待核验；按单篇保留，不跨论文合并同名者。待核验（未深查）；原姓名整体未达到重点阈值。
具体论文问题：P20-C;P20-D;P20-A;P20-R;P20-F
完整Scholar/DBLP论文列表及CCF/CORE目录未获取；当前公开材料可能漏项。",20
Jiatao Gu（论文 #20，身份待核验）,2026；论文#20；待核验,待核验,身份待核验,待核验,论文合作者（身份待核验）,待核验,待核验,待核验,扩散代码生成,未公开,"论文信息汇总.csv 序20：摘要、研究内容、创新点；内容仅据摘要/Introduction归纳。
仅取得可靠元数据或摘要；未取得可读全文。
https://arxiv.org/abs/2506.20639；访问2026-09-17；arXiv作者顺序和摘要。
CV：https://ikekonglp.github.io/lingpenk_cv.pdf；第4页；版本2026-01-27。
原文摘要依据：“Diffusion large language models (dLLMs) are compelling alternatives to autoregressive (AR) models because their denoising models operate over the entire sequence. The global planning and iterative ref”。
仅确认论文内原姓名署名；跨论文身份未确认。","身份待核验；按单篇保留，不跨论文合并同名者。待核验（未深查）；原姓名整体未达到重点阈值。
具体论文问题：P20-C;P20-D;P20-A;P20-R;P20-F
完整Scholar/DBLP论文列表及CCF/CORE目录未获取；当前公开材料可能漏项。",20
Navdeep Jaitly（论文 #20，身份待核验）,2026；论文#20；待核验,待核验,身份待核验,待核验,论文合作者（身份待核验）,待核验,待核验,待核验,扩散代码生成,未公开,"论文信息汇总.csv 序20：摘要、研究内容、创新点；内容仅据摘要/Introduction归纳。
仅取得可靠元数据或摘要；未取得可读全文。
https://arxiv.org/abs/2506.20639；访问2026-09-17；arXiv作者顺序和摘要。
CV：https://ikekonglp.github.io/lingpenk_cv.pdf；第4页；版本2026-01-27。
原文摘要依据：“Diffusion large language models (dLLMs) are compelling alternatives to autoregressive (AR) models because their denoising models operate over the entire sequence. The global planning and iterative ref”。
仅确认论文内原姓名署名；跨论文身份未确认。","身份待核验；按单篇保留，不跨论文合并同名者。待核验（未深查）；原姓名整体未达到重点阈值。
具体论文问题：P20-C;P20-D;P20-A;P20-R;P20-F
完整Scholar/DBLP论文列表及CCF/CORE目录未获取；当前公开材料可能漏项。",20
Yizhe Zhang（论文 #20，身份待核验）,2026；论文#20；待核验,待核验,身份待核验,待核验,论文合作者（身份待核验）,待核验,待核验,待核验,扩散代码生成,未公开,"论文信息汇总.csv 序20：摘要、研究内容、创新点；内容仅据摘要/Introduction归纳。
仅取得可靠元数据或摘要；未取得可读全文。
https://arxiv.org/abs/2506.20639；访问2026-09-17；arXiv作者顺序和摘要。
CV：https://ikekonglp.github.io/lingpenk_cv.pdf；第4页；版本2026-01-27。
原文摘要依据：“Diffusion large language models (dLLMs) are compelling alternatives to autoregressive (AR) models because their denoising models operate over the entire sequence. The global planning and iterative ref”。
仅确认论文内原姓名署名；跨论文身份未确认。","身份待核验；按单篇保留，不跨论文合并同名者。达到重点候选筛选阈值；已查可定位来源，身份/历史履历仍未确认。
具体论文问题：P20-C;P20-D;P20-A;P20-R;P20-F
完整Scholar/DBLP论文列表及CCF/CORE目录未获取；当前公开材料可能漏项。",20
Yizhe Zhang（论文 #47，身份待核验）,2025；论文#47；Apple,待核验,身份待核验,待核验,论文合作者（身份待核验）,待核验,待核验,待核验,扩散文本生成,未公开,"论文信息汇总.csv 序47：摘要、研究内容、创新点；内容仅据摘要/Introduction归纳。
PDF：港大/Kong, Lingpeng/论文/2025_Scaling Diffusion Language Models via Adaptation from Autoregressive Models.pdf；第1页标题、作者单位与摘要；Introduction在已保存前3页内。
https://arxiv.org/abs/2410.17891；访问2026-09-17；arXiv作者顺序和摘要。
CV：https://ikekonglp.github.io/lingpenk_cv.pdf；第6页；版本2026-01-27。
PDF发表标记：“Published as a conference paper at ICLR 2025”。
原文摘要依据：“Diffusion Language Models (DLMs) have emerged as a promising new paradigm for text generative modeling, potentially addressing limitations of autoregressive (AR) models. However, current DLMs have bee”。
仅确认论文内原姓名署名；跨论文身份未确认。","身份待核验；按单篇保留，不跨论文合并同名者。达到重点候选筛选阈值；已查可定位来源，身份/历史履历仍未确认。
具体论文问题：P47-C;P47-R
完整Scholar/DBLP论文列表及CCF/CORE目录未获取；当前公开材料可能漏项。",47
Xijia Tao,"2023；论文#138；香港大学
2025；论文#49；香港大学
2025；论文#161；香港大学
2026；论文#21；待核验
2026；论文#173；香港大学
2026；论文#175；香港大学",香港大学,2024起；博士生（CV）,博士生,导师—学生,6,2023,2026,多语言能力与低资源学习；模型安全与可靠性；扩散文本生成；工具智能体与任务评测；推理部署与参数效率,未公开,https://xijia-tao.github.io/；访问2026-09-17；原文依据：“PhD”。历史指导/时间另见https://ikekonglp.github.io/lingpenk_cv.pdf第1-2页（版本2026-01-27）；校友更新见https://hkunlp.github.io/people/。核验状态：公开身份部分确认；局限见待核验问题。,"主页论文选择范围与完整性未声明；毕业日期未公开。
具体论文问题：P138-C;P138-R;P49-C;P49-R;P161-C;P21-C;P21-D;P21-A;P21-R;P21-F;P173-C;P175-C
完整Scholar/DBLP论文列表及CCF/CORE目录未获取；当前公开材料可能漏项。;CP148",138;49;161;21;173;175
Yihua Teng（论文 #21，身份待核验）,2026；论文#21；待核验,待核验,身份待核验,待核验,论文合作者（身份待核验）,待核验,待核验,待核验,工具智能体与任务评测,未公开,"论文信息汇总.csv 序21：摘要、研究内容、创新点；内容仅据摘要/Introduction归纳。
仅取得可靠元数据或摘要；未取得可读全文。
https://arxiv.org/abs/2508.21475；访问2026-09-17；arXiv作者顺序和摘要。
CV：https://ikekonglp.github.io/lingpenk_cv.pdf；第4页；版本2026-01-27。
原文摘要依据：“Existing multimodal browsing benchmarks often fail to require genuine multimodal reasoning, as many tasks can be solved with text-only heuristics without vision-in-the-loop verification. We introduce ”。
仅确认论文内原姓名署名；跨论文身份未确认。","身份待核验；按单篇保留，不跨论文合并同名者。达到重点候选筛选阈值；已查可定位来源，身份/历史履历仍未确认。
具体论文问题：P21-C;P21-D;P21-A;P21-R;P21-F
完整Scholar/DBLP论文列表及CCF/CORE目录未获取；当前公开材料可能漏项。",21
Yihua Teng（论文 #175，身份待核验）,2026；论文#175；华为研究,待核验,身份待核验,待核验,论文合作者（身份待核验）,待核验,待核验,待核验,推理部署与参数效率,未公开,"论文信息汇总.csv 序175：摘要、研究内容、创新点；内容仅据摘要/Introduction归纳。
PDF：港大/Kong, Lingpeng/论文/2026_SoftSkill_ Behavioral Compression for Contextual Adaptation.pdf；第1页标题、作者单位与摘要；Introduction在已保存前3页内。
https://arxiv.org/abs/2606.20333；访问2026-09-17；arXiv作者顺序和摘要。
原文摘要依据：“Agent skills are commonly deployed as natural-language Markdown files that encode answer policies, evidence-use habits, and task procedures. These files are readable and portable, but they are consume”。
仅确认论文内原姓名署名；跨论文身份未确认。","身份待核验；按单篇保留，不跨论文合并同名者。达到重点候选筛选阈值；已查可定位来源，身份/历史履历仍未确认。
具体论文问题：P175-C
完整Scholar/DBLP论文列表及CCF/CORE目录未获取；当前公开材料可能漏项。",175
Xinxing Su（论文 #21，身份待核验）,2026；论文#21；待核验,待核验,身份待核验,待核验,论文合作者（身份待核验）,待核验,待核验,待核验,工具智能体与任务评测,未公开,"论文信息汇总.csv 序21：摘要、研究内容、创新点；内容仅据摘要/Introduction归纳。
仅取得可靠元数据或摘要；未取得可读全文。
https://arxiv.org/abs/2508.21475；访问2026-09-17；arXiv作者顺序和摘要。
CV：https://ikekonglp.github.io/lingpenk_cv.pdf；第4页；版本2026-01-27。
原文摘要依据：“Existing multimodal browsing benchmarks often fail to require genuine multimodal reasoning, as many tasks can be solved with text-only heuristics without vision-in-the-loop verification. We introduce ”。
仅确认论文内原姓名署名；跨论文身份未确认。","身份待核验；按单篇保留，不跨论文合并同名者。待核验（未深查）；原姓名整体未达到重点阈值。
具体论文问题：P21-C;P21-D;P21-A;P21-R;P21-F
完整Scholar/DBLP论文列表及CCF/CORE目录未获取；当前公开材料可能漏项。",21
Xinyu Fu（论文 #21，身份待核验）,2026；论文#21；待核验,待核验,身份待核验,待核验,论文合作者（身份待核验）,待核验,待核验,待核验,工具智能体与任务评测,未公开,"论文信息汇总.csv 序21：摘要、研究内容、创新点；内容仅据摘要/Introduction归纳。
仅取得可靠元数据或摘要；未取得可读全文。
https://arxiv.org/abs/2508.21475；访问2026-09-17；arXiv作者顺序和摘要。
CV：https://ikekonglp.github.io/lingpenk_cv.pdf；第4页；版本2026-01-27。
原文摘要依据：“Existing multimodal browsing benchmarks often fail to require genuine multimodal reasoning, as many tasks can be solved with text-only heuristics without vision-in-the-loop verification. We introduce ”。
仅确认论文内原姓名署名；跨论文身份未确认。","身份待核验；按单篇保留，不跨论文合并同名者。达到重点候选筛选阈值；已查可定位来源，身份/历史履历仍未确认。
具体论文问题：P21-C;P21-D;P21-A;P21-R;P21-F
完整Scholar/DBLP论文列表及CCF/CORE目录未获取；当前公开材料可能漏项。",21
Xinyu Fu（论文 #161，身份待核验）,2025；论文#161；华为研究,待核验,身份待核验,待核验,论文合作者（身份待核验）,待核验,待核验,待核验,扩散文本生成,未公开,"论文信息汇总.csv 序161：摘要、研究内容、创新点；内容仅据摘要/Introduction归纳。
PDF：港大/Kong, Lingpeng/论文/2025_Beyond Confidence_ Adaptive and Coherent Decoding for Diffusion Language Models.pdf；第1页标题、作者单位与摘要；Introduction在已保存前3页内。
https://arxiv.org/abs/2512.02044；访问2026-09-17；arXiv作者顺序和摘要。
原文摘要依据：“Diffusion Language Models (DLMs) have recently achieved significant success due to their any-order generation capabilities. However, existing inference methods typically rely on local, immediate-step ”。
仅确认论文内原姓名署名；跨论文身份未确认。","身份待核验；按单篇保留，不跨论文合并同名者。达到重点候选筛选阈值；已查可定位来源，身份/历史履历仍未确认。
具体论文问题：P161-C
完整Scholar/DBLP论文列表及CCF/CORE目录未获取；当前公开材料可能漏项。",161
Xinyu Fu（论文 #173，身份待核验）,2026；论文#173；华为研究,待核验,身份待核验,待核验,论文合作者（身份待核验）,待核验,待核验,待核验,扩散文本生成,未公开,"论文信息汇总.csv 序173：摘要、研究内容、创新点；内容仅据摘要/Introduction归纳。
PDF：港大/Kong, Lingpeng/论文/2026_Self-Distilled Trajectory-Aware Boltzmann Modeling_ Bridging the Training-Inference Discrepancy in Diffusion Language Models.pdf；第1页标题、作者单位与摘要；Introduction在已保存前3页内。
https://arxiv.org/abs/2605.11854；访问2026-09-17；arXiv作者顺序和摘要。
原文摘要依据：“Diffusion Language Models (DLMs) have recently emerged as a promising alternative to autoregressive language models, offering stronger global awareness and highly parallel generation. However, post-tr”。
仅确认论文内原姓名署名；跨论文身份未确认。","身份待核验；按单篇保留，不跨论文合并同名者。达到重点候选筛选阈值；已查可定位来源，身份/历史履历仍未确认。
具体论文问题：P173-C
完整Scholar/DBLP论文列表及CCF/CORE目录未获取；当前公开材料可能漏项。",173
Xinyu Fu（论文 #175，身份待核验）,2026；论文#175；华为研究,待核验,身份待核验,待核验,论文合作者（身份待核验）,待核验,待核验,待核验,推理部署与参数效率,未公开,"论文信息汇总.csv 序175：摘要、研究内容、创新点；内容仅据摘要/Introduction归纳。
PDF：港大/Kong, Lingpeng/论文/2026_SoftSkill_ Behavioral Compression for Contextual Adaptation.pdf；第1页标题、作者单位与摘要；Introduction在已保存前3页内。
https://arxiv.org/abs/2606.20333；访问2026-09-17；arXiv作者顺序和摘要。
原文摘要依据：“Agent skills are commonly deployed as natural-language Markdown files that encode answer policies, evidence-use habits, and task procedures. These files are readable and portable, but they are consume”。
仅确认论文内原姓名署名；跨论文身份未确认。","身份待核验；按单篇保留，不跨论文合并同名者。达到重点候选筛选阈值；已查可定位来源，身份/历史履历仍未确认。
具体论文问题：P175-C
完整Scholar/DBLP论文列表及CCF/CORE目录未获取；当前公开材料可能漏项。",175
Jihao Wu（论文 #21，身份待核验）,2026；论文#21；待核验,待核验,身份待核验,待核验,论文合作者（身份待核验）,待核验,待核验,待核验,工具智能体与任务评测,未公开,"论文信息汇总.csv 序21：摘要、研究内容、创新点；内容仅据摘要/Introduction归纳。
仅取得可靠元数据或摘要；未取得可读全文。
https://arxiv.org/abs/2508.21475；访问2026-09-17；arXiv作者顺序和摘要。
CV：https://ikekonglp.github.io/lingpenk_cv.pdf；第4页；版本2026-01-27。
原文摘要依据：“Existing multimodal browsing benchmarks often fail to require genuine multimodal reasoning, as many tasks can be solved with text-only heuristics without vision-in-the-loop verification. We introduce ”。
仅确认论文内原姓名署名；跨论文身份未确认。","身份待核验；按单篇保留，不跨论文合并同名者。待核验（未深查）；原姓名整体未达到重点阈值。
具体论文问题：P21-C;P21-D;P21-A;P21-R;P21-F
完整Scholar/DBLP论文列表及CCF/CORE目录未获取；当前公开材料可能漏项。",21
Ziru Liu（论文 #21，身份待核验）,2026；论文#21；待核验,待核验,身份待核验,待核验,论文合作者（身份待核验）,待核验,待核验,待核验,工具智能体与任务评测,未公开,"论文信息汇总.csv 序21：摘要、研究内容、创新点；内容仅据摘要/Introduction归纳。
仅取得可靠元数据或摘要；未取得可读全文。
https://arxiv.org/abs/2508.21475；访问2026-09-17；arXiv作者顺序和摘要。
CV：https://ikekonglp.github.io/lingpenk_cv.pdf；第4页；版本2026-01-27。
原文摘要依据：“Existing multimodal browsing benchmarks often fail to require genuine multimodal reasoning, as many tasks can be solved with text-only heuristics without vision-in-the-loop verification. We introduce ”。
仅确认论文内原姓名署名；跨论文身份未确认。","身份待核验；按单篇保留，不跨论文合并同名者。达到重点候选筛选阈值；已查可定位来源，身份/历史履历仍未确认。
具体论文问题：P21-C;P21-D;P21-A;P21-R;P21-F
完整Scholar/DBLP论文列表及CCF/CORE目录未获取；当前公开材料可能漏项。",21
Ziru Liu（论文 #161，身份待核验）,2025；论文#161；华为研究,待核验,身份待核验,待核验,论文合作者（身份待核验）,待核验,待核验,待核验,扩散文本生成,未公开,"论文信息汇总.csv 序161：摘要、研究内容、创新点；内容仅据摘要/Introduction归纳。
PDF：港大/Kong, Lingpeng/论文/2025_Beyond Confidence_ Adaptive and Coherent Decoding for Diffusion Language Models.pdf；第1页标题、作者单位与摘要；Introduction在已保存前3页内。
https://arxiv.org/abs/2512.02044；访问2026-09-17；arXiv作者顺序和摘要。
原文摘要依据：“Diffusion Language Models (DLMs) have recently achieved significant success due to their any-order generation capabilities. However, existing inference methods typically rely on local, immediate-step ”。
仅确认论文内原姓名署名；跨论文身份未确认。","身份待核验；按单篇保留，不跨论文合并同名者。达到重点候选筛选阈值；已查可定位来源，身份/历史履历仍未确认。
具体论文问题：P161-C
完整Scholar/DBLP论文列表及CCF/CORE目录未获取；当前公开材料可能漏项。",161
Ziru Liu（论文 #173，身份待核验）,2026；论文#173；华为研究,待核验,身份待核验,待核验,论文合作者（身份待核验）,待核验,待核验,待核验,扩散文本生成,未公开,"论文信息汇总.csv 序173：摘要、研究内容、创新点；内容仅据摘要/Introduction归纳。
PDF：港大/Kong, Lingpeng/论文/2026_Self-Distilled Trajectory-Aware Boltzmann Modeling_ Bridging the Training-Inference Discrepancy in Diffusion Language Models.pdf；第1页标题、作者单位与摘要；Introduction在已保存前3页内。
https://arxiv.org/abs/2605.11854；访问2026-09-17；arXiv作者顺序和摘要。
原文摘要依据：“Diffusion Language Models (DLMs) have recently emerged as a promising alternative to autoregressive language models, offering stronger global awareness and highly parallel generation. However, post-tr”。
仅确认论文内原姓名署名；跨论文身份未确认。","身份待核验；按单篇保留，不跨论文合并同名者。达到重点候选筛选阈值；已查可定位来源，身份/历史履历仍未确认。
具体论文问题：P173-C
完整Scholar/DBLP论文列表及CCF/CORE目录未获取；当前公开材料可能漏项。",173
Ziru Liu（论文 #175，身份待核验）,2026；论文#175；华为研究,待核验,身份待核验,待核验,论文合作者（身份待核验）,待核验,待核验,待核验,推理部署与参数效率,未公开,"论文信息汇总.csv 序175：摘要、研究内容、创新点；内容仅据摘要/Introduction归纳。
PDF：港大/Kong, Lingpeng/论文/2026_SoftSkill_ Behavioral Compression for Contextual Adaptation.pdf；第1页标题、作者单位与摘要；Introduction在已保存前3页内。
https://arxiv.org/abs/2606.20333；访问2026-09-17；arXiv作者顺序和摘要。
原文摘要依据：“Agent skills are commonly deployed as natural-language Markdown files that encode answer policies, evidence-use habits, and task procedures. These files are readable and portable, but they are consume”。
仅确认论文内原姓名署名；跨论文身份未确认。","身份待核验；按单篇保留，不跨论文合并同名者。达到重点候选筛选阈值；已查可定位来源，身份/历史履历仍未确认。
具体论文问题：P175-C
完整Scholar/DBLP论文列表及CCF/CORE目录未获取；当前公开材料可能漏项。",175
Rui Liu（论文 #21，身份待核验）,2026；论文#21；待核验,待核验,身份待核验,待核验,论文合作者（身份待核验）,待核验,待核验,待核验,工具智能体与任务评测,未公开,"论文信息汇总.csv 序21：摘要、研究内容、创新点；内容仅据摘要/Introduction归纳。
仅取得可靠元数据或摘要；未取得可读全文。
https://arxiv.org/abs/2508.21475；访问2026-09-17；arXiv作者顺序和摘要。
CV：https://ikekonglp.github.io/lingpenk_cv.pdf；第4页；版本2026-01-27。
原文摘要依据：“Existing multimodal browsing benchmarks often fail to require genuine multimodal reasoning, as many tasks can be solved with text-only heuristics without vision-in-the-loop verification. We introduce ”。
仅确认论文内原姓名署名；跨论文身份未确认。","身份待核验；按单篇保留，不跨论文合并同名者。达到重点候选筛选阈值；已查可定位来源，身份/历史履历仍未确认。
具体论文问题：P21-C;P21-D;P21-A;P21-R;P21-F
完整Scholar/DBLP论文列表及CCF/CORE目录未获取；当前公开材料可能漏项。",21
Rui Liu（论文 #161，身份待核验）,2025；论文#161；华为研究,待核验,身份待核验,待核验,论文合作者（身份待核验）,待核验,待核验,待核验,扩散文本生成,未公开,"论文信息汇总.csv 序161：摘要、研究内容、创新点；内容仅据摘要/Introduction归纳。
PDF：港大/Kong, Lingpeng/论文/2025_Beyond Confidence_ Adaptive and Coherent Decoding for Diffusion Language Models.pdf；第1页标题、作者单位与摘要；Introduction在已保存前3页内。
https://arxiv.org/abs/2512.02044；访问2026-09-17；arXiv作者顺序和摘要。
原文摘要依据：“Diffusion Language Models (DLMs) have recently achieved significant success due to their any-order generation capabilities. However, existing inference methods typically rely on local, immediate-step ”。
仅确认论文内原姓名署名；跨论文身份未确认。","身份待核验；按单篇保留，不跨论文合并同名者。达到重点候选筛选阈值；已查可定位来源，身份/历史履历仍未确认。
具体论文问题：P161-C
完整Scholar/DBLP论文列表及CCF/CORE目录未获取；当前公开材料可能漏项。",161
Rui Liu（论文 #173，身份待核验）,2026；论文#173；华为研究,待核验,身份待核验,待核验,论文合作者（身份待核验）,待核验,待核验,待核验,扩散文本生成,未公开,"论文信息汇总.csv 序173：摘要、研究内容、创新点；内容仅据摘要/Introduction归纳。
PDF：港大/Kong, Lingpeng/论文/2026_Self-Distilled Trajectory-Aware Boltzmann Modeling_ Bridging the Training-Inference Discrepancy in Diffusion Language Models.pdf；第1页标题、作者单位与摘要；Introduction在已保存前3页内。
https://arxiv.org/abs/2605.11854；访问2026-09-17；arXiv作者顺序和摘要。
原文摘要依据：“Diffusion Language Models (DLMs) have recently emerged as a promising alternative to autoregressive language models, offering stronger global awareness and highly parallel generation. However, post-tr”。
仅确认论文内原姓名署名；跨论文身份未确认。","身份待核验；按单篇保留，不跨论文合并同名者。达到重点候选筛选阈值；已查可定位来源，身份/历史履历仍未确认。
具体论文问题：P173-C
完整Scholar/DBLP论文列表及CCF/CORE目录未获取；当前公开材料可能漏项。",173
Rui Liu（论文 #175，身份待核验）,2026；论文#175；华为研究,待核验,身份待核验,待核验,论文合作者（身份待核验）,待核验,待核验,待核验,推理部署与参数效率,未公开,"论文信息汇总.csv 序175：摘要、研究内容、创新点；内容仅据摘要/Introduction归纳。
PDF：港大/Kong, Lingpeng/论文/2026_SoftSkill_ Behavioral Compression for Contextual Adaptation.pdf；第1页标题、作者单位与摘要；Introduction在已保存前3页内。
https://arxiv.org/abs/2606.20333；访问2026-09-17；arXiv作者顺序和摘要。
原文摘要依据：“Agent skills are commonly deployed as natural-language Markdown files that encode answer policies, evidence-use habits, and task procedures. These files are readable and portable, but they are consume”。
仅确认论文内原姓名署名；跨论文身份未确认。","身份待核验；按单篇保留，不跨论文合并同名者。达到重点候选筛选阈值；已查可定位来源，身份/历史履历仍未确认。
具体论文问题：P175-C
完整Scholar/DBLP论文列表及CCF/CORE目录未获取；当前公开材料可能漏项。",175
Zirui Wu（论文 #22，身份待核验）,2026；论文#22；香港大学；北京大学,待核验,身份待核验,待核验,论文合作者（身份待核验）,待核验,待核验,待核验,扩散代码生成,未公开,"论文信息汇总.csv 序22：摘要、研究内容、创新点；内容仅据摘要/Introduction归纳。
PDF：港大/Kong, Lingpeng/论文/2026_DreamOn_ Diffusion Language Models For Code Infilling Beyond Fixed-size Canvas.pdf；第1页标题、作者单位与摘要；Introduction在已保存前3页内。
https://arxiv.org/abs/2602.01326；访问2026-09-17；arXiv作者顺序和摘要。
CV：https://ikekonglp.github.io/lingpenk_cv.pdf；第5页；版本2026-01-27。
PDF发表标记：“Published as a conference paper at ICLR 2026”。
原文摘要依据：“Diffusion Language Models (DLMs) present a compelling alternative to autoregressive models, offering flexible, any-order infilling without specialized prompting design. However, their practical utilit”。
仅确认论文内原姓名署名；跨论文身份未确认。https://aclanthology.org/people/zirui-wu/unverified/","身份待核验；按单篇保留，不跨论文合并同名者。达到重点候选筛选阈值；已查可定位来源，身份/历史履历仍未确认。
具体论文问题：P22-C
完整Scholar/DBLP论文列表及CCF/CORE目录未获取；当前公开材料可能漏项。",22
Zirui Wu（论文 #31，身份待核验）,2025；论文#31；北京大学；香港大学,待核验,身份待核验,待核验,论文合作者（身份待核验）,待核验,待核验,待核验,推理与决策规划,未公开,"论文信息汇总.csv 序31：摘要、研究内容、创新点；内容仅据摘要/Introduction归纳。
PDF：港大/Kong, Lingpeng/论文/2025_Recipe2Plan_ Evaluating Planning Abilities of LLMs for Efficient and Feasible Multitasking with Time Constraints Between Actions.pdf；第1页标题、作者单位与摘要；Introduction在已保存前3页内。
https://aclanthology.org/2025.findings-emnlp.229/；访问2026-09-17；ACL作者顺序、发表信息与摘要。
CV：https://ikekonglp.github.io/lingpenk_cv.pdf；第5页；版本2026-01-27。
原文摘要依据：“While Large Language Model-based agents have demonstrated substantial progress in task completion, existing evaluation benchmarks tend to overemphasize single-task performance, with insufficient atten”。
仅确认论文内原姓名署名；跨论文身份未确认。https://aclanthology.org/people/zirui-wu/unverified/","身份待核验；按单篇保留，不跨论文合并同名者。达到重点候选筛选阈值；已查可定位来源，身份/历史履历仍未确认。
具体论文问题：P31-C
完整Scholar/DBLP论文列表及CCF/CORE目录未获取；当前公开材料可能漏项。",31
Zirui Wu（论文 #154，身份待核验）,2025；论文#154；香港大学,待核验,身份待核验,待核验,论文合作者（身份待核验）,待核验,待核验,待核验,扩散文本生成,未公开,"论文信息汇总.csv 序154：摘要、研究内容、创新点；内容仅据摘要/Introduction归纳。
PDF：港大/Kong, Lingpeng/论文/2025_Dream 7B_ Diffusion Large Language Models.pdf；第1页标题、作者单位与摘要；Introduction在已保存前3页内。
https://arxiv.org/abs/2508.15487；访问2026-09-17；arXiv作者顺序和摘要。
原文摘要依据：“We introduce Dream 7B, the most powerful open diffusion large language model to date. Unlike autoregressive (AR) models that generate tokens sequentially, Dream 7B employs discrete diffusion modeling ”。
仅确认论文内原姓名署名；跨论文身份未确认。https://aclanthology.org/people/zirui-wu/unverified/","身份待核验；按单篇保留，不跨论文合并同名者。达到重点候选筛选阈值；已查可定位来源，身份/历史履历仍未确认。
具体论文问题：P154-C;P154-R
完整Scholar/DBLP论文列表及CCF/CORE目录未获取；当前公开材料可能漏项。",154
Zirui Wu（论文 #155，身份待核验）,2025；论文#155；香港大学,待核验,身份待核验,待核验,论文合作者（身份待核验）,待核验,待核验,待核验,扩散代码生成,未公开,"论文信息汇总.csv 序155：摘要、研究内容、创新点；内容仅据摘要/Introduction归纳。
PDF：港大/Kong, Lingpeng/论文/2025_Dream-Coder 7B_ An Open Diffusion Language Model for Code.pdf；第1页标题、作者单位与摘要；Introduction在已保存前3页内。
https://arxiv.org/abs/2509.01142；访问2026-09-17；arXiv作者顺序和摘要。
原文摘要依据：“We present Dream-Coder 7B, an open-source discrete diffusion language model for code generation that exhibits emergent any-order generation capabilities. Unlike traditional autoregressive (AR) models ”。
仅确认论文内原姓名署名；跨论文身份未确认。https://aclanthology.org/people/zirui-wu/unverified/","身份待核验；按单篇保留，不跨论文合并同名者。达到重点候选筛选阈值；已查可定位来源，身份/历史履历仍未确认。
具体论文问题：P155-C;P155-R
完整Scholar/DBLP论文列表及CCF/CORE目录未获取；当前公开材料可能漏项。",155
Zirui Wu（论文 #174，身份待核验）,2026；论文#174；香港大学；北京大学,待核验,身份待核验,待核验,论文合作者（身份待核验）,待核验,待核验,待核验,扩散推理与规划,未公开,"论文信息汇总.csv 序174：摘要、研究内容、创新点；内容仅据摘要/Introduction归纳。
PDF：港大/Kong, Lingpeng/论文/2026_DreamReasoner-8B_ Block-Size Curriculum Learning for Diffusion Reasoning Models.pdf；第1页标题、作者单位与摘要；Introduction在已保存前3页内。
https://arxiv.org/abs/2606.19257；访问2026-09-17；arXiv作者顺序和摘要。
原文摘要依据：“Block diffusion language models accelerate decoding through parallel block-wise denoising, yet whether they can be reliably scaled for long chain-of-thought (CoT) reasoning remains unresolved. To this”。
仅确认论文内原姓名署名；跨论文身份未确认。https://aclanthology.org/people/zirui-wu/unverified/","身份待核验；按单篇保留，不跨论文合并同名者。达到重点候选筛选阈值；已查可定位来源，身份/历史履历仍未确认。
具体论文问题：P174-C
完整Scholar/DBLP论文列表及CCF/CORE目录未获取；当前公开材料可能漏项。",174
Lin Zheng,"2021；论文#111；香港大学；中山大学
2022；论文#103；香港大学
2022；论文#104；香港大学
2023；论文#80；待核验
2023；论文#88；香港大学
2023；论文#90；香港大学
2023；论文#142；待核验
2024；论文#52；香港大学
2024；论文#54；待核验
2024；论文#59；香港大学
2024；论文#69；香港大学
2024；论文#146；香港大学
2025；论文#43；香港大学
2025；论文#47；香港大学
2025；论文#154；香港大学
2025；论文#155；香港大学
2026；论文#22；香港大学
2026；论文#164；香港大学
2026；论文#174；香港大学",香港大学,2021起；博士生（CV）,博士生,导师—学生,19,2021,2026,高效注意力与序列架构；扩散推理与规划；蛋白质表示学习；扩散文本生成；代码生成与纠错；形式化定理证明；扩散代码生成；字节级语言建模,未公开,https://lzhengisme.github.io/；访问2026-09-17；原文依据：“supervised by Prof. Lingpeng Kong”。历史指导/时间另见https://ikekonglp.github.io/lingpenk_cv.pdf第1-2页（版本2026-01-27）；校友更新见https://hkunlp.github.io/people/。核验状态：公开身份部分确认；局限见待核验问题。,"主页为第五年博士生；毕业时间未公开。
具体论文问题：P111-C;P111-A;P111-R;P103-C;P103-A;P104-C;P104-A;P80-C;P80-D;P80-A;P80-R;P80-F;P88-C;P90-C;P90-R;P142-C;P142-D;P142-A;P142-R;P52-C;P52-R;P52-F;P54-C;P54-A;P54-R;P54-V;P59-C;P59-R;P59-F;P69-C;P69-R;P146-C;P43-C;P43-R;P47-C;P47-R;P154-C;P154-R;P155-C;P155-R;P22-C;P164-C;P174-C
完整Scholar/DBLP论文列表及CCF/CORE目录未获取；当前公开材料可能漏项。;CP168;CP169",111;103;104;80;88;90;142;52;54;59;69;146;43;47;154;155;22;164;174
Zhihui Xie,"2024；论文#55；香港大学
2025；论文#26；待核验
2025；论文#36；香港大学
2025；论文#38；香港大学
2025；论文#39；香港大学
2025；论文#154；香港大学
2025；论文#155；香港大学
2026；论文#22；香港大学
2026；论文#158；待核验
2026；论文#168；香港大学",香港大学,2024起；博士生；2025暑期Meta实习（主页）,博士生,导师—学生；共同指导,10,2024,2026,模型评价与奖励学习；推理与决策规划；代码生成与纠错；模型安全与可靠性；扩散文本生成；扩散代码生成；工具智能体与任务评测,未公开,https://zhxie.site/；访问2026-09-17；原文依据：“Lingpeng Kong and Qi Liu”。历史指导/时间另见https://ikekonglp.github.io/lingpenk_cv.pdf第1-2页（版本2026-01-27）；校友更新见https://hkunlp.github.io/people/。核验状态：公开身份部分确认；局限见待核验问题。,"博士结束日期未公开；时间按CV而非主页年级倒推。
具体论文问题：P55-C;P55-A;P55-R;P55-V;P26-C;P26-D;P26-A;P26-R;P36-C;P38-C;P38-R;P38-F;P39-C;P154-C;P154-R;P155-C;P155-R;P22-C;P158-C;P158-D;P158-A;P158-R;P168-C;P168-R
完整Scholar/DBLP论文列表及CCF/CORE目录未获取；当前公开材料可能漏项。;CP180;CP181;CP182;CP183;CP184;CP185",55;26;36;38;39;154;155;22;158;168
Jiacheng Ye,"2022；论文#95；香港大学；上海人工智能实验室
2022；论文#96；香港大学；上海人工智能实验室
2023；论文#76；香港大学
2023；论文#81；香港大学
2023；论文#87；香港大学；上海人工智能实验室
2023；论文#91；待核验
2023；论文#138；香港大学
2024；论文#52；香港大学
2024；论文#62；香港大学
2025；论文#43；香港大学
2025；论文#44；待核验
2025；论文#45；待核验
2025；论文#47；香港大学
2025；论文#154；香港大学
2025；论文#155；香港大学
2025；论文#162；香港大学
2026；论文#22；香港大学
2026；论文#174；香港大学",待核验（主页仍为香港大学博士生；实验室列为2026校友）,2022起；博士生；与Tao Yu共同指导（CV）,博士生/毕业状态待核验,导师—学生；共同指导,18,2022,2026,任务数据合成；上下文示例选择；多语言能力与低资源学习；扩散推理与规划；推理部署与参数效率；数学推理与题目合成；扩散文本生成；扩散代码生成；扩散视觉与动作生成,未公开,https://jiacheng-ye.github.io/；访问2026-09-17；原文依据：“co-supervised by Prof. Lingpeng Kong and Prof. Tao Yu”。历史指导/时间另见https://ikekonglp.github.io/lingpenk_cv.pdf第1-2页（版本2026-01-27）；校友更新见https://hkunlp.github.io/people/。核验状态：公开身份部分确认；局限见待核验问题。,"离组日期及当前单位待核验；主页与校友页存在更新时差。
具体论文问题：P95-C;P95-A;P95-R;P96-C;P96-A;P96-R;P76-C;P76-R;P81-C;P81-R;P87-C;P91-C;P91-D;P91-A;P91-R;P91-F;P138-C;P138-R;P52-C;P52-R;P52-F;P62-C;P62-R;P43-C;P43-R;P44-C;P44-D;P44-A;P44-R;P44-F;P45-C;P45-D;P45-A;P45-R;P45-F;P47-C;P47-R;P154-C;P154-R;P155-C;P155-R;P162-C;P22-C;P174-C
完整Scholar/DBLP论文列表及CCF/CORE目录未获取；当前公开材料可能漏项。;CP204;CP205;CP206;CP207;CP208",95;96;76;81;87;91;138;52;62;43;44;45;47;154;155;162;22;174
Jiahui Gao,"2022；论文#95；香港大学
2022；论文#96；香港大学
2022；论文#110；香港大学
2023；论文#75；待核验
2023；论文#91；待核验
2024；论文#52；华为诺亚方舟实验室
2024；论文#58；待核验
2025；论文#24；待核验
2025；论文#27；香港大学
2025；论文#39；香港大学
2025；论文#43；华为诺亚方舟实验室
2025；论文#44；待核验
2025；论文#45；待核验
2025；论文#48；香港大学；华为诺亚方舟实验室
2025；论文#154；华为诺亚方舟实验室
2025；论文#155；华为诺亚方舟实验室
2025；论文#162；华为
2026；论文#22；香港大学
2026；论文#166；香港大学
2026；论文#176；待核验",华为诺亚方舟实验室（2025论文署名；当前官方任职待核验）,2019-2023；香港大学博士生；2025论文署名华为,当前职位未公开,导师—学生；共同指导,20,2022,2026,任务数据合成；句法分析与结构化表示；视觉语言理解；扩散推理与规划；模型安全与可靠性；数学推理与题目合成；扩散文本生成；扩散代码生成；扩散视觉与动作生成；工具智能体与任务评测,未公开,https://sumilergao.github.io/jiahuig.hku/；访问2026-09-17；原文依据：“supervised by Stephen M.S. LEE and Lingpeng Kong”。历史指导/时间另见https://ikekonglp.github.io/lingpenk_cv.pdf第1-2页（版本2026-01-27）；校友更新见https://hkunlp.github.io/people/。核验状态：公开身份部分确认；局限见待核验问题。,"主页停留于博士期间；不能用2025论文单位确定2026当前任职。
具体论文问题：P95-C;P95-A;P95-R;P96-C;P96-A;P96-R;P110-C;P110-A;P110-R;P75-C;P75-D;P75-A;P75-R;P91-C;P91-D;P91-A;P91-R;P91-F;P52-C;P52-R;P52-F;P58-C;P58-D;P58-A;P58-R;P58-F;P24-C;P24-D;P24-A;P24-R;P24-F;P27-C;P27-R;P39-C;P43-C;P43-R;P44-C;P44-D;P44-A;P44-R;P44-F;P45-C;P45-D;P45-A;P45-R;P45-F;P48-C;P48-F;P48-V;P154-C;P154-R;P155-C;P155-R;P162-C;P22-C;P166-C;P166-R;P176-C;P176-D;P176-A;P176-R
完整Scholar/DBLP论文列表及CCF/CORE目录未获取；当前公开材料可能漏项。;CP229;CP230;CP231;CP232",95;96;110;75;91;52;58;24;27;39;43;44;45;48;154;155;162;22;166;176
Yansong Feng（论文 #22，身份待核验）,2026；论文#22；北京大学,待核验,身份待核验,待核验,论文合作者（身份待核验）,待核验,待核验,待核验,扩散代码生成,未公开,"论文信息汇总.csv 序22：摘要、研究内容、创新点；内容仅据摘要/Introduction归纳。
PDF：港大/Kong, Lingpeng/论文/2026_DreamOn_ Diffusion Language Models For Code Infilling Beyond Fixed-size Canvas.pdf；第1页标题、作者单位与摘要；Introduction在已保存前3页内。
https://arxiv.org/abs/2602.01326；访问2026-09-17；arXiv作者顺序和摘要。
CV：https://ikekonglp.github.io/lingpenk_cv.pdf；第5页；版本2026-01-27。
PDF发表标记：“Published as a conference paper at ICLR 2026”。
原文摘要依据：“Diffusion Language Models (DLMs) present a compelling alternative to autoregressive models, offering flexible, any-order infilling without specialized prompting design. However, their practical utilit”。
仅确认论文内原姓名署名；跨论文身份未确认。https://aclanthology.org/people/yansong-feng/unverified/","身份待核验；按单篇保留，不跨论文合并同名者。达到重点候选筛选阈值；已查可定位来源，身份/历史履历仍未确认。
具体论文问题：P22-C
完整Scholar/DBLP论文列表及CCF/CORE目录未获取；当前公开材料可能漏项。",22
Yansong Feng（论文 #31，身份待核验）,2025；论文#31；北京大学,待核验,身份待核验,待核验,论文合作者（身份待核验）,待核验,待核验,待核验,推理与决策规划,未公开,"论文信息汇总.csv 序31：摘要、研究内容、创新点；内容仅据摘要/Introduction归纳。
PDF：港大/Kong, Lingpeng/论文/2025_Recipe2Plan_ Evaluating Planning Abilities of LLMs for Efficient and Feasible Multitasking with Time Constraints Between Actions.pdf；第1页标题、作者单位与摘要；Introduction在已保存前3页内。
https://aclanthology.org/2025.findings-emnlp.229/；访问2026-09-17；ACL作者顺序、发表信息与摘要。
CV：https://ikekonglp.github.io/lingpenk_cv.pdf；第5页；版本2026-01-27。
原文摘要依据：“While Large Language Model-based agents have demonstrated substantial progress in task completion, existing evaluation benchmarks tend to overemphasize single-task performance, with insufficient atten”。
仅确认论文内原姓名署名；跨论文身份未确认。https://aclanthology.org/people/yansong-feng/unverified/","身份待核验；按单篇保留，不跨论文合并同名者。达到重点候选筛选阈值；已查可定位来源，身份/历史履历仍未确认。
具体论文问题：P31-C
完整Scholar/DBLP论文列表及CCF/CORE目录未获取；当前公开材料可能漏项。",31
Yansong Feng（论文 #174，身份待核验）,2026；论文#174；北京大学,待核验,身份待核验,待核验,论文合作者（身份待核验）,待核验,待核验,待核验,扩散推理与规划,未公开,"论文信息汇总.csv 序174：摘要、研究内容、创新点；内容仅据摘要/Introduction归纳。
PDF：港大/Kong, Lingpeng/论文/2026_DreamReasoner-8B_ Block-Size Curriculum Learning for Diffusion Reasoning Models.pdf；第1页标题、作者单位与摘要；Introduction在已保存前3页内。
https://arxiv.org/abs/2606.19257；访问2026-09-17；arXiv作者顺序和摘要。
原文摘要依据：“Block diffusion language models accelerate decoding through parallel block-wise denoising, yet whether they can be reliably scaled for long chain-of-thought (CoT) reasoning remains unresolved. To this”。
仅确认论文内原姓名署名；跨论文身份未确认。https://aclanthology.org/people/yansong-feng/unverified/","身份待核验；按单篇保留，不跨论文合并同名者。达到重点候选筛选阈值；已查可定位来源，身份/历史履历仍未确认。
具体论文问题：P174-C
完整Scholar/DBLP论文列表及CCF/CORE目录未获取；当前公开材料可能漏项。",174
Zhenguo Li,"2022；论文#110；华为诺亚方舟实验室
2023；论文#91；待核验
2024；论文#52；华为诺亚方舟实验室
2024；论文#58；待核验
2025；论文#39；华为诺亚方舟实验室
2025；论文#43；华为诺亚方舟实验室
2025；论文#44；待核验
2025；论文#45；待核验
2025；论文#48；华为诺亚方舟实验室
2025；论文#154；华为诺亚方舟实验室
2025；论文#155；华为诺亚方舟实验室
2026；论文#22；华为诺亚方舟实验室",华为诺亚方舟实验室,合作期间华为科研人员；准确任职起止待核验,AI Theory方向负责人；香港科技大学兼职教授,论文合作者,12,2022,2026,句法分析与结构化表示；任务数据合成；扩散推理与规划；模型安全与可靠性；数学推理与题目合成；扩散文本生成；扩散代码生成,未公开,https://zhenguol.github.io/；访问2026-09-17；原文依据：“Noah”。历史指导/时间另见https://ikekonglp.github.io/lingpenk_cv.pdf第1-2页（版本2026-01-27）；校友更新见https://hkunlp.github.io/people/。核验状态：公开身份部分确认；局限见待核验问题。,"共同项目职责、任职起止未公开；兼职教师任期未核验。
具体论文问题：P110-C;P110-A;P110-R;P91-C;P91-D;P91-A;P91-R;P91-F;P52-C;P52-R;P52-F;P58-C;P58-D;P58-A;P58-R;P58-F;P39-C;P43-C;P43-R;P44-C;P44-D;P44-A;P44-R;P44-F;P45-C;P45-D;P45-A;P45-R;P45-F;P48-C;P48-F;P48-V;P154-C;P154-R;P155-C;P155-R;P22-C
完整Scholar/DBLP论文列表及CCF/CORE目录未获取；当前公开材料可能漏项。;CP245",110;91;52;58;39;43;44;45;48;154;155;22
Wei Bi（论文 #22，身份待核验）,2026；论文#22；快手,待核验,身份待核验,待核验,论文合作者（身份待核验）,待核验,待核验,待核验,扩散代码生成,未公开,"论文信息汇总.csv 序22：摘要、研究内容、创新点；内容仅据摘要/Introduction归纳。
PDF：港大/Kong, Lingpeng/论文/2026_DreamOn_ Diffusion Language Models For Code Infilling Beyond Fixed-size Canvas.pdf；第1页标题、作者单位与摘要；Introduction在已保存前3页内。
https://arxiv.org/abs/2602.01326；访问2026-09-17；arXiv作者顺序和摘要。
CV：https://ikekonglp.github.io/lingpenk_cv.pdf；第5页；版本2026-01-27。
PDF发表标记：“Published as a conference paper at ICLR 2026”。
原文摘要依据：“Diffusion Language Models (DLMs) present a compelling alternative to autoregressive models, offering flexible, any-order infilling without specialized prompting design. However, their practical utilit”。
仅确认论文内原姓名署名；跨论文身份未确认。https://aclanthology.org/people/victoria-w/","身份待核验；按单篇保留，不跨论文合并同名者。达到重点候选筛选阈值；已查可定位来源，身份/历史履历仍未确认。
具体论文问题：P22-C
完整Scholar/DBLP论文列表及CCF/CORE目录未获取；当前公开材料可能漏项。",22
Wei Bi（论文 #47，身份待核验）,2025；论文#47；腾讯AI Lab,待核验,身份待核验,待核验,论文合作者（身份待核验）,待核验,待核验,待核验,扩散文本生成,未公开,"论文信息汇总.csv 序47：摘要、研究内容、创新点；内容仅据摘要/Introduction归纳。
PDF：港大/Kong, Lingpeng/论文/2025_Scaling Diffusion Language Models via Adaptation from Autoregressive Models.pdf；第1页标题、作者单位与摘要；Introduction在已保存前3页内。
https://arxiv.org/abs/2410.17891；访问2026-09-17；arXiv作者顺序和摘要。
CV：https://ikekonglp.github.io/lingpenk_cv.pdf；第6页；版本2026-01-27。
PDF发表标记：“Published as a conference paper at ICLR 2025”。
原文摘要依据：“Diffusion Language Models (DLMs) have emerged as a promising new paradigm for text generative modeling, potentially addressing limitations of autoregressive (AR) models. However, current DLMs have bee”。
仅确认论文内原姓名署名；跨论文身份未确认。https://aclanthology.org/people/victoria-w/","身份待核验；按单篇保留，不跨论文合并同名者。达到重点候选筛选阈值；已查可定位来源，身份/历史履历仍未确认。
具体论文问题：P47-C;P47-R
完整Scholar/DBLP论文列表及CCF/CORE目录未获取；当前公开材料可能漏项。",47
Wei Bi（论文 #52，身份待核验）,2024；论文#52；腾讯AI Lab,待核验,身份待核验,待核验,论文合作者（身份待核验）,待核验,待核验,待核验,扩散推理与规划,未公开,"论文信息汇总.csv 序52：摘要、研究内容、创新点；内容仅据摘要/Introduction归纳。
PDF：港大/Kong, Lingpeng/论文/2024_Diffusion of Thought_ Chain-of-Thought Reasoning in Diffusion Language Models.pdf；第1页标题、作者单位与摘要；Introduction在已保存前3页内。
https://arxiv.org/abs/2402.07754；访问2026-09-17；arXiv作者顺序和摘要。
CV：https://ikekonglp.github.io/lingpenk_cv.pdf；第7页；版本2026-01-27。
原文摘要依据：“Recently, diffusion models have garnered significant interest in the field of text processing due to their many potential advantages compared to conventional autoregressive models. In this work, we pr”。
仅确认论文内原姓名署名；跨论文身份未确认。https://aclanthology.org/people/victoria-w/","身份待核验；按单篇保留，不跨论文合并同名者。达到重点候选筛选阈值；已查可定位来源，身份/历史履历仍未确认。
具体论文问题：P52-C;P52-R;P52-F
完整Scholar/DBLP论文列表及CCF/CORE目录未获取；当前公开材料可能漏项。",52
Wei Bi（论文 #63，身份待核验）,2024；论文#63；腾讯AI Lab,待核验,身份待核验,待核验,论文合作者（身份待核验）,待核验,待核验,待核验,数学推理与题目合成,未公开,"论文信息汇总.csv 序63：摘要、研究内容、创新点；内容仅据摘要/Introduction归纳。
PDF：港大/Kong, Lingpeng/论文/2024_GSM-Plus_ A Comprehensive Benchmark for Evaluating the Robustness of LLMs as Mathematical Problem Solvers.pdf；第1页标题、作者单位与摘要；Introduction在已保存前3页内。
https://aclanthology.org/2024.acl-long.163/；访问2026-09-17；ACL作者顺序、发表信息与摘要。
CV：https://ikekonglp.github.io/lingpenk_cv.pdf；第8页；版本2026-01-27。
PDF发表标记：“Proceedings of the 62nd Annual Meeting of the Association for Computational Linguistics (Volume 1: Long Papers), pages 2961–2984”。
原文摘要依据：“Large language models (LLMs) have achieved impressive performance across various mathematical reasoning benchmarks. However, there are increasing debates regarding whether these models truly understan”。
仅确认论文内原姓名署名；跨论文身份未确认。https://aclanthology.org/people/victoria-w/","身份待核验；按单篇保留，不跨论文合并同名者。达到重点候选筛选阈值；已查可定位来源，身份/历史履历仍未确认。
具体论文问题：P63-C
完整Scholar/DBLP论文列表及CCF/CORE目录未获取；当前公开材料可能漏项。",63
Wei Bi（论文 #66，身份待核验）,2024；论文#66；腾讯AI Lab,待核验,身份待核验,待核验,论文合作者（身份待核验）,待核验,待核验,待核验,数学推理与题目合成,未公开,"论文信息汇总.csv 序66：摘要、研究内容、创新点；内容仅据摘要/Introduction归纳。
PDF：港大/Kong, Lingpeng/论文/2024_SEGO_ Sequential Subgoal Optimization for Mathematical Problem-Solving.pdf；第1页标题、作者单位与摘要；Introduction在已保存前3页内。
https://aclanthology.org/2024.acl-long.407/；访问2026-09-17；ACL作者顺序、发表信息与摘要。
CV：https://ikekonglp.github.io/lingpenk_cv.pdf；第8页；版本2026-01-27。
PDF发表标记：“Proceedings of the 62nd Annual Meeting of the Association for Computational Linguistics (Volume 1: Long Papers), pages 7544–7565”。
原文摘要依据：“Large Language Models (LLMs) have driven substantial progress in artificial intelligence in recent years, exhibiting impressive capabilities across a wide range of tasks, including mathematical proble”。
仅确认论文内原姓名署名；跨论文身份未确认。https://aclanthology.org/people/victoria-w/","身份待核验；按单篇保留，不跨论文合并同名者。达到重点候选筛选阈值；已查可定位来源，身份/历史履历仍未确认。
具体论文问题：P66-C;P66-R
完整Scholar/DBLP论文列表及CCF/CORE目录未获取；当前公开材料可能漏项。",66
Wei Bi（论文 #67，身份待核验）,2024；论文#67；腾讯AI Lab,待核验,身份待核验,待核验,论文合作者（身份待核验）,待核验,待核验,待核验,视觉语言理解,未公开,"论文信息汇总.csv 序67：摘要、研究内容、创新点；内容仅据摘要/Introduction归纳。
PDF：港大/Kong, Lingpeng/论文/2024_BBA_ Bi-Modal Behavioral Alignment for Reasoning with Large Vision-Language Models.pdf；第1页标题、作者单位与摘要；Introduction在已保存前3页内。
https://aclanthology.org/2024.findings-acl.433/；访问2026-09-17；ACL作者顺序、发表信息与摘要。
CV：https://ikekonglp.github.io/lingpenk_cv.pdf；第8页；版本2026-01-27。
原文摘要依据：“Multimodal reasoning stands as a pivotal capability for large vision-language models (LVLMs). The integration with Domain-Specific Languages (DSL), offering precise visual representations, equips thes”。
仅确认论文内原姓名署名；跨论文身份未确认。https://aclanthology.org/people/victoria-w/","身份待核验；按单篇保留，不跨论文合并同名者。达到重点候选筛选阈值；已查可定位来源，身份/历史履历仍未确认。
具体论文问题：P67-C;P67-R
完整Scholar/DBLP论文列表及CCF/CORE目录未获取；当前公开材料可能漏项。",67
Wei Bi（论文 #82，身份待核验）,2023；论文#82；待核验,待核验,身份待核验,待核验,论文合作者（身份待核验）,待核验,待核验,待核验,解释生成,未公开,"论文信息汇总.csv 序82：摘要、研究内容、创新点；内容仅据摘要/Introduction归纳。
仅取得可靠元数据或摘要；未取得可读全文。
https://aclanthology.org/2023.findings-acl.765/；访问2026-09-17；ACL作者顺序、发表信息与摘要。
CV：https://ikekonglp.github.io/lingpenk_cv.pdf；第9页；版本2026-01-27。
原文摘要依据：“Explaining the black-box predictions of NLP models naturally and accurately is an important open problem in natural language generation. These free-text explanations are expected to contain sufficient”。
仅确认论文内原姓名署名；跨论文身份未确认。https://aclanthology.org/people/victoria-w/","身份待核验；按单篇保留，不跨论文合并同名者。达到重点候选筛选阈值；已查可定位来源，身份/历史履历仍未确认。
具体论文问题：P82-C;P82-D;P82-A;P82-R
完整Scholar/DBLP论文列表及CCF/CORE目录未获取；当前公开材料可能漏项。",82
Wei Bi（论文 #106，身份待核验）,2022；论文#106；腾讯AI Lab,待核验,身份待核验,待核验,论文合作者（身份待核验）,待核验,待核验,待核验,可控文本生成与一致性,未公开,"论文信息汇总.csv 序106：摘要、研究内容、创新点；内容仅据摘要/Introduction归纳。
PDF：港大/Kong, Lingpeng/论文/2022_Event Transition Planning for Open-ended Text Generation.pdf；第1页标题、作者单位与摘要；Introduction在已保存前3页内。
https://aclanthology.org/2022.findings-acl.269/；访问2026-09-17；ACL作者顺序、发表信息与摘要。
CV：https://ikekonglp.github.io/lingpenk_cv.pdf；第11页；版本2026-01-27。
原文摘要依据：“Open-ended text generation tasks, such as dialogue generation and story completion, require models to generate a coherent continuation given limited preceding context. The open-ended nature of these t”。
仅确认论文内原姓名署名；跨论文身份未确认。https://aclanthology.org/people/victoria-w/","身份待核验；按单篇保留，不跨论文合并同名者。达到重点候选筛选阈值；已查可定位来源，身份/历史履历仍未确认。
具体论文问题：P106-C;P106-A
完整Scholar/DBLP论文列表及CCF/CORE目录未获取；当前公开材料可能漏项。",106
Wei Bi（论文 #107，身份待核验）,2022；论文#107；腾讯AI Lab,待核验,身份待核验,待核验,论文合作者（身份待核验）,待核验,待核验,待核验,支持性对话,未公开,"论文信息汇总.csv 序107：摘要、研究内容、创新点；内容仅据摘要/Introduction归纳。
PDF：港大/Kong, Lingpeng/论文/2022_Lexical Knowledge Internalization for Neural Dialog Generation.pdf；第1页标题、作者单位与摘要；Introduction在已保存前3页内。
https://aclanthology.org/2022.acl-long.547/；访问2026-09-17；ACL作者顺序、发表信息与摘要。
CV：https://ikekonglp.github.io/lingpenk_cv.pdf；第11页；版本2026-01-27。
PDF发表标记：“Proceedings of the 60th Annual Meeting of the Association for Computational Linguistics”。
原文摘要依据：“We propose knowledge internalization (KI), which aims to complement the lexical knowledge into neural dialog models. Instead of further conditioning the knowledge-grounded dialog (KGD) models on exter”。
仅确认论文内原姓名署名；跨论文身份未确认。https://aclanthology.org/people/victoria-w/","身份待核验；按单篇保留，不跨论文合并同名者。达到重点候选筛选阈值；已查可定位来源，身份/历史履历仍未确认。
具体论文问题：P107-C;P107-A
完整Scholar/DBLP论文列表及CCF/CORE目录未获取；当前公开材料可能漏项。",107
Wei Bi（论文 #112，身份待核验）,2021；论文#112；腾讯AI Lab,待核验,身份待核验,待核验,论文合作者（身份待核验）,待核验,待核验,待核验,机器翻译,未公开,"论文信息汇总.csv 序112：摘要、研究内容、创新点；内容仅据摘要/Introduction归纳。
PDF：港大/Kong, Lingpeng/论文/2021_Good for Misconceived Reasons_ An Empirical Revisiting on the Need for Visual Context in Multimodal Machine Translation.pdf；第1页标题、作者单位与摘要；Introduction在已保存前3页内。
https://aclanthology.org/2021.acl-long.480/；访问2026-09-17；ACL作者顺序、发表信息与摘要。
CV：https://ikekonglp.github.io/lingpenk_cv.pdf；第11页；版本2026-01-27。
PDF发表标记：“Proceedings of the 59th Annual Meeting of the Association for Computational Linguistics”。
原文摘要依据：“A neural multimodal machine translation (MMT) system is one that aims to perform better translation by extending conventional text-only translation models with multimodal information. Many recent stud”。
仅确认论文内原姓名署名；跨论文身份未确认。https://aclanthology.org/people/victoria-w/","身份待核验；按单篇保留，不跨论文合并同名者。达到重点候选筛选阈值；已查可定位来源，身份/历史履历仍未确认。
具体论文问题：P112-C;P112-A;P112-R
完整Scholar/DBLP论文列表及CCF/CORE目录未获取；当前公开材料可能漏项。",112
Wei Bi（论文 #140，身份待核验）,2025；论文#140；腾讯AI Lab,待核验,身份待核验,待核验,论文合作者（身份待核验）,待核验,待核验,待核验,模型评价与奖励学习,未公开,"论文信息汇总.csv 序140：摘要、研究内容、创新点；内容仅据摘要/Introduction归纳。
PDF：港大/Kong, Lingpeng/论文/2025_Exploring the Reliability of Large Language Models as Customized Evaluators for Diverse NLP Tasks.pdf；第1页标题、作者单位与摘要；Introduction在已保存前3页内。
https://aclanthology.org/2025.coling-main.688/；访问2026-09-17；ACL作者顺序、发表信息与摘要。
原文摘要依据：“Previous work adopts large language models (LLMs) as evaluators to evaluate natural language process (NLP) tasks. However, certain shortcomings, e.g., fairness, scope, and accuracy, persist for curren”。
仅确认论文内原姓名署名；跨论文身份未确认。https://aclanthology.org/people/victoria-w/","身份待核验；按单篇保留，不跨论文合并同名者。达到重点候选筛选阈值；已查可定位来源，身份/历史履历仍未确认。
具体论文问题：P140-C;P140-R
完整Scholar/DBLP论文列表及CCF/CORE目录未获取；当前公开材料可能漏项。",140
Wei Bi（论文 #162，身份待核验）,2025；论文#162；独立研究者,待核验,身份待核验,待核验,论文合作者（身份待核验）,待核验,待核验,待核验,扩散视觉与动作生成,未公开,"论文信息汇总.csv 序162：摘要、研究内容、创新点；内容仅据摘要/Introduction归纳。
PDF：港大/Kong, Lingpeng/论文/2025_Dream-VL & Dream-VLA_ Open Vision-Language and Vision-Language-Action Models with Diffusion Language Model Backbone.pdf；第1页标题、作者单位与摘要；Introduction在已保存前3页内。
https://arxiv.org/abs/2512.22615；访问2026-09-17；arXiv作者顺序和摘要。
原文摘要依据：“While autoregressive Large Vision-Language Models (VLMs) have achieved remarkable success, their sequential generation often limits their efficacy in complex visual planning and dynamic robotic contro”。
仅确认论文内原姓名署名；跨论文身份未确认。https://aclanthology.org/people/victoria-w/","身份待核验；按单篇保留，不跨论文合并同名者。达到重点候选筛选阈值；已查可定位来源，身份/历史履历仍未确认。
具体论文问题：P162-C
完整Scholar/DBLP论文列表及CCF/CORE目录未获取；当前公开材料可能漏项。",162
Wei Bi（论文 #174，身份待核验）,2026；论文#174；未公开,待核验,身份待核验,待核验,论文合作者（身份待核验）,待核验,待核验,待核验,扩散推理与规划,未公开,"论文信息汇总.csv 序174：摘要、研究内容、创新点；内容仅据摘要/Introduction归纳。
PDF：港大/Kong, Lingpeng/论文/2026_DreamReasoner-8B_ Block-Size Curriculum Learning for Diffusion Reasoning Models.pdf；第1页标题、作者单位与摘要；Introduction在已保存前3页内。
https://arxiv.org/abs/2606.19257；访问2026-09-17；arXiv作者顺序和摘要。
原文摘要依据：“Block diffusion language models accelerate decoding through parallel block-wise denoising, yet whether they can be reliably scaled for long chain-of-thought (CoT) reasoning remains unresolved. To this”。
仅确认论文内原姓名署名；跨论文身份未确认。https://aclanthology.org/people/victoria-w/","身份待核验；按单篇保留，不跨论文合并同名者。达到重点候选筛选阈值；已查可定位来源，身份/历史履历仍未确认。
具体论文问题：P174-C
完整Scholar/DBLP论文列表及CCF/CORE目录未获取；当前公开材料可能漏项。",174
Guorui Zhou（论文 #22，身份待核验）,2026；论文#22；快手,待核验,身份待核验,待核验,论文合作者（身份待核验）,待核验,待核验,待核验,扩散代码生成,未公开,"论文信息汇总.csv 序22：摘要、研究内容、创新点；内容仅据摘要/Introduction归纳。
PDF：港大/Kong, Lingpeng/论文/2026_DreamOn_ Diffusion Language Models For Code Infilling Beyond Fixed-size Canvas.pdf；第1页标题、作者单位与摘要；Introduction在已保存前3页内。
https://arxiv.org/abs/2602.01326；访问2026-09-17；arXiv作者顺序和摘要。
CV：https://ikekonglp.github.io/lingpenk_cv.pdf；第5页；版本2026-01-27。
PDF发表标记：“Published as a conference paper at ICLR 2026”。
原文摘要依据：“Diffusion Language Models (DLMs) present a compelling alternative to autoregressive models, offering flexible, any-order infilling without specialized prompting design. However, their practical utilit”。
仅确认论文内原姓名署名；跨论文身份未确认。","身份待核验；按单篇保留，不跨论文合并同名者。待核验（未深查）；原姓名整体未达到重点阈值。
具体论文问题：P22-C
完整Scholar/DBLP论文列表及CCF/CORE目录未获取；当前公开材料可能漏项。",22
Shicheng Li（论文 #23，身份待核验）,2026；论文#23；待核验,待核验,身份待核验,待核验,论文合作者（身份待核验）,待核验,待核验,待核验,视频时序理解,未公开,"论文信息汇总.csv 序23：摘要、研究内容、创新点；内容仅据摘要/Introduction归纳。
仅取得可靠元数据或摘要；未取得可读全文。
https://arxiv.org/abs/2503.16929；访问2026-09-17；arXiv作者顺序和摘要。
CV：https://ikekonglp.github.io/lingpenk_cv.pdf；第5页；版本2026-01-27。
原文摘要依据：“Video Large Language Models (Video LLMs) have achieved significant success by adopting the paradigm of large-scale pre-training followed by supervised fine-tuning (SFT). However, existing approaches s”。
仅确认论文内原姓名署名；跨论文身份未确认。","身份待核验；按单篇保留，不跨论文合并同名者。达到重点候选筛选阈值；已查可定位来源，身份/历史履历仍未确认。
具体论文问题：P23-C;P23-D;P23-A;P23-R;P23-F
完整Scholar/DBLP论文列表及CCF/CORE目录未获取；当前公开材料可能漏项。",23
Shicheng Li（论文 #32，身份待核验）,2025；论文#32；待核验,待核验,身份待核验,待核验,论文合作者（身份待核验）,待核验,待核验,待核验,视频时序理解,未公开,"论文信息汇总.csv 序32：摘要、研究内容、创新点；内容仅据摘要/Introduction归纳。
仅取得可靠元数据或摘要；未取得可读全文。
https://arxiv.org/abs/2504.17343；访问2026-09-17；arXiv作者顺序和摘要。
CV：https://ikekonglp.github.io/lingpenk_cv.pdf；第5页；版本2026-01-27。
原文摘要依据：“The rapid growth of online video platforms, particularly live streaming services, has created an urgent need for real-time video understanding systems. These systems must process continuous video stre”。
仅确认论文内原姓名署名；跨论文身份未确认。","身份待核验；按单篇保留，不跨论文合并同名者。达到重点候选筛选阈值；已查可定位来源，身份/历史履历仍未确认。
具体论文问题：P32-C;P32-D;P32-A;P32-R;P32-F
完整Scholar/DBLP论文列表及CCF/CORE目录未获取；当前公开材料可能漏项。",32
Shicheng Li（论文 #137，身份待核验）,2023；论文#137；北京大学,待核验,身份待核验,待核验,论文合作者（身份待核验）,待核验,待核验,待核验,视觉语言理解,未公开,"论文信息汇总.csv 序137：摘要、研究内容、创新点；内容仅据摘要/Introduction归纳。
PDF：港大/Kong, Lingpeng/论文/2023_M$^3$IT_ A Large-Scale Dataset towards Multi-Modal Multilingual Instruction Tuning.pdf；第1页标题、作者单位与摘要；Introduction在已保存前3页内。
https://arxiv.org/abs/2306.04387；访问2026-09-17；arXiv作者顺序和摘要。
原文摘要依据：“Instruction tuning has significantly advanced large language models (LLMs) such as ChatGPT, enabling them to align with human instructions across diverse tasks. However, progress in open vision-langua”。
仅确认论文内原姓名署名；跨论文身份未确认。","身份待核验；按单篇保留，不跨论文合并同名者。达到重点候选筛选阈值；已查可定位来源，身份/历史履历仍未确认。
具体论文问题：P137-C;P137-R
完整Scholar/DBLP论文列表及CCF/CORE目录未获取；当前公开材料可能漏项。",137
Shicheng Li（论文 #179，身份待核验）,2026；论文#179；待核验,待核验,身份待核验,待核验,论文合作者（身份待核验）,待核验,待核验,待核验,高效注意力与序列架构,未公开,"论文信息汇总.csv 序179：摘要、研究内容、创新点；内容仅据摘要/Introduction归纳。
仅取得可靠元数据或摘要；未取得可读全文。
https://arxiv.org/abs/2608.28383；访问2026-09-17；arXiv作者顺序和摘要。
原文摘要依据：“Hybrid attention dominates frontier LLMs, yet Vision Transformers (ViTs) in multimodal LLMs lack a satisfactory hybrid design, with no consensus on why certain attention patterns work better. To fill ”。
仅确认论文内原姓名署名；跨论文身份未确认。","身份待核验；按单篇保留，不跨论文合并同名者。达到重点候选筛选阈值；已查可定位来源，身份/历史履历仍未确认。
具体论文问题：P179-C;P179-D;P179-A;P179-R
完整Scholar/DBLP论文列表及CCF/CORE目录未获取；当前公开材料可能漏项。",179
Lei Li（论文 #23，身份待核验）,2026；论文#23；待核验,待核验,身份待核验,待核验,论文合作者（身份待核验）,待核验,待核验,待核验,视频时序理解,未公开,"论文信息汇总.csv 序23：摘要、研究内容、创新点；内容仅据摘要/Introduction归纳。
仅取得可靠元数据或摘要；未取得可读全文。
https://arxiv.org/abs/2503.16929；访问2026-09-17；arXiv作者顺序和摘要。
CV：https://ikekonglp.github.io/lingpenk_cv.pdf；第5页；版本2026-01-27。
原文摘要依据：“Video Large Language Models (Video LLMs) have achieved significant success by adopting the paradigm of large-scale pre-training followed by supervised fine-tuning (SFT). However, existing approaches s”。
仅确认论文内原姓名署名；跨论文身份未确认。https://leili.site/
https://aclanthology.org/people/lei-li-5104/","身份待核验；按单篇保留，不跨论文合并同名者。达到重点候选筛选阈值；已查可定位来源，身份/历史履历仍未确认。
具体论文问题：P23-C;P23-D;P23-A;P23-R;P23-F
完整Scholar/DBLP论文列表及CCF/CORE目录未获取；当前公开材料可能漏项。",23
Lei Li（论文 #26，身份待核验）,2025；论文#26；待核验,待核验,身份待核验,待核验,论文合作者（身份待核验）,待核验,待核验,待核验,推理与决策规划,未公开,"论文信息汇总.csv 序26：摘要、研究内容、创新点；内容仅据摘要/Introduction归纳。
仅取得可靠元数据或摘要；未取得可读全文。
https://aclanthology.org/2025.emnlp-main.1751/；访问2026-09-17；ACL作者顺序、发表信息与摘要。
CV：https://ikekonglp.github.io/lingpenk_cv.pdf；第5页；版本2026-01-27。
原文摘要依据：“Reasoning models have demonstrated remarkable performance on complex tasks by generating long reasoning traces prior to producing final answers. However, previous research on long-context scaling in l”。
仅确认论文内原姓名署名；跨论文身份未确认。https://leili.site/
https://aclanthology.org/people/lei-li-5104/","身份待核验；按单篇保留，不跨论文合并同名者。达到重点候选筛选阈值；已查可定位来源，身份/历史履历仍未确认。
具体论文问题：P26-C;P26-D;P26-A;P26-R
完整Scholar/DBLP论文列表及CCF/CORE目录未获取；当前公开材料可能漏项。",26
Lei Li（论文 #27，身份待核验）,2025；论文#27；香港大学,待核验,身份待核验,待核验,论文合作者（身份待核验）,待核验,待核验,待核验,视觉语言理解,未公开,"论文信息汇总.csv 序27：摘要、研究内容、创新点；内容仅据摘要/Introduction归纳。
PDF：港大/Kong, Lingpeng/论文/2025_ProReason_ Multi-Modal Proactive Reasoning with Decoupled Eyesight and Wisdom.pdf；第1页标题、作者单位与摘要；Introduction在已保存前3页内。
https://aclanthology.org/2025.emnlp-main.1614/；访问2026-09-17；ACL作者顺序、发表信息与摘要。
CV：https://ikekonglp.github.io/lingpenk_cv.pdf；第5页；版本2026-01-27。
PDF发表标记：“Proceedings of the 2025 Conference on Empirical Methods in Natural Language Processing, pages 31662–31691”。
原文摘要依据：“Large vision-language models (LVLMs) have witnessed significant progress on visual understanding tasks. However, they often prioritize language knowledge over image information on visual reasoning tas”。
仅确认论文内原姓名署名；跨论文身份未确认。https://leili.site/
https://aclanthology.org/people/lei-li-5104/","身份待核验；按单篇保留，不跨论文合并同名者。达到重点候选筛选阈值；已查可定位来源，身份/历史履历仍未确认。
具体论文问题：P27-C;P27-R
完整Scholar/DBLP论文列表及CCF/CORE目录未获取；当前公开材料可能漏项。",27
Lei Li（论文 #32，身份待核验）,2025；论文#32；待核验,待核验,身份待核验,待核验,论文合作者（身份待核验）,待核验,待核验,待核验,视频时序理解,未公开,"论文信息汇总.csv 序32：摘要、研究内容、创新点；内容仅据摘要/Introduction归纳。
仅取得可靠元数据或摘要；未取得可读全文。
https://arxiv.org/abs/2504.17343；访问2026-09-17；arXiv作者顺序和摘要。
CV：https://ikekonglp.github.io/lingpenk_cv.pdf；第5页；版本2026-01-27。
原文摘要依据：“The rapid growth of online video platforms, particularly live streaming services, has created an urgent need for real-time video understanding systems. These systems must process continuous video stre”。
仅确认论文内原姓名署名；跨论文身份未确认。https://leili.site/
https://aclanthology.org/people/lei-li-5104/","身份待核验；按单篇保留，不跨论文合并同名者。达到重点候选筛选阈值；已查可定位来源，身份/历史履历仍未确认。
具体论文问题：P32-C;P32-D;P32-A;P32-R;P32-F
完整Scholar/DBLP论文列表及CCF/CORE目录未获取；当前公开材料可能漏项。",32
Lei Li（香港大学）,"2023；论文#74；待核验
2023；论文#137；香港大学
2024；论文#55；香港大学
2024；论文#60；待核验
2024；论文#68；北京大学
2024；论文#149；香港大学
2025；论文#38；香港大学
2025；论文#40；待核验
2026；论文#168；香港大学",香港大学；小米MiMo团队（主页列核心贡献者）,2023-09起；香港大学博士生；2020-2023北京大学硕士,博士生,导师—学生；共同指导,9,2023,2026,视觉语言理解；模型评价与奖励学习；视频时序理解；工具智能体与任务评测,未公开,https://lilei-nlp.github.io/；访问2026-09-17；原文依据：“co-supervised by Prof. Lingpeng Kong and Prof. Qi Liu”。历史指导/时间另见https://ikekonglp.github.io/lingpenk_cv.pdf第1-2页（版本2026-01-27）；校友更新见https://hkunlp.github.io/people/。核验状态：公开身份部分确认；局限见待核验问题。,"只纳入可与本人论文列表或nlp.lilei邮箱/单位核对的记录；不合并CMU/UCSB同名教师。
具体论文问题：P74-C;P74-D;P74-A;P74-R;P137-C;P137-R;P55-C;P55-A;P55-R;P55-V;P60-C;P60-D;P60-A;P60-R;P68-C;P68-R;P149-C;P38-C;P38-R;P38-F;P40-C;P40-D;P40-A;P40-R;P40-F;P168-C;P168-R
完整Scholar/DBLP论文列表及CCF/CORE目录未获取；当前公开材料可能漏项。;CP255;CP256;CP257;CP258;CP259;CP260;CP261",74;137;55;60;68;149;38;40;168
Lei Li（论文 #39，身份待核验）,2025；论文#39；香港大学,待核验,身份待核验,待核验,论文合作者（身份待核验）,待核验,待核验,待核验,模型安全与可靠性,未公开,"论文信息汇总.csv 序39：摘要、研究内容、创新点；内容仅据摘要/Introduction归纳。
PDF：港大/Kong, Lingpeng/论文/2025_Jailbreaking as a Reward Misspecification Problem.pdf；第1页标题、作者单位与摘要；Introduction在已保存前3页内。
https://arxiv.org/abs/2406.14393；访问2026-09-17；arXiv作者顺序和摘要。
CV：https://ikekonglp.github.io/lingpenk_cv.pdf；第6页；版本2026-01-27。
PDF发表标记：“Published as a conference paper at ICLR 2025”。
原文摘要依据：“The widespread adoption of large language models (LLMs) has raised concerns about their safety and reliability, particularly regarding their vulnerability to adversarial attacks. In this paper, we pro”。
仅确认论文内原姓名署名；跨论文身份未确认。https://leili.site/
https://aclanthology.org/people/lei-li-5104/","身份待核验；按单篇保留，不跨论文合并同名者。达到重点候选筛选阈值；已查可定位来源，身份/历史履历仍未确认。
具体论文问题：P39-C
完整Scholar/DBLP论文列表及CCF/CORE目录未获取；当前公开材料可能漏项。",39
Lei Li（论文 #46，身份待核验）,2025；论文#46；香港大学,待核验,身份待核验,待核验,论文合作者（身份待核验）,待核验,待核验,待核验,长上下文建模与压缩,未公开,"论文信息汇总.csv 序46：摘要、研究内容、创新点；内容仅据摘要/Introduction归纳。
PDF：港大/Kong, Lingpeng/论文/2025_Why Does the Effective Context Length of LLMs Fall Short_.pdf；第1页标题、作者单位与摘要；Introduction在已保存前3页内。
https://arxiv.org/abs/2410.18745；访问2026-09-17；arXiv作者顺序和摘要。
CV：https://ikekonglp.github.io/lingpenk_cv.pdf；第6页；版本2026-01-27。
原文摘要依据：“Advancements in distributed training and efficient attention mechanisms have significantly expanded the context window sizes of large language models (LLMs). However, recent work reveals that the effe”。
仅确认论文内原姓名署名；跨论文身份未确认。https://leili.site/
https://aclanthology.org/people/lei-li-5104/","身份待核验；按单篇保留，不跨论文合并同名者。达到重点候选筛选阈值；已查可定位来源，身份/历史履历仍未确认。
具体论文问题：P46-C;P46-R;P46-F
完整Scholar/DBLP论文列表及CCF/CORE目录未获取；当前公开材料可能漏项。",46
Lei Li（论文 #49，身份待核验）,2025；论文#49；香港大学,待核验,身份待核验,待核验,论文合作者（身份待核验）,待核验,待核验,待核验,模型安全与可靠性,未公开,"论文信息汇总.csv 序49：摘要、研究内容、创新点；内容仅据摘要/Introduction归纳。
PDF：港大/Kong, Lingpeng/论文/2025_ImgTrojan_ Jailbreaking Vision-Language Models with ONE Image.pdf；第1页标题、作者单位与摘要；Introduction在已保存前3页内。
https://aclanthology.org/2025.naacl-long.360/；访问2026-09-17；ACL作者顺序、发表信息与摘要。
CV：https://ikekonglp.github.io/lingpenk_cv.pdf；第7页；版本2026-01-27。
原文摘要依据：“There has been an increasing interest in the alignment of large language models (LLMs) with human values. However, the safety issues of their integration with a vision module, or vision language model”。
仅确认论文内原姓名署名；跨论文身份未确认。https://leili.site/
https://aclanthology.org/people/lei-li-5104/","身份待核验；按单篇保留，不跨论文合并同名者。达到重点候选筛选阈值；已查可定位来源，身份/历史履历仍未确认。
具体论文问题：P49-C;P49-R
完整Scholar/DBLP论文列表及CCF/CORE目录未获取；当前公开材料可能漏项。",49
Lei Li（论文 #72，身份待核验）,2024；论文#72；待核验,待核验,身份待核验,待核验,论文合作者（身份待核验）,待核验,待核验,待核验,机器翻译,未公开,"论文信息汇总.csv 序72：摘要、研究内容、创新点；内容仅据摘要/Introduction归纳。
仅取得可靠元数据或摘要；未取得可读全文。
https://aclanthology.org/2024.findings-naacl.176/；访问2026-09-17；ACL作者顺序、发表信息与摘要。
CV：https://ikekonglp.github.io/lingpenk_cv.pdf；第8页；版本2026-01-27。
原文摘要依据：“Large language models (LLMs) have demonstrated remarkable potential in handling multilingual machine translation (MMT). In this paper, we systematically investigate the advantages and challenges of LL”。
仅确认论文内原姓名署名；跨论文身份未确认。https://leili.site/
https://aclanthology.org/people/lei-li-5104/","身份待核验；按单篇保留，不跨论文合并同名者。达到重点候选筛选阈值；已查可定位来源，身份/历史履历仍未确认。
具体论文问题：P72-C;P72-D;P72-A;P72-R
完整Scholar/DBLP论文列表及CCF/CORE目录未获取；当前公开材料可能漏项。",72
Lei Li（论文 #79，身份待核验）,2023；论文#79；卡内基梅隆大学,待核验,身份待核验,待核验,论文合作者（身份待核验）,待核验,待核验,待核验,模型评价与奖励学习,未公开,"论文信息汇总.csv 序79：摘要、研究内容、创新点；内容仅据摘要/Introduction归纳。
PDF：港大/Kong, Lingpeng/论文/2023_Statistical Knowledge Assessment for Generative Language Models.pdf；第1页标题、作者单位与摘要；Introduction在已保存前3页内。
https://arxiv.org/abs/2305.10519；访问2026-09-17；arXiv作者顺序和摘要。
CV：https://ikekonglp.github.io/lingpenk_cv.pdf；第9页；版本2026-01-27。
原文摘要依据：“Given varying prompts regarding a factoid question, can a large language model (LLM) reliably generate factually correct answers? Existing LLMs may generate distinct responses for different prompts. I”。
仅确认论文内原姓名署名；跨论文身份未确认。https://leili.site/
https://aclanthology.org/people/lei-li-5104/","身份待核验；按单篇保留，不跨论文合并同名者。达到重点候选筛选阈值；已查可定位来源，身份/历史履历仍未确认。
具体论文问题：P79-C;P79-R;P79-F
完整Scholar/DBLP论文列表及CCF/CORE目录未获取；当前公开材料可能漏项。",79
Lei Li（论文 #83，身份待核验）,2023；论文#83；加州大学圣塔芭芭拉分校,待核验,身份待核验,待核验,论文合作者（身份待核验）,待核验,待核验,待核验,机器翻译,未公开,"论文信息汇总.csv 序83：摘要、研究内容、创新点；内容仅据摘要/Introduction归纳。
PDF：港大/Kong, Lingpeng/论文/2023_Lego-MT_ Learning Detachable Models for Massively Multilingual Machine Translation.pdf；第1页标题、作者单位与摘要；Introduction在已保存前3页内。
https://aclanthology.org/2023.findings-acl.731/；访问2026-09-17；ACL作者顺序、发表信息与摘要。
CV：https://ikekonglp.github.io/lingpenk_cv.pdf；第9页；版本2026-01-27。
原文摘要依据：“Multilingual neural machine translation (MNMT) aims to build a unified model for many language directions. Existing monolithic models for MNMT encounter two challenges: parameter interference among la”。
仅确认论文内原姓名署名；跨论文身份未确认。https://leili.site/
https://aclanthology.org/people/lei-li-5104/","身份待核验；按单篇保留，不跨论文合并同名者。达到重点候选筛选阈值；已查可定位来源，身份/历史履历仍未确认。
具体论文问题：P83-C;P83-R
完整Scholar/DBLP论文列表及CCF/CORE目录未获取；当前公开材料可能漏项。",83
Lei Li（论文 #139，身份待核验）,2023；论文#139；待核验,待核验,身份待核验,待核验,论文合作者（身份待核验）,待核验,待核验,待核验,多语言能力与低资源学习,未公开,"论文信息汇总.csv 序139：摘要、研究内容、创新点；内容仅据摘要/Introduction归纳。
仅取得可靠元数据或摘要；未取得可读全文。
https://arxiv.org/abs/2308.04948；访问2026-09-17；arXiv作者顺序和摘要。
原文摘要依据：“Existing large language models show disparate capability across different languages, due to the imbalance in the training data. Their performances on English tasks are often stronger than on tasks of ”。
仅确认论文内原姓名署名；跨论文身份未确认。https://leili.site/
https://aclanthology.org/people/lei-li-5104/","身份待核验；按单篇保留，不跨论文合并同名者。达到重点候选筛选阈值；已查可定位来源，身份/历史履历仍未确认。
具体论文问题：P139-C;P139-D;P139-A;P139-R
完整Scholar/DBLP论文列表及CCF/CORE目录未获取；当前公开材料可能漏项。",139
Lei Li（论文 #148，身份待核验）,2024；论文#148；待核验,待核验,身份待核验,待核验,论文合作者（身份待核验）,待核验,待核验,待核验,社会智能与角色控制,未公开,"论文信息汇总.csv 序148：摘要、研究内容、创新点；内容仅据摘要/Introduction归纳。
仅取得可靠元数据或摘要；未取得可读全文。
https://arxiv.org/abs/2410.10479；访问2026-09-17；arXiv作者顺序和摘要。
原文摘要依据：“The rapid advancement of large language models has accelerated their application in reasoning, with strategic reasoning drawing increasing attention. To evaluate the strategic reasoning capabilities o”。
仅确认论文内原姓名署名；跨论文身份未确认。https://leili.site/
https://aclanthology.org/people/lei-li-5104/","身份待核验；按单篇保留，不跨论文合并同名者。达到重点候选筛选阈值；已查可定位来源，身份/历史履历仍未确认。
具体论文问题：P148-C;P148-D;P148-A;P148-R
完整Scholar/DBLP论文列表及CCF/CORE目录未获取；当前公开材料可能漏项。",148
Lei Li（论文 #167，身份待核验）,2026；论文#167；待核验,待核验,身份待核验,待核验,论文合作者（身份待核验）,待核验,待核验,待核验,音视频分割与描述,未公开,"论文信息汇总.csv 序167：摘要、研究内容、创新点；内容仅据摘要/Introduction归纳。
仅取得可靠元数据或摘要；未取得可读全文。
https://arxiv.org/abs/2602.08711；访问2026-09-17；arXiv作者顺序和摘要。
原文摘要依据：“This paper proposes Omni Dense Captioning, a novel task designed to generate continuous, fine-grained, and structured audio-visual narratives with explicit timestamps. To ensure dense semantic coverag”。
仅确认论文内原姓名署名；跨论文身份未确认。https://leili.site/
https://aclanthology.org/people/lei-li-5104/","身份待核验；按单篇保留，不跨论文合并同名者。达到重点候选筛选阈值；已查可定位来源，身份/历史履历仍未确认。
具体论文问题：P167-C;P167-D;P167-A;P167-R
完整Scholar/DBLP论文列表及CCF/CORE目录未获取；当前公开材料可能漏项。",167
Lei Li（论文 #178，身份待核验）,2026；论文#178；待核验,待核验,身份待核验,待核验,论文合作者（身份待核验）,待核验,待核验,待核验,工具智能体与任务评测,未公开,"论文信息汇总.csv 序178：摘要、研究内容、创新点；内容仅据摘要/Introduction归纳。
仅取得可靠元数据或摘要；未取得可读全文。
https://arxiv.org/abs/2608.28378；访问2026-09-17；arXiv作者顺序和摘要。
原文摘要依据：“Large language models are increasingly used as agentic workflow executors, yet existing training data and benchmarks largely assume informationally complete, single-turn queries. Our analysis of 16K r”。
仅确认论文内原姓名署名；跨论文身份未确认。https://leili.site/
https://aclanthology.org/people/lei-li-5104/","身份待核验；按单篇保留，不跨论文合并同名者。达到重点候选筛选阈值；已查可定位来源，身份/历史履历仍未确认。
具体论文问题：P178-C;P178-D;P178-A;P178-R
完整Scholar/DBLP论文列表及CCF/CORE目录未获取；当前公开材料可能漏项。",178
Lei Li（论文 #179，身份待核验）,2026；论文#179；待核验,待核验,身份待核验,待核验,论文合作者（身份待核验）,待核验,待核验,待核验,高效注意力与序列架构,未公开,"论文信息汇总.csv 序179：摘要、研究内容、创新点；内容仅据摘要/Introduction归纳。
仅取得可靠元数据或摘要；未取得可读全文。
https://arxiv.org/abs/2608.28383；访问2026-09-17；arXiv作者顺序和摘要。
原文摘要依据：“Hybrid attention dominates frontier LLMs, yet Vision Transformers (ViTs) in multimodal LLMs lack a satisfactory hybrid design, with no consensus on why certain attention patterns work better. To fill ”。
仅确认论文内原姓名署名；跨论文身份未确认。https://leili.site/
https://aclanthology.org/people/lei-li-5104/","身份待核验；按单篇保留，不跨论文合并同名者。达到重点候选筛选阈值；已查可定位来源，身份/历史履历仍未确认。
具体论文问题：P179-C;P179-D;P179-A;P179-R
完整Scholar/DBLP论文列表及CCF/CORE目录未获取；当前公开材料可能漏项。",179
Kun Ouyang（论文 #23，身份待核验）,2026；论文#23；待核验,待核验,身份待核验,待核验,论文合作者（身份待核验）,待核验,待核验,待核验,视频时序理解,未公开,"论文信息汇总.csv 序23：摘要、研究内容、创新点；内容仅据摘要/Introduction归纳。
仅取得可靠元数据或摘要；未取得可读全文。
https://arxiv.org/abs/2503.16929；访问2026-09-17；arXiv作者顺序和摘要。
CV：https://ikekonglp.github.io/lingpenk_cv.pdf；第5页；版本2026-01-27。
原文摘要依据：“Video Large Language Models (Video LLMs) have achieved significant success by adopting the paradigm of large-scale pre-training followed by supervised fine-tuning (SFT). However, existing approaches s”。
仅确认论文内原姓名署名；跨论文身份未确认。","身份待核验；按单篇保留，不跨论文合并同名者。达到重点候选筛选阈值；已查可定位来源，身份/历史履历仍未确认。
具体论文问题：P23-C;P23-D;P23-A;P23-R;P23-F
完整Scholar/DBLP论文列表及CCF/CORE目录未获取；当前公开材料可能漏项。",23
Kun Ouyang（论文 #32，身份待核验）,2025；论文#32；待核验,待核验,身份待核验,待核验,论文合作者（身份待核验）,待核验,待核验,待核验,视频时序理解,未公开,"论文信息汇总.csv 序32：摘要、研究内容、创新点；内容仅据摘要/Introduction归纳。
仅取得可靠元数据或摘要；未取得可读全文。
https://arxiv.org/abs/2504.17343；访问2026-09-17；arXiv作者顺序和摘要。
CV：https://ikekonglp.github.io/lingpenk_cv.pdf；第5页；版本2026-01-27。
原文摘要依据：“The rapid growth of online video platforms, particularly live streaming services, has created an urgent need for real-time video understanding systems. These systems must process continuous video stre”。
仅确认论文内原姓名署名；跨论文身份未确认。","身份待核验；按单篇保留，不跨论文合并同名者。达到重点候选筛选阈值；已查可定位来源，身份/历史履历仍未确认。
具体论文问题：P32-C;P32-D;P32-A;P32-R;P32-F
完整Scholar/DBLP论文列表及CCF/CORE目录未获取；当前公开材料可能漏项。",32
Kun Ouyang（论文 #167，身份待核验）,2026；论文#167；待核验,待核验,身份待核验,待核验,论文合作者（身份待核验）,待核验,待核验,待核验,音视频分割与描述,未公开,"论文信息汇总.csv 序167：摘要、研究内容、创新点；内容仅据摘要/Introduction归纳。
仅取得可靠元数据或摘要；未取得可读全文。
https://arxiv.org/abs/2602.08711；访问2026-09-17；arXiv作者顺序和摘要。
原文摘要依据：“This paper proposes Omni Dense Captioning, a novel task designed to generate continuous, fine-grained, and structured audio-visual narratives with explicit timestamps. To ensure dense semantic coverag”。
仅确认论文内原姓名署名；跨论文身份未确认。","身份待核验；按单篇保留，不跨论文合并同名者。达到重点候选筛选阈值；已查可定位来源，身份/历史履历仍未确认。
具体论文问题：P167-C;P167-D;P167-A;P167-R
完整Scholar/DBLP论文列表及CCF/CORE目录未获取；当前公开材料可能漏项。",167
Shuhuai Ren（论文 #23，身份待核验）,2026；论文#23；待核验,待核验,身份待核验,待核验,论文合作者（身份待核验）,待核验,待核验,待核验,视频时序理解,未公开,"论文信息汇总.csv 序23：摘要、研究内容、创新点；内容仅据摘要/Introduction归纳。
仅取得可靠元数据或摘要；未取得可读全文。
https://arxiv.org/abs/2503.16929；访问2026-09-17；arXiv作者顺序和摘要。
CV：https://ikekonglp.github.io/lingpenk_cv.pdf；第5页；版本2026-01-27。
原文摘要依据：“Video Large Language Models (Video LLMs) have achieved significant success by adopting the paradigm of large-scale pre-training followed by supervised fine-tuning (SFT). However, existing approaches s”。
仅确认论文内原姓名署名；跨论文身份未确认。","身份待核验；按单篇保留，不跨论文合并同名者。达到重点候选筛选阈值；已查可定位来源，身份/历史履历仍未确认。
具体论文问题：P23-C;P23-D;P23-A;P23-R;P23-F
完整Scholar/DBLP论文列表及CCF/CORE目录未获取；当前公开材料可能漏项。",23
Shuhuai Ren（论文 #32，身份待核验）,2025；论文#32；待核验,待核验,身份待核验,待核验,论文合作者（身份待核验）,待核验,待核验,待核验,视频时序理解,未公开,"论文信息汇总.csv 序32：摘要、研究内容、创新点；内容仅据摘要/Introduction归纳。
仅取得可靠元数据或摘要；未取得可读全文。
https://arxiv.org/abs/2504.17343；访问2026-09-17；arXiv作者顺序和摘要。
CV：https://ikekonglp.github.io/lingpenk_cv.pdf；第5页；版本2026-01-27。
原文摘要依据：“The rapid growth of online video platforms, particularly live streaming services, has created an urgent need for real-time video understanding systems. These systems must process continuous video stre”。
仅确认论文内原姓名署名；跨论文身份未确认。","身份待核验；按单篇保留，不跨论文合并同名者。达到重点候选筛选阈值；已查可定位来源，身份/历史履历仍未确认。
具体论文问题：P32-C;P32-D;P32-A;P32-R;P32-F
完整Scholar/DBLP论文列表及CCF/CORE目录未获取；当前公开材料可能漏项。",32
Shuhuai Ren（论文 #137，身份待核验）,2023；论文#137；北京大学,待核验,身份待核验,待核验,论文合作者（身份待核验）,待核验,待核验,待核验,视觉语言理解,未公开,"论文信息汇总.csv 序137：摘要、研究内容、创新点；内容仅据摘要/Introduction归纳。
PDF：港大/Kong, Lingpeng/论文/2023_M$^3$IT_ A Large-Scale Dataset towards Multi-Modal Multilingual Instruction Tuning.pdf；第1页标题、作者单位与摘要；Introduction在已保存前3页内。
https://arxiv.org/abs/2306.04387；访问2026-09-17；arXiv作者顺序和摘要。
原文摘要依据：“Instruction tuning has significantly advanced large language models (LLMs) such as ChatGPT, enabling them to align with human instructions across diverse tasks. However, progress in open vision-langua”。
仅确认论文内原姓名署名；跨论文身份未确认。","身份待核验；按单篇保留，不跨论文合并同名者。达到重点候选筛选阈值；已查可定位来源，身份/历史履历仍未确认。
具体论文问题：P137-C;P137-R
完整Scholar/DBLP论文列表及CCF/CORE目录未获取；当前公开材料可能漏项。",137
Shuhuai Ren（论文 #179，身份待核验）,2026；论文#179；待核验,待核验,身份待核验,待核验,论文合作者（身份待核验）,待核验,待核验,待核验,高效注意力与序列架构,未公开,"论文信息汇总.csv 序179：摘要、研究内容、创新点；内容仅据摘要/Introduction归纳。
仅取得可靠元数据或摘要；未取得可读全文。
https://arxiv.org/abs/2608.28383；访问2026-09-17；arXiv作者顺序和摘要。
原文摘要依据：“Hybrid attention dominates frontier LLMs, yet Vision Transformers (ViTs) in multimodal LLMs lack a satisfactory hybrid design, with no consensus on why certain attention patterns work better. To fill ”。
仅确认论文内原姓名署名；跨论文身份未确认。","身份待核验；按单篇保留，不跨论文合并同名者。达到重点候选筛选阈值；已查可定位来源，身份/历史履历仍未确认。
具体论文问题：P179-C;P179-D;P179-A;P179-R
完整Scholar/DBLP论文列表及CCF/CORE目录未获取；当前公开材料可能漏项。",179
Yuanxin Liu（论文 #23，身份待核验）,2026；论文#23；待核验,待核验,身份待核验,待核验,论文合作者（身份待核验）,待核验,待核验,待核验,视频时序理解,未公开,"论文信息汇总.csv 序23：摘要、研究内容、创新点；内容仅据摘要/Introduction归纳。
仅取得可靠元数据或摘要；未取得可读全文。
https://arxiv.org/abs/2503.16929；访问2026-09-17；arXiv作者顺序和摘要。
CV：https://ikekonglp.github.io/lingpenk_cv.pdf；第5页；版本2026-01-27。
原文摘要依据：“Video Large Language Models (Video LLMs) have achieved significant success by adopting the paradigm of large-scale pre-training followed by supervised fine-tuning (SFT). However, existing approaches s”。
仅确认论文内原姓名署名；跨论文身份未确认。","身份待核验；按单篇保留，不跨论文合并同名者。达到重点候选筛选阈值；已查可定位来源，身份/历史履历仍未确认。
具体论文问题：P23-C;P23-D;P23-A;P23-R;P23-F
完整Scholar/DBLP论文列表及CCF/CORE目录未获取；当前公开材料可能漏项。",23
Yuanxin Liu（论文 #32，身份待核验）,2025；论文#32；待核验,待核验,身份待核验,待核验,论文合作者（身份待核验）,待核验,待核验,待核验,视频时序理解,未公开,"论文信息汇总.csv 序32：摘要、研究内容、创新点；内容仅据摘要/Introduction归纳。
仅取得可靠元数据或摘要；未取得可读全文。
https://arxiv.org/abs/2504.17343；访问2026-09-17；arXiv作者顺序和摘要。
CV：https://ikekonglp.github.io/lingpenk_cv.pdf；第5页；版本2026-01-27。
原文摘要依据：“The rapid growth of online video platforms, particularly live streaming services, has created an urgent need for real-time video understanding systems. These systems must process continuous video stre”。
仅确认论文内原姓名署名；跨论文身份未确认。","身份待核验；按单篇保留，不跨论文合并同名者。达到重点候选筛选阈值；已查可定位来源，身份/历史履历仍未确认。
具体论文问题：P32-C;P32-D;P32-A;P32-R;P32-F
完整Scholar/DBLP论文列表及CCF/CORE目录未获取；当前公开材料可能漏项。",32
Yuanxin Liu（论文 #40，身份待核验）,2025；论文#40；待核验,待核验,身份待核验,待核验,论文合作者（身份待核验）,待核验,待核验,待核验,视频时序理解,未公开,"论文信息汇总.csv 序40：摘要、研究内容、创新点；内容仅据摘要/Introduction归纳。
仅取得可靠元数据或摘要；未取得可读全文。
https://arxiv.org/abs/2410.06166；访问2026-09-17；arXiv作者顺序和摘要。
CV：https://ikekonglp.github.io/lingpenk_cv.pdf；第6页；版本2026-01-27。
原文摘要依据：“Video Large Language Models (Video LLMs) have shown promising capabilities in video comprehension, yet they struggle with tracking temporal changes and reasoning about temporal relationships. While pr”。
仅确认论文内原姓名署名；跨论文身份未确认。","身份待核验；按单篇保留，不跨论文合并同名者。达到重点候选筛选阈值；已查可定位来源，身份/历史履历仍未确认。
具体论文问题：P40-C;P40-D;P40-A;P40-R;P40-F
完整Scholar/DBLP论文列表及CCF/CORE目录未获取；当前公开材料可能漏项。",40
Yuanxin Liu（论文 #167，身份待核验）,2026；论文#167；待核验,待核验,身份待核验,待核验,论文合作者（身份待核验）,待核验,待核验,待核验,音视频分割与描述,未公开,"论文信息汇总.csv 序167：摘要、研究内容、创新点；内容仅据摘要/Introduction归纳。
仅取得可靠元数据或摘要；未取得可读全文。
https://arxiv.org/abs/2602.08711；访问2026-09-17；arXiv作者顺序和摘要。
原文摘要依据：“This paper proposes Omni Dense Captioning, a novel task designed to generate continuous, fine-grained, and structured audio-visual narratives with explicit timestamps. To ensure dense semantic coverag”。
仅确认论文内原姓名署名；跨论文身份未确认。","身份待核验；按单篇保留，不跨论文合并同名者。达到重点候选筛选阈值；已查可定位来源，身份/历史履历仍未确认。
具体论文问题：P167-C;P167-D;P167-A;P167-R
完整Scholar/DBLP论文列表及CCF/CORE目录未获取；当前公开材料可能漏项。",167
Yuanxin Liu（论文 #168，身份待核验）,2026；论文#168；北京大学,待核验,身份待核验,待核验,论文合作者（身份待核验）,待核验,待核验,待核验,工具智能体与任务评测,未公开,"论文信息汇总.csv 序168：摘要、研究内容、创新点；内容仅据摘要/Introduction归纳。
PDF：港大/Kong, Lingpeng/论文/2026_Claw-Eval_ Towards Trustworthy Evaluation of Autonomous Agents.pdf；第1页标题、作者单位与摘要；Introduction在已保存前3页内。
https://arxiv.org/abs/2604.06132；访问2026-09-17；arXiv作者顺序和摘要。
原文摘要依据：“Large language models are increasingly deployed as autonomous agents for multi-step workflows in real-world software environments. However, existing agent benchmarks are limited by trajectory-opaque g”。
仅确认论文内原姓名署名；跨论文身份未确认。","身份待核验；按单篇保留，不跨论文合并同名者。达到重点候选筛选阈值；已查可定位来源，身份/历史履历仍未确认。
具体论文问题：P168-C;P168-R
完整Scholar/DBLP论文列表及CCF/CORE目录未获取；当前公开材料可能漏项。",168
Yuanxing Zhang（论文 #23，身份待核验）,2026；论文#23；待核验,待核验,身份待核验,待核验,论文合作者（身份待核验）,待核验,待核验,待核验,视频时序理解,未公开,"论文信息汇总.csv 序23：摘要、研究内容、创新点；内容仅据摘要/Introduction归纳。
仅取得可靠元数据或摘要；未取得可读全文。
https://arxiv.org/abs/2503.16929；访问2026-09-17；arXiv作者顺序和摘要。
CV：https://ikekonglp.github.io/lingpenk_cv.pdf；第5页；版本2026-01-27。
原文摘要依据：“Video Large Language Models (Video LLMs) have achieved significant success by adopting the paradigm of large-scale pre-training followed by supervised fine-tuning (SFT). However, existing approaches s”。
仅确认论文内原姓名署名；跨论文身份未确认。","身份待核验；按单篇保留，不跨论文合并同名者。达到重点候选筛选阈值；已查可定位来源，身份/历史履历仍未确认。
具体论文问题：P23-C;P23-D;P23-A;P23-R;P23-F
完整Scholar/DBLP论文列表及CCF/CORE目录未获取；当前公开材料可能漏项。",23
Yuanxing Zhang（论文 #32，身份待核验）,2025；论文#32；待核验,待核验,身份待核验,待核验,论文合作者（身份待核验）,待核验,待核验,待核验,视频时序理解,未公开,"论文信息汇总.csv 序32：摘要、研究内容、创新点；内容仅据摘要/Introduction归纳。
仅取得可靠元数据或摘要；未取得可读全文。
https://arxiv.org/abs/2504.17343；访问2026-09-17；arXiv作者顺序和摘要。
CV：https://ikekonglp.github.io/lingpenk_cv.pdf；第5页；版本2026-01-27。
原文摘要依据：“The rapid growth of online video platforms, particularly live streaming services, has created an urgent need for real-time video understanding systems. These systems must process continuous video stre”。
仅确认论文内原姓名署名；跨论文身份未确认。","身份待核验；按单篇保留，不跨论文合并同名者。达到重点候选筛选阈值；已查可定位来源，身份/历史履历仍未确认。
具体论文问题：P32-C;P32-D;P32-A;P32-R;P32-F
完整Scholar/DBLP论文列表及CCF/CORE目录未获取；当前公开材料可能漏项。",32
Yuanxing Zhang（论文 #167，身份待核验）,2026；论文#167；待核验,待核验,身份待核验,待核验,论文合作者（身份待核验）,待核验,待核验,待核验,音视频分割与描述,未公开,"论文信息汇总.csv 序167：摘要、研究内容、创新点；内容仅据摘要/Introduction归纳。
仅取得可靠元数据或摘要；未取得可读全文。
https://arxiv.org/abs/2602.08711；访问2026-09-17；arXiv作者顺序和摘要。
原文摘要依据：“This paper proposes Omni Dense Captioning, a novel task designed to generate continuous, fine-grained, and structured audio-visual narratives with explicit timestamps. To ensure dense semantic coverag”。
仅确认论文内原姓名署名；跨论文身份未确认。","身份待核验；按单篇保留，不跨论文合并同名者。达到重点候选筛选阈值；已查可定位来源，身份/历史履历仍未确认。
具体论文问题：P167-C;P167-D;P167-A;P167-R
完整Scholar/DBLP论文列表及CCF/CORE目录未获取；当前公开材料可能漏项。",167
Fuzheng Zhang（论文 #23，身份待核验）,2026；论文#23；待核验,待核验,身份待核验,待核验,论文合作者（身份待核验）,待核验,待核验,待核验,视频时序理解,未公开,"论文信息汇总.csv 序23：摘要、研究内容、创新点；内容仅据摘要/Introduction归纳。
仅取得可靠元数据或摘要；未取得可读全文。
https://arxiv.org/abs/2503.16929；访问2026-09-17；arXiv作者顺序和摘要。
CV：https://ikekonglp.github.io/lingpenk_cv.pdf；第5页；版本2026-01-27。
原文摘要依据：“Video Large Language Models (Video LLMs) have achieved significant success by adopting the paradigm of large-scale pre-training followed by supervised fine-tuning (SFT). However, existing approaches s”。
仅确认论文内原姓名署名；跨论文身份未确认。","身份待核验；按单篇保留，不跨论文合并同名者。待核验（未深查）；原姓名整体未达到重点阈值。
具体论文问题：P23-C;P23-D;P23-A;P23-R;P23-F
完整Scholar/DBLP论文列表及CCF/CORE目录未获取；当前公开材料可能漏项。",23
Qi Liu,"2023；论文#74；待核验
2023；论文#78；待核验
2023；论文#135；待核验
2023；论文#137；香港大学
2024；论文#54；待核验
2024；论文#55；待核验（所获PDF未列该作者）
2024；论文#60；待核验
2024；论文#68；香港大学
2024；论文#149；香港大学
2025；论文#32；待核验
2025；论文#38；香港大学
2025；论文#39；香港大学
2025；论文#40；待核验
2025；论文#49；香港大学
2026；论文#23；待核验
2026；论文#158；待核验
2026；论文#167；待核验
2026；论文#168；香港大学
2026；论文#178；待核验
2026；论文#179；待核验",香港大学；Reka AI（共同创办人）,合作期间教师身份已确认；准确任职起止待核验,助理教授,共同指导,20,2023,2026,视觉语言理解；分子零样本学习；任务数据合成；蛋白质表示学习；模型评价与奖励学习；视频时序理解；模型安全与可靠性；工具智能体与任务评测；音视频分割与描述；高效注意力与序列架构,未公开,https://leuchine.github.io/；访问2026-09-17；原文依据：“Assistant Professor”。历史指导/时间另见https://ikekonglp.github.io/lingpenk_cv.pdf第1-2页（版本2026-01-27）；校友更新见https://hkunlp.github.io/people/。核验状态：公开身份部分确认；局限见待核验问题。,"Qi Liu存在同名风险；仅按本人主页、CV共同指导和对应论文链确认。
具体论文问题：P74-C;P74-D;P74-A;P74-R;P78-C;P78-D;P78-A;P78-R;P78-F;P135-C;P135-D;P135-A;P135-R;P137-C;P137-R;P54-C;P54-A;P54-R;P54-V;P55-C;P55-A;P55-R;P55-V;P60-C;P60-D;P60-A;P60-R;P68-C;P68-R;P149-C;P32-C;P32-D;P32-A;P32-R;P32-F;P38-C;P38-R;P38-F;P39-C;P40-C;P40-D;P40-A;P40-R;P40-F;P49-C;P49-R;P23-C;P23-D;P23-A;P23-R;P23-F;P158-C;P158-D;P158-A;P158-R;P167-C;P167-D;P167-A;P167-R;P168-C;P168-R;P178-C;P178-D;P178-A;P178-R;P179-C;P179-D;P179-A;P179-R
完整Scholar/DBLP论文列表及CCF/CORE目录未获取；当前公开材料可能漏项。;CP262;CP263;CP264;CP265;CP266;CP267;CP268;CP269;CP270;CP271",74;78;135;137;54;55;60;68;149;32;38;39;40;49;23;158;167;168;178;179
Xu Sun（论文 #23，身份待核验）,2026；论文#23；待核验,待核验,身份待核验,待核验,论文合作者（身份待核验）,待核验,待核验,待核验,视频时序理解,未公开,"论文信息汇总.csv 序23：摘要、研究内容、创新点；内容仅据摘要/Introduction归纳。
仅取得可靠元数据或摘要；未取得可读全文。
https://arxiv.org/abs/2503.16929；访问2026-09-17；arXiv作者顺序和摘要。
CV：https://ikekonglp.github.io/lingpenk_cv.pdf；第5页；版本2026-01-27。
原文摘要依据：“Video Large Language Models (Video LLMs) have achieved significant success by adopting the paradigm of large-scale pre-training followed by supervised fine-tuning (SFT). However, existing approaches s”。
仅确认论文内原姓名署名；跨论文身份未确认。https://aclanthology.org/people/xu-sun/","身份待核验；按单篇保留，不跨论文合并同名者。达到重点候选筛选阈值；已查可定位来源，身份/历史履历仍未确认。
具体论文问题：P23-C;P23-D;P23-A;P23-R;P23-F
完整Scholar/DBLP论文列表及CCF/CORE目录未获取；当前公开材料可能漏项。",23
Xu Sun（论文 #32，身份待核验）,2025；论文#32；待核验,待核验,身份待核验,待核验,论文合作者（身份待核验）,待核验,待核验,待核验,视频时序理解,未公开,"论文信息汇总.csv 序32：摘要、研究内容、创新点；内容仅据摘要/Introduction归纳。
仅取得可靠元数据或摘要；未取得可读全文。
https://arxiv.org/abs/2504.17343；访问2026-09-17；arXiv作者顺序和摘要。
CV：https://ikekonglp.github.io/lingpenk_cv.pdf；第5页；版本2026-01-27。
原文摘要依据：“The rapid growth of online video platforms, particularly live streaming services, has created an urgent need for real-time video understanding systems. These systems must process continuous video stre”。
仅确认论文内原姓名署名；跨论文身份未确认。https://aclanthology.org/people/xu-sun/","身份待核验；按单篇保留，不跨论文合并同名者。达到重点候选筛选阈值；已查可定位来源，身份/历史履历仍未确认。
具体论文问题：P32-C;P32-D;P32-A;P32-R;P32-F
完整Scholar/DBLP论文列表及CCF/CORE目录未获取；当前公开材料可能漏项。",32
Xu Sun（论文 #40，身份待核验）,2025；论文#40；待核验,待核验,身份待核验,待核验,论文合作者（身份待核验）,待核验,待核验,待核验,视频时序理解,未公开,"论文信息汇总.csv 序40：摘要、研究内容、创新点；内容仅据摘要/Introduction归纳。
仅取得可靠元数据或摘要；未取得可读全文。
https://arxiv.org/abs/2410.06166；访问2026-09-17；arXiv作者顺序和摘要。
CV：https://ikekonglp.github.io/lingpenk_cv.pdf；第6页；版本2026-01-27。
原文摘要依据：“Video Large Language Models (Video LLMs) have shown promising capabilities in video comprehension, yet they struggle with tracking temporal changes and reasoning about temporal relationships. While pr”。
仅确认论文内原姓名署名；跨论文身份未确认。https://aclanthology.org/people/xu-sun/","身份待核验；按单篇保留，不跨论文合并同名者。达到重点候选筛选阈值；已查可定位来源，身份/历史履历仍未确认。
具体论文问题：P40-C;P40-D;P40-A;P40-R;P40-F
完整Scholar/DBLP论文列表及CCF/CORE目录未获取；当前公开材料可能漏项。",40
Xu Sun（论文 #74，身份待核验）,2023；论文#74；待核验,待核验,身份待核验,待核验,论文合作者（身份待核验）,待核验,待核验,待核验,视觉语言理解,未公开,"论文信息汇总.csv 序74：摘要、研究内容、创新点；内容仅据摘要/Introduction归纳。
仅取得可靠元数据或摘要；未取得可读全文。
https://aclanthology.org/2023.emnlp-main.726/；访问2026-09-17；ACL作者顺序、发表信息与摘要。
CV：https://ikekonglp.github.io/lingpenk_cv.pdf；第9页；版本2026-01-27。
原文摘要依据：“Language models (LMs) gradually become general-purpose interfaces in the interactive and embodied world, where the understanding of physical concepts is an essential prerequisite. However, it is uncle”。
仅确认论文内原姓名署名；跨论文身份未确认。https://aclanthology.org/people/xu-sun/","身份待核验；按单篇保留，不跨论文合并同名者。达到重点候选筛选阈值；已查可定位来源，身份/历史履历仍未确认。
具体论文问题：P74-C;P74-D;P74-A;P74-R
完整Scholar/DBLP论文列表及CCF/CORE目录未获取；当前公开材料可能漏项。",74
Xu Sun（论文 #137，身份待核验）,2023；论文#137；北京大学,待核验,身份待核验,待核验,论文合作者（身份待核验）,待核验,待核验,待核验,视觉语言理解,未公开,"论文信息汇总.csv 序137：摘要、研究内容、创新点；内容仅据摘要/Introduction归纳。
PDF：港大/Kong, Lingpeng/论文/2023_M$^3$IT_ A Large-Scale Dataset towards Multi-Modal Multilingual Instruction Tuning.pdf；第1页标题、作者单位与摘要；Introduction在已保存前3页内。
https://arxiv.org/abs/2306.04387；访问2026-09-17；arXiv作者顺序和摘要。
原文摘要依据：“Instruction tuning has significantly advanced large language models (LLMs) such as ChatGPT, enabling them to align with human instructions across diverse tasks. However, progress in open vision-langua”。
仅确认论文内原姓名署名；跨论文身份未确认。https://aclanthology.org/people/xu-sun/","身份待核验；按单篇保留，不跨论文合并同名者。达到重点候选筛选阈值；已查可定位来源，身份/历史履历仍未确认。
具体论文问题：P137-C;P137-R
完整Scholar/DBLP论文列表及CCF/CORE目录未获取；当前公开材料可能漏项。",137
Xu Sun（论文 #167，身份待核验）,2026；论文#167；待核验,待核验,身份待核验,待核验,论文合作者（身份待核验）,待核验,待核验,待核验,音视频分割与描述,未公开,"论文信息汇总.csv 序167：摘要、研究内容、创新点；内容仅据摘要/Introduction归纳。
仅取得可靠元数据或摘要；未取得可读全文。
https://arxiv.org/abs/2602.08711；访问2026-09-17；arXiv作者顺序和摘要。
原文摘要依据：“This paper proposes Omni Dense Captioning, a novel task designed to generate continuous, fine-grained, and structured audio-visual narratives with explicit timestamps. To ensure dense semantic coverag”。
仅确认论文内原姓名署名；跨论文身份未确认。https://aclanthology.org/people/xu-sun/","身份待核验；按单篇保留，不跨论文合并同名者。达到重点候选筛选阈值；已查可定位来源，身份/历史履历仍未确认。
具体论文问题：P167-C;P167-D;P167-A;P167-R
完整Scholar/DBLP论文列表及CCF/CORE目录未获取；当前公开材料可能漏项。",167
Sheng Wang,"2023；论文#85；香港大学
2024；论文#54；待核验
2024；论文#62；香港大学
2024；论文#64；香港大学
2024；论文#145；香港大学
2025；论文#24；待核验
2025；论文#27；香港大学
2025；论文#28；待核验
2025；论文#30；香港大学
2025；论文#41；香港大学
2025；论文#48；香港大学
2025；论文#51；香港大学
2026；论文#166；香港大学",未公开,2024-2025；博士生；与Chuan Wu共同指导（CV）,未公开,导师—学生；共同指导,13,2023,2026,支持性对话；蛋白质表示学习；推理部署与参数效率；任务数据合成；视觉语言理解；多语言能力与低资源学习；工具智能体与任务评测,未公开,https://forence1999.github.io/；访问2026-09-17；原文依据：“Sheng Wang (2024-2025)”。历史指导/时间另见https://ikekonglp.github.io/lingpenk_cv.pdf第1-2页（版本2026-01-27）；校友更新见https://hkunlp.github.io/people/。核验状态：公开身份部分确认；局限见待核验问题。,"成员链接/about返回404；CV与校友页支持历史指导，当前职位未核实。
具体论文问题：P85-C;P85-R;P54-C;P54-A;P54-R;P54-V;P62-C;P62-R;P64-C;P64-R;P145-C;P145-R;P24-C;P24-D;P24-A;P24-R;P24-F;P27-C;P27-R;P28-C;P28-D;P28-A;P28-R;P30-C;P30-R;P41-C;P41-R;P48-C;P48-F;P48-V;P51-C;P51-R;P166-C;P166-R
完整Scholar/DBLP论文列表及CCF/CORE目录未获取；当前公开材料可能漏项。;CP285",85;54;62;64;145;24;27;28;30;41;48;51;166
Pengan Chen（论文 #24，身份待核验）,2025；论文#24；待核验,待核验,身份待核验,待核验,论文合作者（身份待核验）,待核验,待核验,待核验,任务数据合成,未公开,"论文信息汇总.csv 序24：摘要、研究内容、创新点；内容仅据摘要/Introduction归纳。
仅取得可靠元数据或摘要；未取得可读全文。
https://arxiv.org/abs/2503.17195；访问2026-09-17；arXiv作者顺序和摘要。
CV：https://ikekonglp.github.io/lingpenk_cv.pdf；第5页；版本2026-01-27。
原文摘要依据：“Model customization necessitates high-quality and diverse datasets, but acquiring such data remains time-consuming and labor-intensive. Despite the great potential of large language models (LLMs) for ”。
仅确认论文内原姓名署名；跨论文身份未确认。https://aclanthology.org/people/pengan-chen/unverified/","身份待核验；按单篇保留，不跨论文合并同名者。达到重点候选筛选阈值；已查可定位来源，身份/历史履历仍未确认。
具体论文问题：P24-C;P24-D;P24-A;P24-R;P24-F
完整Scholar/DBLP论文列表及CCF/CORE目录未获取；当前公开材料可能漏项。",24
Pengan Chen（论文 #30，身份待核验）,2025；论文#30；香港大学,待核验,身份待核验,待核验,论文合作者（身份待核验）,待核验,待核验,待核验,多语言能力与低资源学习,未公开,"论文信息汇总.csv 序30：摘要、研究内容、创新点；内容仅据摘要/Introduction归纳。
PDF：港大/Kong, Lingpeng/论文/2025_Developing and Utilizing a Large-Scale Cantonese Dataset for Multi-Tasking in Large Language Models.pdf；第1页标题、作者单位与摘要；Introduction在已保存前3页内。
https://aclanthology.org/2025.findings-emnlp.102/；访问2026-09-17；ACL作者顺序、发表信息与摘要。
CV：https://ikekonglp.github.io/lingpenk_cv.pdf；第5页；版本2026-01-27。
原文摘要依据：“High-quality data resources play a crucial role in learning large language models (LLMs), particularly for low-resource languages like Cantonese. Despite having more than 85 million native speakers, C”。
仅确认论文内原姓名署名；跨论文身份未确认。https://aclanthology.org/people/pengan-chen/unverified/","身份待核验；按单篇保留，不跨论文合并同名者。达到重点候选筛选阈值；已查可定位来源，身份/历史履历仍未确认。
具体论文问题：P30-C;P30-R
完整Scholar/DBLP论文列表及CCF/CORE目录未获取；当前公开材料可能漏项。",30
Pengan Chen（论文 #41，身份待核验）,2025；论文#41；香港大学,待核验,身份待核验,待核验,论文合作者（身份待核验）,待核验,待核验,待核验,推理部署与参数效率,未公开,"论文信息汇总.csv 序41：摘要、研究内容、创新点；内容仅据摘要/Introduction归纳。
PDF：港大/Kong, Lingpeng/论文/2025_MoS_ Unleashing Parameter Efficiency of Low-Rank Adaptation with Mixture of Shards.pdf；第1页标题、作者单位与摘要；Introduction在已保存前3页内。
https://arxiv.org/abs/2410.00938；访问2026-09-17；arXiv作者顺序和摘要。
CV：https://ikekonglp.github.io/lingpenk_cv.pdf；第6页；版本2026-01-27。
PDF发表标记：“Published as a conference paper at ICLR 2025”。
原文摘要依据：“The rapid scaling of large language models necessitates more lightweight finetuning methods to reduce the explosive GPU memory overhead when numerous customized models are served simultaneously. Targe”。
仅确认论文内原姓名署名；跨论文身份未确认。https://aclanthology.org/people/pengan-chen/unverified/","身份待核验；按单篇保留，不跨论文合并同名者。达到重点候选筛选阈值；已查可定位来源，身份/历史履历仍未确认。
具体论文问题：P41-C;P41-R
完整Scholar/DBLP论文列表及CCF/CORE目录未获取；当前公开材料可能漏项。",41
Pengan Chen（论文 #51，身份待核验）,2025；论文#51；香港大学,待核验,身份待核验,待核验,论文合作者（身份待核验）,待核验,待核验,待核验,多语言能力与低资源学习,未公开,"论文信息汇总.csv 序51：摘要、研究内容、创新点；内容仅据摘要/Introduction归纳。
PDF：港大/Kong, Lingpeng/论文/2025_How Well Do LLMs Handle Cantonese_ Benchmarking Cantonese Capabilities of Large Language Models.pdf；第1页标题、作者单位与摘要；Introduction在已保存前3页内。
https://aclanthology.org/2025.findings-naacl.253/；访问2026-09-17；ACL作者顺序、发表信息与摘要。
CV：https://ikekonglp.github.io/lingpenk_cv.pdf；第7页；版本2026-01-27。
原文摘要依据：“The rapid evolution of large language models (LLMs) has transformed the competitive landscape in natural language processing (NLP), particularly for English and other data-rich languages. However, und”。
仅确认论文内原姓名署名；跨论文身份未确认。https://aclanthology.org/people/pengan-chen/unverified/","身份待核验；按单篇保留，不跨论文合并同名者。达到重点候选筛选阈值；已查可定位来源，身份/历史履历仍未确认。
具体论文问题：P51-C;P51-R
完整Scholar/DBLP论文列表及CCF/CORE目录未获取；当前公开材料可能漏项。",51
Jingqi Zhou（论文 #24，身份待核验）,2025；论文#24；待核验,待核验,身份待核验,待核验,论文合作者（身份待核验）,待核验,待核验,待核验,任务数据合成,未公开,"论文信息汇总.csv 序24：摘要、研究内容、创新点；内容仅据摘要/Introduction归纳。
仅取得可靠元数据或摘要；未取得可读全文。
https://arxiv.org/abs/2503.17195；访问2026-09-17；arXiv作者顺序和摘要。
CV：https://ikekonglp.github.io/lingpenk_cv.pdf；第5页；版本2026-01-27。
原文摘要依据：“Model customization necessitates high-quality and diverse datasets, but acquiring such data remains time-consuming and labor-intensive. Despite the great potential of large language models (LLMs) for ”。
仅确认论文内原姓名署名；跨论文身份未确认。https://aclanthology.org/people/jingqi-zhou/unverified/","身份待核验；按单篇保留，不跨论文合并同名者。达到重点候选筛选阈值；已查可定位来源，身份/历史履历仍未确认。
具体论文问题：P24-C;P24-D;P24-A;P24-R;P24-F
完整Scholar/DBLP论文列表及CCF/CORE目录未获取；当前公开材料可能漏项。",24
Jingqi Zhou（论文 #27，身份待核验）,2025；论文#27；香港大学,待核验,身份待核验,待核验,论文合作者（身份待核验）,待核验,待核验,待核验,视觉语言理解,未公开,"论文信息汇总.csv 序27：摘要、研究内容、创新点；内容仅据摘要/Introduction归纳。
PDF：港大/Kong, Lingpeng/论文/2025_ProReason_ Multi-Modal Proactive Reasoning with Decoupled Eyesight and Wisdom.pdf；第1页标题、作者单位与摘要；Introduction在已保存前3页内。
https://aclanthology.org/2025.emnlp-main.1614/；访问2026-09-17；ACL作者顺序、发表信息与摘要。
CV：https://ikekonglp.github.io/lingpenk_cv.pdf；第5页；版本2026-01-27。
PDF发表标记：“Proceedings of the 2025 Conference on Empirical Methods in Natural Language Processing, pages 31662–31691”。
原文摘要依据：“Large vision-language models (LVLMs) have witnessed significant progress on visual understanding tasks. However, they often prioritize language knowledge over image information on visual reasoning tas”。
仅确认论文内原姓名署名；跨论文身份未确认。https://aclanthology.org/people/jingqi-zhou/unverified/","身份待核验；按单篇保留，不跨论文合并同名者。达到重点候选筛选阈值；已查可定位来源，身份/历史履历仍未确认。
具体论文问题：P27-C;P27-R
完整Scholar/DBLP论文列表及CCF/CORE目录未获取；当前公开材料可能漏项。",27
Jingqi Zhou（论文 #166，身份待核验）,2026；论文#166；香港大学,待核验,身份待核验,待核验,论文合作者（身份待核验）,待核验,待核验,待核验,工具智能体与任务评测,未公开,"论文信息汇总.csv 序166：摘要、研究内容、创新点；内容仅据摘要/Introduction归纳。
PDF：港大/Kong, Lingpeng/论文/2026_ToolSelf_ Unifying Task Execution and Self-Reconfiguration via Tool-Driven Emergent Adaptation.pdf；第1页标题、作者单位与摘要；Introduction在已保存前3页内。
https://arxiv.org/abs/2602.07883；访问2026-09-17；arXiv作者顺序和摘要。
原文摘要依据：“LLM-powered agentic systems excel at complex long-horizon tasks, but remain constrained by static configurations fixed before execution. Such rigidity forces a trade-off between domain-specific perfor”。
仅确认论文内原姓名署名；跨论文身份未确认。https://aclanthology.org/people/jingqi-zhou/unverified/","身份待核验；按单篇保留，不跨论文合并同名者。达到重点候选筛选阈值；已查可定位来源，身份/历史履历仍未确认。
具体论文问题：P166-C;P166-R
完整Scholar/DBLP论文列表及CCF/CORE目录未获取；当前公开材料可能漏项。",166
Jingwei Dong,"2025；论文#24；待核验
2025；论文#27；香港大学
2025；论文#41；西安交通大学
2025；论文#155；香港大学",香港大学（CV；现况待核验）,2025起；博士生；与Chuan Wu共同指导（CV）,博士生（CV）,导师—学生；共同指导,4,2025,2025,任务数据合成；视觉语言理解；推理部署与参数效率；扩散代码生成,未公开,https://openreview.net/profile?id=~Jingwei_Dong1；访问2026-09-17；原文依据：“Jingwei Dong (2025-)”。历史指导/时间另见https://ikekonglp.github.io/lingpenk_cv.pdf第1-2页（版本2026-01-27）；校友更新见https://hkunlp.github.io/people/。核验状态：公开身份部分确认；局限见待核验问题。,"独立主页、完整论文列表及当前状态未核验。
具体论文问题：P24-C;P24-D;P24-A;P24-R;P24-F;P27-C;P27-R;P41-C;P41-R;P155-C;P155-R
完整Scholar/DBLP论文列表及CCF/CORE目录未获取；当前公开材料可能漏项。",24;27;41;155
Boyang Xue（论文 #24，身份待核验）,2025；论文#24；待核验,待核验,身份待核验,待核验,论文合作者（身份待核验）,待核验,待核验,待核验,任务数据合成,未公开,"论文信息汇总.csv 序24：摘要、研究内容、创新点；内容仅据摘要/Introduction归纳。
仅取得可靠元数据或摘要；未取得可读全文。
https://arxiv.org/abs/2503.17195；访问2026-09-17；arXiv作者顺序和摘要。
CV：https://ikekonglp.github.io/lingpenk_cv.pdf；第5页；版本2026-01-27。
原文摘要依据：“Model customization necessitates high-quality and diverse datasets, but acquiring such data remains time-consuming and labor-intensive. Despite the great potential of large language models (LLMs) for ”。
仅确认论文内原姓名署名；跨论文身份未确认。https://aclanthology.org/people/boyang-xue/","身份待核验；按单篇保留，不跨论文合并同名者。达到重点候选筛选阈值；已查可定位来源，身份/历史履历仍未确认。
具体论文问题：P24-C;P24-D;P24-A;P24-R;P24-F
完整Scholar/DBLP论文列表及CCF/CORE目录未获取；当前公开材料可能漏项。",24
Boyang Xue（论文 #41，身份待核验）,2025；论文#41；香港中文大学,待核验,身份待核验,待核验,论文合作者（身份待核验）,待核验,待核验,待核验,推理部署与参数效率,未公开,"论文信息汇总.csv 序41：摘要、研究内容、创新点；内容仅据摘要/Introduction归纳。
PDF：港大/Kong, Lingpeng/论文/2025_MoS_ Unleashing Parameter Efficiency of Low-Rank Adaptation with Mixture of Shards.pdf；第1页标题、作者单位与摘要；Introduction在已保存前3页内。
https://arxiv.org/abs/2410.00938；访问2026-09-17；arXiv作者顺序和摘要。
CV：https://ikekonglp.github.io/lingpenk_cv.pdf；第6页；版本2026-01-27。
PDF发表标记：“Published as a conference paper at ICLR 2025”。
原文摘要依据：“The rapid scaling of large language models necessitates more lightweight finetuning methods to reduce the explosive GPU memory overhead when numerous customized models are served simultaneously. Targe”。
仅确认论文内原姓名署名；跨论文身份未确认。https://aclanthology.org/people/boyang-xue/","身份待核验；按单篇保留，不跨论文合并同名者。达到重点候选筛选阈值；已查可定位来源，身份/历史履历仍未确认。
具体论文问题：P41-C;P41-R
完整Scholar/DBLP论文列表及CCF/CORE目录未获取；当前公开材料可能漏项。",41
Boyang Xue（论文 #62，身份待核验）,2024；论文#62；香港中文大学,待核验,身份待核验,待核验,论文合作者（身份待核验）,待核验,待核验,待核验,推理部署与参数效率,未公开,"论文信息汇总.csv 序62：摘要、研究内容、创新点；内容仅据摘要/Introduction归纳。
PDF：港大/Kong, Lingpeng/论文/2024_PRoLoRA_ Partial Rotation Empowers More Parameter-Efficient LoRA.pdf；第1页标题、作者单位与摘要；Introduction在已保存前3页内。
https://aclanthology.org/2024.acl-long.156/；访问2026-09-17；ACL作者顺序、发表信息与摘要。
CV：https://ikekonglp.github.io/lingpenk_cv.pdf；第8页；版本2026-01-27。
PDF发表标记：“Proceedings of the 62nd Annual Meeting of the Association for Computational Linguistics (Volume 1: Long Papers), pages 2829–2841”。
原文摘要依据：“With the rapid scaling of large language models (LLMs), serving numerouslow-rank adaptations (LoRAs) concurrently has become increasingly impractical,leading to unaffordable costs and necessitating mo”。
仅确认论文内原姓名署名；跨论文身份未确认。https://aclanthology.org/people/boyang-xue/","身份待核验；按单篇保留，不跨论文合并同名者。达到重点候选筛选阈值；已查可定位来源，身份/历史履历仍未确认。
具体论文问题：P62-C;P62-R
完整Scholar/DBLP论文列表及CCF/CORE目录未获取；当前公开材料可能漏项。",62
Boyang Xue（论文 #64，身份待核验）,2024；论文#64；香港中文大学,待核验,身份待核验,待核验,论文合作者（身份待核验）,待核验,待核验,待核验,推理部署与参数效率,未公开,"论文信息汇总.csv 序64：摘要、研究内容、创新点；内容仅据摘要/Introduction归纳。
PDF：港大/Kong, Lingpeng/论文/2024_LoRA Meets Dropout under a Unified Framework.pdf；第1页标题、作者单位与摘要；Introduction在已保存前3页内。
https://aclanthology.org/2024.findings-acl.119/；访问2026-09-17；ACL作者顺序、发表信息与摘要。
CV：https://ikekonglp.github.io/lingpenk_cv.pdf；第8页；版本2026-01-27。
原文摘要依据：“With the remarkable capabilities, large language models (LLMs) have emergedas essential elements in numerous NLP applications, while parameter-efficientfinetuning, especially LoRA, has gained populari”。
仅确认论文内原姓名署名；跨论文身份未确认。https://aclanthology.org/people/boyang-xue/","身份待核验；按单篇保留，不跨论文合并同名者。达到重点候选筛选阈值；已查可定位来源，身份/历史履历仍未确认。
具体论文问题：P64-C;P64-R
完整Scholar/DBLP论文列表及CCF/CORE目录未获取；当前公开材料可能漏项。",64
Jiyue Jiang（论文 #24，身份待核验）,2025；论文#24；待核验,待核验,身份待核验,待核验,论文合作者（身份待核验）,待核验,待核验,待核验,任务数据合成,未公开,"论文信息汇总.csv 序24：摘要、研究内容、创新点；内容仅据摘要/Introduction归纳。
仅取得可靠元数据或摘要；未取得可读全文。
https://arxiv.org/abs/2503.17195；访问2026-09-17；arXiv作者顺序和摘要。
CV：https://ikekonglp.github.io/lingpenk_cv.pdf；第5页；版本2026-01-27。
原文摘要依据：“Model customization necessitates high-quality and diverse datasets, but acquiring such data remains time-consuming and labor-intensive. Despite the great potential of large language models (LLMs) for ”。
仅确认论文内原姓名署名；跨论文身份未确认。https://aclanthology.org/people/jiyue-jiang/","身份待核验；按单篇保留，不跨论文合并同名者。达到重点候选筛选阈值；已查可定位来源，身份/历史履历仍未确认。
具体论文问题：P24-C;P24-D;P24-A;P24-R;P24-F
完整Scholar/DBLP论文列表及CCF/CORE目录未获取；当前公开材料可能漏项。",24
Jiyue Jiang（论文 #27，身份待核验）,2025；论文#27；香港中文大学,待核验,身份待核验,待核验,论文合作者（身份待核验）,待核验,待核验,待核验,视觉语言理解,未公开,"论文信息汇总.csv 序27：摘要、研究内容、创新点；内容仅据摘要/Introduction归纳。
PDF：港大/Kong, Lingpeng/论文/2025_ProReason_ Multi-Modal Proactive Reasoning with Decoupled Eyesight and Wisdom.pdf；第1页标题、作者单位与摘要；Introduction在已保存前3页内。
https://aclanthology.org/2025.emnlp-main.1614/；访问2026-09-17；ACL作者顺序、发表信息与摘要。
CV：https://ikekonglp.github.io/lingpenk_cv.pdf；第5页；版本2026-01-27。
PDF发表标记：“Proceedings of the 2025 Conference on Empirical Methods in Natural Language Processing, pages 31662–31691”。
原文摘要依据：“Large vision-language models (LVLMs) have witnessed significant progress on visual understanding tasks. However, they often prioritize language knowledge over image information on visual reasoning tas”。
仅确认论文内原姓名署名；跨论文身份未确认。https://aclanthology.org/people/jiyue-jiang/","身份待核验；按单篇保留，不跨论文合并同名者。达到重点候选筛选阈值；已查可定位来源，身份/历史履历仍未确认。
具体论文问题：P27-C;P27-R
完整Scholar/DBLP论文列表及CCF/CORE目录未获取；当前公开材料可能漏项。",27
Jiyue Jiang（论文 #30，身份待核验）,2025；论文#30；香港中文大学,待核验,身份待核验,待核验,论文合作者（身份待核验）,待核验,待核验,待核验,多语言能力与低资源学习,未公开,"论文信息汇总.csv 序30：摘要、研究内容、创新点；内容仅据摘要/Introduction归纳。
PDF：港大/Kong, Lingpeng/论文/2025_Developing and Utilizing a Large-Scale Cantonese Dataset for Multi-Tasking in Large Language Models.pdf；第1页标题、作者单位与摘要；Introduction在已保存前3页内。
https://aclanthology.org/2025.findings-emnlp.102/；访问2026-09-17；ACL作者顺序、发表信息与摘要。
CV：https://ikekonglp.github.io/lingpenk_cv.pdf；第5页；版本2026-01-27。
原文摘要依据：“High-quality data resources play a crucial role in learning large language models (LLMs), particularly for low-resource languages like Cantonese. Despite having more than 85 million native speakers, C”。
仅确认论文内原姓名署名；跨论文身份未确认。https://aclanthology.org/people/jiyue-jiang/","身份待核验；按单篇保留，不跨论文合并同名者。达到重点候选筛选阈值；已查可定位来源，身份/历史履历仍未确认。
具体论文问题：P30-C;P30-R
完整Scholar/DBLP论文列表及CCF/CORE目录未获取；当前公开材料可能漏项。",30
Jiyue Jiang（论文 #41，身份待核验）,2025；论文#41；香港中文大学,待核验,身份待核验,待核验,论文合作者（身份待核验）,待核验,待核验,待核验,推理部署与参数效率,未公开,"论文信息汇总.csv 序41：摘要、研究内容、创新点；内容仅据摘要/Introduction归纳。
PDF：港大/Kong, Lingpeng/论文/2025_MoS_ Unleashing Parameter Efficiency of Low-Rank Adaptation with Mixture of Shards.pdf；第1页标题、作者单位与摘要；Introduction在已保存前3页内。
https://arxiv.org/abs/2410.00938；访问2026-09-17；arXiv作者顺序和摘要。
CV：https://ikekonglp.github.io/lingpenk_cv.pdf；第6页；版本2026-01-27。
PDF发表标记：“Published as a conference paper at ICLR 2025”。
原文摘要依据：“The rapid scaling of large language models necessitates more lightweight finetuning methods to reduce the explosive GPU memory overhead when numerous customized models are served simultaneously. Targe”。
仅确认论文内原姓名署名；跨论文身份未确认。https://aclanthology.org/people/jiyue-jiang/","身份待核验；按单篇保留，不跨论文合并同名者。达到重点候选筛选阈值；已查可定位来源，身份/历史履历仍未确认。
具体论文问题：P41-C;P41-R
完整Scholar/DBLP论文列表及CCF/CORE目录未获取；当前公开材料可能漏项。",41
Jiyue Jiang（论文 #51，身份待核验）,2025；论文#51；香港中文大学,待核验,身份待核验,待核验,论文合作者（身份待核验）,待核验,待核验,待核验,多语言能力与低资源学习,未公开,"论文信息汇总.csv 序51：摘要、研究内容、创新点；内容仅据摘要/Introduction归纳。
PDF：港大/Kong, Lingpeng/论文/2025_How Well Do LLMs Handle Cantonese_ Benchmarking Cantonese Capabilities of Large Language Models.pdf；第1页标题、作者单位与摘要；Introduction在已保存前3页内。
https://aclanthology.org/2025.findings-naacl.253/；访问2026-09-17；ACL作者顺序、发表信息与摘要。
CV：https://ikekonglp.github.io/lingpenk_cv.pdf；第7页；版本2026-01-27。
原文摘要依据：“The rapid evolution of large language models (LLMs) has transformed the competitive landscape in natural language processing (NLP), particularly for English and other data-rich languages. However, und”。
仅确认论文内原姓名署名；跨论文身份未确认。https://aclanthology.org/people/jiyue-jiang/","身份待核验；按单篇保留，不跨论文合并同名者。达到重点候选筛选阈值；已查可定位来源，身份/历史履历仍未确认。
具体论文问题：P51-C;P51-R
完整Scholar/DBLP论文列表及CCF/CORE目录未获取；当前公开材料可能漏项。",51
Jiyue Jiang（论文 #62，身份待核验）,2024；论文#62；香港中文大学,待核验,身份待核验,待核验,论文合作者（身份待核验）,待核验,待核验,待核验,推理部署与参数效率,未公开,"论文信息汇总.csv 序62：摘要、研究内容、创新点；内容仅据摘要/Introduction归纳。
PDF：港大/Kong, Lingpeng/论文/2024_PRoLoRA_ Partial Rotation Empowers More Parameter-Efficient LoRA.pdf；第1页标题、作者单位与摘要；Introduction在已保存前3页内。
https://aclanthology.org/2024.acl-long.156/；访问2026-09-17；ACL作者顺序、发表信息与摘要。
CV：https://ikekonglp.github.io/lingpenk_cv.pdf；第8页；版本2026-01-27。
PDF发表标记：“Proceedings of the 62nd Annual Meeting of the Association for Computational Linguistics (Volume 1: Long Papers), pages 2829–2841”。
原文摘要依据：“With the rapid scaling of large language models (LLMs), serving numerouslow-rank adaptations (LoRAs) concurrently has become increasingly impractical,leading to unaffordable costs and necessitating mo”。
仅确认论文内原姓名署名；跨论文身份未确认。https://aclanthology.org/people/jiyue-jiang/","身份待核验；按单篇保留，不跨论文合并同名者。达到重点候选筛选阈值；已查可定位来源，身份/历史履历仍未确认。
具体论文问题：P62-C;P62-R
完整Scholar/DBLP论文列表及CCF/CORE目录未获取；当前公开材料可能漏项。",62
Jiyue Jiang（论文 #64，身份待核验）,2024；论文#64；香港中文大学,待核验,身份待核验,待核验,论文合作者（身份待核验）,待核验,待核验,待核验,推理部署与参数效率,未公开,"论文信息汇总.csv 序64：摘要、研究内容、创新点；内容仅据摘要/Introduction归纳。
PDF：港大/Kong, Lingpeng/论文/2024_LoRA Meets Dropout under a Unified Framework.pdf；第1页标题、作者单位与摘要；Introduction在已保存前3页内。
https://aclanthology.org/2024.findings-acl.119/；访问2026-09-17；ACL作者顺序、发表信息与摘要。
CV：https://ikekonglp.github.io/lingpenk_cv.pdf；第8页；版本2026-01-27。
原文摘要依据：“With the remarkable capabilities, large language models (LLMs) have emergedas essential elements in numerous NLP applications, while parameter-efficientfinetuning, especially LoRA, has gained populari”。
仅确认论文内原姓名署名；跨论文身份未确认。https://aclanthology.org/people/jiyue-jiang/","身份待核验；按单篇保留，不跨论文合并同名者。达到重点候选筛选阈值；已查可定位来源，身份/历史履历仍未确认。
具体论文问题：P64-C;P64-R
完整Scholar/DBLP论文列表及CCF/CORE目录未获取；当前公开材料可能漏项。",64
Jiyue Jiang（论文 #85，身份待核验）,2023；论文#85；香港大学,待核验,身份待核验,待核验,论文合作者（身份待核验）,待核验,待核验,待核验,支持性对话,未公开,"论文信息汇总.csv 序85：摘要、研究内容、创新点；内容仅据摘要/Introduction归纳。
PDF：港大/Kong, Lingpeng/论文/2023_A Cognitive Stimulation Dialogue System with Multi-source Knowledge Fusion for Elders with Cognitive Impairment.pdf；第1页标题、作者单位与摘要；Introduction在已保存前3页内。
https://aclanthology.org/2023.acl-long.593/；访问2026-09-17；ACL作者顺序、发表信息与摘要。
CV：https://ikekonglp.github.io/lingpenk_cv.pdf；第9页；版本2026-01-27。
PDF发表标记：“Proceedings of the 61st Annual Meeting of the Association for Computational Linguistics”。
原文摘要依据：“When communicating with elders with cognitive impairment, cognitive stimulation (CS) help to maintain the cognitive health of elders. Data sparsity is the main challenge in building CS-based dialogue ”。
仅确认论文内原姓名署名；跨论文身份未确认。https://aclanthology.org/people/jiyue-jiang/","身份待核验；按单篇保留，不跨论文合并同名者。达到重点候选筛选阈值；已查可定位来源，身份/历史履历仍未确认。
具体论文问题：P85-C;P85-R
完整Scholar/DBLP论文列表及CCF/CORE目录未获取；当前公开材料可能漏项。",85
Jiyue Jiang（论文 #145，身份待核验）,2024；论文#145；香港大学；香港中文大学,待核验,身份待核验,待核验,论文合作者（身份待核验）,待核验,待核验,待核验,支持性对话,未公开,"论文信息汇总.csv 序145：摘要、研究内容、创新点；内容仅据摘要/Introduction归纳。
PDF：港大/Kong, Lingpeng/论文/2024_Data Augmentation of Multi-turn Psychological Dialogue via Knowledge-driven Progressive Thought Prompting.pdf；第1页标题、作者单位与摘要；Introduction在已保存前3页内。
https://arxiv.org/abs/2406.16567；访问2026-09-17；arXiv作者顺序和摘要。
原文摘要依据：“Existing dialogue data augmentation (DA) techniques predominantly focus on augmenting utterance-level dialogues, which makes it difficult to take dialogue contextual information into account. The adve”。
仅确认论文内原姓名署名；跨论文身份未确认。https://aclanthology.org/people/jiyue-jiang/","身份待核验；按单篇保留，不跨论文合并同名者。达到重点候选筛选阈值；已查可定位来源，身份/历史履历仍未确认。
具体论文问题：P145-C;P145-R
完整Scholar/DBLP论文列表及CCF/CORE目录未获取；当前公开材料可能漏项。",145
Jiyue Jiang（论文 #166，身份待核验）,2026；论文#166；香港中文大学,待核验,身份待核验,待核验,论文合作者（身份待核验）,待核验,待核验,待核验,工具智能体与任务评测,未公开,"论文信息汇总.csv 序166：摘要、研究内容、创新点；内容仅据摘要/Introduction归纳。
PDF：港大/Kong, Lingpeng/论文/2026_ToolSelf_ Unifying Task Execution and Self-Reconfiguration via Tool-Driven Emergent Adaptation.pdf；第1页标题、作者单位与摘要；Introduction在已保存前3页内。
https://arxiv.org/abs/2602.07883；访问2026-09-17；arXiv作者顺序和摘要。
原文摘要依据：“LLM-powered agentic systems excel at complex long-horizon tasks, but remain constrained by static configurations fixed before execution. Such rigidity forces a trade-off between domain-specific perfor”。
仅确认论文内原姓名署名；跨论文身份未确认。https://aclanthology.org/people/jiyue-jiang/","身份待核验；按单篇保留，不跨论文合并同名者。达到重点候选筛选阈值；已查可定位来源，身份/历史履历仍未确认。
具体论文问题：P166-C;P166-R
完整Scholar/DBLP论文列表及CCF/CORE目录未获取；当前公开材料可能漏项。",166
Chuan Wu,"2023；论文#85；香港大学
2024；论文#52；香港大学
2024；论文#62；香港大学
2024；论文#64；香港大学
2024；论文#145；香港大学
2025；论文#24；待核验
2025；论文#27；香港大学
2025；论文#28；待核验
2025；论文#30；香港大学
2025；论文#41；香港大学
2025；论文#48；香港大学
2025；论文#51；香港大学
2026；论文#166；香港大学
2026；论文#177；香港大学",香港大学,合作期间教师身份已确认；准确任职起止待核验,教授,共同指导,14,2023,2026,支持性对话；扩散推理与规划；推理部署与参数效率；任务数据合成；视觉语言理解；多语言能力与低资源学习；工具智能体与任务评测；模型评价与奖励学习,未公开,https://i.cs.hku.hk/~cwu/；访问2026-09-17；原文依据：“Professor”。历史指导/时间另见https://ikekonglp.github.io/lingpenk_cv.pdf第1-2页（版本2026-01-27）；校友更新见https://hkunlp.github.io/people/。核验状态：公开身份部分确认；局限见待核验问题。,"CV确认共同指导Sheng Wang/Jingwei Dong及共同主持Xiachong Feng；公开项目职责未核验。
具体论文问题：P85-C;P85-R;P52-C;P52-R;P52-F;P62-C;P62-R;P64-C;P64-R;P145-C;P145-R;P24-C;P24-D;P24-A;P24-R;P24-F;P27-C;P27-R;P28-C;P28-D;P28-A;P28-R;P30-C;P30-R;P41-C;P41-R;P48-C;P48-F;P48-V;P51-C;P51-R;P166-C;P166-R;P177-C;P177-V
完整Scholar/DBLP论文列表及CCF/CORE目录未获取；当前公开材料可能漏项。;CP290;CP291;CP292;CP293;CP294;CP295;CP296;CP297;CP298;CP299;CP300;CP301;CP302;CP303;CP304;CP305",85;52;62;64;145;24;27;28;30;41;48;51;166;177
Xueliang Zhao,"2023；论文#86；香港大学
2024；论文#63；香港大学
2024；论文#66；香港大学
2024；论文#67；香港大学
2024；论文#71；待核验
2024；论文#146；香港大学
2025；论文#25；香港大学；蚂蚁集团
2025；论文#34；香港大学；蚂蚁集团
2025；论文#48；香港大学
2025；论文#153；香港大学；蚂蚁集团
2025；论文#155；香港大学
2025；论文#157；香港大学；蚂蚁集团
2026；论文#174；香港大学",香港大学（CV；现况待核验）,2022起；博士生（CV）,博士生（CV）,导师—学生,13,2023,2026,可控文本生成与一致性；数学推理与题目合成；视觉语言理解；形式化定理证明；推理与决策规划；任务数据合成；推理部署与参数效率；扩散代码生成；扩散推理与规划,未公开,https://ikekonglp.github.io/lingpenk_cv.pdf；访问2026-09-17；原文依据：“Xueliang Zhao (2022-)”。历史指导/时间另见https://ikekonglp.github.io/lingpenk_cv.pdf第1-2页（版本2026-01-27）；校友更新见https://hkunlp.github.io/people/。核验状态：公开身份部分确认；局限见待核验问题。,"仅CV与论文历史信息；独立主页和当前学生状态未核验。
具体论文问题：P86-C;P63-C;P66-C;P66-R;P67-C;P67-R;P71-C;P71-D;P71-A;P71-R;P71-F;P146-C;P25-C;P25-F;P34-C;P48-C;P48-F;P48-V;P153-C;P155-C;P155-R;P157-C;P174-C
完整Scholar/DBLP论文列表及CCF/CORE目录未获取；当前公开材料可能漏项。;CP319;CP320;CP321;CP322;CP323;CP324",86;63;66;67;71;146;25;34;48;153;155;157;174
Wei Wu（论文 #25，身份待核验）,2025；论文#25；蚂蚁集团,待核验,身份待核验,待核验,论文合作者（身份待核验）,待核验,待核验,待核验,推理与决策规划,未公开,"论文信息汇总.csv 序25：摘要、研究内容、创新点；内容仅据摘要/Introduction归纳。
PDF：港大/Kong, Lingpeng/论文/2025_DynaAct_ Large Language Model Reasoning with Dynamic Action Spaces.pdf；第1页标题、作者单位与摘要；Introduction在已保存前3页内。
https://arxiv.org/abs/2511.08043；访问2026-09-17；arXiv作者顺序和摘要。
CV：https://ikekonglp.github.io/lingpenk_cv.pdf；第5页；版本2026-01-27。
原文摘要依据：“In modern sequential decision-making systems, the construction of an optimal candidate action space is critical to efficient inference. However, existing approaches either rely on manually defined act”。
仅确认论文内原姓名署名；跨论文身份未确认。https://aclanthology.org/people/wei-wu/","身份待核验；按单篇保留，不跨论文合并同名者。达到重点候选筛选阈值；已查可定位来源，身份/历史履历仍未确认。
具体论文问题：P25-C;P25-F
完整Scholar/DBLP论文列表及CCF/CORE目录未获取；当前公开材料可能漏项。",25
Wei Wu（论文 #34，身份待核验）,2025；论文#34；蚂蚁集团,待核验,身份待核验,待核验,论文合作者（身份待核验）,待核验,待核验,待核验,数学推理与题目合成,未公开,"论文信息汇总.csv 序34：摘要、研究内容、创新点；内容仅据摘要/Introduction归纳。
PDF：港大/Kong, Lingpeng/论文/2025_PromptCoT_ Synthesizing Olympiad-level Problems for Mathematical Reasoning in Large Language Models.pdf；第1页标题、作者单位与摘要；Introduction在已保存前3页内。
https://aclanthology.org/2025.findings-acl.935/；访问2026-09-17；ACL作者顺序、发表信息与摘要。
CV：https://ikekonglp.github.io/lingpenk_cv.pdf；第5页；版本2026-01-27。
原文摘要依据：“The ability of large language models to solve complex mathematical problems has progressed significantly, particularly for tasks requiring advanced reasoning. However, the scarcity of sufficiently cha”。
仅确认论文内原姓名署名；跨论文身份未确认。https://aclanthology.org/people/wei-wu/","身份待核验；按单篇保留，不跨论文合并同名者。达到重点候选筛选阈值；已查可定位来源，身份/历史履历仍未确认。
具体论文问题：P34-C
完整Scholar/DBLP论文列表及CCF/CORE目录未获取；当前公开材料可能漏项。",34
Wei Wu（论文 #153，身份待核验）,2025；论文#153；蚂蚁集团,待核验,身份待核验,待核验,论文合作者（身份待核验）,待核验,待核验,待核验,推理部署与参数效率,未公开,"论文信息汇总.csv 序153：摘要、研究内容、创新点；内容仅据摘要/Introduction归纳。
PDF：港大/Kong, Lingpeng/论文/2025_Scaling Reasoning without Attention.pdf；第1页标题、作者单位与摘要；Introduction在已保存前3页内。
https://arxiv.org/abs/2505.22425；访问2026-09-17；arXiv作者顺序和摘要。
原文摘要依据：“Large language models (LLMs) have made significant advances in complex reasoning tasks, yet they remain bottlenecked by two core challenges: architectural inefficiency due to reliance on Transformers,”。
仅确认论文内原姓名署名；跨论文身份未确认。https://aclanthology.org/people/wei-wu/","身份待核验；按单篇保留，不跨论文合并同名者。达到重点候选筛选阈值；已查可定位来源，身份/历史履历仍未确认。
具体论文问题：P153-C
完整Scholar/DBLP论文列表及CCF/CORE目录未获取；当前公开材料可能漏项。",153
Wei Wu（论文 #157，身份待核验）,2025；论文#157；蚂蚁集团,待核验,身份待核验,待核验,论文合作者（身份待核验）,待核验,待核验,待核验,数学推理与题目合成,未公开,"论文信息汇总.csv 序157：摘要、研究内容、创新点；内容仅据摘要/Introduction归纳。
PDF：港大/Kong, Lingpeng/论文/2025_PromptCoT 2.0_ Scaling Prompt Synthesis for Large Language Model Reasoning.pdf；第1页标题、作者单位与摘要；Introduction在已保存前3页内。
https://arxiv.org/abs/2509.19894；访问2026-09-17；arXiv作者顺序和摘要。
原文摘要依据：“Large language models (LLMs) are evolving from conversational systems into strong reasoners for tasks such as Olympiad mathematics and competitive programming. While scaling parameters and test-time c”。
仅确认论文内原姓名署名；跨论文身份未确认。https://aclanthology.org/people/wei-wu/","身份待核验；按单篇保留，不跨论文合并同名者。达到重点候选筛选阈值；已查可定位来源，身份/历史履历仍未确认。
具体论文问题：P157-C
完整Scholar/DBLP论文列表及CCF/CORE目录未获取；当前公开材料可能漏项。",157
Jian Guan（论文 #25，身份待核验）,2025；论文#25；蚂蚁集团,待核验,身份待核验,待核验,论文合作者（身份待核验）,待核验,待核验,待核验,推理与决策规划,未公开,"论文信息汇总.csv 序25：摘要、研究内容、创新点；内容仅据摘要/Introduction归纳。
PDF：港大/Kong, Lingpeng/论文/2025_DynaAct_ Large Language Model Reasoning with Dynamic Action Spaces.pdf；第1页标题、作者单位与摘要；Introduction在已保存前3页内。
https://arxiv.org/abs/2511.08043；访问2026-09-17；arXiv作者顺序和摘要。
CV：https://ikekonglp.github.io/lingpenk_cv.pdf；第5页；版本2026-01-27。
原文摘要依据：“In modern sequential decision-making systems, the construction of an optimal candidate action space is critical to efficient inference. However, existing approaches either rely on manually defined act”。
仅确认论文内原姓名署名；跨论文身份未确认。https://aclanthology.org/people/jian-guan/","身份待核验；按单篇保留，不跨论文合并同名者。达到重点候选筛选阈值；已查可定位来源，身份/历史履历仍未确认。
具体论文问题：P25-C;P25-F
完整Scholar/DBLP论文列表及CCF/CORE目录未获取；当前公开材料可能漏项。",25
Jian Guan（论文 #34，身份待核验）,2025；论文#34；蚂蚁集团,待核验,身份待核验,待核验,论文合作者（身份待核验）,待核验,待核验,待核验,数学推理与题目合成,未公开,"论文信息汇总.csv 序34：摘要、研究内容、创新点；内容仅据摘要/Introduction归纳。
PDF：港大/Kong, Lingpeng/论文/2025_PromptCoT_ Synthesizing Olympiad-level Problems for Mathematical Reasoning in Large Language Models.pdf；第1页标题、作者单位与摘要；Introduction在已保存前3页内。
https://aclanthology.org/2025.findings-acl.935/；访问2026-09-17；ACL作者顺序、发表信息与摘要。
CV：https://ikekonglp.github.io/lingpenk_cv.pdf；第5页；版本2026-01-27。
原文摘要依据：“The ability of large language models to solve complex mathematical problems has progressed significantly, particularly for tasks requiring advanced reasoning. However, the scarcity of sufficiently cha”。
仅确认论文内原姓名署名；跨论文身份未确认。https://aclanthology.org/people/jian-guan/","身份待核验；按单篇保留，不跨论文合并同名者。达到重点候选筛选阈值；已查可定位来源，身份/历史履历仍未确认。
具体论文问题：P34-C
完整Scholar/DBLP论文列表及CCF/CORE目录未获取；当前公开材料可能漏项。",34
Jian Guan（论文 #157，身份待核验）,2025；论文#157；蚂蚁集团,待核验,身份待核验,待核验,论文合作者（身份待核验）,待核验,待核验,待核验,数学推理与题目合成,未公开,"论文信息汇总.csv 序157：摘要、研究内容、创新点；内容仅据摘要/Introduction归纳。
PDF：港大/Kong, Lingpeng/论文/2025_PromptCoT 2.0_ Scaling Prompt Synthesis for Large Language Model Reasoning.pdf；第1页标题、作者单位与摘要；Introduction在已保存前3页内。
https://arxiv.org/abs/2509.19894；访问2026-09-17；arXiv作者顺序和摘要。
原文摘要依据：“Large language models (LLMs) are evolving from conversational systems into strong reasoners for tasks such as Olympiad mathematics and competitive programming. While scaling parameters and test-time c”。
仅确认论文内原姓名署名；跨论文身份未确认。https://aclanthology.org/people/jian-guan/","身份待核验；按单篇保留，不跨论文合并同名者。达到重点候选筛选阈值；已查可定位来源，身份/历史履历仍未确认。
具体论文问题：P157-C
完整Scholar/DBLP论文列表及CCF/CORE目录未获取；当前公开材料可能漏项。",157
Chenxin An,"2022；论文#100；复旦大学；上海人工智能实验室
2023；论文#136；香港大学；复旦大学
2024；论文#61；复旦大学；香港大学
2024；论文#70；香港大学；阿里巴巴
2025；论文#26；待核验
2025；论文#38；香港大学
2025；论文#40；待核验
2025；论文#46；香港大学
2025；论文#47；香港大学
2026；论文#168；香港大学",香港大学（CV；现况待核验）,2023起；博士生（CV）,博士生（CV）,导师—学生,10,2022,2026,可控文本生成与一致性；长上下文建模与压缩；推理与决策规划；模型评价与奖励学习；视频时序理解；扩散文本生成；工具智能体与任务评测,未公开,https://ikekonglp.github.io/lingpenk_cv.pdf；访问2026-09-17；原文依据：“Chenxin An (2023-)”。历史指导/时间另见https://ikekonglp.github.io/lingpenk_cv.pdf第1-2页（版本2026-01-27）；校友更新见https://hkunlp.github.io/people/。核验状态：公开身份部分确认；局限见待核验问题。,"个人主页及完整论文列表未核验。
具体论文问题：P100-C;P100-A;P100-R;P100-F;P136-C;P136-R;P61-C;P61-R;P70-C;P70-A;P70-R;P26-C;P26-D;P26-A;P26-R;P38-C;P38-R;P38-F;P40-C;P40-D;P40-A;P40-R;P40-F;P46-C;P46-R;P46-F;P47-C;P47-R;P168-C;P168-R
完整Scholar/DBLP论文列表及CCF/CORE目录未获取；当前公开材料可能漏项。;CP335;CP336",100;136;61;70;26;38;40;46;47;168
Xiaonan Li（论文 #26，身份待核验）,2025；论文#26；待核验,待核验,身份待核验,待核验,论文合作者（身份待核验）,待核验,待核验,待核验,推理与决策规划,未公开,"论文信息汇总.csv 序26：摘要、研究内容、创新点；内容仅据摘要/Introduction归纳。
仅取得可靠元数据或摘要；未取得可读全文。
https://aclanthology.org/2025.emnlp-main.1751/；访问2026-09-17；ACL作者顺序、发表信息与摘要。
CV：https://ikekonglp.github.io/lingpenk_cv.pdf；第5页；版本2026-01-27。
原文摘要依据：“Reasoning models have demonstrated remarkable performance on complex tasks by generating long reasoning traces prior to producing final answers. However, previous research on long-context scaling in l”。
仅确认论文内原姓名署名；跨论文身份未确认。https://aclanthology.org/people/xiaonan-li/unverified/","身份待核验；按单篇保留，不跨论文合并同名者。达到重点候选筛选阈值；已查可定位来源，身份/历史履历仍未确认。
具体论文问题：P26-C;P26-D;P26-A;P26-R
完整Scholar/DBLP论文列表及CCF/CORE目录未获取；当前公开材料可能漏项。",26
Xiaonan Li（论文 #149，身份待核验）,2024；论文#149；复旦大学,待核验,身份待核验,待核验,论文合作者（身份待核验）,待核验,待核验,待核验,模型评价与奖励学习,未公开,"论文信息汇总.csv 序149：摘要、研究内容、创新点；内容仅据摘要/Introduction归纳。
PDF：港大/Kong, Lingpeng/论文/2024_Understanding the Role of LLMs in Multimodal Evaluation Benchmarks.pdf；第1页标题、作者单位与摘要；Introduction在已保存前3页内。
https://arxiv.org/abs/2410.12329；访问2026-09-17；arXiv作者顺序和摘要。
原文摘要依据：“The rapid advancement of Multimodal Large Language Models (MLLMs) has been accompanied by the development of various benchmarks to evaluate their capabilities. However, the true nature of these evalua”。
仅确认论文内原姓名署名；跨论文身份未确认。https://aclanthology.org/people/xiaonan-li/unverified/","身份待核验；按单篇保留，不跨论文合并同名者。达到重点候选筛选阈值；已查可定位来源，身份/历史履历仍未确认。
具体论文问题：P149-C
完整Scholar/DBLP论文列表及CCF/CORE目录未获取；当前公开材料可能漏项。",149
Ming Zhong（论文 #26，身份待核验）,2025；论文#26；待核验,待核验,身份待核验,待核验,论文合作者（身份待核验）,待核验,待核验,待核验,推理与决策规划,未公开,"论文信息汇总.csv 序26：摘要、研究内容、创新点；内容仅据摘要/Introduction归纳。
仅取得可靠元数据或摘要；未取得可读全文。
https://aclanthology.org/2025.emnlp-main.1751/；访问2026-09-17；ACL作者顺序、发表信息与摘要。
CV：https://ikekonglp.github.io/lingpenk_cv.pdf；第5页；版本2026-01-27。
原文摘要依据：“Reasoning models have demonstrated remarkable performance on complex tasks by generating long reasoning traces prior to producing final answers. However, previous research on long-context scaling in l”。
仅确认论文内原姓名署名；跨论文身份未确认。https://maszhongming.github.io/
https://aclanthology.org/people/ming-zhong/","身份待核验；按单篇保留，不跨论文合并同名者。达到重点候选筛选阈值；已查可定位来源，身份/历史履历仍未确认。
具体论文问题：P26-C;P26-D;P26-A;P26-R
完整Scholar/DBLP论文列表及CCF/CORE目录未获取；当前公开材料可能漏项。",26
Ming Zhong（论文 #46，身份待核验）,2025；论文#46；伊利诺伊大学厄巴纳-香槟分校,待核验,身份待核验,待核验,论文合作者（身份待核验）,待核验,待核验,待核验,长上下文建模与压缩,未公开,"论文信息汇总.csv 序46：摘要、研究内容、创新点；内容仅据摘要/Introduction归纳。
PDF：港大/Kong, Lingpeng/论文/2025_Why Does the Effective Context Length of LLMs Fall Short_.pdf；第1页标题、作者单位与摘要；Introduction在已保存前3页内。
https://arxiv.org/abs/2410.18745；访问2026-09-17；arXiv作者顺序和摘要。
CV：https://ikekonglp.github.io/lingpenk_cv.pdf；第6页；版本2026-01-27。
原文摘要依据：“Advancements in distributed training and efficient attention mechanisms have significantly expanded the context window sizes of large language models (LLMs). However, recent work reveals that the effe”。
仅确认论文内原姓名署名；跨论文身份未确认。https://maszhongming.github.io/
https://aclanthology.org/people/ming-zhong/","身份待核验；按单篇保留，不跨论文合并同名者。达到重点候选筛选阈值；已查可定位来源，身份/历史履历仍未确认。
具体论文问题：P46-C;P46-R;P46-F
完整Scholar/DBLP论文列表及CCF/CORE目录未获取；当前公开材料可能漏项。",46
Ming Zhong（论文 #61，身份待核验）,2024；论文#61；伊利诺伊大学厄巴纳-香槟分校,待核验,身份待核验,待核验,论文合作者（身份待核验）,待核验,待核验,待核验,长上下文建模与压缩,未公开,"论文信息汇总.csv 序61：摘要、研究内容、创新点；内容仅据摘要/Introduction归纳。
PDF：港大/Kong, Lingpeng/论文/2024_L-Eval_ Instituting Standardized Evaluation for Long Context Language Models.pdf；第1页标题、作者单位与摘要；Introduction在已保存前3页内。
https://aclanthology.org/2024.acl-long.776/；访问2026-09-17；ACL作者顺序、发表信息与摘要。
CV：https://ikekonglp.github.io/lingpenk_cv.pdf；第8页；版本2026-01-27。
PDF发表标记：“Proceedings of the 62nd Annual Meeting of the Association for Computational Linguistics (Volume 1: Long Papers), pages 14388–14411”。
原文摘要依据：“Recently, there has been growing interest in long-context scaling of large language models (LLMs). To facilitate research in this field, we propose L-Eval to institute a more standardized evaluation f”。
仅确认论文内原姓名署名；跨论文身份未确认。https://maszhongming.github.io/
https://aclanthology.org/people/ming-zhong/","身份待核验；按单篇保留，不跨论文合并同名者。达到重点候选筛选阈值；已查可定位来源，身份/历史履历仍未确认。
具体论文问题：P61-C;P61-R
完整Scholar/DBLP论文列表及CCF/CORE目录未获取；当前公开材料可能漏项。",61
Ming Zhong（论文 #97，身份待核验）,2022；论文#97；待核验,待核验,身份待核验,待核验,论文合作者（身份待核验）,待核验,待核验,待核验,结构化知识理解,未公开,"论文信息汇总.csv 序97：摘要、研究内容、创新点；内容仅据摘要/Introduction归纳。
仅取得可靠元数据或摘要；未取得可读全文。
https://aclanthology.org/2022.emnlp-main.39/；访问2026-09-17；ACL作者顺序、发表信息与摘要。
CV：https://ikekonglp.github.io/lingpenk_cv.pdf；第10页；版本2026-01-27。
原文摘要依据：“Structured knowledge grounding (SKG) leverages structured knowledge to complete user requests, such as semantic parsing over databases and question answering over knowledge bases. Since the inputs and”。
仅确认论文内原姓名署名；跨论文身份未确认。https://maszhongming.github.io/
https://aclanthology.org/people/ming-zhong/","身份待核验；按单篇保留，不跨论文合并同名者。达到重点候选筛选阈值；已查可定位来源，身份/历史履历仍未确认。
具体论文问题：P97-C;P97-D;P97-A;P97-R
完整Scholar/DBLP论文列表及CCF/CORE目录未获取；当前公开材料可能漏项。",97
Jun Zhang（论文 #26，身份待核验）,2025；论文#26；待核验,待核验,身份待核验,待核验,论文合作者（身份待核验）,待核验,待核验,待核验,推理与决策规划,未公开,"论文信息汇总.csv 序26：摘要、研究内容、创新点；内容仅据摘要/Introduction归纳。
仅取得可靠元数据或摘要；未取得可读全文。
https://aclanthology.org/2025.emnlp-main.1751/；访问2026-09-17；ACL作者顺序、发表信息与摘要。
CV：https://ikekonglp.github.io/lingpenk_cv.pdf；第5页；版本2026-01-27。
原文摘要依据：“Reasoning models have demonstrated remarkable performance on complex tasks by generating long reasoning traces prior to producing final answers. However, previous research on long-context scaling in l”。
仅确认论文内原姓名署名；跨论文身份未确认。https://aclanthology.org/people/jun-zhang/","身份待核验；按单篇保留，不跨论文合并同名者。达到重点候选筛选阈值；已查可定位来源，身份/历史履历仍未确认。
具体论文问题：P26-C;P26-D;P26-A;P26-R
完整Scholar/DBLP论文列表及CCF/CORE目录未获取；当前公开材料可能漏项。",26
Jun Zhang（论文 #46，身份待核验）,2025；论文#46；字节跳动,待核验,身份待核验,待核验,论文合作者（身份待核验）,待核验,待核验,待核验,长上下文建模与压缩,未公开,"论文信息汇总.csv 序46：摘要、研究内容、创新点；内容仅据摘要/Introduction归纳。
PDF：港大/Kong, Lingpeng/论文/2025_Why Does the Effective Context Length of LLMs Fall Short_.pdf；第1页标题、作者单位与摘要；Introduction在已保存前3页内。
https://arxiv.org/abs/2410.18745；访问2026-09-17；arXiv作者顺序和摘要。
CV：https://ikekonglp.github.io/lingpenk_cv.pdf；第6页；版本2026-01-27。
原文摘要依据：“Advancements in distributed training and efficient attention mechanisms have significantly expanded the context window sizes of large language models (LLMs). However, recent work reveals that the effe”。
仅确认论文内原姓名署名；跨论文身份未确认。https://aclanthology.org/people/jun-zhang/","身份待核验；按单篇保留，不跨论文合并同名者。达到重点候选筛选阈值；已查可定位来源，身份/历史履历仍未确认。
具体论文问题：P46-C;P46-R;P46-F
完整Scholar/DBLP论文列表及CCF/CORE目录未获取；当前公开材料可能漏项。",46
Jun Zhang（论文 #61，身份待核验）,2024；论文#61；上海人工智能实验室,待核验,身份待核验,待核验,论文合作者（身份待核验）,待核验,待核验,待核验,长上下文建模与压缩,未公开,"论文信息汇总.csv 序61：摘要、研究内容、创新点；内容仅据摘要/Introduction归纳。
PDF：港大/Kong, Lingpeng/论文/2024_L-Eval_ Instituting Standardized Evaluation for Long Context Language Models.pdf；第1页标题、作者单位与摘要；Introduction在已保存前3页内。
https://aclanthology.org/2024.acl-long.776/；访问2026-09-17；ACL作者顺序、发表信息与摘要。
CV：https://ikekonglp.github.io/lingpenk_cv.pdf；第8页；版本2026-01-27。
PDF发表标记：“Proceedings of the 62nd Annual Meeting of the Association for Computational Linguistics (Volume 1: Long Papers), pages 14388–14411”。
原文摘要依据：“Recently, there has been growing interest in long-context scaling of large language models (LLMs). To facilitate research in this field, we propose L-Eval to institute a more standardized evaluation f”。
仅确认论文内原姓名署名；跨论文身份未确认。https://aclanthology.org/people/jun-zhang/","身份待核验；按单篇保留，不跨论文合并同名者。达到重点候选筛选阈值；已查可定位来源，身份/历史履历仍未确认。
具体论文问题：P61-C;P61-R
完整Scholar/DBLP论文列表及CCF/CORE目录未获取；当前公开材料可能漏项。",61
Jun Zhang（论文 #70，身份待核验）,2024；论文#70；待核验（未见单位标记）,待核验,身份待核验,待核验,论文合作者（身份待核验）,待核验,待核验,待核验,长上下文建模与压缩,未公开,"论文信息汇总.csv 序70：摘要、研究内容、创新点；内容仅据摘要/Introduction归纳。
PDF：港大/Kong, Lingpeng/论文/2024_Training- Free Long-Context Scaling of Large Language Models.pdf；第1页标题、作者单位与摘要；Introduction在已保存前3页内。
https://arxiv.org/abs/2402.17463；访问2026-09-17；arXiv作者顺序和摘要。
CV：https://ikekonglp.github.io/lingpenk_cv.pdf；第8页；版本2026-01-27。
PDF发表标记：“Proceedings of the 41 st International Conference on Machine            tion indices or increasing the base frequency in RoPE (Su”。
原文摘要依据：“The ability of Large Language Models (LLMs) to process and generate coherent text is markedly weakened when the number of input tokens exceeds their pretraining length. Given the expensive overhead of”。
仅确认论文内原姓名署名；跨论文身份未确认。https://aclanthology.org/people/jun-zhang/","身份待核验；按单篇保留，不跨论文合并同名者。达到重点候选筛选阈值；已查可定位来源，身份/历史履历仍未确认。
具体论文问题：P70-C;P70-A;P70-R
完整Scholar/DBLP论文列表及CCF/CORE目录未获取；当前公开材料可能漏项。",70
Jun Zhang（论文 #80，身份待核验）,2023；论文#80；待核验,待核验,身份待核验,待核验,论文合作者（身份待核验）,待核验,待核验,待核验,高效注意力与序列架构,未公开,"论文信息汇总.csv 序80：摘要、研究内容、创新点；内容仅据摘要/Introduction归纳。
仅取得可靠元数据或摘要；未取得可读全文。
https://arxiv.org/abs/2310.09512；访问2026-09-17；arXiv作者顺序和摘要。
CV：https://ikekonglp.github.io/lingpenk_cv.pdf；第9页；版本2026-01-27。
原文摘要依据：“Autoregressive~(AR) generation almost dominates sequence generation for its efficacy. Recently, non-autoregressive~(NAR) generation gains increasing popularity for its efficiency and growing efficacy.”。
仅确认论文内原姓名署名；跨论文身份未确认。https://aclanthology.org/people/jun-zhang/","身份待核验；按单篇保留，不跨论文合并同名者。达到重点候选筛选阈值；已查可定位来源，身份/历史履历仍未确认。
具体论文问题：P80-C;P80-D;P80-A;P80-R;P80-F
完整Scholar/DBLP论文列表及CCF/CORE目录未获取；当前公开材料可能漏项。",80
Jun Zhang（论文 #88，身份待核验）,2023；论文#88；上海人工智能实验室,待核验,身份待核验,待核验,论文合作者（身份待核验）,待核验,待核验,待核验,高效注意力与序列架构,未公开,"论文信息汇总.csv 序88：摘要、研究内容、创新点；内容仅据摘要/Introduction归纳。
PDF：港大/Kong, Lingpeng/论文/2023_CAB_ Comprehensive Attention Benchmarking on Long Sequence Modeling.pdf；第1页标题、作者单位与摘要；Introduction在已保存前3页内。
https://arxiv.org/abs/2210.07661；访问2026-09-17；arXiv作者顺序和摘要。
CV：https://ikekonglp.github.io/lingpenk_cv.pdf；第10页；版本2026-01-27。
PDF发表标记：“Proceedings of the 40 th International Conference on Machine           causality modeling. We present four patterns of attentions,”。
原文摘要依据：“Transformer has achieved remarkable success in language, image, and speech processing. Recently, various efficient attention architectures have been proposed to improve transformer's efficiency while ”。
仅确认论文内原姓名署名；跨论文身份未确认。https://aclanthology.org/people/jun-zhang/","身份待核验；按单篇保留，不跨论文合并同名者。达到重点候选筛选阈值；已查可定位来源，身份/历史履历仍未确认。
具体论文问题：P88-C
完整Scholar/DBLP论文列表及CCF/CORE目录未获取；当前公开材料可能漏项。",88
Jun Zhang（论文 #134，身份待核验）,2023；论文#134；上海人工智能实验室,待核验,身份待核验,待核验,论文合作者（身份待核验）,待核验,待核验,待核验,上下文示例选择,未公开,"论文信息汇总.csv 序134：摘要、研究内容、创新点；内容仅据摘要/Introduction归纳。
PDF：港大/Kong, Lingpeng/论文/2023_In-Context Learning with Many Demonstration Examples.pdf；第1页标题、作者单位与摘要；Introduction在已保存前3页内。
https://arxiv.org/abs/2302.04931；访问2026-09-17；arXiv作者顺序和摘要。
原文摘要依据：“Large pre-training language models (PLMs) have shown promising in-context learning abilities. However, due to the backbone transformer architecture, existing PLMs are bottlenecked by the memory and co”。
仅确认论文内原姓名署名；跨论文身份未确认。https://aclanthology.org/people/jun-zhang/","身份待核验；按单篇保留，不跨论文合并同名者。达到重点候选筛选阈值；已查可定位来源，身份/历史履历仍未确认。
具体论文问题：P134-C;P134-A
完整Scholar/DBLP论文列表及CCF/CORE目录未获取；当前公开材料可能漏项。",134
Jun Zhang（论文 #142，身份待核验）,2023；论文#142；待核验,待核验,身份待核验,待核验,论文合作者（身份待核验）,待核验,待核验,待核验,高效注意力与序列架构,未公开,"论文信息汇总.csv 序142：摘要、研究内容、创新点；内容仅据摘要/Introduction归纳。
仅取得可靠元数据或摘要；未取得可读全文。
https://arxiv.org/abs/2312.11135；访问2026-09-17；arXiv作者顺序和摘要。
原文摘要依据：“Efficient attentions have greatly improved the computational efficiency of Transformers. However, most existing linear attention mechanisms suffer from an \emph{efficiency degradation} problem, leadin”。
仅确认论文内原姓名署名；跨论文身份未确认。https://aclanthology.org/people/jun-zhang/","身份待核验；按单篇保留，不跨论文合并同名者。达到重点候选筛选阈值；已查可定位来源，身份/历史履历仍未确认。
具体论文问题：P142-C;P142-D;P142-A;P142-R
完整Scholar/DBLP论文列表及CCF/CORE目录未获取；当前公开材料可能漏项。",142
Jingjing Xu（论文 #26，身份待核验）,2025；论文#26；待核验,待核验,身份待核验,待核验,论文合作者（身份待核验）,待核验,待核验,待核验,推理与决策规划,未公开,"论文信息汇总.csv 序26：摘要、研究内容、创新点；内容仅据摘要/Introduction归纳。
仅取得可靠元数据或摘要；未取得可读全文。
https://aclanthology.org/2025.emnlp-main.1751/；访问2026-09-17；ACL作者顺序、发表信息与摘要。
CV：https://ikekonglp.github.io/lingpenk_cv.pdf；第5页；版本2026-01-27。
原文摘要依据：“Reasoning models have demonstrated remarkable performance on complex tasks by generating long reasoning traces prior to producing final answers. However, previous research on long-context scaling in l”。
仅确认论文内原姓名署名；跨论文身份未确认。https://aclanthology.org/people/jingjing-xu/unverified/","身份待核验；按单篇保留，不跨论文合并同名者。达到重点候选筛选阈值；已查可定位来源，身份/历史履历仍未确认。
具体论文问题：P26-C;P26-D;P26-A;P26-R
完整Scholar/DBLP论文列表及CCF/CORE目录未获取；当前公开材料可能漏项。",26
Jingjing Xu（论文 #36，身份待核验）,2025；论文#36；字节跳动Seed,待核验,身份待核验,待核验,论文合作者（身份待核验）,待核验,待核验,待核验,代码生成与纠错,未公开,"论文信息汇总.csv 序36：摘要、研究内容、创新点；内容仅据摘要/Introduction归纳。
PDF：港大/Kong, Lingpeng/论文/2025_Teaching Language Models to Critique via Reinforcement Learning.pdf；第1页标题、作者单位与摘要；Introduction在已保存前3页内。
https://arxiv.org/abs/2502.03492；访问2026-09-17；arXiv作者顺序和摘要。
CV：https://ikekonglp.github.io/lingpenk_cv.pdf；第6页；版本2026-01-27。
PDF发表标记：“Proceedings of the 42 nd International Conference on Machine           ward optimal solution generation through iterative critique-”。
原文摘要依据：“Teaching large language models (LLMs) to critique and refine their outputs is crucial for building systems that can iteratively improve, yet it is fundamentally limited by the ability to provide accur”。
仅确认论文内原姓名署名；跨论文身份未确认。https://aclanthology.org/people/jingjing-xu/unverified/","身份待核验；按单篇保留，不跨论文合并同名者。达到重点候选筛选阈值；已查可定位来源，身份/历史履历仍未确认。
具体论文问题：P36-C
完整Scholar/DBLP论文列表及CCF/CORE目录未获取；当前公开材料可能漏项。",36
Jingjing Xu（论文 #46，身份待核验）,2025；论文#46；字节跳动,待核验,身份待核验,待核验,论文合作者（身份待核验）,待核验,待核验,待核验,长上下文建模与压缩,未公开,"论文信息汇总.csv 序46：摘要、研究内容、创新点；内容仅据摘要/Introduction归纳。
PDF：港大/Kong, Lingpeng/论文/2025_Why Does the Effective Context Length of LLMs Fall Short_.pdf；第1页标题、作者单位与摘要；Introduction在已保存前3页内。
https://arxiv.org/abs/2410.18745；访问2026-09-17；arXiv作者顺序和摘要。
CV：https://ikekonglp.github.io/lingpenk_cv.pdf；第6页；版本2026-01-27。
原文摘要依据：“Advancements in distributed training and efficient attention mechanisms have significantly expanded the context window sizes of large language models (LLMs). However, recent work reveals that the effe”。
仅确认论文内原姓名署名；跨论文身份未确认。https://aclanthology.org/people/jingjing-xu/unverified/","身份待核验；按单篇保留，不跨论文合并同名者。达到重点候选筛选阈值；已查可定位来源，身份/历史履历仍未确认。
具体论文问题：P46-C;P46-R;P46-F
完整Scholar/DBLP论文列表及CCF/CORE目录未获取；当前公开材料可能漏项。",46
Jingjing Xu（论文 #56，身份待核验）,2024；论文#56；字节跳动,待核验,身份待核验,待核验,论文合作者（身份待核验）,待核验,待核验,待核验,工具智能体与任务评测,未公开,"论文信息汇总.csv 序56：摘要、研究内容、创新点；内容仅据摘要/Introduction归纳。
PDF：港大/Kong, Lingpeng/论文/2024_Empowering Large Language Model Agents through Action Learning.pdf；第1页标题、作者单位与摘要；Introduction在已保存前3页内。
https://arxiv.org/abs/2402.15809；访问2026-09-17；arXiv作者顺序和摘要。
CV：https://ikekonglp.github.io/lingpenk_cv.pdf；第7页；版本2026-01-27。
原文摘要依据：“Large Language Model (LLM) Agents have recently garnered increasing interest yet they are limited in their ability to learn from trial and error, a key element of intelligent behavior. In this work, w”。
仅确认论文内原姓名署名；跨论文身份未确认。https://aclanthology.org/people/jingjing-xu/unverified/","身份待核验；按单篇保留，不跨论文合并同名者。达到重点候选筛选阈值；已查可定位来源，身份/历史履历仍未确认。
具体论文问题：P56-C;P56-R;P56-F
完整Scholar/DBLP论文列表及CCF/CORE目录未获取；当前公开材料可能漏项。",56
Jingjing Xu（论文 #65，身份待核验）,2024；论文#65；待核验,待核验,身份待核验,待核验,论文合作者（身份待核验）,待核验,待核验,待核验,语言迁移与学习能力评测,未公开,"论文信息汇总.csv 序65：摘要、研究内容、创新点；内容仅据摘要/Introduction归纳。
仅取得可靠元数据或摘要；未取得可读全文。
https://aclanthology.org/2024.findings-acl.123/；访问2026-09-17；ACL作者顺序、发表信息与摘要。
CV：https://ikekonglp.github.io/lingpenk_cv.pdf；第8页；版本2026-01-27。
原文摘要依据：“With promising yet saturated results in high-resource settings, low-resource datasets have gradually become crucial benchmarks (e.g., BigBench Hard, superGLUE) for evaluating the learning ability of a”。
仅确认论文内原姓名署名；跨论文身份未确认。https://aclanthology.org/people/jingjing-xu/unverified/","身份待核验；按单篇保留，不跨论文合并同名者。达到重点候选筛选阈值；已查可定位来源，身份/历史履历仍未确认。
具体论文问题：P65-C;P65-D;P65-A;P65-R
完整Scholar/DBLP论文列表及CCF/CORE目录未获取；当前公开材料可能漏项。",65
Jingjing Xu（论文 #72，身份待核验）,2024；论文#72；待核验,待核验,身份待核验,待核验,论文合作者（身份待核验）,待核验,待核验,待核验,机器翻译,未公开,"论文信息汇总.csv 序72：摘要、研究内容、创新点；内容仅据摘要/Introduction归纳。
仅取得可靠元数据或摘要；未取得可读全文。
https://aclanthology.org/2024.findings-naacl.176/；访问2026-09-17；ACL作者顺序、发表信息与摘要。
CV：https://ikekonglp.github.io/lingpenk_cv.pdf；第8页；版本2026-01-27。
原文摘要依据：“Large language models (LLMs) have demonstrated remarkable potential in handling multilingual machine translation (MMT). In this paper, we systematically investigate the advantages and challenges of LL”。
仅确认论文内原姓名署名；跨论文身份未确认。https://aclanthology.org/people/jingjing-xu/unverified/","身份待核验；按单篇保留，不跨论文合并同名者。达到重点候选筛选阈值；已查可定位来源，身份/历史履历仍未确认。
具体论文问题：P72-C;P72-D;P72-A;P72-R
完整Scholar/DBLP论文列表及CCF/CORE目录未获取；当前公开材料可能漏项。",72
Jingjing Xu（论文 #74，身份待核验）,2023；论文#74；待核验,待核验,身份待核验,待核验,论文合作者（身份待核验）,待核验,待核验,待核验,视觉语言理解,未公开,"论文信息汇总.csv 序74：摘要、研究内容、创新点；内容仅据摘要/Introduction归纳。
仅取得可靠元数据或摘要；未取得可读全文。
https://aclanthology.org/2023.emnlp-main.726/；访问2026-09-17；ACL作者顺序、发表信息与摘要。
CV：https://ikekonglp.github.io/lingpenk_cv.pdf；第9页；版本2026-01-27。
原文摘要依据：“Language models (LMs) gradually become general-purpose interfaces in the interactive and embodied world, where the understanding of physical concepts is an essential prerequisite. However, it is uncle”。
仅确认论文内原姓名署名；跨论文身份未确认。https://aclanthology.org/people/jingjing-xu/unverified/","身份待核验；按单篇保留，不跨论文合并同名者。达到重点候选筛选阈值；已查可定位来源，身份/历史履历仍未确认。
具体论文问题：P74-C;P74-D;P74-A;P74-R
完整Scholar/DBLP论文列表及CCF/CORE目录未获取；当前公开材料可能漏项。",74
Jingjing Xu（论文 #79，身份待核验）,2023；论文#79；上海人工智能实验室,待核验,身份待核验,待核验,论文合作者（身份待核验）,待核验,待核验,待核验,模型评价与奖励学习,未公开,"论文信息汇总.csv 序79：摘要、研究内容、创新点；内容仅据摘要/Introduction归纳。
PDF：港大/Kong, Lingpeng/论文/2023_Statistical Knowledge Assessment for Generative Language Models.pdf；第1页标题、作者单位与摘要；Introduction在已保存前3页内。
https://arxiv.org/abs/2305.10519；访问2026-09-17；arXiv作者顺序和摘要。
CV：https://ikekonglp.github.io/lingpenk_cv.pdf；第9页；版本2026-01-27。
原文摘要依据：“Given varying prompts regarding a factoid question, can a large language model (LLM) reliably generate factually correct answers? Existing LLMs may generate distinct responses for different prompts. I”。
仅确认论文内原姓名署名；跨论文身份未确认。https://aclanthology.org/people/jingjing-xu/unverified/","身份待核验；按单篇保留，不跨论文合并同名者。达到重点候选筛选阈值；已查可定位来源，身份/历史履历仍未确认。
具体论文问题：P79-C;P79-R;P79-F
完整Scholar/DBLP论文列表及CCF/CORE目录未获取；当前公开材料可能漏项。",79
Jingjing Xu（论文 #83，身份待核验）,2023；论文#83；上海人工智能实验室,待核验,身份待核验,待核验,论文合作者（身份待核验）,待核验,待核验,待核验,机器翻译,未公开,"论文信息汇总.csv 序83：摘要、研究内容、创新点；内容仅据摘要/Introduction归纳。
PDF：港大/Kong, Lingpeng/论文/2023_Lego-MT_ Learning Detachable Models for Massively Multilingual Machine Translation.pdf；第1页标题、作者单位与摘要；Introduction在已保存前3页内。
https://aclanthology.org/2023.findings-acl.731/；访问2026-09-17；ACL作者顺序、发表信息与摘要。
CV：https://ikekonglp.github.io/lingpenk_cv.pdf；第9页；版本2026-01-27。
原文摘要依据：“Multilingual neural machine translation (MNMT) aims to build a unified model for many language directions. Existing monolithic models for MNMT encounter two challenges: parameter interference among la”。
仅确认论文内原姓名署名；跨论文身份未确认。https://aclanthology.org/people/jingjing-xu/unverified/","身份待核验；按单篇保留，不跨论文合并同名者。达到重点候选筛选阈值；已查可定位来源，身份/历史履历仍未确认。
具体论文问题：P83-C;P83-R
完整Scholar/DBLP论文列表及CCF/CORE目录未获取；当前公开材料可能漏项。",83
Jingjing Xu（论文 #84，身份待核验）,2023；论文#84；上海人工智能实验室,待核验,身份待核验,待核验,论文合作者（身份待核验）,待核验,待核验,待核验,机器翻译,未公开,"论文信息汇总.csv 序84：摘要、研究内容、创新点；内容仅据摘要/Introduction归纳。
PDF：港大/Kong, Lingpeng/论文/2023_INK_ Injecting kNN Knowledge in Nearest Neighbor Machine Translation.pdf；第1页标题、作者单位与摘要；Introduction在已保存前3页内。
https://aclanthology.org/2023.acl-long.888/；访问2026-09-17；ACL作者顺序、发表信息与摘要。
CV：https://ikekonglp.github.io/lingpenk_cv.pdf；第9页；版本2026-01-27。
原文摘要依据：“Neural machine translation has achieved promising results on many translation tasks. However, previous studies have shown that neural models induce a non-smooth representation space, which harms its g”。
仅确认论文内原姓名署名；跨论文身份未确认。https://aclanthology.org/people/jingjing-xu/unverified/","身份待核验；按单篇保留，不跨论文合并同名者。达到重点候选筛选阈值；已查可定位来源，身份/历史履历仍未确认。
具体论文问题：P84-C;P84-R
完整Scholar/DBLP论文列表及CCF/CORE目录未获取；当前公开材料可能漏项。",84
Jingjing Xu（论文 #137，身份待核验）,2023；论文#137；上海人工智能实验室,待核验,身份待核验,待核验,论文合作者（身份待核验）,待核验,待核验,待核验,视觉语言理解,未公开,"论文信息汇总.csv 序137：摘要、研究内容、创新点；内容仅据摘要/Introduction归纳。
PDF：港大/Kong, Lingpeng/论文/2023_M$^3$IT_ A Large-Scale Dataset towards Multi-Modal Multilingual Instruction Tuning.pdf；第1页标题、作者单位与摘要；Introduction在已保存前3页内。
https://arxiv.org/abs/2306.04387；访问2026-09-17；arXiv作者顺序和摘要。
原文摘要依据：“Instruction tuning has significantly advanced large language models (LLMs) such as ChatGPT, enabling them to align with human instructions across diverse tasks. However, progress in open vision-langua”。
仅确认论文内原姓名署名；跨论文身份未确认。https://aclanthology.org/people/jingjing-xu/unverified/","身份待核验；按单篇保留，不跨论文合并同名者。达到重点候选筛选阈值；已查可定位来源，身份/历史履历仍未确认。
具体论文问题：P137-C;P137-R
完整Scholar/DBLP论文列表及CCF/CORE目录未获取；当前公开材料可能漏项。",137
Jingjing Xu（论文 #139，身份待核验）,2023；论文#139；待核验,待核验,身份待核验,待核验,论文合作者（身份待核验）,待核验,待核验,待核验,多语言能力与低资源学习,未公开,"论文信息汇总.csv 序139：摘要、研究内容、创新点；内容仅据摘要/Introduction归纳。
仅取得可靠元数据或摘要；未取得可读全文。
https://arxiv.org/abs/2308.04948；访问2026-09-17；arXiv作者顺序和摘要。
原文摘要依据：“Existing large language models show disparate capability across different languages, due to the imbalance in the training data. Their performances on English tasks are often stronger than on tasks of ”。
仅确认论文内原姓名署名；跨论文身份未确认。https://aclanthology.org/people/jingjing-xu/unverified/","身份待核验；按单篇保留，不跨论文合并同名者。达到重点候选筛选阈值；已查可定位来源，身份/历史履历仍未确认。
具体论文问题：P139-C;P139-D;P139-A;P139-R
完整Scholar/DBLP论文列表及CCF/CORE目录未获取；当前公开材料可能漏项。",139
Kai Liu（论文 #27，身份待核验）,2025；论文#27；香港大学,待核验,身份待核验,待核验,论文合作者（身份待核验）,待核验,待核验,待核验,视觉语言理解,未公开,"论文信息汇总.csv 序27：摘要、研究内容、创新点；内容仅据摘要/Introduction归纳。
PDF：港大/Kong, Lingpeng/论文/2025_ProReason_ Multi-Modal Proactive Reasoning with Decoupled Eyesight and Wisdom.pdf；第1页标题、作者单位与摘要；Introduction在已保存前3页内。
https://aclanthology.org/2025.emnlp-main.1614/；访问2026-09-17；ACL作者顺序、发表信息与摘要。
CV：https://ikekonglp.github.io/lingpenk_cv.pdf；第5页；版本2026-01-27。
PDF发表标记：“Proceedings of the 2025 Conference on Empirical Methods in Natural Language Processing, pages 31662–31691”。
原文摘要依据：“Large vision-language models (LVLMs) have witnessed significant progress on visual understanding tasks. However, they often prioritize language knowledge over image information on visual reasoning tas”。
仅确认论文内原姓名署名；跨论文身份未确认。","身份待核验；按单篇保留，不跨论文合并同名者。待核验（未深查）；原姓名整体未达到重点阈值。
具体论文问题：P27-C;P27-R
完整Scholar/DBLP论文列表及CCF/CORE目录未获取；当前公开材料可能漏项。",27
Juntao Zhao（论文 #28，身份待核验）,2025；论文#28；待核验,待核验,身份待核验,待核验,论文合作者（身份待核验）,待核验,待核验,待核验,推理部署与参数效率,未公开,"论文信息汇总.csv 序28：摘要、研究内容、创新点；内容仅据摘要/Introduction归纳。
仅取得可靠元数据或摘要；未取得可读全文。
https://aclanthology.org/2025.emnlp-main.240/；访问2026-09-17；ACL作者顺序、发表信息与摘要。
CV：https://ikekonglp.github.io/lingpenk_cv.pdf；第5页；版本2026-01-27。
原文摘要依据：“Quantization is widely adopted to accelerate inference and reduce memory consumption in large language models (LLMs). While activation-weight joint quantization enables efficient low-precision decodin”。
仅确认论文内原姓名署名；跨论文身份未确认。","身份待核验；按单篇保留，不跨论文合并同名者。待核验（未深查）；原姓名整体未达到重点阈值。
具体论文问题：P28-C;P28-D;P28-A;P28-R
完整Scholar/DBLP论文列表及CCF/CORE目录未获取；当前公开材料可能漏项。",28
Wenhao Lu（论文 #28，身份待核验）,2025；论文#28；待核验,待核验,身份待核验,待核验,论文合作者（身份待核验）,待核验,待核验,待核验,推理部署与参数效率,未公开,"论文信息汇总.csv 序28：摘要、研究内容、创新点；内容仅据摘要/Introduction归纳。
仅取得可靠元数据或摘要；未取得可读全文。
https://aclanthology.org/2025.emnlp-main.240/；访问2026-09-17；ACL作者顺序、发表信息与摘要。
CV：https://ikekonglp.github.io/lingpenk_cv.pdf；第5页；版本2026-01-27。
原文摘要依据：“Quantization is widely adopted to accelerate inference and reduce memory consumption in large language models (LLMs). While activation-weight joint quantization enables efficient low-precision decodin”。
仅确认论文内原姓名署名；跨论文身份未确认。","身份待核验；按单篇保留，不跨论文合并同名者。待核验（未深查）；原姓名整体未达到重点阈值。
具体论文问题：P28-C;P28-D;P28-A;P28-R
完整Scholar/DBLP论文列表及CCF/CORE目录未获取；当前公开材料可能漏项。",28
Jianghan Shen（论文 #29，身份待核验）,2025；论文#29；南京大学,待核验,身份待核验,待核验,论文合作者（身份待核验）,待核验,待核验,待核验,长上下文建模与压缩,未公开,"论文信息汇总.csv 序29：摘要、研究内容、创新点；内容仅据摘要/Introduction归纳。
PDF：港大/Kong, Lingpeng/论文/2025_UNComp_ Can Matrix Entropy Uncover Sparsity_ — A Compressor Design from an Uncertainty-Aware Perspective.pdf；第1页标题、作者单位与摘要；Introduction在已保存前3页内。
https://aclanthology.org/2025.emnlp-main.209/；访问2026-09-17；ACL作者顺序、发表信息与摘要。
CV：https://ikekonglp.github.io/lingpenk_cv.pdf；第5页；版本2026-01-27。
PDF发表标记：“Proceedings of the 2025 Conference on Empirical Methods in Natural Language Processing, pages 4179–4199”。
原文摘要依据：“Deploying large language models (LLMs) for long-context inference remains challenging due to their substantial memory and computational demands. While techniques such as Key-Value (KV) cache compressi”。
仅确认论文内原姓名署名；跨论文身份未确认。https://aclanthology.org/people/jianghan-shen/unverified/","身份待核验；按单篇保留，不跨论文合并同名者。达到重点候选筛选阈值；已查可定位来源，身份/历史履历仍未确认。
具体论文问题：P29-C
完整Scholar/DBLP论文列表及CCF/CORE目录未获取；当前公开材料可能漏项。",29
Jianghan Shen（论文 #37，身份待核验）,2025；论文#37；待核验,待核验,身份待核验,待核验,论文合作者（身份待核验）,待核验,待核验,待核验,长上下文建模与压缩,未公开,"论文信息汇总.csv 序37：摘要、研究内容、创新点；内容仅据摘要/Introduction归纳。
仅取得可靠元数据或摘要；未取得可读全文。
https://arxiv.org/abs/2502.14317；访问2026-09-17；arXiv作者顺序和摘要。
CV：https://ikekonglp.github.io/lingpenk_cv.pdf；第6页；版本2026-01-27。
原文摘要依据：“Extrapolating ultra-long contexts (text length >128K) remains a major challenge for large language models (LLMs), as most training-free extrapolation methods are not only severely limited by memory bo”。
仅确认论文内原姓名署名；跨论文身份未确认。https://aclanthology.org/people/jianghan-shen/unverified/","身份待核验；按单篇保留，不跨论文合并同名者。达到重点候选筛选阈值；已查可定位来源，身份/历史履历仍未确认。
具体论文问题：P37-C;P37-D;P37-A;P37-R;P37-F
完整Scholar/DBLP论文列表及CCF/CORE目录未获取；当前公开材料可能漏项。",37
Jianqiao Lu（论文 #29，身份待核验）,2025；论文#29；香港大学,待核验,身份待核验,待核验,论文合作者（身份待核验）,待核验,待核验,待核验,长上下文建模与压缩,未公开,"论文信息汇总.csv 序29：摘要、研究内容、创新点；内容仅据摘要/Introduction归纳。
PDF：港大/Kong, Lingpeng/论文/2025_UNComp_ Can Matrix Entropy Uncover Sparsity_ — A Compressor Design from an Uncertainty-Aware Perspective.pdf；第1页标题、作者单位与摘要；Introduction在已保存前3页内。
https://aclanthology.org/2025.emnlp-main.209/；访问2026-09-17；ACL作者顺序、发表信息与摘要。
CV：https://ikekonglp.github.io/lingpenk_cv.pdf；第5页；版本2026-01-27。
PDF发表标记：“Proceedings of the 2025 Conference on Empirical Methods in Natural Language Processing, pages 4179–4199”。
原文摘要依据：“Deploying large language models (LLMs) for long-context inference remains challenging due to their substantial memory and computational demands. While techniques such as Key-Value (KV) cache compressi”。
仅确认论文内原姓名署名；跨论文身份未确认。https://aclanthology.org/people/jianqiao-lu/","身份待核验；按单篇保留，不跨论文合并同名者。达到重点候选筛选阈值；已查可定位来源，身份/历史履历仍未确认。
具体论文问题：P29-C
完整Scholar/DBLP论文列表及CCF/CORE目录未获取；当前公开材料可能漏项。",29
Jianqiao Lu（论文 #147，身份待核验）,2024；论文#147；待核验,待核验,身份待核验,待核验,论文合作者（身份待核验）,待核验,待核验,待核验,检索增强生成,未公开,"论文信息汇总.csv 序147：摘要、研究内容、创新点；内容仅据摘要/Introduction归纳。
PDF：港大/Kong, Lingpeng/论文/2024_UncertaintyRAG_ Span-Level Uncertainty Enhanced Long-Context Modeling for Retrieval-Augmented Generation.pdf；第1页标题、作者单位与摘要；Introduction在已保存前3页内。
https://arxiv.org/abs/2410.02719；访问2026-09-17；arXiv作者顺序和摘要。
原文摘要依据：“We present UncertaintyRAG, a novel approach for long-context Retrieval-Augmented Generation (RAG) that utilizes Signal-to-Noise Ratio (SNR)-based span uncertainty to estimate similarity between text c”。
仅确认论文内原姓名署名；跨论文身份未确认。https://aclanthology.org/people/jianqiao-lu/","身份待核验；按单篇保留，不跨论文合并同名者。达到重点候选筛选阈值；已查可定位来源，身份/历史履历仍未确认。
具体论文问题：P147-C;P147-A
完整Scholar/DBLP论文列表及CCF/CORE目录未获取；当前公开材料可能漏项。",147
Xun Wu（论文 #29，身份待核验）,2025；论文#29；微软亚洲研究院,待核验,身份待核验,待核验,论文合作者（身份待核验）,待核验,待核验,待核验,长上下文建模与压缩,未公开,"论文信息汇总.csv 序29：摘要、研究内容、创新点；内容仅据摘要/Introduction归纳。
PDF：港大/Kong, Lingpeng/论文/2025_UNComp_ Can Matrix Entropy Uncover Sparsity_ — A Compressor Design from an Uncertainty-Aware Perspective.pdf；第1页标题、作者单位与摘要；Introduction在已保存前3页内。
https://aclanthology.org/2025.emnlp-main.209/；访问2026-09-17；ACL作者顺序、发表信息与摘要。
CV：https://ikekonglp.github.io/lingpenk_cv.pdf；第5页；版本2026-01-27。
PDF发表标记：“Proceedings of the 2025 Conference on Empirical Methods in Natural Language Processing, pages 4179–4199”。
原文摘要依据：“Deploying large language models (LLMs) for long-context inference remains challenging due to their substantial memory and computational demands. While techniques such as Key-Value (KV) cache compressi”。
仅确认论文内原姓名署名；跨论文身份未确认。https://aclanthology.org/people/xun-wu-0641/","身份待核验；按单篇保留，不跨论文合并同名者。达到重点候选筛选阈值；已查可定位来源，身份/历史履历仍未确认。
具体论文问题：P29-C
完整Scholar/DBLP论文列表及CCF/CORE目录未获取；当前公开材料可能漏项。",29
Xun Wu（论文 #147，身份待核验）,2024；论文#147；待核验,待核验,身份待核验,待核验,论文合作者（身份待核验）,待核验,待核验,待核验,检索增强生成,未公开,"论文信息汇总.csv 序147：摘要、研究内容、创新点；内容仅据摘要/Introduction归纳。
PDF：港大/Kong, Lingpeng/论文/2024_UncertaintyRAG_ Span-Level Uncertainty Enhanced Long-Context Modeling for Retrieval-Augmented Generation.pdf；第1页标题、作者单位与摘要；Introduction在已保存前3页内。
https://arxiv.org/abs/2410.02719；访问2026-09-17；arXiv作者顺序和摘要。
原文摘要依据：“We present UncertaintyRAG, a novel approach for long-context Retrieval-Augmented Generation (RAG) that utilizes Signal-to-Noise Ratio (SNR)-based span uncertainty to estimate similarity between text c”。
仅确认论文内原姓名署名；跨论文身份未确认。https://aclanthology.org/people/xun-wu-0641/","身份待核验；按单篇保留，不跨论文合并同名者。达到重点候选筛选阈值；已查可定位来源，身份/历史履历仍未确认。
具体论文问题：P147-C;P147-A
完整Scholar/DBLP论文列表及CCF/CORE目录未获取；当前公开材料可能漏项。",147
Min Yang（论文 #29，身份待核验）,2025；论文#29；中国科学院深圳先进技术研究院,待核验,身份待核验,待核验,论文合作者（身份待核验）,待核验,待核验,待核验,长上下文建模与压缩,未公开,"论文信息汇总.csv 序29：摘要、研究内容、创新点；内容仅据摘要/Introduction归纳。
PDF：港大/Kong, Lingpeng/论文/2025_UNComp_ Can Matrix Entropy Uncover Sparsity_ — A Compressor Design from an Uncertainty-Aware Perspective.pdf；第1页标题、作者单位与摘要；Introduction在已保存前3页内。
https://aclanthology.org/2025.emnlp-main.209/；访问2026-09-17；ACL作者顺序、发表信息与摘要。
CV：https://ikekonglp.github.io/lingpenk_cv.pdf；第5页；版本2026-01-27。
PDF发表标记：“Proceedings of the 2025 Conference on Empirical Methods in Natural Language Processing, pages 4179–4199”。
原文摘要依据：“Deploying large language models (LLMs) for long-context inference remains challenging due to their substantial memory and computational demands. While techniques such as Key-Value (KV) cache compressi”。
仅确认论文内原姓名署名；跨论文身份未确认。https://aclanthology.org/people/min-yang-2728/","身份待核验；按单篇保留，不跨论文合并同名者。达到重点候选筛选阈值；已查可定位来源，身份/历史履历仍未确认。
具体论文问题：P29-C
完整Scholar/DBLP论文列表及CCF/CORE目录未获取；当前公开材料可能漏项。",29
Min Yang（论文 #156，身份待核验）,2025；论文#156；待核验,待核验,身份待核验,待核验,论文合作者（身份待核验）,待核验,待核验,待核验,社会智能与角色控制,未公开,"论文信息汇总.csv 序156：摘要、研究内容、创新点；内容仅据摘要/Introduction归纳。
仅取得可靠元数据或摘要；未取得可读全文。
https://arxiv.org/abs/2509.07403；访问2026-09-17；arXiv作者顺序和摘要。
原文摘要依据：“Large language models (LLMs) have made significant progress in Emotional Intelligence (EI) and long-context modeling. However, existing benchmarks often overlook the fact that emotional information pr”。
仅确认论文内原姓名署名；跨论文身份未确认。https://aclanthology.org/people/min-yang-2728/","身份待核验；按单篇保留，不跨论文合并同名者。达到重点候选筛选阈值；已查可定位来源，身份/历史履历仍未确认。
具体论文问题：P156-C;P156-D;P156-A;P156-R
完整Scholar/DBLP论文列表及CCF/CORE目录未获取；当前公开材料可能漏项。",156
Min Yang（论文 #160，身份待核验）,2025；论文#160；中国科学院深圳先进技术研究院,待核验,身份待核验,待核验,论文合作者（身份待核验）,待核验,待核验,待核验,长上下文建模与压缩,未公开,"论文信息汇总.csv 序160：摘要、研究内容、创新点；内容仅据摘要/Introduction归纳。
PDF：港大/Kong, Lingpeng/论文/2025_DoPE_ Denoising Rotary Position Embedding.pdf；第1页标题、作者单位与摘要；Introduction在已保存前3页内。
https://arxiv.org/abs/2511.09146；访问2026-09-17；arXiv作者顺序和摘要。
原文摘要依据：“Positional encoding is essential for large language models (LLMs) to represent sequence order, yet recent studies show that Rotary Position Embedding (RoPE) can induce massive activation. We investiga”。
仅确认论文内原姓名署名；跨论文身份未确认。https://aclanthology.org/people/min-yang-2728/","身份待核验；按单篇保留，不跨论文合并同名者。达到重点候选筛选阈值；已查可定位来源，身份/历史履历仍未确认。
具体论文问题：P160-C
完整Scholar/DBLP论文列表及CCF/CORE目录未获取；当前公开材料可能漏项。",160
Alfred Kar Yin Truong（论文 #30，身份待核验）,2025；论文#30；香港大学,待核验,身份待核验,待核验,论文合作者（身份待核验）,待核验,待核验,待核验,多语言能力与低资源学习,未公开,"论文信息汇总.csv 序30：摘要、研究内容、创新点；内容仅据摘要/Introduction归纳。
PDF：港大/Kong, Lingpeng/论文/2025_Developing and Utilizing a Large-Scale Cantonese Dataset for Multi-Tasking in Large Language Models.pdf；第1页标题、作者单位与摘要；Introduction在已保存前3页内。
https://aclanthology.org/2025.findings-emnlp.102/；访问2026-09-17；ACL作者顺序、发表信息与摘要。
CV：https://ikekonglp.github.io/lingpenk_cv.pdf；第5页；版本2026-01-27。
原文摘要依据：“High-quality data resources play a crucial role in learning large language models (LLMs), particularly for low-resource languages like Cantonese. Despite having more than 85 million native speakers, C”。
仅确认论文内原姓名署名；跨论文身份未确认。","身份待核验；按单篇保留，不跨论文合并同名者。待核验（未深查）；原姓名整体未达到重点阈值。
具体论文问题：P30-C;P30-R
完整Scholar/DBLP论文列表及CCF/CORE目录未获取；当前公开材料可能漏项。",30
Yanyu Chen（论文 #30，身份待核验）,2025；论文#30；香港中文大学,待核验,身份待核验,待核验,论文合作者（身份待核验）,待核验,待核验,待核验,多语言能力与低资源学习,未公开,"论文信息汇总.csv 序30：摘要、研究内容、创新点；内容仅据摘要/Introduction归纳。
PDF：港大/Kong, Lingpeng/论文/2025_Developing and Utilizing a Large-Scale Cantonese Dataset for Multi-Tasking in Large Language Models.pdf；第1页标题、作者单位与摘要；Introduction在已保存前3页内。
https://aclanthology.org/2025.findings-emnlp.102/；访问2026-09-17；ACL作者顺序、发表信息与摘要。
CV：https://ikekonglp.github.io/lingpenk_cv.pdf；第5页；版本2026-01-27。
原文摘要依据：“High-quality data resources play a crucial role in learning large language models (LLMs), particularly for low-resource languages like Cantonese. Despite having more than 85 million native speakers, C”。
仅确认论文内原姓名署名；跨论文身份未确认。","身份待核验；按单篇保留，不跨论文合并同名者。待核验（未深查）；原姓名整体未达到重点阈值。
具体论文问题：P30-C;P30-R
完整Scholar/DBLP论文列表及CCF/CORE目录未获取；当前公开材料可能漏项。",30
Qinghang Bao（论文 #30，身份待核验）,2025；论文#30；香港大学,待核验,身份待核验,待核验,论文合作者（身份待核验）,待核验,待核验,待核验,多语言能力与低资源学习,未公开,"论文信息汇总.csv 序30：摘要、研究内容、创新点；内容仅据摘要/Introduction归纳。
PDF：港大/Kong, Lingpeng/论文/2025_Developing and Utilizing a Large-Scale Cantonese Dataset for Multi-Tasking in Large Language Models.pdf；第1页标题、作者单位与摘要；Introduction在已保存前3页内。
https://aclanthology.org/2025.findings-emnlp.102/；访问2026-09-17；ACL作者顺序、发表信息与摘要。
CV：https://ikekonglp.github.io/lingpenk_cv.pdf；第5页；版本2026-01-27。
原文摘要依据：“High-quality data resources play a crucial role in learning large language models (LLMs), particularly for low-resource languages like Cantonese. Despite having more than 85 million native speakers, C”。
仅确认论文内原姓名署名；跨论文身份未确认。https://aclanthology.org/people/qinghang-bao/unverified/","身份待核验；按单篇保留，不跨论文合并同名者。达到重点候选筛选阈值；已查可定位来源，身份/历史履历仍未确认。
具体论文问题：P30-C;P30-R
完整Scholar/DBLP论文列表及CCF/CORE目录未获取；当前公开材料可能漏项。",30
Qinghang Bao（论文 #51，身份待核验）,2025；论文#51；香港大学,待核验,身份待核验,待核验,论文合作者（身份待核验）,待核验,待核验,待核验,多语言能力与低资源学习,未公开,"论文信息汇总.csv 序51：摘要、研究内容、创新点；内容仅据摘要/Introduction归纳。
PDF：港大/Kong, Lingpeng/论文/2025_How Well Do LLMs Handle Cantonese_ Benchmarking Cantonese Capabilities of Large Language Models.pdf；第1页标题、作者单位与摘要；Introduction在已保存前3页内。
https://aclanthology.org/2025.findings-naacl.253/；访问2026-09-17；ACL作者顺序、发表信息与摘要。
CV：https://ikekonglp.github.io/lingpenk_cv.pdf；第7页；版本2026-01-27。
原文摘要依据：“The rapid evolution of large language models (LLMs) has transformed the competitive landscape in natural language processing (NLP), particularly for English and other data-rich languages. However, und”。
仅确认论文内原姓名署名；跨论文身份未确认。https://aclanthology.org/people/qinghang-bao/unverified/","身份待核验；按单篇保留，不跨论文合并同名者。达到重点候选筛选阈值；已查可定位来源，身份/历史履历仍未确认。
具体论文问题：P51-C;P51-R
完整Scholar/DBLP论文列表及CCF/CORE目录未获取；当前公开材料可能漏项。",51
Jiuming Wang（论文 #30，身份待核验）,2025；论文#30；香港中文大学,待核验,身份待核验,待核验,论文合作者（身份待核验）,待核验,待核验,待核验,多语言能力与低资源学习,未公开,"论文信息汇总.csv 序30：摘要、研究内容、创新点；内容仅据摘要/Introduction归纳。
PDF：港大/Kong, Lingpeng/论文/2025_Developing and Utilizing a Large-Scale Cantonese Dataset for Multi-Tasking in Large Language Models.pdf；第1页标题、作者单位与摘要；Introduction在已保存前3页内。
https://aclanthology.org/2025.findings-emnlp.102/；访问2026-09-17；ACL作者顺序、发表信息与摘要。
CV：https://ikekonglp.github.io/lingpenk_cv.pdf；第5页；版本2026-01-27。
原文摘要依据：“High-quality data resources play a crucial role in learning large language models (LLMs), particularly for low-resource languages like Cantonese. Despite having more than 85 million native speakers, C”。
仅确认论文内原姓名署名；跨论文身份未确认。","身份待核验；按单篇保留，不跨论文合并同名者。待核验（未深查）；原姓名整体未达到重点阈值。
具体论文问题：P30-C;P30-R
完整Scholar/DBLP论文列表及CCF/CORE目录未获取；当前公开材料可能漏项。",30
Yu Li（论文 #30，身份待核验）,2025；论文#30；香港中文大学,待核验,身份待核验,待核验,论文合作者（身份待核验）,待核验,待核验,待核验,多语言能力与低资源学习,未公开,"论文信息汇总.csv 序30：摘要、研究内容、创新点；内容仅据摘要/Introduction归纳。
PDF：港大/Kong, Lingpeng/论文/2025_Developing and Utilizing a Large-Scale Cantonese Dataset for Multi-Tasking in Large Language Models.pdf；第1页标题、作者单位与摘要；Introduction在已保存前3页内。
https://aclanthology.org/2025.findings-emnlp.102/；访问2026-09-17；ACL作者顺序、发表信息与摘要。
CV：https://ikekonglp.github.io/lingpenk_cv.pdf；第5页；版本2026-01-27。
原文摘要依据：“High-quality data resources play a crucial role in learning large language models (LLMs), particularly for low-resource languages like Cantonese. Despite having more than 85 million native speakers, C”。
仅确认论文内原姓名署名；跨论文身份未确认。https://aclanthology.org/people/yu-li-6722/","身份待核验；按单篇保留，不跨论文合并同名者。达到重点候选筛选阈值；已查可定位来源，身份/历史履历仍未确认。
具体论文问题：P30-C;P30-R
完整Scholar/DBLP论文列表及CCF/CORE目录未获取；当前公开材料可能漏项。",30
Yu Li（论文 #51，身份待核验）,2025；论文#51；香港中文大学,待核验,身份待核验,待核验,论文合作者（身份待核验）,待核验,待核验,待核验,多语言能力与低资源学习,未公开,"论文信息汇总.csv 序51：摘要、研究内容、创新点；内容仅据摘要/Introduction归纳。
PDF：港大/Kong, Lingpeng/论文/2025_How Well Do LLMs Handle Cantonese_ Benchmarking Cantonese Capabilities of Large Language Models.pdf；第1页标题、作者单位与摘要；Introduction在已保存前3页内。
https://aclanthology.org/2025.findings-naacl.253/；访问2026-09-17；ACL作者顺序、发表信息与摘要。
CV：https://ikekonglp.github.io/lingpenk_cv.pdf；第7页；版本2026-01-27。
原文摘要依据：“The rapid evolution of large language models (LLMs) has transformed the competitive landscape in natural language processing (NLP), particularly for English and other data-rich languages. However, und”。
仅确认论文内原姓名署名；跨论文身份未确认。https://aclanthology.org/people/yu-li-6722/","身份待核验；按单篇保留，不跨论文合并同名者。达到重点候选筛选阈值；已查可定位来源，身份/历史履历仍未确认。
具体论文问题：P51-C;P51-R
完整Scholar/DBLP论文列表及CCF/CORE目录未获取；当前公开材料可能漏项。",51
Yu Li（论文 #145，身份待核验）,2024；论文#145；香港中文大学,待核验,身份待核验,待核验,论文合作者（身份待核验）,待核验,待核验,待核验,支持性对话,未公开,"论文信息汇总.csv 序145：摘要、研究内容、创新点；内容仅据摘要/Introduction归纳。
PDF：港大/Kong, Lingpeng/论文/2024_Data Augmentation of Multi-turn Psychological Dialogue via Knowledge-driven Progressive Thought Prompting.pdf；第1页标题、作者单位与摘要；Introduction在已保存前3页内。
https://arxiv.org/abs/2406.16567；访问2026-09-17；arXiv作者顺序和摘要。
原文摘要依据：“Existing dialogue data augmentation (DA) techniques predominantly focus on augmenting utterance-level dialogues, which makes it difficult to take dialogue contextual information into account. The adve”。
仅确认论文内原姓名署名；跨论文身份未确认。https://aclanthology.org/people/yu-li-6722/","身份待核验；按单篇保留，不跨论文合并同名者。达到重点候选筛选阈值；已查可定位来源，身份/历史履历仍未确认。
具体论文问题：P145-C;P145-R
完整Scholar/DBLP论文列表及CCF/CORE目录未获取；当前公开材料可能漏项。",145
Xiao Liu（论文 #31，身份待核验）,2025；论文#31；北京大学,待核验,身份待核验,待核验,论文合作者（身份待核验）,待核验,待核验,待核验,推理与决策规划,未公开,"论文信息汇总.csv 序31：摘要、研究内容、创新点；内容仅据摘要/Introduction归纳。
PDF：港大/Kong, Lingpeng/论文/2025_Recipe2Plan_ Evaluating Planning Abilities of LLMs for Efficient and Feasible Multitasking with Time Constraints Between Actions.pdf；第1页标题、作者单位与摘要；Introduction在已保存前3页内。
https://aclanthology.org/2025.findings-emnlp.229/；访问2026-09-17；ACL作者顺序、发表信息与摘要。
CV：https://ikekonglp.github.io/lingpenk_cv.pdf；第5页；版本2026-01-27。
原文摘要依据：“While Large Language Model-based agents have demonstrated substantial progress in task completion, existing evaluation benchmarks tend to overemphasize single-task performance, with insufficient atten”。
仅确认论文内原姓名署名；跨论文身份未确认。","身份待核验；按单篇保留，不跨论文合并同名者。待核验（未深查）；原姓名整体未达到重点阈值。
具体论文问题：P31-C
完整Scholar/DBLP论文列表及CCF/CORE目录未获取；当前公开材料可能漏项。",31
Jiayi Li（论文 #31，身份待核验）,2025；论文#31；北京大学,待核验,身份待核验,待核验,论文合作者（身份待核验）,待核验,待核验,待核验,推理与决策规划,未公开,"论文信息汇总.csv 序31：摘要、研究内容、创新点；内容仅据摘要/Introduction归纳。
PDF：港大/Kong, Lingpeng/论文/2025_Recipe2Plan_ Evaluating Planning Abilities of LLMs for Efficient and Feasible Multitasking with Time Constraints Between Actions.pdf；第1页标题、作者单位与摘要；Introduction在已保存前3页内。
https://aclanthology.org/2025.findings-emnlp.229/；访问2026-09-17；ACL作者顺序、发表信息与摘要。
CV：https://ikekonglp.github.io/lingpenk_cv.pdf；第5页；版本2026-01-27。
原文摘要依据：“While Large Language Model-based agents have demonstrated substantial progress in task completion, existing evaluation benchmarks tend to overemphasize single-task performance, with insufficient atten”。
仅确认论文内原姓名署名；跨论文身份未确认。","身份待核验；按单篇保留，不跨论文合并同名者。待核验（未深查）；原姓名整体未达到重点阈值。
具体论文问题：P31-C
完整Scholar/DBLP论文列表及CCF/CORE目录未获取；当前公开材料可能漏项。",31
Linli Yao（论文 #32，身份待核验）,2025；论文#32；待核验,待核验,身份待核验,待核验,论文合作者（身份待核验）,待核验,待核验,待核验,视频时序理解,未公开,"论文信息汇总.csv 序32：摘要、研究内容、创新点；内容仅据摘要/Introduction归纳。
仅取得可靠元数据或摘要；未取得可读全文。
https://arxiv.org/abs/2504.17343；访问2026-09-17；arXiv作者顺序和摘要。
CV：https://ikekonglp.github.io/lingpenk_cv.pdf；第5页；版本2026-01-27。
原文摘要依据：“The rapid growth of online video platforms, particularly live streaming services, has created an urgent need for real-time video understanding systems. These systems must process continuous video stre”。
仅确认论文内原姓名署名；跨论文身份未确认。","身份待核验；按单篇保留，不跨论文合并同名者。达到重点候选筛选阈值；已查可定位来源，身份/历史履历仍未确认。
具体论文问题：P32-C;P32-D;P32-A;P32-R;P32-F
完整Scholar/DBLP论文列表及CCF/CORE目录未获取；当前公开材料可能漏项。",32
Linli Yao（论文 #40，身份待核验）,2025；论文#40；待核验,待核验,身份待核验,待核验,论文合作者（身份待核验）,待核验,待核验,待核验,视频时序理解,未公开,"论文信息汇总.csv 序40：摘要、研究内容、创新点；内容仅据摘要/Introduction归纳。
仅取得可靠元数据或摘要；未取得可读全文。
https://arxiv.org/abs/2410.06166；访问2026-09-17；arXiv作者顺序和摘要。
CV：https://ikekonglp.github.io/lingpenk_cv.pdf；第6页；版本2026-01-27。
原文摘要依据：“Video Large Language Models (Video LLMs) have shown promising capabilities in video comprehension, yet they struggle with tracking temporal changes and reasoning about temporal relationships. While pr”。
仅确认论文内原姓名署名；跨论文身份未确认。","身份待核验；按单篇保留，不跨论文合并同名者。达到重点候选筛选阈值；已查可定位来源，身份/历史履历仍未确认。
具体论文问题：P40-C;P40-D;P40-A;P40-R;P40-F
完整Scholar/DBLP论文列表及CCF/CORE目录未获取；当前公开材料可能漏项。",40
Linli Yao（论文 #167，身份待核验）,2026；论文#167；待核验,待核验,身份待核验,待核验,论文合作者（身份待核验）,待核验,待核验,待核验,音视频分割与描述,未公开,"论文信息汇总.csv 序167：摘要、研究内容、创新点；内容仅据摘要/Introduction归纳。
仅取得可靠元数据或摘要；未取得可读全文。
https://arxiv.org/abs/2602.08711；访问2026-09-17；arXiv作者顺序和摘要。
原文摘要依据：“This paper proposes Omni Dense Captioning, a novel task designed to generate continuous, fine-grained, and structured audio-visual narratives with explicit timestamps. To ensure dense semantic coverag”。
仅确认论文内原姓名署名；跨论文身份未确认。","身份待核验；按单篇保留，不跨论文合并同名者。达到重点候选筛选阈值；已查可定位来源，身份/历史履历仍未确认。
具体论文问题：P167-C;P167-D;P167-A;P167-R
完整Scholar/DBLP论文列表及CCF/CORE目录未获取；当前公开材料可能漏项。",167
Linli Yao（论文 #168，身份待核验）,2026；论文#168；北京大学,待核验,身份待核验,待核验,论文合作者（身份待核验）,待核验,待核验,待核验,工具智能体与任务评测,未公开,"论文信息汇总.csv 序168：摘要、研究内容、创新点；内容仅据摘要/Introduction归纳。
PDF：港大/Kong, Lingpeng/论文/2026_Claw-Eval_ Towards Trustworthy Evaluation of Autonomous Agents.pdf；第1页标题、作者单位与摘要；Introduction在已保存前3页内。
https://arxiv.org/abs/2604.06132；访问2026-09-17；arXiv作者顺序和摘要。
原文摘要依据：“Large language models are increasingly deployed as autonomous agents for multi-step workflows in real-world software environments. However, existing agent benchmarks are limited by trajectory-opaque g”。
仅确认论文内原姓名署名；跨论文身份未确认。","身份待核验；按单篇保留，不跨论文合并同名者。达到重点候选筛选阈值；已查可定位来源，身份/历史履历仍未确认。
具体论文问题：P168-C;P168-R
完整Scholar/DBLP论文列表及CCF/CORE目录未获取；当前公开材料可能漏项。",168
Yicheng Li（论文 #32，身份待核验）,2025；论文#32；待核验,待核验,身份待核验,待核验,论文合作者（身份待核验）,待核验,待核验,待核验,视频时序理解,未公开,"论文信息汇总.csv 序32：摘要、研究内容、创新点；内容仅据摘要/Introduction归纳。
仅取得可靠元数据或摘要；未取得可读全文。
https://arxiv.org/abs/2504.17343；访问2026-09-17；arXiv作者顺序和摘要。
CV：https://ikekonglp.github.io/lingpenk_cv.pdf；第5页；版本2026-01-27。
原文摘要依据：“The rapid growth of online video platforms, particularly live streaming services, has created an urgent need for real-time video understanding systems. These systems must process continuous video stre”。
仅确认论文内原姓名署名；跨论文身份未确认。","身份待核验；按单篇保留，不跨论文合并同名者。待核验（未深查）；原姓名整体未达到重点阈值。
具体论文问题：P32-C;P32-D;P32-A;P32-R;P32-F
完整Scholar/DBLP论文列表及CCF/CORE目录未获取；当前公开材料可能漏项。",32
Yuancheng Wei（论文 #32，身份待核验）,2025；论文#32；待核验,待核验,身份待核验,待核验,论文合作者（身份待核验）,待核验,待核验,待核验,视频时序理解,未公开,"论文信息汇总.csv 序32：摘要、研究内容、创新点；内容仅据摘要/Introduction归纳。
仅取得可靠元数据或摘要；未取得可读全文。
https://arxiv.org/abs/2504.17343；访问2026-09-17；arXiv作者顺序和摘要。
CV：https://ikekonglp.github.io/lingpenk_cv.pdf；第5页；版本2026-01-27。
原文摘要依据：“The rapid growth of online video platforms, particularly live streaming services, has created an urgent need for real-time video understanding systems. These systems must process continuous video stre”。
仅确认论文内原姓名署名；跨论文身份未确认。","身份待核验；按单篇保留，不跨论文合并同名者。达到重点候选筛选阈值；已查可定位来源，身份/历史履历仍未确认。
具体论文问题：P32-C;P32-D;P32-A;P32-R;P32-F
完整Scholar/DBLP论文列表及CCF/CORE目录未获取；当前公开材料可能漏项。",32
Yuancheng Wei（论文 #38，身份待核验）,2025；论文#38；华南理工大学,待核验,身份待核验,待核验,论文合作者（身份待核验）,待核验,待核验,待核验,模型评价与奖励学习,未公开,"论文信息汇总.csv 序38：摘要、研究内容、创新点；内容仅据摘要/Introduction归纳。
PDF：港大/Kong, Lingpeng/论文/2025_VL-RewardBench_ A Challenging Benchmark for Vision-Language Generative Reward Models.pdf；第1页标题、作者单位与摘要；Introduction在已保存前3页内。
https://arxiv.org/abs/2411.17451；访问2026-09-17；arXiv作者顺序和摘要。
CV：https://ikekonglp.github.io/lingpenk_cv.pdf；第6页；版本2026-01-27。
原文摘要依据：“Vision-language generative reward models (VL-GenRMs) play a crucial role in aligning and evaluating multimodal AI systems, yet their own evaluation remains under-explored. Current assessment methods p”。
仅确认论文内原姓名署名；跨论文身份未确认。","身份待核验；按单篇保留，不跨论文合并同名者。达到重点候选筛选阈值；已查可定位来源，身份/历史履历仍未确认。
具体论文问题：P38-C;P38-R;P38-F
完整Scholar/DBLP论文列表及CCF/CORE目录未获取；当前公开材料可能漏项。",38
Yuancheng Wei（论文 #167，身份待核验）,2026；论文#167；待核验,待核验,身份待核验,待核验,论文合作者（身份待核验）,待核验,待核验,待核验,音视频分割与描述,未公开,"论文信息汇总.csv 序167：摘要、研究内容、创新点；内容仅据摘要/Introduction归纳。
仅取得可靠元数据或摘要；未取得可读全文。
https://arxiv.org/abs/2602.08711；访问2026-09-17；arXiv作者顺序和摘要。
原文摘要依据：“This paper proposes Omni Dense Captioning, a novel task designed to generate continuous, fine-grained, and structured audio-visual narratives with explicit timestamps. To ensure dense semantic coverag”。
仅确认论文内原姓名署名；跨论文身份未确认。","身份待核验；按单篇保留，不跨论文合并同名者。达到重点候选筛选阈值；已查可定位来源，身份/历史履历仍未确认。
具体论文问题：P167-C;P167-D;P167-A;P167-R
完整Scholar/DBLP论文列表及CCF/CORE目录未获取；当前公开材料可能漏项。",167
Lean Wang（论文 #32，身份待核验）,2025；论文#32；待核验,待核验,身份待核验,待核验,论文合作者（身份待核验）,待核验,待核验,待核验,视频时序理解,未公开,"论文信息汇总.csv 序32：摘要、研究内容、创新点；内容仅据摘要/Introduction归纳。
仅取得可靠元数据或摘要；未取得可读全文。
https://arxiv.org/abs/2504.17343；访问2026-09-17；arXiv作者顺序和摘要。
CV：https://ikekonglp.github.io/lingpenk_cv.pdf；第5页；版本2026-01-27。
原文摘要依据：“The rapid growth of online video platforms, particularly live streaming services, has created an urgent need for real-time video understanding systems. These systems must process continuous video stre”。
仅确认论文内原姓名署名；跨论文身份未确认。","身份待核验；按单篇保留，不跨论文合并同名者。达到重点候选筛选阈值；已查可定位来源，身份/历史履历仍未确认。
具体论文问题：P32-C;P32-D;P32-A;P32-R;P32-F
完整Scholar/DBLP论文列表及CCF/CORE目录未获取；当前公开材料可能漏项。",32
Lean Wang（论文 #40，身份待核验）,2025；论文#40；待核验,待核验,身份待核验,待核验,论文合作者（身份待核验）,待核验,待核验,待核验,视频时序理解,未公开,"论文信息汇总.csv 序40：摘要、研究内容、创新点；内容仅据摘要/Introduction归纳。
仅取得可靠元数据或摘要；未取得可读全文。
https://arxiv.org/abs/2410.06166；访问2026-09-17；arXiv作者顺序和摘要。
CV：https://ikekonglp.github.io/lingpenk_cv.pdf；第6页；版本2026-01-27。
原文摘要依据：“Video Large Language Models (Video LLMs) have shown promising capabilities in video comprehension, yet they struggle with tracking temporal changes and reasoning about temporal relationships. While pr”。
仅确认论文内原姓名署名；跨论文身份未确认。","身份待核验；按单篇保留，不跨论文合并同名者。达到重点候选筛选阈值；已查可定位来源，身份/历史履历仍未确认。
具体论文问题：P40-C;P40-D;P40-A;P40-R;P40-F
完整Scholar/DBLP论文列表及CCF/CORE目录未获取；当前公开材料可能漏项。",40
Sida Li（论文 #32，身份待核验）,2025；论文#32；待核验,待核验,身份待核验,待核验,论文合作者（身份待核验）,待核验,待核验,待核验,视频时序理解,未公开,"论文信息汇总.csv 序32：摘要、研究内容、创新点；内容仅据摘要/Introduction归纳。
仅取得可靠元数据或摘要；未取得可读全文。
https://arxiv.org/abs/2504.17343；访问2026-09-17；arXiv作者顺序和摘要。
CV：https://ikekonglp.github.io/lingpenk_cv.pdf；第5页；版本2026-01-27。
原文摘要依据：“The rapid growth of online video platforms, particularly live streaming services, has created an urgent need for real-time video understanding systems. These systems must process continuous video stre”。
仅确认论文内原姓名署名；跨论文身份未确认。","身份待核验；按单篇保留，不跨论文合并同名者。待核验（未深查）；原姓名整体未达到重点阈值。
具体论文问题：P32-C;P32-D;P32-A;P32-R;P32-F
完整Scholar/DBLP论文列表及CCF/CORE目录未获取；当前公开材料可能漏项。",32
Lei Huang（论文 #35，身份待核验）,2025；论文#35；哈尔滨工业大学,待核验,身份待核验,待核验,论文合作者（身份待核验）,待核验,待核验,待核验,模型安全与可靠性,未公开,"论文信息汇总.csv 序35：摘要、研究内容、创新点；内容仅据摘要/Introduction归纳。
PDF：港大/Kong, Lingpeng/论文/2025_Alleviating Hallucinations from Knowledge Misalignment in Large Language Models via Selective Abstention Learning.pdf；第1页标题、作者单位与摘要；Introduction在已保存前3页内。
https://aclanthology.org/2025.acl-long.1199/；访问2026-09-17；ACL作者顺序、发表信息与摘要。
CV：https://ikekonglp.github.io/lingpenk_cv.pdf；第6页；版本2026-01-27。
PDF发表标记：“Proceedings of the 63rd Annual Meeting of the Association for Computational Linguistics (Volume 1: Long Papers), pages 24564–24579”。
原文摘要依据：“Large language models (LLMs) are known to suffer from severe hallucination issues. One of the main causes lies in the knowledge misalignment between the pre-training stage and the supervised fine-tuni”。
仅确认论文内原姓名署名；跨论文身份未确认。https://aclanthology.org/people/lei-huang/","身份待核验；按单篇保留，不跨论文合并同名者。达到重点候选筛选阈值；已查可定位来源，身份/历史履历仍未确认。
具体论文问题：P35-C
完整Scholar/DBLP论文列表及CCF/CORE目录未获取；当前公开材料可能漏项。",35
Lei Huang（论文 #170，身份待核验）,2026；论文#170；哈尔滨工业大学,待核验,身份待核验,待核验,论文合作者（身份待核验）,待核验,待核验,待核验,推理与决策规划,未公开,"论文信息汇总.csv 序170：摘要、研究内容、创新点；内容仅据摘要/Introduction归纳。
PDF：港大/Kong, Lingpeng/论文/2026_Stratagem_ Learning Transferable Reasoning via Trajectory-Modulated Game Self-Play.pdf；第1页标题、作者单位与摘要；Introduction在已保存前3页内。
https://aclanthology.org/2026.acl-long.897/；访问2026-09-17；ACL作者顺序、发表信息与摘要。
PDF发表标记：“Proceedings of the 64th Annual Meeting of the Association for Computational Linguistics (Volume 1: Long Papers), pages 19595–19614”。
原文摘要依据：“Games offer a compelling paradigm for developing general reasoning capabilities in language models, as they naturally demand strategic planning, probabilistic inference, and adaptive decision-making. ”。
仅确认论文内原姓名署名；跨论文身份未确认。https://aclanthology.org/people/lei-huang/","身份待核验；按单篇保留，不跨论文合并同名者。达到重点候选筛选阈值；已查可定位来源，身份/历史履历仍未确认。
具体论文问题：P170-C
完整Scholar/DBLP论文列表及CCF/CORE目录未获取；当前公开材料可能漏项。",170
Lei Huang（论文 #171，身份待核验）,2026；论文#171；哈尔滨工业大学,待核验,身份待核验,待核验,论文合作者（身份待核验）,待核验,待核验,待核验,社会智能与角色控制,未公开,"论文信息汇总.csv 序171：摘要、研究内容、创新点；内容仅据摘要/Introduction归纳。
PDF：港大/Kong, Lingpeng/论文/2026_SAVOIR_ Learning Social Savoir-Faire via Shapley-based Reward Attribution.pdf；第1页标题、作者单位与摘要；Introduction在已保存前3页内。
https://aclanthology.org/2026.findings-acl.699/；访问2026-09-17；ACL作者顺序、发表信息与摘要。
原文摘要依据：“Social intelligence, the ability to navigate complex interpersonal interactions, presents a fundamental challenge for language agents. Training such agents via reinforcement learning requires solving ”。
仅确认论文内原姓名署名；跨论文身份未确认。https://aclanthology.org/people/lei-huang/","身份待核验；按单篇保留，不跨论文合并同名者。达到重点候选筛选阈值；已查可定位来源，身份/历史履历仍未确认。
具体论文问题：P171-C
完整Scholar/DBLP论文列表及CCF/CORE目录未获取；当前公开材料可能漏项。",171
Weitao Ma（论文 #35，身份待核验）,2025；论文#35；哈尔滨工业大学,待核验,身份待核验,待核验,论文合作者（身份待核验）,待核验,待核验,待核验,模型安全与可靠性,未公开,"论文信息汇总.csv 序35：摘要、研究内容、创新点；内容仅据摘要/Introduction归纳。
PDF：港大/Kong, Lingpeng/论文/2025_Alleviating Hallucinations from Knowledge Misalignment in Large Language Models via Selective Abstention Learning.pdf；第1页标题、作者单位与摘要；Introduction在已保存前3页内。
https://aclanthology.org/2025.acl-long.1199/；访问2026-09-17；ACL作者顺序、发表信息与摘要。
CV：https://ikekonglp.github.io/lingpenk_cv.pdf；第6页；版本2026-01-27。
PDF发表标记：“Proceedings of the 63rd Annual Meeting of the Association for Computational Linguistics (Volume 1: Long Papers), pages 24564–24579”。
原文摘要依据：“Large language models (LLMs) are known to suffer from severe hallucination issues. One of the main causes lies in the knowledge misalignment between the pre-training stage and the supervised fine-tuni”。
仅确认论文内原姓名署名；跨论文身份未确认。https://aclanthology.org/people/weitao-ma/","身份待核验；按单篇保留，不跨论文合并同名者。达到重点候选筛选阈值；已查可定位来源，身份/历史履历仍未确认。
具体论文问题：P35-C
完整Scholar/DBLP论文列表及CCF/CORE目录未获取；当前公开材料可能漏项。",35
Weitao Ma（论文 #169，身份待核验）,2026；论文#169；哈尔滨工业大学,待核验,身份待核验,待核验,论文合作者（身份待核验）,待核验,待核验,待核验,语言建模与记忆,未公开,"论文信息汇总.csv 序169：摘要、研究内容、创新点；内容仅据摘要/Introduction归纳。
PDF：港大/Kong, Lingpeng/论文/2026_ImplicitMemBench_ Measuring Unconscious Behavioral Adaptation in Large Language Models.pdf；第1页标题、作者单位与摘要；Introduction在已保存前3页内。
https://aclanthology.org/2026.acl-long.1301/；访问2026-09-17；ACL作者顺序、发表信息与摘要。
PDF发表标记：“Proceedings of the 64th Annual Meeting of the Association for Computational Linguistics (Volume 1: Long Papers), pages 28232–28261”。
原文摘要依据：“Existing memory benchmarks for LLM agents evaluate explicit recall of facts, yet overlook implicit memory where experience becomes automated behavior without conscious retrieval. This gap is critical:”。
仅确认论文内原姓名署名；跨论文身份未确认。https://aclanthology.org/people/weitao-ma/","身份待核验；按单篇保留，不跨论文合并同名者。达到重点候选筛选阈值；已查可定位来源，身份/历史履历仍未确认。
具体论文问题：P169-C
完整Scholar/DBLP论文列表及CCF/CORE目录未获取；当前公开材料可能漏项。",169
Weitao Ma（论文 #170，身份待核验）,2026；论文#170；哈尔滨工业大学,待核验,身份待核验,待核验,论文合作者（身份待核验）,待核验,待核验,待核验,推理与决策规划,未公开,"论文信息汇总.csv 序170：摘要、研究内容、创新点；内容仅据摘要/Introduction归纳。
PDF：港大/Kong, Lingpeng/论文/2026_Stratagem_ Learning Transferable Reasoning via Trajectory-Modulated Game Self-Play.pdf；第1页标题、作者单位与摘要；Introduction在已保存前3页内。
https://aclanthology.org/2026.acl-long.897/；访问2026-09-17；ACL作者顺序、发表信息与摘要。
PDF发表标记：“Proceedings of the 64th Annual Meeting of the Association for Computational Linguistics (Volume 1: Long Papers), pages 19595–19614”。
原文摘要依据：“Games offer a compelling paradigm for developing general reasoning capabilities in language models, as they naturally demand strategic planning, probabilistic inference, and adaptive decision-making. ”。
仅确认论文内原姓名署名；跨论文身份未确认。https://aclanthology.org/people/weitao-ma/","身份待核验；按单篇保留，不跨论文合并同名者。达到重点候选筛选阈值；已查可定位来源，身份/历史履历仍未确认。
具体论文问题：P170-C
完整Scholar/DBLP论文列表及CCF/CORE目录未获取；当前公开材料可能漏项。",170
Weitao Ma（论文 #171，身份待核验）,2026；论文#171；哈尔滨工业大学,待核验,身份待核验,待核验,论文合作者（身份待核验）,待核验,待核验,待核验,社会智能与角色控制,未公开,"论文信息汇总.csv 序171：摘要、研究内容、创新点；内容仅据摘要/Introduction归纳。
PDF：港大/Kong, Lingpeng/论文/2026_SAVOIR_ Learning Social Savoir-Faire via Shapley-based Reward Attribution.pdf；第1页标题、作者单位与摘要；Introduction在已保存前3页内。
https://aclanthology.org/2026.findings-acl.699/；访问2026-09-17；ACL作者顺序、发表信息与摘要。
原文摘要依据：“Social intelligence, the ability to navigate complex interpersonal interactions, presents a fundamental challenge for language agents. Training such agents via reinforcement learning requires solving ”。
仅确认论文内原姓名署名；跨论文身份未确认。https://aclanthology.org/people/weitao-ma/","身份待核验；按单篇保留，不跨论文合并同名者。达到重点候选筛选阈值；已查可定位来源，身份/历史履历仍未确认。
具体论文问题：P171-C
完整Scholar/DBLP论文列表及CCF/CORE目录未获取；当前公开材料可能漏项。",171
Yuchun Fan（论文 #35，身份待核验）,2025；论文#35；东北大学,待核验,身份待核验,待核验,论文合作者（身份待核验）,待核验,待核验,待核验,模型安全与可靠性,未公开,"论文信息汇总.csv 序35：摘要、研究内容、创新点；内容仅据摘要/Introduction归纳。
PDF：港大/Kong, Lingpeng/论文/2025_Alleviating Hallucinations from Knowledge Misalignment in Large Language Models via Selective Abstention Learning.pdf；第1页标题、作者单位与摘要；Introduction在已保存前3页内。
https://aclanthology.org/2025.acl-long.1199/；访问2026-09-17；ACL作者顺序、发表信息与摘要。
CV：https://ikekonglp.github.io/lingpenk_cv.pdf；第6页；版本2026-01-27。
PDF发表标记：“Proceedings of the 63rd Annual Meeting of the Association for Computational Linguistics (Volume 1: Long Papers), pages 24564–24579”。
原文摘要依据：“Large language models (LLMs) are known to suffer from severe hallucination issues. One of the main causes lies in the knowledge misalignment between the pre-training stage and the supervised fine-tuni”。
仅确认论文内原姓名署名；跨论文身份未确认。","身份待核验；按单篇保留，不跨论文合并同名者。待核验（未深查）；原姓名整体未达到重点阈值。
具体论文问题：P35-C
完整Scholar/DBLP论文列表及CCF/CORE目录未获取；当前公开材料可能漏项。",35
Yangfan Ye（论文 #35，身份待核验）,2025；论文#35；哈尔滨工业大学,待核验,身份待核验,待核验,论文合作者（身份待核验）,待核验,待核验,待核验,模型安全与可靠性,未公开,"论文信息汇总.csv 序35：摘要、研究内容、创新点；内容仅据摘要/Introduction归纳。
PDF：港大/Kong, Lingpeng/论文/2025_Alleviating Hallucinations from Knowledge Misalignment in Large Language Models via Selective Abstention Learning.pdf；第1页标题、作者单位与摘要；Introduction在已保存前3页内。
https://aclanthology.org/2025.acl-long.1199/；访问2026-09-17；ACL作者顺序、发表信息与摘要。
CV：https://ikekonglp.github.io/lingpenk_cv.pdf；第6页；版本2026-01-27。
PDF发表标记：“Proceedings of the 63rd Annual Meeting of the Association for Computational Linguistics (Volume 1: Long Papers), pages 24564–24579”。
原文摘要依据：“Large language models (LLMs) are known to suffer from severe hallucination issues. One of the main causes lies in the knowledge misalignment between the pre-training stage and the supervised fine-tuni”。
仅确认论文内原姓名署名；跨论文身份未确认。https://aclanthology.org/people/yangfan-ye/","身份待核验；按单篇保留，不跨论文合并同名者。达到重点候选筛选阈值；已查可定位来源，身份/历史履历仍未确认。
具体论文问题：P35-C
完整Scholar/DBLP论文列表及CCF/CORE目录未获取；当前公开材料可能漏项。",35
Yangfan Ye（论文 #170，身份待核验）,2026；论文#170；哈尔滨工业大学,待核验,身份待核验,待核验,论文合作者（身份待核验）,待核验,待核验,待核验,推理与决策规划,未公开,"论文信息汇总.csv 序170：摘要、研究内容、创新点；内容仅据摘要/Introduction归纳。
PDF：港大/Kong, Lingpeng/论文/2026_Stratagem_ Learning Transferable Reasoning via Trajectory-Modulated Game Self-Play.pdf；第1页标题、作者单位与摘要；Introduction在已保存前3页内。
https://aclanthology.org/2026.acl-long.897/；访问2026-09-17；ACL作者顺序、发表信息与摘要。
PDF发表标记：“Proceedings of the 64th Annual Meeting of the Association for Computational Linguistics (Volume 1: Long Papers), pages 19595–19614”。
原文摘要依据：“Games offer a compelling paradigm for developing general reasoning capabilities in language models, as they naturally demand strategic planning, probabilistic inference, and adaptive decision-making. ”。
仅确认论文内原姓名署名；跨论文身份未确认。https://aclanthology.org/people/yangfan-ye/","身份待核验；按单篇保留，不跨论文合并同名者。达到重点候选筛选阈值；已查可定位来源，身份/历史履历仍未确认。
具体论文问题：P170-C
完整Scholar/DBLP论文列表及CCF/CORE目录未获取；当前公开材料可能漏项。",170
Yangfan Ye（论文 #171，身份待核验）,2026；论文#171；哈尔滨工业大学,待核验,身份待核验,待核验,论文合作者（身份待核验）,待核验,待核验,待核验,社会智能与角色控制,未公开,"论文信息汇总.csv 序171：摘要、研究内容、创新点；内容仅据摘要/Introduction归纳。
PDF：港大/Kong, Lingpeng/论文/2026_SAVOIR_ Learning Social Savoir-Faire via Shapley-based Reward Attribution.pdf；第1页标题、作者单位与摘要；Introduction在已保存前3页内。
https://aclanthology.org/2026.findings-acl.699/；访问2026-09-17；ACL作者顺序、发表信息与摘要。
原文摘要依据：“Social intelligence, the ability to navigate complex interpersonal interactions, presents a fundamental challenge for language agents. Training such agents via reinforcement learning requires solving ”。
仅确认论文内原姓名署名；跨论文身份未确认。https://aclanthology.org/people/yangfan-ye/","身份待核验；按单篇保留，不跨论文合并同名者。达到重点候选筛选阈值；已查可定位来源，身份/历史履历仍未确认。
具体论文问题：P171-C
完整Scholar/DBLP论文列表及CCF/CORE目录未获取；当前公开材料可能漏项。",171
Baoxin Wang（论文 #35，身份待核验）,2025；论文#35；科大讯飞研究院,待核验,身份待核验,待核验,论文合作者（身份待核验）,待核验,待核验,待核验,模型安全与可靠性,未公开,"论文信息汇总.csv 序35：摘要、研究内容、创新点；内容仅据摘要/Introduction归纳。
PDF：港大/Kong, Lingpeng/论文/2025_Alleviating Hallucinations from Knowledge Misalignment in Large Language Models via Selective Abstention Learning.pdf；第1页标题、作者单位与摘要；Introduction在已保存前3页内。
https://aclanthology.org/2025.acl-long.1199/；访问2026-09-17；ACL作者顺序、发表信息与摘要。
CV：https://ikekonglp.github.io/lingpenk_cv.pdf；第6页；版本2026-01-27。
PDF发表标记：“Proceedings of the 63rd Annual Meeting of the Association for Computational Linguistics (Volume 1: Long Papers), pages 24564–24579”。
原文摘要依据：“Large language models (LLMs) are known to suffer from severe hallucination issues. One of the main causes lies in the knowledge misalignment between the pre-training stage and the supervised fine-tuni”。
仅确认论文内原姓名署名；跨论文身份未确认。","身份待核验；按单篇保留，不跨论文合并同名者。待核验（未深查）；原姓名整体未达到重点阈值。
具体论文问题：P35-C
完整Scholar/DBLP论文列表及CCF/CORE目录未获取；当前公开材料可能漏项。",35
Dayong Wu（论文 #35，身份待核验）,2025；论文#35；科大讯飞研究院,待核验,身份待核验,待核验,论文合作者（身份待核验）,待核验,待核验,待核验,模型安全与可靠性,未公开,"论文信息汇总.csv 序35：摘要、研究内容、创新点；内容仅据摘要/Introduction归纳。
PDF：港大/Kong, Lingpeng/论文/2025_Alleviating Hallucinations from Knowledge Misalignment in Large Language Models via Selective Abstention Learning.pdf；第1页标题、作者单位与摘要；Introduction在已保存前3页内。
https://aclanthology.org/2025.acl-long.1199/；访问2026-09-17；ACL作者顺序、发表信息与摘要。
CV：https://ikekonglp.github.io/lingpenk_cv.pdf；第6页；版本2026-01-27。
PDF发表标记：“Proceedings of the 63rd Annual Meeting of the Association for Computational Linguistics (Volume 1: Long Papers), pages 24564–24579”。
原文摘要依据：“Large language models (LLMs) are known to suffer from severe hallucination issues. One of the main causes lies in the knowledge misalignment between the pre-training stage and the supervised fine-tuni”。
仅确认论文内原姓名署名；跨论文身份未确认。","身份待核验；按单篇保留，不跨论文合并同名者。待核验（未深查）；原姓名整体未达到重点阈值。
具体论文问题：P35-C
完整Scholar/DBLP论文列表及CCF/CORE目录未获取；当前公开材料可能漏项。",35
Guoping Hu（论文 #35，身份待核验）,2025；论文#35；科大讯飞研究院,待核验,身份待核验,待核验,论文合作者（身份待核验）,待核验,待核验,待核验,模型安全与可靠性,未公开,"论文信息汇总.csv 序35：摘要、研究内容、创新点；内容仅据摘要/Introduction归纳。
PDF：港大/Kong, Lingpeng/论文/2025_Alleviating Hallucinations from Knowledge Misalignment in Large Language Models via Selective Abstention Learning.pdf；第1页标题、作者单位与摘要；Introduction在已保存前3页内。
https://aclanthology.org/2025.acl-long.1199/；访问2026-09-17；ACL作者顺序、发表信息与摘要。
CV：https://ikekonglp.github.io/lingpenk_cv.pdf；第6页；版本2026-01-27。
PDF发表标记：“Proceedings of the 63rd Annual Meeting of the Association for Computational Linguistics (Volume 1: Long Papers), pages 24564–24579”。
原文摘要依据：“Large language models (LLMs) are known to suffer from severe hallucination issues. One of the main causes lies in the knowledge misalignment between the pre-training stage and the supervised fine-tuni”。
仅确认论文内原姓名署名；跨论文身份未确认。","身份待核验；按单篇保留，不跨论文合并同名者。待核验（未深查）；原姓名整体未达到重点阈值。
具体论文问题：P35-C
完整Scholar/DBLP论文列表及CCF/CORE目录未获取；当前公开材料可能漏项。",35
Tong Xiao（论文 #35，身份待核验）,2025；论文#35；东北大学,待核验,身份待核验,待核验,论文合作者（身份待核验）,待核验,待核验,待核验,模型安全与可靠性,未公开,"论文信息汇总.csv 序35：摘要、研究内容、创新点；内容仅据摘要/Introduction归纳。
PDF：港大/Kong, Lingpeng/论文/2025_Alleviating Hallucinations from Knowledge Misalignment in Large Language Models via Selective Abstention Learning.pdf；第1页标题、作者单位与摘要；Introduction在已保存前3页内。
https://aclanthology.org/2025.acl-long.1199/；访问2026-09-17；ACL作者顺序、发表信息与摘要。
CV：https://ikekonglp.github.io/lingpenk_cv.pdf；第6页；版本2026-01-27。
PDF发表标记：“Proceedings of the 63rd Annual Meeting of the Association for Computational Linguistics (Volume 1: Long Papers), pages 24564–24579”。
原文摘要依据：“Large language models (LLMs) are known to suffer from severe hallucination issues. One of the main causes lies in the knowledge misalignment between the pre-training stage and the supervised fine-tuni”。
仅确认论文内原姓名署名；跨论文身份未确认。","身份待核验；按单篇保留，不跨论文合并同名者。待核验（未深查）；原姓名整体未达到重点阈值。
具体论文问题：P35-C
完整Scholar/DBLP论文列表及CCF/CORE目录未获取；当前公开材料可能漏项。",35
Ting Liu（论文 #35，身份待核验）,2025；论文#35；哈尔滨工业大学,待核验,身份待核验,待核验,论文合作者（身份待核验）,待核验,待核验,待核验,模型安全与可靠性,未公开,"论文信息汇总.csv 序35：摘要、研究内容、创新点；内容仅据摘要/Introduction归纳。
PDF：港大/Kong, Lingpeng/论文/2025_Alleviating Hallucinations from Knowledge Misalignment in Large Language Models via Selective Abstention Learning.pdf；第1页标题、作者单位与摘要；Introduction在已保存前3页内。
https://aclanthology.org/2025.acl-long.1199/；访问2026-09-17；ACL作者顺序、发表信息与摘要。
CV：https://ikekonglp.github.io/lingpenk_cv.pdf；第6页；版本2026-01-27。
PDF发表标记：“Proceedings of the 63rd Annual Meeting of the Association for Computational Linguistics (Volume 1: Long Papers), pages 24564–24579”。
原文摘要依据：“Large language models (LLMs) are known to suffer from severe hallucination issues. One of the main causes lies in the knowledge misalignment between the pre-training stage and the supervised fine-tuni”。
仅确认论文内原姓名署名；跨论文身份未确认。","身份待核验；按单篇保留，不跨论文合并同名者。待核验（未深查）；原姓名整体未达到重点阈值。
具体论文问题：P35-C
完整Scholar/DBLP论文列表及CCF/CORE目录未获取；当前公开材料可能漏项。",35
Jie chen（论文 #36，身份待核验）,2025；论文#36；字节跳动Seed,待核验,身份待核验,待核验,论文合作者（身份待核验）,待核验,待核验,待核验,代码生成与纠错,未公开,"论文信息汇总.csv 序36：摘要、研究内容、创新点；内容仅据摘要/Introduction归纳。
PDF：港大/Kong, Lingpeng/论文/2025_Teaching Language Models to Critique via Reinforcement Learning.pdf；第1页标题、作者单位与摘要；Introduction在已保存前3页内。
https://arxiv.org/abs/2502.03492；访问2026-09-17；arXiv作者顺序和摘要。
CV：https://ikekonglp.github.io/lingpenk_cv.pdf；第6页；版本2026-01-27。
PDF发表标记：“Proceedings of the 42 nd International Conference on Machine           ward optimal solution generation through iterative critique-”。
原文摘要依据：“Teaching large language models (LLMs) to critique and refine their outputs is crucial for building systems that can iteratively improve, yet it is fundamentally limited by the ability to provide accur”。
仅确认论文内原姓名署名；跨论文身份未确认。","身份待核验；按单篇保留，不跨论文合并同名者。待核验（未深查）；原姓名整体未达到重点阈值。
具体论文问题：P36-C
完整Scholar/DBLP论文列表及CCF/CORE目录未获取；当前公开材料可能漏项。",36
Liyu Chen（论文 #36，身份待核验）,2025；论文#36；字节跳动Seed,待核验,身份待核验,待核验,论文合作者（身份待核验）,待核验,待核验,待核验,代码生成与纠错,未公开,"论文信息汇总.csv 序36：摘要、研究内容、创新点；内容仅据摘要/Introduction归纳。
PDF：港大/Kong, Lingpeng/论文/2025_Teaching Language Models to Critique via Reinforcement Learning.pdf；第1页标题、作者单位与摘要；Introduction在已保存前3页内。
https://arxiv.org/abs/2502.03492；访问2026-09-17；arXiv作者顺序和摘要。
CV：https://ikekonglp.github.io/lingpenk_cv.pdf；第6页；版本2026-01-27。
PDF发表标记：“Proceedings of the 42 nd International Conference on Machine           ward optimal solution generation through iterative critique-”。
原文摘要依据：“Teaching large language models (LLMs) to critique and refine their outputs is crucial for building systems that can iteratively improve, yet it is fundamentally limited by the ability to provide accur”。
仅确认论文内原姓名署名；跨论文身份未确认。","身份待核验；按单篇保留，不跨论文合并同名者。待核验（未深查）；原姓名整体未达到重点阈值。
具体论文问题：P36-C
完整Scholar/DBLP论文列表及CCF/CORE目录未获取；当前公开材料可能漏项。",36
Weichao Mao（论文 #36，身份待核验）,2025；论文#36；字节跳动Seed,待核验,身份待核验,待核验,论文合作者（身份待核验）,待核验,待核验,待核验,代码生成与纠错,未公开,"论文信息汇总.csv 序36：摘要、研究内容、创新点；内容仅据摘要/Introduction归纳。
PDF：港大/Kong, Lingpeng/论文/2025_Teaching Language Models to Critique via Reinforcement Learning.pdf；第1页标题、作者单位与摘要；Introduction在已保存前3页内。
https://arxiv.org/abs/2502.03492；访问2026-09-17；arXiv作者顺序和摘要。
CV：https://ikekonglp.github.io/lingpenk_cv.pdf；第6页；版本2026-01-27。
PDF发表标记：“Proceedings of the 42 nd International Conference on Machine           ward optimal solution generation through iterative critique-”。
原文摘要依据：“Teaching large language models (LLMs) to critique and refine their outputs is crucial for building systems that can iteratively improve, yet it is fundamentally limited by the ability to provide accur”。
仅确认论文内原姓名署名；跨论文身份未确认。","身份待核验；按单篇保留，不跨论文合并同名者。待核验（未深查）；原姓名整体未达到重点阈值。
具体论文问题：P36-C
完整Scholar/DBLP论文列表及CCF/CORE目录未获取；当前公开材料可能漏项。",36
Chiwun Yang（论文 #37，身份待核验）,2025；论文#37；待核验,待核验,身份待核验,待核验,论文合作者（身份待核验）,待核验,待核验,待核验,长上下文建模与压缩,未公开,"论文信息汇总.csv 序37：摘要、研究内容、创新点；内容仅据摘要/Introduction归纳。
仅取得可靠元数据或摘要；未取得可读全文。
https://arxiv.org/abs/2502.14317；访问2026-09-17；arXiv作者顺序和摘要。
CV：https://ikekonglp.github.io/lingpenk_cv.pdf；第6页；版本2026-01-27。
原文摘要依据：“Extrapolating ultra-long contexts (text length >128K) remains a major challenge for large language models (LLMs), as most training-free extrapolation methods are not only severely limited by memory bo”。
仅确认论文内原姓名署名；跨论文身份未确认。","身份待核验；按单篇保留，不跨论文合并同名者。待核验（未深查）；原姓名整体未达到重点阈值。
具体论文问题：P37-C;P37-D;P37-A;P37-R;P37-F
完整Scholar/DBLP论文列表及CCF/CORE目录未获取；当前公开材料可能漏项。",37
Xuqing Yang（论文 #38，身份待核验）,2025；论文#38；上海交通大学,待核验,身份待核验,待核验,论文合作者（身份待核验）,待核验,待核验,待核验,模型评价与奖励学习,未公开,"论文信息汇总.csv 序38：摘要、研究内容、创新点；内容仅据摘要/Introduction归纳。
PDF：港大/Kong, Lingpeng/论文/2025_VL-RewardBench_ A Challenging Benchmark for Vision-Language Generative Reward Models.pdf；第1页标题、作者单位与摘要；Introduction在已保存前3页内。
https://arxiv.org/abs/2411.17451；访问2026-09-17；arXiv作者顺序和摘要。
CV：https://ikekonglp.github.io/lingpenk_cv.pdf；第6页；版本2026-01-27。
原文摘要依据：“Vision-language generative reward models (VL-GenRMs) play a crucial role in aligning and evaluating multimodal AI systems, yet their own evaluation remains under-explored. Current assessment methods p”。
仅确认论文内原姓名署名；跨论文身份未确认。","身份待核验；按单篇保留，不跨论文合并同名者。待核验（未深查）；原姓名整体未达到重点阈值。
具体论文问题：P38-C;P38-R;P38-F
完整Scholar/DBLP论文列表及CCF/CORE目录未获取；当前公开材料可能漏项。",38
Yifan Song（论文 #38，身份待核验）,2025；论文#38；北京大学,待核验,身份待核验,待核验,论文合作者（身份待核验）,待核验,待核验,待核验,模型评价与奖励学习,未公开,"论文信息汇总.csv 序38：摘要、研究内容、创新点；内容仅据摘要/Introduction归纳。
PDF：港大/Kong, Lingpeng/论文/2025_VL-RewardBench_ A Challenging Benchmark for Vision-Language Generative Reward Models.pdf；第1页标题、作者单位与摘要；Introduction在已保存前3页内。
https://arxiv.org/abs/2411.17451；访问2026-09-17；arXiv作者顺序和摘要。
CV：https://ikekonglp.github.io/lingpenk_cv.pdf；第6页；版本2026-01-27。
原文摘要依据：“Vision-language generative reward models (VL-GenRMs) play a crucial role in aligning and evaluating multimodal AI systems, yet their own evaluation remains under-explored. Current assessment methods p”。
仅确认论文内原姓名署名；跨论文身份未确认。","身份待核验；按单篇保留，不跨论文合并同名者。达到重点候选筛选阈值；已查可定位来源，身份/历史履历仍未确认。
具体论文问题：P38-C;P38-R;P38-F
完整Scholar/DBLP论文列表及CCF/CORE目录未获取；当前公开材料可能漏项。",38
Yifan Song（论文 #178，身份待核验）,2026；论文#178；待核验,待核验,身份待核验,待核验,论文合作者（身份待核验）,待核验,待核验,待核验,工具智能体与任务评测,未公开,"论文信息汇总.csv 序178：摘要、研究内容、创新点；内容仅据摘要/Introduction归纳。
仅取得可靠元数据或摘要；未取得可读全文。
https://arxiv.org/abs/2608.28378；访问2026-09-17；arXiv作者顺序和摘要。
原文摘要依据：“Large language models are increasingly used as agentic workflow executors, yet existing training data and benchmarks largely assume informationally complete, single-turn queries. Our analysis of 16K r”。
仅确认论文内原姓名署名；跨论文身份未确认。","身份待核验；按单篇保留，不跨论文合并同名者。达到重点候选筛选阈值；已查可定位来源，身份/历史履历仍未确认。
具体论文问题：P178-C;P178-D;P178-A;P178-R
完整Scholar/DBLP论文列表及CCF/CORE目录未获取；当前公开材料可能漏项。",178
Peiyi Wang（论文 #38，身份待核验）,2025；论文#38；北京大学,待核验,身份待核验,待核验,论文合作者（身份待核验）,待核验,待核验,待核验,模型评价与奖励学习,未公开,"论文信息汇总.csv 序38：摘要、研究内容、创新点；内容仅据摘要/Introduction归纳。
PDF：港大/Kong, Lingpeng/论文/2025_VL-RewardBench_ A Challenging Benchmark for Vision-Language Generative Reward Models.pdf；第1页标题、作者单位与摘要；Introduction在已保存前3页内。
https://arxiv.org/abs/2411.17451；访问2026-09-17；arXiv作者顺序和摘要。
CV：https://ikekonglp.github.io/lingpenk_cv.pdf；第6页；版本2026-01-27。
原文摘要依据：“Vision-language generative reward models (VL-GenRMs) play a crucial role in aligning and evaluating multimodal AI systems, yet their own evaluation remains under-explored. Current assessment methods p”。
仅确认论文内原姓名署名；跨论文身份未确认。https://aclanthology.org/people/peiyi-wang/","身份待核验；按单篇保留，不跨论文合并同名者。达到重点候选筛选阈值；已查可定位来源，身份/历史履历仍未确认。
具体论文问题：P38-C;P38-R;P38-F
完整Scholar/DBLP论文列表及CCF/CORE目录未获取；当前公开材料可能漏项。",38
Peiyi Wang（论文 #55，身份待核验）,2024；论文#55；北京大学,待核验,身份待核验,待核验,论文合作者（身份待核验）,待核验,待核验,待核验,模型评价与奖励学习,未公开,"论文信息汇总.csv 序55：摘要、研究内容、创新点；内容仅据摘要/Introduction归纳。
PDF：港大/Kong, Lingpeng/论文/2024_VLFeedback_ A Large-Scale AI Feedback Dataset for Large Vision-Language Models Alignment.pdf；第1页标题、作者单位与摘要；Introduction在已保存前3页内。
https://aclanthology.org/2024.emnlp-main.358/；访问2026-09-17；ACL作者顺序、发表信息与摘要。
CV：https://ikekonglp.github.io/lingpenk_cv.pdf；第7页；版本2026-01-27。
原文摘要依据：“As large vision-language models (LVLMs) evolve rapidly, the demand for high-quality and diverse data to align these models becomes increasingly crucial. However, the creation of such data with human s”。
仅确认论文内原姓名署名；跨论文身份未确认。https://aclanthology.org/people/peiyi-wang/","身份待核验；按单篇保留，不跨论文合并同名者。达到重点候选筛选阈值；已查可定位来源，身份/历史履历仍未确认。
具体论文问题：P55-C;P55-A;P55-R;P55-V
完整Scholar/DBLP论文列表及CCF/CORE目录未获取；当前公开材料可能漏项。",55
Peiyi Wang（论文 #60，身份待核验）,2024；论文#60；待核验,待核验,身份待核验,待核验,论文合作者（身份待核验）,待核验,待核验,待核验,视觉语言理解,未公开,"论文信息汇总.csv 序60：摘要、研究内容、创新点；内容仅据摘要/Introduction归纳。
仅取得可靠元数据或摘要；未取得可读全文。
https://aclanthology.org/2024.acl-long.775/；访问2026-09-17；ACL作者顺序、发表信息与摘要。
CV：https://ikekonglp.github.io/lingpenk_cv.pdf；第7页；版本2026-01-27。
原文摘要依据：“Large vision-language models (LVLMs) excel across diverse tasks involving concrete images from natural scenes. However, their ability to interpret abstract figures, such as geometry shapes and scienti”。
仅确认论文内原姓名署名；跨论文身份未确认。https://aclanthology.org/people/peiyi-wang/","身份待核验；按单篇保留，不跨论文合并同名者。达到重点候选筛选阈值；已查可定位来源，身份/历史履历仍未确认。
具体论文问题：P60-C;P60-D;P60-A;P60-R
完整Scholar/DBLP论文列表及CCF/CORE目录未获取；当前公开材料可能漏项。",60
Peiyi Wang（论文 #68，身份待核验）,2024；论文#68；北京大学,待核验,身份待核验,待核验,论文合作者（身份待核验）,待核验,待核验,待核验,模型评价与奖励学习,未公开,"论文信息汇总.csv 序68：摘要、研究内容、创新点；内容仅据摘要/Introduction归纳。
PDF：港大/Kong, Lingpeng/论文/2024_Large Language Models are not Fair Evaluators.pdf；第1页标题、作者单位与摘要；Introduction在已保存前3页内。
https://aclanthology.org/2024.acl-long.511/；访问2026-09-17；ACL作者顺序、发表信息与摘要。
CV：https://ikekonglp.github.io/lingpenk_cv.pdf；第8页；版本2026-01-27。
PDF发表标记：“Proceedings of the 62nd Annual Meeting of the Association for Computational Linguistics (Volume 1: Long Papers), pages 9440–9450”。
原文摘要依据：“In this paper, we uncover a positional bias in the evaluation paradigm of adopting large language models (LLMs), e.g., GPT-4, as a referee to score and compare the quality of responses generated by ca”。
仅确认论文内原姓名署名；跨论文身份未确认。https://aclanthology.org/people/peiyi-wang/","身份待核验；按单篇保留，不跨论文合并同名者。达到重点候选筛选阈值；已查可定位来源，身份/历史履历仍未确认。
具体论文问题：P68-C;P68-R
完整Scholar/DBLP论文列表及CCF/CORE目录未获取；当前公开材料可能漏项。",68
Peiyi Wang（论文 #137，身份待核验）,2023；论文#137；北京大学,待核验,身份待核验,待核验,论文合作者（身份待核验）,待核验,待核验,待核验,视觉语言理解,未公开,"论文信息汇总.csv 序137：摘要、研究内容、创新点；内容仅据摘要/Introduction归纳。
PDF：港大/Kong, Lingpeng/论文/2023_M$^3$IT_ A Large-Scale Dataset towards Multi-Modal Multilingual Instruction Tuning.pdf；第1页标题、作者单位与摘要；Introduction在已保存前3页内。
https://arxiv.org/abs/2306.04387；访问2026-09-17；arXiv作者顺序和摘要。
原文摘要依据：“Instruction tuning has significantly advanced large language models (LLMs) such as ChatGPT, enabling them to align with human instructions across diverse tasks. However, progress in open vision-langua”。
仅确认论文内原姓名署名；跨论文身份未确认。https://aclanthology.org/people/peiyi-wang/","身份待核验；按单篇保留，不跨论文合并同名者。达到重点候选筛选阈值；已查可定位来源，身份/历史履历仍未确认。
具体论文问题：P137-C;P137-R
完整Scholar/DBLP论文列表及CCF/CORE目录未获取；当前公开材料可能漏项。",137
Tianyu Liu（论文 #38，身份待核验）,2025；论文#38；北京大学,待核验,身份待核验,待核验,论文合作者（身份待核验）,待核验,待核验,待核验,模型评价与奖励学习,未公开,"论文信息汇总.csv 序38：摘要、研究内容、创新点；内容仅据摘要/Introduction归纳。
PDF：港大/Kong, Lingpeng/论文/2025_VL-RewardBench_ A Challenging Benchmark for Vision-Language Generative Reward Models.pdf；第1页标题、作者单位与摘要；Introduction在已保存前3页内。
https://arxiv.org/abs/2411.17451；访问2026-09-17；arXiv作者顺序和摘要。
CV：https://ikekonglp.github.io/lingpenk_cv.pdf；第6页；版本2026-01-27。
原文摘要依据：“Vision-language generative reward models (VL-GenRMs) play a crucial role in aligning and evaluating multimodal AI systems, yet their own evaluation remains under-explored. Current assessment methods p”。
仅确认论文内原姓名署名；跨论文身份未确认。https://aclanthology.org/people/tianyu-liu/unverified/","身份待核验；按单篇保留，不跨论文合并同名者。达到重点候选筛选阈值；已查可定位来源，身份/历史履历仍未确认。
具体论文问题：P38-C;P38-R;P38-F
完整Scholar/DBLP论文列表及CCF/CORE目录未获取；当前公开材料可能漏项。",38
Tianyu Liu（论文 #68，身份待核验）,2024；论文#68；腾讯云AI,待核验,身份待核验,待核验,论文合作者（身份待核验）,待核验,待核验,待核验,模型评价与奖励学习,未公开,"论文信息汇总.csv 序68：摘要、研究内容、创新点；内容仅据摘要/Introduction归纳。
PDF：港大/Kong, Lingpeng/论文/2024_Large Language Models are not Fair Evaluators.pdf；第1页标题、作者单位与摘要；Introduction在已保存前3页内。
https://aclanthology.org/2024.acl-long.511/；访问2026-09-17；ACL作者顺序、发表信息与摘要。
CV：https://ikekonglp.github.io/lingpenk_cv.pdf；第8页；版本2026-01-27。
PDF发表标记：“Proceedings of the 62nd Annual Meeting of the Association for Computational Linguistics (Volume 1: Long Papers), pages 9440–9450”。
原文摘要依据：“In this paper, we uncover a positional bias in the evaluation paradigm of adopting large language models (LLMs), e.g., GPT-4, as a referee to score and compare the quality of responses generated by ca”。
仅确认论文内原姓名署名；跨论文身份未确认。https://aclanthology.org/people/tianyu-liu/unverified/","身份待核验；按单篇保留，不跨论文合并同名者。达到重点候选筛选阈值；已查可定位来源，身份/历史履历仍未确认。
具体论文问题：P68-C;P68-R
完整Scholar/DBLP论文列表及CCF/CORE目录未获取；当前公开材料可能漏项。",68
Sujian Li（论文 #38，身份待核验）,2025；论文#38；北京大学,待核验,身份待核验,待核验,论文合作者（身份待核验）,待核验,待核验,待核验,模型评价与奖励学习,未公开,"论文信息汇总.csv 序38：摘要、研究内容、创新点；内容仅据摘要/Introduction归纳。
PDF：港大/Kong, Lingpeng/论文/2025_VL-RewardBench_ A Challenging Benchmark for Vision-Language Generative Reward Models.pdf；第1页标题、作者单位与摘要；Introduction在已保存前3页内。
https://arxiv.org/abs/2411.17451；访问2026-09-17；arXiv作者顺序和摘要。
CV：https://ikekonglp.github.io/lingpenk_cv.pdf；第6页；版本2026-01-27。
原文摘要依据：“Vision-language generative reward models (VL-GenRMs) play a crucial role in aligning and evaluating multimodal AI systems, yet their own evaluation remains under-explored. Current assessment methods p”。
仅确认论文内原姓名署名；跨论文身份未确认。","身份待核验；按单篇保留，不跨论文合并同名者。待核验（未深查）；原姓名整体未达到重点阈值。
具体论文问题：P38-C;P38-R;P38-F
完整Scholar/DBLP论文列表及CCF/CORE目录未获取；当前公开材料可能漏项。",38
Bill Yuchen Lin（论文 #38，身份待核验）,2025；论文#38；华盛顿大学；Allen AI,待核验,身份待核验,待核验,论文合作者（身份待核验）,待核验,待核验,待核验,模型评价与奖励学习,未公开,"论文信息汇总.csv 序38：摘要、研究内容、创新点；内容仅据摘要/Introduction归纳。
PDF：港大/Kong, Lingpeng/论文/2025_VL-RewardBench_ A Challenging Benchmark for Vision-Language Generative Reward Models.pdf；第1页标题、作者单位与摘要；Introduction在已保存前3页内。
https://arxiv.org/abs/2411.17451；访问2026-09-17；arXiv作者顺序和摘要。
CV：https://ikekonglp.github.io/lingpenk_cv.pdf；第6页；版本2026-01-27。
原文摘要依据：“Vision-language generative reward models (VL-GenRMs) play a crucial role in aligning and evaluating multimodal AI systems, yet their own evaluation remains under-explored. Current assessment methods p”。
仅确认论文内原姓名署名；跨论文身份未确认。","身份待核验；按单篇保留，不跨论文合并同名者。待核验（未深查）；原姓名整体未达到重点阈值。
具体论文问题：P38-C;P38-R;P38-F
完整Scholar/DBLP论文列表及CCF/CORE目录未获取；当前公开材料可能漏项。",38
Peiyuan Zhang（论文 #40，身份待核验）,2025；论文#40；待核验,待核验,身份待核验,待核验,论文合作者（身份待核验）,待核验,待核验,待核验,视频时序理解,未公开,"论文信息汇总.csv 序40：摘要、研究内容、创新点；内容仅据摘要/Introduction归纳。
仅取得可靠元数据或摘要；未取得可读全文。
https://arxiv.org/abs/2410.06166；访问2026-09-17；arXiv作者顺序和摘要。
CV：https://ikekonglp.github.io/lingpenk_cv.pdf；第6页；版本2026-01-27。
原文摘要依据：“Video Large Language Models (Video LLMs) have shown promising capabilities in video comprehension, yet they struggle with tracking temporal changes and reasoning about temporal relationships. While pr”。
仅确认论文内原姓名署名；跨论文身份未确认。","身份待核验；按单篇保留，不跨论文合并同名者。待核验（未深查）；原姓名整体未达到重点阈值。
具体论文问题：P40-C;P40-D;P40-A;P40-R;P40-F
完整Scholar/DBLP论文列表及CCF/CORE目录未获取；当前公开材料可能漏项。",40
Liheng Chen（论文 #41，身份待核验）,2025；论文#41；香港大学,待核验,身份待核验,待核验,论文合作者（身份待核验）,待核验,待核验,待核验,推理部署与参数效率,未公开,"论文信息汇总.csv 序41：摘要、研究内容、创新点；内容仅据摘要/Introduction归纳。
PDF：港大/Kong, Lingpeng/论文/2025_MoS_ Unleashing Parameter Efficiency of Low-Rank Adaptation with Mixture of Shards.pdf；第1页标题、作者单位与摘要；Introduction在已保存前3页内。
https://arxiv.org/abs/2410.00938；访问2026-09-17；arXiv作者顺序和摘要。
CV：https://ikekonglp.github.io/lingpenk_cv.pdf；第6页；版本2026-01-27。
PDF发表标记：“Published as a conference paper at ICLR 2025”。
原文摘要依据：“The rapid scaling of large language models necessitates more lightweight finetuning methods to reduce the explosive GPU memory overhead when numerous customized models are served simultaneously. Targe”。
仅确认论文内原姓名署名；跨论文身份未确认。https://aclanthology.org/people/liheng-chen/unverified/","身份待核验；按单篇保留，不跨论文合并同名者。达到重点候选筛选阈值；已查可定位来源，身份/历史履历仍未确认。
具体论文问题：P41-C;P41-R
完整Scholar/DBLP论文列表及CCF/CORE目录未获取；当前公开材料可能漏项。",41
Liheng Chen（论文 #51，身份待核验）,2025；论文#51；香港大学,待核验,身份待核验,待核验,论文合作者（身份待核验）,待核验,待核验,待核验,多语言能力与低资源学习,未公开,"论文信息汇总.csv 序51：摘要、研究内容、创新点；内容仅据摘要/Introduction归纳。
PDF：港大/Kong, Lingpeng/论文/2025_How Well Do LLMs Handle Cantonese_ Benchmarking Cantonese Capabilities of Large Language Models.pdf；第1页标题、作者单位与摘要；Introduction在已保存前3页内。
https://aclanthology.org/2025.findings-naacl.253/；访问2026-09-17；ACL作者顺序、发表信息与摘要。
CV：https://ikekonglp.github.io/lingpenk_cv.pdf；第7页；版本2026-01-27。
原文摘要依据：“The rapid evolution of large language models (LLMs) has transformed the competitive landscape in natural language processing (NLP), particularly for English and other data-rich languages. However, und”。
仅确认论文内原姓名署名；跨论文身份未确认。https://aclanthology.org/people/liheng-chen/unverified/","身份待核验；按单篇保留，不跨论文合并同名者。达到重点候选筛选阈值；已查可定位来源，身份/历史履历仍未确认。
具体论文问题：P51-C;P51-R
完整Scholar/DBLP论文列表及CCF/CORE目录未获取；当前公开材料可能漏项。",51
Liheng Chen（论文 #52，身份待核验）,2024；论文#52；香港大学,待核验,身份待核验,待核验,论文合作者（身份待核验）,待核验,待核验,待核验,扩散推理与规划,未公开,"论文信息汇总.csv 序52：摘要、研究内容、创新点；内容仅据摘要/Introduction归纳。
PDF：港大/Kong, Lingpeng/论文/2024_Diffusion of Thought_ Chain-of-Thought Reasoning in Diffusion Language Models.pdf；第1页标题、作者单位与摘要；Introduction在已保存前3页内。
https://arxiv.org/abs/2402.07754；访问2026-09-17；arXiv作者顺序和摘要。
CV：https://ikekonglp.github.io/lingpenk_cv.pdf；第7页；版本2026-01-27。
原文摘要依据：“Recently, diffusion models have garnered significant interest in the field of text processing due to their many potential advantages compared to conventional autoregressive models. In this work, we pr”。
仅确认论文内原姓名署名；跨论文身份未确认。https://aclanthology.org/people/liheng-chen/unverified/","身份待核验；按单篇保留，不跨论文合并同名者。达到重点候选筛选阈值；已查可定位来源，身份/历史履历仍未确认。
具体论文问题：P52-C;P52-R;P52-F
完整Scholar/DBLP论文列表及CCF/CORE目录未获取；当前公开材料可能漏项。",52
Liheng Chen（论文 #62，身份待核验）,2024；论文#62；香港大学,待核验,身份待核验,待核验,论文合作者（身份待核验）,待核验,待核验,待核验,推理部署与参数效率,未公开,"论文信息汇总.csv 序62：摘要、研究内容、创新点；内容仅据摘要/Introduction归纳。
PDF：港大/Kong, Lingpeng/论文/2024_PRoLoRA_ Partial Rotation Empowers More Parameter-Efficient LoRA.pdf；第1页标题、作者单位与摘要；Introduction在已保存前3页内。
https://aclanthology.org/2024.acl-long.156/；访问2026-09-17；ACL作者顺序、发表信息与摘要。
CV：https://ikekonglp.github.io/lingpenk_cv.pdf；第8页；版本2026-01-27。
PDF发表标记：“Proceedings of the 62nd Annual Meeting of the Association for Computational Linguistics (Volume 1: Long Papers), pages 2829–2841”。
原文摘要依据：“With the rapid scaling of large language models (LLMs), serving numerouslow-rank adaptations (LoRAs) concurrently has become increasingly impractical,leading to unaffordable costs and necessitating mo”。
仅确认论文内原姓名署名；跨论文身份未确认。https://aclanthology.org/people/liheng-chen/unverified/","身份待核验；按单篇保留，不跨论文合并同名者。达到重点候选筛选阈值；已查可定位来源，身份/历史履历仍未确认。
具体论文问题：P62-C;P62-R
完整Scholar/DBLP论文列表及CCF/CORE目录未获取；当前公开材料可能漏项。",62
Liheng Chen（论文 #64，身份待核验）,2024；论文#64；香港大学,待核验,身份待核验,待核验,论文合作者（身份待核验）,待核验,待核验,待核验,推理部署与参数效率,未公开,"论文信息汇总.csv 序64：摘要、研究内容、创新点；内容仅据摘要/Introduction归纳。
PDF：港大/Kong, Lingpeng/论文/2024_LoRA Meets Dropout under a Unified Framework.pdf；第1页标题、作者单位与摘要；Introduction在已保存前3页内。
https://aclanthology.org/2024.findings-acl.119/；访问2026-09-17；ACL作者顺序、发表信息与摘要。
CV：https://ikekonglp.github.io/lingpenk_cv.pdf；第8页；版本2026-01-27。
原文摘要依据：“With the remarkable capabilities, large language models (LLMs) have emergedas essential elements in numerous NLP applications, while parameter-efficientfinetuning, especially LoRA, has gained populari”。
仅确认论文内原姓名署名；跨论文身份未确认。https://aclanthology.org/people/liheng-chen/unverified/","身份待核验；按单篇保留，不跨论文合并同名者。达到重点候选筛选阈值；已查可定位来源，身份/历史履历仍未确认。
具体论文问题：P64-C;P64-R
完整Scholar/DBLP论文列表及CCF/CORE目录未获取；当前公开材料可能漏项。",64
Liheng Chen（论文 #145，身份待核验）,2024；论文#145；香港大学,待核验,身份待核验,待核验,论文合作者（身份待核验）,待核验,待核验,待核验,支持性对话,未公开,"论文信息汇总.csv 序145：摘要、研究内容、创新点；内容仅据摘要/Introduction归纳。
PDF：港大/Kong, Lingpeng/论文/2024_Data Augmentation of Multi-turn Psychological Dialogue via Knowledge-driven Progressive Thought Prompting.pdf；第1页标题、作者单位与摘要；Introduction在已保存前3页内。
https://arxiv.org/abs/2406.16567；访问2026-09-17；arXiv作者顺序和摘要。
原文摘要依据：“Existing dialogue data augmentation (DA) techniques predominantly focus on augmenting utterance-level dialogues, which makes it difficult to take dialogue contextual information into account. The adve”。
仅确认论文内原姓名署名；跨论文身份未确认。https://aclanthology.org/people/liheng-chen/unverified/","身份待核验；按单篇保留，不跨论文合并同名者。达到重点候选筛选阈值；已查可定位来源，身份/历史履历仍未确认。
具体论文问题：P145-C;P145-R
完整Scholar/DBLP论文列表及CCF/CORE目录未获取；当前公开材料可能漏项。",145
Liheng Chen（论文 #176，身份待核验）,2026；论文#176；待核验,待核验,身份待核验,待核验,论文合作者（身份待核验）,待核验,待核验,待核验,工具智能体与任务评测,未公开,"论文信息汇总.csv 序176：摘要、研究内容、创新点；内容仅据摘要/Introduction归纳。
仅取得可靠元数据或摘要；未取得可读全文。
https://arxiv.org/abs/2607.28609；访问2026-09-17；arXiv作者顺序和摘要。
原文摘要依据：“Computer-using agents (CUAs) are advancing rapidly across the digital world. A CUA trajectory records the agent's actions, states, and reasoning. Verifying whether it fulfilled the task instruction is”。
仅确认论文内原姓名署名；跨论文身份未确认。https://aclanthology.org/people/liheng-chen/unverified/","身份待核验；按单篇保留，不跨论文合并同名者。达到重点候选筛选阈值；已查可定位来源，身份/历史履历仍未确认。
具体论文问题：P176-C;P176-D;P176-A;P176-R
完整Scholar/DBLP论文列表及CCF/CORE目录未获取；当前公开材料可能漏项。",176
Junlei Zhang（论文 #42，身份待核验）,2025；论文#42；浙江大学；西湖大学,待核验,身份待核验,待核验,论文合作者（身份待核验）,待核验,待核验,待核验,推理与决策规划,未公开,"论文信息汇总.csv 序42：摘要、研究内容、创新点；内容仅据摘要/Introduction归纳。
PDF：港大/Kong, Lingpeng/论文/2025_Language Model Non-Myopic Generation for Reasoning and Planning.pdf；第1页标题、作者单位与摘要；Introduction在已保存前3页内。
https://arxiv.org/abs/2410.17195；访问2026-09-17；arXiv作者顺序和摘要。
CV：https://ikekonglp.github.io/lingpenk_cv.pdf；第6页；版本2026-01-27。
原文摘要依据：“Large Language Models have demonstrated remarkable abilities in reasoning and planning by breaking down complex problems into sequential steps. Despite their success in various domains like mathematic”。
仅确认论文内原姓名署名；跨论文身份未确认。","身份待核验；按单篇保留，不跨论文合并同名者。达到重点候选筛选阈值；已查可定位来源，身份/历史履历仍未确认。
具体论文问题：P42-C;P42-R;P42-F
完整Scholar/DBLP论文列表及CCF/CORE目录未获取；当前公开材料可能漏项。",42
Junlei Zhang（论文 #53，身份待核验）,2024；论文#53；待核验,待核验,身份待核验,待核验,论文合作者（身份待核验）,待核验,待核验,待核验,工具智能体与任务评测,未公开,"论文信息汇总.csv 序53：摘要、研究内容、创新点；内容仅据摘要/Introduction归纳。
仅取得可靠元数据或摘要；未取得可读全文。
https://arxiv.org/abs/2401.13178；访问2026-09-17；arXiv作者顺序和摘要。
CV：https://ikekonglp.github.io/lingpenk_cv.pdf；第7页；版本2026-01-27。
原文摘要依据：“Evaluating Large Language Models (LLMs) as general-purpose agents is essential for understanding their capabilities and facilitating their integration into practical applications. However, the evaluat”。
仅确认论文内原姓名署名；跨论文身份未确认。","身份待核验；按单篇保留，不跨论文合并同名者。达到重点候选筛选阈值；已查可定位来源，身份/历史履历仍未确认。
具体论文问题：P53-C;P53-D;P53-A;P53-R;P53-F
完整Scholar/DBLP论文列表及CCF/CORE目录未获取；当前公开材料可能漏项。",53
Junxian He（论文 #42，身份待核验）,2025；论文#42；香港科技大学,待核验,身份待核验,待核验,论文合作者（身份待核验）,待核验,待核验,待核验,推理与决策规划,未公开,"论文信息汇总.csv 序42：摘要、研究内容、创新点；内容仅据摘要/Introduction归纳。
PDF：港大/Kong, Lingpeng/论文/2025_Language Model Non-Myopic Generation for Reasoning and Planning.pdf；第1页标题、作者单位与摘要；Introduction在已保存前3页内。
https://arxiv.org/abs/2410.17195；访问2026-09-17；arXiv作者顺序和摘要。
CV：https://ikekonglp.github.io/lingpenk_cv.pdf；第6页；版本2026-01-27。
原文摘要依据：“Large Language Models have demonstrated remarkable abilities in reasoning and planning by breaking down complex problems into sequential steps. Despite their success in various domains like mathematic”。
仅确认论文内原姓名署名；跨论文身份未确认。","身份待核验；按单篇保留，不跨论文合并同名者。达到重点候选筛选阈值；已查可定位来源，身份/历史履历仍未确认。
具体论文问题：P42-C;P42-R;P42-F
完整Scholar/DBLP论文列表及CCF/CORE目录未获取；当前公开材料可能漏项。",42
Junxian He（论文 #53，身份待核验）,2024；论文#53；待核验,待核验,身份待核验,待核验,论文合作者（身份待核验）,待核验,待核验,待核验,工具智能体与任务评测,未公开,"论文信息汇总.csv 序53：摘要、研究内容、创新点；内容仅据摘要/Introduction归纳。
仅取得可靠元数据或摘要；未取得可读全文。
https://arxiv.org/abs/2401.13178；访问2026-09-17；arXiv作者顺序和摘要。
CV：https://ikekonglp.github.io/lingpenk_cv.pdf；第7页；版本2026-01-27。
原文摘要依据：“Evaluating Large Language Models (LLMs) as general-purpose agents is essential for understanding their capabilities and facilitating their integration into practical applications. However, the evaluat”。
仅确认论文内原姓名署名；跨论文身份未确认。","身份待核验；按单篇保留，不跨论文合并同名者。达到重点候选筛选阈值；已查可定位来源，身份/历史履历仍未确认。
具体论文问题：P53-C;P53-D;P53-A;P53-R;P53-F
完整Scholar/DBLP论文列表及CCF/CORE目录未获取；当前公开材料可能漏项。",53
Xin Jiang（论文 #43，身份待核验）,2025；论文#43；华为诺亚方舟实验室,待核验,身份待核验,待核验,论文合作者（身份待核验）,待核验,待核验,待核验,扩散推理与规划,未公开,"论文信息汇总.csv 序43：摘要、研究内容、创新点；内容仅据摘要/Introduction归纳。
PDF：港大/Kong, Lingpeng/论文/2025_Beyond Autoregression_ Discrete Diffusion for Complex Reasoning and Planning.pdf；第1页标题、作者单位与摘要；Introduction在已保存前3页内。
https://arxiv.org/abs/2410.14157；访问2026-09-17；arXiv作者顺序和摘要。
CV：https://ikekonglp.github.io/lingpenk_cv.pdf；第6页；版本2026-01-27。
PDF发表标记：“Published as a conference paper at ICLR 2025”。
原文摘要依据：“Autoregressive language models, despite their impressive capabilities, struggle with complex reasoning and long-term planning tasks. We introduce discrete diffusion models as a novel solution to these”。
仅确认论文内原姓名署名；跨论文身份未确认。","身份待核验；按单篇保留，不跨论文合并同名者。达到重点候选筛选阈值；已查可定位来源，身份/历史履历仍未确认。
具体论文问题：P43-C;P43-R
完整Scholar/DBLP论文列表及CCF/CORE目录未获取；当前公开材料可能漏项。",43
Xin Jiang（论文 #44，身份待核验）,2025；论文#44；待核验,待核验,身份待核验,待核验,论文合作者（身份待核验）,待核验,待核验,待核验,扩散推理与规划,未公开,"论文信息汇总.csv 序44：摘要、研究内容、创新点；内容仅据摘要/Introduction归纳。
仅取得可靠元数据或摘要；未取得可读全文。
https://arxiv.org/abs/2502.19805；访问2026-09-17；arXiv作者顺序和摘要。
CV：https://ikekonglp.github.io/lingpenk_cv.pdf；第6页；版本2026-01-27。
原文摘要依据：“In the post-AlphaGo era, there has been a renewed interest in search techniques such as Monte Carlo Tree Search (MCTS), particularly in their application to Large Language Models (LLMs). This renewed ”。
仅确认论文内原姓名署名；跨论文身份未确认。","身份待核验；按单篇保留，不跨论文合并同名者。达到重点候选筛选阈值；已查可定位来源，身份/历史履历仍未确认。
具体论文问题：P44-C;P44-D;P44-A;P44-R;P44-F
完整Scholar/DBLP论文列表及CCF/CORE目录未获取；当前公开材料可能漏项。",44
Xin Jiang（论文 #48，身份待核验）,2025；论文#48；华为诺亚方舟实验室,待核验,身份待核验,待核验,论文合作者（身份待核验）,待核验,待核验,待核验,任务数据合成,未公开,"论文信息汇总.csv 序48：摘要、研究内容、创新点；内容仅据摘要/Introduction归纳。
PDF：港大/Kong, Lingpeng/论文/2025_Forewarned is Forearmed_ Harnessing LLMs for Data Synthesis via Failure-induced Exploration.pdf；第1页标题、作者单位与摘要；Introduction在已保存前3页内。
https://arxiv.org/abs/2410.16736；访问2026-09-17；arXiv作者顺序和摘要。
CV：https://ikekonglp.github.io/lingpenk_cv.pdf；第7页；版本2026-01-27。
原文摘要依据：“Large language models (LLMs) have significantly benefited from training on diverse, high-quality task-specific data, leading to impressive performance across a range of downstream applications. Curren”。
仅确认论文内原姓名署名；跨论文身份未确认。","身份待核验；按单篇保留，不跨论文合并同名者。达到重点候选筛选阈值；已查可定位来源，身份/历史履历仍未确认。
具体论文问题：P48-C;P48-F;P48-V
完整Scholar/DBLP论文列表及CCF/CORE目录未获取；当前公开材料可能漏项。",48
Xin Jiang（论文 #52，身份待核验）,2024；论文#52；华为诺亚方舟实验室,待核验,身份待核验,待核验,论文合作者（身份待核验）,待核验,待核验,待核验,扩散推理与规划,未公开,"论文信息汇总.csv 序52：摘要、研究内容、创新点；内容仅据摘要/Introduction归纳。
PDF：港大/Kong, Lingpeng/论文/2024_Diffusion of Thought_ Chain-of-Thought Reasoning in Diffusion Language Models.pdf；第1页标题、作者单位与摘要；Introduction在已保存前3页内。
https://arxiv.org/abs/2402.07754；访问2026-09-17；arXiv作者顺序和摘要。
CV：https://ikekonglp.github.io/lingpenk_cv.pdf；第7页；版本2026-01-27。
原文摘要依据：“Recently, diffusion models have garnered significant interest in the field of text processing due to their many potential advantages compared to conventional autoregressive models. In this work, we pr”。
仅确认论文内原姓名署名；跨论文身份未确认。","身份待核验；按单篇保留，不跨论文合并同名者。达到重点候选筛选阈值；已查可定位来源，身份/历史履历仍未确认。
具体论文问题：P52-C;P52-R;P52-F
完整Scholar/DBLP论文列表及CCF/CORE目录未获取；当前公开材料可能漏项。",52
Xin Jiang（论文 #58，身份待核验）,2024；论文#58；待核验,待核验,身份待核验,待核验,论文合作者（身份待核验）,待核验,待核验,待核验,模型安全与可靠性,未公开,"论文信息汇总.csv 序58：摘要、研究内容、创新点；内容仅据摘要/Introduction归纳。
仅取得可靠元数据或摘要；未取得可读全文。
https://arxiv.org/abs/2409.11365；访问2026-09-17；arXiv作者顺序和摘要。
CV：https://ikekonglp.github.io/lingpenk_cv.pdf；第7页；版本2026-01-27。
原文摘要依据：“The deployment of multimodal large language models (MLLMs) has demonstrated remarkable success in engaging in conversations involving visual inputs, thanks to the superior power of large language mode”。
仅确认论文内原姓名署名；跨论文身份未确认。","身份待核验；按单篇保留，不跨论文合并同名者。达到重点候选筛选阈值；已查可定位来源，身份/历史履历仍未确认。
具体论文问题：P58-C;P58-D;P58-A;P58-R;P58-F
完整Scholar/DBLP论文列表及CCF/CORE目录未获取；当前公开材料可能漏项。",58
Xin Jiang（论文 #154，身份待核验）,2025；论文#154；华为诺亚方舟实验室,待核验,身份待核验,待核验,论文合作者（身份待核验）,待核验,待核验,待核验,扩散文本生成,未公开,"论文信息汇总.csv 序154：摘要、研究内容、创新点；内容仅据摘要/Introduction归纳。
PDF：港大/Kong, Lingpeng/论文/2025_Dream 7B_ Diffusion Large Language Models.pdf；第1页标题、作者单位与摘要；Introduction在已保存前3页内。
https://arxiv.org/abs/2508.15487；访问2026-09-17；arXiv作者顺序和摘要。
原文摘要依据：“We introduce Dream 7B, the most powerful open diffusion large language model to date. Unlike autoregressive (AR) models that generate tokens sequentially, Dream 7B employs discrete diffusion modeling ”。
仅确认论文内原姓名署名；跨论文身份未确认。","身份待核验；按单篇保留，不跨论文合并同名者。达到重点候选筛选阈值；已查可定位来源，身份/历史履历仍未确认。
具体论文问题：P154-C;P154-R
完整Scholar/DBLP论文列表及CCF/CORE目录未获取；当前公开材料可能漏项。",154
Xin Jiang（论文 #155，身份待核验）,2025；论文#155；华为诺亚方舟实验室,待核验,身份待核验,待核验,论文合作者（身份待核验）,待核验,待核验,待核验,扩散代码生成,未公开,"论文信息汇总.csv 序155：摘要、研究内容、创新点；内容仅据摘要/Introduction归纳。
PDF：港大/Kong, Lingpeng/论文/2025_Dream-Coder 7B_ An Open Diffusion Language Model for Code.pdf；第1页标题、作者单位与摘要；Introduction在已保存前3页内。
https://arxiv.org/abs/2509.01142；访问2026-09-17；arXiv作者顺序和摘要。
原文摘要依据：“We present Dream-Coder 7B, an open-source discrete diffusion language model for code generation that exhibits emergent any-order generation capabilities. Unlike traditional autoregressive (AR) models ”。
仅确认论文内原姓名署名；跨论文身份未确认。","身份待核验；按单篇保留，不跨论文合并同名者。达到重点候选筛选阈值；已查可定位来源，身份/历史履历仍未确认。
具体论文问题：P155-C;P155-R
完整Scholar/DBLP论文列表及CCF/CORE目录未获取；当前公开材料可能漏项。",155
Zhiyong Wu,"2021；论文#111；香港大学
2021；论文#112；香港大学
2022；论文#95；上海人工智能实验室
2022；论文#96；上海人工智能实验室
2022；论文#107；香港大学；上海人工智能实验室
2023；论文#77；上海人工智能实验室
2023；论文#81；上海人工智能实验室
2023；论文#82；待核验
2023；论文#87；上海人工智能实验室
2023；论文#91；待核验
2023；论文#93；上海人工智能实验室
2023；论文#94；上海人工智能实验室
2023；论文#134；上海人工智能实验室
2024；论文#57；待核验
2024；论文#143；待核验
2024；论文#144；待核验
2025；论文#44；待核验
2026；论文#158；待核验
2026；论文#176；待核验",字节跳动Seed,2020孔令鹏组访问学生（CV）；后在上海人工智能实验室；当前ByteDance Seed,研究科学家,论文合作者；曾任访问学生,19,2021,2026,高效注意力与序列架构；机器翻译；任务数据合成；支持性对话；扩散文本生成；上下文示例选择；解释生成；推理与决策规划；工具智能体与任务评测；代码生成与纠错；扩散推理与规划,未公开,https://lividwo.github.io/zywu.github.io/；访问2026-09-17；原文依据：“ByteDance Seed”。历史指导/时间另见https://ikekonglp.github.io/lingpenk_cv.pdf第1-2页（版本2026-01-27）；校友更新见https://hkunlp.github.io/people/。核验状态：公开身份部分确认；局限见待核验问题。,"校友页仍列上海人工智能实验室；现职采用本人主页，入职日期未公开；不推定孔令鹏为其博士导师。
具体论文问题：P111-C;P111-A;P111-R;P112-C;P112-A;P112-R;P95-C;P95-A;P95-R;P96-C;P96-A;P96-R;P107-C;P107-A;P77-C;P77-R;P81-C;P81-R;P82-C;P82-D;P82-A;P82-R;P87-C;P91-C;P91-D;P91-A;P91-R;P91-F;P93-C;P93-R;P94-C;P94-A;P94-F;P134-C;P134-A;P57-C;P57-D;P57-A;P57-R;P57-F;P143-C;P143-D;P143-A;P143-R;P144-C;P144-D;P144-A;P144-R;P44-C;P44-D;P44-A;P44-R;P44-F;P158-C;P158-D;P158-A;P158-R;P176-C;P176-D;P176-A;P176-R
完整Scholar/DBLP论文列表及CCF/CORE目录未获取；当前公开材料可能漏项。;CP356;CP357",111;112;95;96;107;77;81;82;87;91;93;94;134;57;143;144;44;158;176
Renjie Pi,"2023；论文#75；待核验
2023；论文#91；待核验
2024；论文#58；待核验
2025；论文#45；待核验
2025；论文#48；香港科技大学",香港科技大学（主页）,2021起；香港科技大学博士生；本科香港大学2016-2021,博士生,论文合作者,5,2023,2025,视觉语言理解；任务数据合成；模型安全与可靠性；数学推理与题目合成,未公开,https://pipilurj.github.io/；访问2026-09-17；原文依据：“Tong Zhang”。历史指导/时间另见https://ikekonglp.github.io/lingpenk_cv.pdf第1-2页（版本2026-01-27）；校友更新见https://hkunlp.github.io/people/。核验状态：公开身份部分确认；局限见待核验问题。,"本人导师为Tong Zhang/Xiaofang Zhou，未见孔令鹏指导证据；结束时间未公开。
具体论文问题：P75-C;P75-D;P75-A;P75-R;P91-C;P91-D;P91-A;P91-R;P91-F;P58-C;P58-D;P58-A;P58-R;P58-F;P45-C;P45-D;P45-A;P45-R;P45-F;P48-C;P48-F;P48-V
完整Scholar/DBLP论文列表及CCF/CORE目录未获取；当前公开材料可能漏项。;CP363;CP364;CP365;CP366;CP367;CP368;CP369;CP370;CP371;CP372;CP373",75;91;58;45;48
Jipeng Zhang（论文 #45，身份待核验）,2025；论文#45；待核验,待核验,身份待核验,待核验,论文合作者（身份待核验）,待核验,待核验,待核验,数学推理与题目合成,未公开,"论文信息汇总.csv 序45：摘要、研究内容、创新点；内容仅据摘要/Introduction归纳。
仅取得可靠元数据或摘要；未取得可读全文。
https://arxiv.org/abs/2312.11370；访问2026-09-17；arXiv作者顺序和摘要。
CV：https://ikekonglp.github.io/lingpenk_cv.pdf；第6页；版本2026-01-27。
原文摘要依据：“Large language models (LLMs) have shown remarkable proficiency in human-level reasoning and generation capabilities, which encourages extensive research on their application in mathematical problem so”。
仅确认论文内原姓名署名；跨论文身份未确认。https://2003pro.github.io/
https://aclanthology.org/people/jipeng-zhang/","身份待核验；按单篇保留，不跨论文合并同名者。达到重点候选筛选阈值；已查可定位来源，身份/历史履历仍未确认。
具体论文问题：P45-C;P45-D;P45-A;P45-R;P45-F
完整Scholar/DBLP论文列表及CCF/CORE目录未获取；当前公开材料可能漏项。",45
Jipeng Zhang（论文 #75，身份待核验）,2023；论文#75；待核验,待核验,身份待核验,待核验,论文合作者（身份待核验）,待核验,待核验,待核验,视觉语言理解,未公开,"论文信息汇总.csv 序75：摘要、研究内容、创新点；内容仅据摘要/Introduction归纳。
仅取得可靠元数据或摘要；未取得可读全文。
https://aclanthology.org/2023.emnlp-main.876/；访问2026-09-17；ACL作者顺序、发表信息与摘要。
CV：https://ikekonglp.github.io/lingpenk_cv.pdf；第9页；版本2026-01-27。
原文摘要依据：“In recent years, the field of computer vision has seen significant advancements thanks to the development of large language models (LLMs). These models have enabled more effective and sophisticated in”。
仅确认论文内原姓名署名；跨论文身份未确认。https://2003pro.github.io/
https://aclanthology.org/people/jipeng-zhang/","身份待核验；按单篇保留，不跨论文合并同名者。达到重点候选筛选阈值；已查可定位来源，身份/历史履历仍未确认。
具体论文问题：P75-C;P75-D;P75-A;P75-R
完整Scholar/DBLP论文列表及CCF/CORE目录未获取；当前公开材料可能漏项。",75
Wanjun Zhong（论文 #45，身份待核验）,2025；论文#45；待核验,待核验,身份待核验,待核验,论文合作者（身份待核验）,待核验,待核验,待核验,数学推理与题目合成,未公开,"论文信息汇总.csv 序45：摘要、研究内容、创新点；内容仅据摘要/Introduction归纳。
仅取得可靠元数据或摘要；未取得可读全文。
https://arxiv.org/abs/2312.11370；访问2026-09-17；arXiv作者顺序和摘要。
CV：https://ikekonglp.github.io/lingpenk_cv.pdf；第6页；版本2026-01-27。
原文摘要依据：“Large language models (LLMs) have shown remarkable proficiency in human-level reasoning and generation capabilities, which encourages extensive research on their application in mathematical problem so”。
仅确认论文内原姓名署名；跨论文身份未确认。","身份待核验；按单篇保留，不跨论文合并同名者。待核验（未深查）；原姓名整体未达到重点阈值。
具体论文问题：P45-C;P45-D;P45-A;P45-R;P45-F
完整Scholar/DBLP论文列表及CCF/CORE目录未获取；当前公开材料可能漏项。",45
Yufei Wang（论文 #45，身份待核验）,2025；论文#45；待核验,待核验,身份待核验,待核验,论文合作者（身份待核验）,待核验,待核验,待核验,数学推理与题目合成,未公开,"论文信息汇总.csv 序45：摘要、研究内容、创新点；内容仅据摘要/Introduction归纳。
仅取得可靠元数据或摘要；未取得可读全文。
https://arxiv.org/abs/2312.11370；访问2026-09-17；arXiv作者顺序和摘要。
CV：https://ikekonglp.github.io/lingpenk_cv.pdf；第6页；版本2026-01-27。
原文摘要依据：“Large language models (LLMs) have shown remarkable proficiency in human-level reasoning and generation capabilities, which encourages extensive research on their application in mathematical problem so”。
仅确认论文内原姓名署名；跨论文身份未确认。","身份待核验；按单篇保留，不跨论文合并同名者。待核验（未深查）；原姓名整体未达到重点阈值。
具体论文问题：P45-C;P45-D;P45-A;P45-R;P45-F
完整Scholar/DBLP论文列表及CCF/CORE目录未获取；当前公开材料可能漏项。",45
Lanqing Hong（论文 #45，身份待核验）,2025；论文#45；待核验,待核验,身份待核验,待核验,论文合作者（身份待核验）,待核验,待核验,待核验,数学推理与题目合成,未公开,"论文信息汇总.csv 序45：摘要、研究内容、创新点；内容仅据摘要/Introduction归纳。
仅取得可靠元数据或摘要；未取得可读全文。
https://arxiv.org/abs/2312.11370；访问2026-09-17；arXiv作者顺序和摘要。
CV：https://ikekonglp.github.io/lingpenk_cv.pdf；第6页；版本2026-01-27。
原文摘要依据：“Large language models (LLMs) have shown remarkable proficiency in human-level reasoning and generation capabilities, which encourages extensive research on their application in mathematical problem so”。
仅确认论文内原姓名署名；跨论文身份未确认。","身份待核验；按单篇保留，不跨论文合并同名者。达到重点候选筛选阈值；已查可定位来源，身份/历史履历仍未确认。
具体论文问题：P45-C;P45-D;P45-A;P45-R;P45-F
完整Scholar/DBLP论文列表及CCF/CORE目录未获取；当前公开材料可能漏项。",45
Lanqing Hong（论文 #58，身份待核验）,2024；论文#58；待核验,待核验,身份待核验,待核验,论文合作者（身份待核验）,待核验,待核验,待核验,模型安全与可靠性,未公开,"论文信息汇总.csv 序58：摘要、研究内容、创新点；内容仅据摘要/Introduction归纳。
仅取得可靠元数据或摘要；未取得可读全文。
https://arxiv.org/abs/2409.11365；访问2026-09-17；arXiv作者顺序和摘要。
CV：https://ikekonglp.github.io/lingpenk_cv.pdf；第7页；版本2026-01-27。
原文摘要依据：“The deployment of multimodal large language models (MLLMs) has demonstrated remarkable success in engaging in conversations involving visual inputs, thanks to the superior power of large language mode”。
仅确认论文内原姓名署名；跨论文身份未确认。","身份待核验；按单篇保留，不跨论文合并同名者。达到重点候选筛选阈值；已查可定位来源，身份/历史履历仍未确认。
具体论文问题：P58-C;P58-D;P58-A;P58-R;P58-F
完整Scholar/DBLP论文列表及CCF/CORE目录未获取；当前公开材料可能漏项。",58
Jianhua Han（论文 #45，身份待核验）,2025；论文#45；待核验,待核验,身份待核验,待核验,论文合作者（身份待核验）,待核验,待核验,待核验,数学推理与题目合成,未公开,"论文信息汇总.csv 序45：摘要、研究内容、创新点；内容仅据摘要/Introduction归纳。
仅取得可靠元数据或摘要；未取得可读全文。
https://arxiv.org/abs/2312.11370；访问2026-09-17；arXiv作者顺序和摘要。
CV：https://ikekonglp.github.io/lingpenk_cv.pdf；第6页；版本2026-01-27。
原文摘要依据：“Large language models (LLMs) have shown remarkable proficiency in human-level reasoning and generation capabilities, which encourages extensive research on their application in mathematical problem so”。
仅确认论文内原姓名署名；跨论文身份未确认。https://aclanthology.org/people/jianhua-han/unverified/","身份待核验；按单篇保留，不跨论文合并同名者。达到重点候选筛选阈值；已查可定位来源，身份/历史履历仍未确认。
具体论文问题：P45-C;P45-D;P45-A;P45-R;P45-F
完整Scholar/DBLP论文列表及CCF/CORE目录未获取；当前公开材料可能漏项。",45
Jianhua Han（论文 #75，身份待核验）,2023；论文#75；待核验,待核验,身份待核验,待核验,论文合作者（身份待核验）,待核验,待核验,待核验,视觉语言理解,未公开,"论文信息汇总.csv 序75：摘要、研究内容、创新点；内容仅据摘要/Introduction归纳。
仅取得可靠元数据或摘要；未取得可读全文。
https://aclanthology.org/2023.emnlp-main.876/；访问2026-09-17；ACL作者顺序、发表信息与摘要。
CV：https://ikekonglp.github.io/lingpenk_cv.pdf；第9页；版本2026-01-27。
原文摘要依据：“In recent years, the field of computer vision has seen significant advancements thanks to the development of large language models (LLMs). These models have enabled more effective and sophisticated in”。
仅确认论文内原姓名署名；跨论文身份未确认。https://aclanthology.org/people/jianhua-han/unverified/","身份待核验；按单篇保留，不跨论文合并同名者。达到重点候选筛选阈值；已查可定位来源，身份/历史履历仍未确认。
具体论文问题：P75-C;P75-D;P75-A;P75-R
完整Scholar/DBLP论文列表及CCF/CORE目录未获取；当前公开材料可能漏项。",75
Hang Xu（论文 #45，身份待核验）,2025；论文#45；待核验,待核验,身份待核验,待核验,论文合作者（身份待核验）,待核验,待核验,待核验,数学推理与题目合成,未公开,"论文信息汇总.csv 序45：摘要、研究内容、创新点；内容仅据摘要/Introduction归纳。
仅取得可靠元数据或摘要；未取得可读全文。
https://arxiv.org/abs/2312.11370；访问2026-09-17；arXiv作者顺序和摘要。
CV：https://ikekonglp.github.io/lingpenk_cv.pdf；第6页；版本2026-01-27。
原文摘要依据：“Large language models (LLMs) have shown remarkable proficiency in human-level reasoning and generation capabilities, which encourages extensive research on their application in mathematical problem so”。
仅确认论文内原姓名署名；跨论文身份未确认。https://xuhangcn.github.io/
https://aclanthology.org/people/hang-xu/","身份待核验；按单篇保留，不跨论文合并同名者。达到重点候选筛选阈值；已查可定位来源，身份/历史履历仍未确认。
具体论文问题：P45-C;P45-D;P45-A;P45-R;P45-F
完整Scholar/DBLP论文列表及CCF/CORE目录未获取；当前公开材料可能漏项。",45
Hang Xu（论文 #75，身份待核验）,2023；论文#75；待核验,待核验,身份待核验,待核验,论文合作者（身份待核验）,待核验,待核验,待核验,视觉语言理解,未公开,"论文信息汇总.csv 序75：摘要、研究内容、创新点；内容仅据摘要/Introduction归纳。
仅取得可靠元数据或摘要；未取得可读全文。
https://aclanthology.org/2023.emnlp-main.876/；访问2026-09-17；ACL作者顺序、发表信息与摘要。
CV：https://ikekonglp.github.io/lingpenk_cv.pdf；第9页；版本2026-01-27。
原文摘要依据：“In recent years, the field of computer vision has seen significant advancements thanks to the development of large language models (LLMs). These models have enabled more effective and sophisticated in”。
仅确认论文内原姓名署名；跨论文身份未确认。https://xuhangcn.github.io/
https://aclanthology.org/people/hang-xu/","身份待核验；按单篇保留，不跨论文合并同名者。达到重点候选筛选阈值；已查可定位来源，身份/历史履历仍未确认。
具体论文问题：P75-C;P75-D;P75-A;P75-R
完整Scholar/DBLP论文列表及CCF/CORE目录未获取；当前公开材料可能漏项。",75
Hang Xu（论文 #91，身份待核验）,2023；论文#91；待核验,待核验,身份待核验,待核验,论文合作者（身份待核验）,待核验,待核验,待核验,任务数据合成,未公开,"论文信息汇总.csv 序91：摘要、研究内容、创新点；内容仅据摘要/Introduction归纳。
仅取得可靠元数据或摘要；未取得可读全文。
https://arxiv.org/abs/2205.12679；访问2026-09-17；arXiv作者顺序和摘要。
CV：https://ikekonglp.github.io/lingpenk_cv.pdf；第10页；版本2026-01-27。
原文摘要依据：“There is a rising interest in further exploring the zero-shot learning potential of large pre-trained language models (PLMs). A new paradigm called data-generation-based zero-shot learning has achieve”。
仅确认论文内原姓名署名；跨论文身份未确认。https://xuhangcn.github.io/
https://aclanthology.org/people/hang-xu/","身份待核验；按单篇保留，不跨论文合并同名者。达到重点候选筛选阈值；已查可定位来源，身份/历史履历仍未确认。
具体论文问题：P91-C;P91-D;P91-A;P91-R;P91-F
完整Scholar/DBLP论文列表及CCF/CORE目录未获取；当前公开材料可能漏项。",91
Hang Xu（论文 #96，身份待核验）,2022；论文#96；华为诺亚方舟实验室,待核验,身份待核验,待核验,论文合作者（身份待核验）,待核验,待核验,待核验,任务数据合成,未公开,"论文信息汇总.csv 序96：摘要、研究内容、创新点；内容仅据摘要/Introduction归纳。
PDF：港大/Kong, Lingpeng/论文/2022_ZeroGen_ Efficient Zero-shot Learning via Dataset Generation.pdf；第1页标题、作者单位与摘要；Introduction在已保存前3页内。
https://aclanthology.org/2022.emnlp-main.801/；访问2026-09-17；ACL作者顺序、发表信息与摘要。
CV：https://ikekonglp.github.io/lingpenk_cv.pdf；第10页；版本2026-01-27。
PDF发表标记：“Proceedings of the 2022 Conference on Empirical Methods in Natural Language Processing, pages 11653–11669”。
原文摘要依据：“There is a growing interest in dataset generation recently due to the superior generative capacity of large pre-trained language models (PLMs). In this paper, we study a flexible and efficient zero-sh”。
仅确认论文内原姓名署名；跨论文身份未确认。https://xuhangcn.github.io/
https://aclanthology.org/people/hang-xu/","身份待核验；按单篇保留，不跨论文合并同名者。达到重点候选筛选阈值；已查可定位来源，身份/历史履历仍未确认。
具体论文问题：P96-C;P96-A;P96-R
完整Scholar/DBLP论文列表及CCF/CORE目录未获取；当前公开材料可能漏项。",96
Hang Xu（论文 #110，身份待核验）,2022；论文#110；华为诺亚方舟实验室,待核验,身份待核验,待核验,论文合作者（身份待核验）,待核验,待核验,待核验,句法分析与结构化表示,未公开,"论文信息汇总.csv 序110：摘要、研究内容、创新点；内容仅据摘要/Introduction归纳。
PDF：港大/Kong, Lingpeng/论文/2022_Revisiting Over-smoothing in BERT from the Perspective of Graph.pdf；第1页标题、作者单位与摘要；Introduction在已保存前3页内。
https://arxiv.org/abs/2202.08625；访问2026-09-17；arXiv作者顺序和摘要。
CV：https://ikekonglp.github.io/lingpenk_cv.pdf；第11页；版本2026-01-27。
PDF发表标记：“Published as a conference paper at ICLR 2022”。
原文摘要依据：“Recently over-smoothing phenomenon of Transformer-based models is observed in both vision and language fields. However, no existing work has delved deeper to further investigate the main cause of this”。
仅确认论文内原姓名署名；跨论文身份未确认。https://xuhangcn.github.io/
https://aclanthology.org/people/hang-xu/","身份待核验；按单篇保留，不跨论文合并同名者。达到重点候选筛选阈值；已查可定位来源，身份/历史履历仍未确认。
具体论文问题：P110-C;P110-A;P110-R
完整Scholar/DBLP论文列表及CCF/CORE目录未获取；当前公开材料可能漏项。",110
Yao Luo（论文 #46，身份待核验）,2025；论文#46；字节跳动,待核验,身份待核验,待核验,论文合作者（身份待核验）,待核验,待核验,待核验,长上下文建模与压缩,未公开,"论文信息汇总.csv 序46：摘要、研究内容、创新点；内容仅据摘要/Introduction归纳。
PDF：港大/Kong, Lingpeng/论文/2025_Why Does the Effective Context Length of LLMs Fall Short_.pdf；第1页标题、作者单位与摘要；Introduction在已保存前3页内。
https://arxiv.org/abs/2410.18745；访问2026-09-17；arXiv作者顺序和摘要。
CV：https://ikekonglp.github.io/lingpenk_cv.pdf；第6页；版本2026-01-27。
原文摘要依据：“Advancements in distributed training and efficient attention mechanisms have significantly expanded the context window sizes of large language models (LLMs). However, recent work reveals that the effe”。
仅确认论文内原姓名署名；跨论文身份未确认。","身份待核验；按单篇保留，不跨论文合并同名者。待核验（未深查）；原姓名整体未达到重点阈值。
具体论文问题：P46-C;P46-R;P46-F
完整Scholar/DBLP论文列表及CCF/CORE目录未获取；当前公开材料可能漏项。",46
Shivam Agarwal（论文 #47，身份待核验）,2025；论文#47；伊利诺伊大学厄巴纳-香槟分校,待核验,身份待核验,待核验,论文合作者（身份待核验）,待核验,待核验,待核验,扩散文本生成,未公开,"论文信息汇总.csv 序47：摘要、研究内容、创新点；内容仅据摘要/Introduction归纳。
PDF：港大/Kong, Lingpeng/论文/2025_Scaling Diffusion Language Models via Adaptation from Autoregressive Models.pdf；第1页标题、作者单位与摘要；Introduction在已保存前3页内。
https://arxiv.org/abs/2410.17891；访问2026-09-17；arXiv作者顺序和摘要。
CV：https://ikekonglp.github.io/lingpenk_cv.pdf；第6页；版本2026-01-27。
PDF发表标记：“Published as a conference paper at ICLR 2025”。
原文摘要依据：“Diffusion Language Models (DLMs) have emerged as a promising new paradigm for text generative modeling, potentially addressing limitations of autoregressive (AR) models. However, current DLMs have bee”。
仅确认论文内原姓名署名；跨论文身份未确认。","身份待核验；按单篇保留，不跨论文合并同名者。待核验（未深查）；原姓名整体未达到重点阈值。
具体论文问题：P47-C;P47-R
完整Scholar/DBLP论文列表及CCF/CORE目录未获取；当前公开材料可能漏项。",47
Mukai Li（论文 #47，身份待核验）,2025；论文#47；香港大学,待核验,身份待核验,待核验,论文合作者（身份待核验）,待核验,待核验,待核验,扩散文本生成,未公开,"论文信息汇总.csv 序47：摘要、研究内容、创新点；内容仅据摘要/Introduction归纳。
PDF：港大/Kong, Lingpeng/论文/2025_Scaling Diffusion Language Models via Adaptation from Autoregressive Models.pdf；第1页标题、作者单位与摘要；Introduction在已保存前3页内。
https://arxiv.org/abs/2410.17891；访问2026-09-17；arXiv作者顺序和摘要。
CV：https://ikekonglp.github.io/lingpenk_cv.pdf；第6页；版本2026-01-27。
PDF发表标记：“Published as a conference paper at ICLR 2025”。
原文摘要依据：“Diffusion Language Models (DLMs) have emerged as a promising new paradigm for text generative modeling, potentially addressing limitations of autoregressive (AR) models. However, current DLMs have bee”。
仅确认论文内原姓名署名；跨论文身份未确认。https://aclanthology.org/people/mukai-li/unverified/","身份待核验；按单篇保留，不跨论文合并同名者。达到重点候选筛选阈值；已查可定位来源，身份/历史履历仍未确认。
具体论文问题：P47-C;P47-R
完整Scholar/DBLP论文列表及CCF/CORE目录未获取；当前公开材料可能漏项。",47
Mukai Li（论文 #55，身份待核验）,2024；论文#55；香港大学,待核验,身份待核验,待核验,论文合作者（身份待核验）,待核验,待核验,待核验,模型评价与奖励学习,未公开,"论文信息汇总.csv 序55：摘要、研究内容、创新点；内容仅据摘要/Introduction归纳。
PDF：港大/Kong, Lingpeng/论文/2024_VLFeedback_ A Large-Scale AI Feedback Dataset for Large Vision-Language Models Alignment.pdf；第1页标题、作者单位与摘要；Introduction在已保存前3页内。
https://aclanthology.org/2024.emnlp-main.358/；访问2026-09-17；ACL作者顺序、发表信息与摘要。
CV：https://ikekonglp.github.io/lingpenk_cv.pdf；第7页；版本2026-01-27。
原文摘要依据：“As large vision-language models (LVLMs) evolve rapidly, the demand for high-quality and diverse data to align these models becomes increasingly crucial. However, the creation of such data with human s”。
仅确认论文内原姓名署名；跨论文身份未确认。https://aclanthology.org/people/mukai-li/unverified/","身份待核验；按单篇保留，不跨论文合并同名者。达到重点候选筛选阈值；已查可定位来源，身份/历史履历仍未确认。
具体论文问题：P55-C;P55-A;P55-R;P55-V
完整Scholar/DBLP论文列表及CCF/CORE目录未获取；当前公开材料可能漏项。",55
Mukai Li（论文 #61，身份待核验）,2024；论文#61；香港大学,待核验,身份待核验,待核验,论文合作者（身份待核验）,待核验,待核验,待核验,长上下文建模与压缩,未公开,"论文信息汇总.csv 序61：摘要、研究内容、创新点；内容仅据摘要/Introduction归纳。
PDF：港大/Kong, Lingpeng/论文/2024_L-Eval_ Instituting Standardized Evaluation for Long Context Language Models.pdf；第1页标题、作者单位与摘要；Introduction在已保存前3页内。
https://aclanthology.org/2024.acl-long.776/；访问2026-09-17；ACL作者顺序、发表信息与摘要。
CV：https://ikekonglp.github.io/lingpenk_cv.pdf；第8页；版本2026-01-27。
PDF发表标记：“Proceedings of the 62nd Annual Meeting of the Association for Computational Linguistics (Volume 1: Long Papers), pages 14388–14411”。
原文摘要依据：“Recently, there has been growing interest in long-context scaling of large language models (LLMs). To facilitate research in this field, we propose L-Eval to institute a more standardized evaluation f”。
仅确认论文内原姓名署名；跨论文身份未确认。https://aclanthology.org/people/mukai-li/unverified/","身份待核验；按单篇保留，不跨论文合并同名者。达到重点候选筛选阈值；已查可定位来源，身份/历史履历仍未确认。
具体论文问题：P61-C;P61-R
完整Scholar/DBLP论文列表及CCF/CORE目录未获取；当前公开材料可能漏项。",61
Mukai Li（论文 #77，身份待核验）,2023；论文#77；香港大学,待核验,身份待核验,待核验,论文合作者（身份待核验）,待核验,待核验,待核验,扩散文本生成,未公开,"论文信息汇总.csv 序77：摘要、研究内容、创新点；内容仅据摘要/Introduction归纳。
PDF：港大/Kong, Lingpeng/论文/2023_DiffuSeq-v2_ Bridging Discrete and Continuous Text Spaces for Accelerated Seq2Seq Diffusion Models.pdf；第1页标题、作者单位与摘要；Introduction在已保存前3页内。
https://aclanthology.org/2023.findings-emnlp.660/；访问2026-09-17；ACL作者顺序、发表信息与摘要。
CV：https://ikekonglp.github.io/lingpenk_cv.pdf；第9页；版本2026-01-27。
原文摘要依据：“Diffusion models have gained prominence in generating high-quality sequences of text. Nevertheless, current approaches predominantly represent discrete text within a continuous diffusion space, which ”。
仅确认论文内原姓名署名；跨论文身份未确认。https://aclanthology.org/people/mukai-li/unverified/","身份待核验；按单篇保留，不跨论文合并同名者。达到重点候选筛选阈值；已查可定位来源，身份/历史履历仍未确认。
具体论文问题：P77-C;P77-R
完整Scholar/DBLP论文列表及CCF/CORE目录未获取；当前公开材料可能漏项。",77
Mukai Li（论文 #93，身份待核验）,2023；论文#93；上海人工智能实验室,待核验,身份待核验,待核验,论文合作者（身份待核验）,待核验,待核验,待核验,扩散文本生成,未公开,"论文信息汇总.csv 序93：摘要、研究内容、创新点；内容仅据摘要/Introduction归纳。
PDF：港大/Kong, Lingpeng/论文/2023_DiffuSeq_ Sequence to Sequence Text Generation with Diffusion Models.pdf；第1页标题、作者单位与摘要；Introduction在已保存前3页内。
https://arxiv.org/abs/2210.08933；访问2026-09-17；arXiv作者顺序和摘要。
CV：https://ikekonglp.github.io/lingpenk_cv.pdf；第10页；版本2026-01-27。
PDF发表标记：“Published as a conference paper at ICLR 2023”。
原文摘要依据：“Recently, diffusion models have emerged as a new paradigm for generative models. Despite the success in domains using continuous signals such as vision and audio, adapting diffusion models to natural ”。
仅确认论文内原姓名署名；跨论文身份未确认。https://aclanthology.org/people/mukai-li/unverified/","身份待核验；按单篇保留，不跨论文合并同名者。达到重点候选筛选阈值；已查可定位来源，身份/历史履历仍未确认。
具体论文问题：P93-C;P93-R
完整Scholar/DBLP论文列表及CCF/CORE目录未获取；当前公开材料可能漏项。",93
Mukai Li（论文 #134，身份待核验）,2023；论文#134；上海人工智能实验室,待核验,身份待核验,待核验,论文合作者（身份待核验）,待核验,待核验,待核验,上下文示例选择,未公开,"论文信息汇总.csv 序134：摘要、研究内容、创新点；内容仅据摘要/Introduction归纳。
PDF：港大/Kong, Lingpeng/论文/2023_In-Context Learning with Many Demonstration Examples.pdf；第1页标题、作者单位与摘要；Introduction在已保存前3页内。
https://arxiv.org/abs/2302.04931；访问2026-09-17；arXiv作者顺序和摘要。
原文摘要依据：“Large pre-training language models (PLMs) have shown promising in-context learning abilities. However, due to the backbone transformer architecture, existing PLMs are bottlenecked by the memory and co”。
仅确认论文内原姓名署名；跨论文身份未确认。https://aclanthology.org/people/mukai-li/unverified/","身份待核验；按单篇保留，不跨论文合并同名者。达到重点候选筛选阈值；已查可定位来源，身份/历史履历仍未确认。
具体论文问题：P134-C;P134-A
完整Scholar/DBLP论文列表及CCF/CORE目录未获取；当前公开材料可能漏项。",134
Mukai Li（论文 #137，身份待核验）,2023；论文#137；上海人工智能实验室,待核验,身份待核验,待核验,论文合作者（身份待核验）,待核验,待核验,待核验,视觉语言理解,未公开,"论文信息汇总.csv 序137：摘要、研究内容、创新点；内容仅据摘要/Introduction归纳。
PDF：港大/Kong, Lingpeng/论文/2023_M$^3$IT_ A Large-Scale Dataset towards Multi-Modal Multilingual Instruction Tuning.pdf；第1页标题、作者单位与摘要；Introduction在已保存前3页内。
https://arxiv.org/abs/2306.04387；访问2026-09-17；arXiv作者顺序和摘要。
原文摘要依据：“Instruction tuning has significantly advanced large language models (LLMs) such as ChatGPT, enabling them to align with human instructions across diverse tasks. However, progress in open vision-langua”。
仅确认论文内原姓名署名；跨论文身份未确认。https://aclanthology.org/people/mukai-li/unverified/","身份待核验；按单篇保留，不跨论文合并同名者。达到重点候选筛选阈值；已查可定位来源，身份/历史履历仍未确认。
具体论文问题：P137-C;P137-R
完整Scholar/DBLP论文列表及CCF/CORE目录未获取；当前公开材料可能漏项。",137
Mukai Li（论文 #158，身份待核验）,2026；论文#158；待核验,待核验,身份待核验,待核验,论文合作者（身份待核验）,待核验,待核验,待核验,工具智能体与任务评测,未公开,"论文信息汇总.csv 序158：摘要、研究内容、创新点；内容仅据摘要/Introduction归纳。
仅取得可靠元数据或摘要；未取得可读全文。
https://aclanthology.org/2026.acl-long.431/；访问2026-09-17；ACL作者顺序、发表信息与摘要。
原文摘要依据：“Computer-using agents powered by Vision-Language Models (VLMs) have demonstrated human-like capabilities in operating digital environments like mobile platforms. While these agents hold great promise ”。
仅确认论文内原姓名署名；跨论文身份未确认。https://aclanthology.org/people/mukai-li/unverified/","身份待核验；按单篇保留，不跨论文合并同名者。达到重点候选筛选阈值；已查可定位来源，身份/历史履历仍未确认。
具体论文问题：P158-C;P158-D;P158-A;P158-R
完整Scholar/DBLP论文列表及CCF/CORE目录未获取；当前公开材料可能漏项。",158
Peilin Zhao（论文 #47，身份待核验）,2025；论文#47；腾讯AI Lab,待核验,身份待核验,待核验,论文合作者（身份待核验）,待核验,待核验,待核验,扩散文本生成,未公开,"论文信息汇总.csv 序47：摘要、研究内容、创新点；内容仅据摘要/Introduction归纳。
PDF：港大/Kong, Lingpeng/论文/2025_Scaling Diffusion Language Models via Adaptation from Autoregressive Models.pdf；第1页标题、作者单位与摘要；Introduction在已保存前3页内。
https://arxiv.org/abs/2410.17891；访问2026-09-17；arXiv作者顺序和摘要。
CV：https://ikekonglp.github.io/lingpenk_cv.pdf；第6页；版本2026-01-27。
PDF发表标记：“Published as a conference paper at ICLR 2025”。
原文摘要依据：“Diffusion Language Models (DLMs) have emerged as a promising new paradigm for text generative modeling, potentially addressing limitations of autoregressive (AR) models. However, current DLMs have bee”。
仅确认论文内原姓名署名；跨论文身份未确认。","身份待核验；按单篇保留，不跨论文合并同名者。待核验（未深查）；原姓名整体未达到重点阈值。
具体论文问题：P47-C;P47-R
完整Scholar/DBLP论文列表及CCF/CORE目录未获取；当前公开材料可能漏项。",47
Jiawei Han（论文 #47，身份待核验）,2025；论文#47；伊利诺伊大学厄巴纳-香槟分校,待核验,身份待核验,待核验,论文合作者（身份待核验）,待核验,待核验,待核验,扩散文本生成,未公开,"论文信息汇总.csv 序47：摘要、研究内容、创新点；内容仅据摘要/Introduction归纳。
PDF：港大/Kong, Lingpeng/论文/2025_Scaling Diffusion Language Models via Adaptation from Autoregressive Models.pdf；第1页标题、作者单位与摘要；Introduction在已保存前3页内。
https://arxiv.org/abs/2410.17891；访问2026-09-17；arXiv作者顺序和摘要。
CV：https://ikekonglp.github.io/lingpenk_cv.pdf；第6页；版本2026-01-27。
PDF发表标记：“Published as a conference paper at ICLR 2025”。
原文摘要依据：“Diffusion Language Models (DLMs) have emerged as a promising new paradigm for text generative modeling, potentially addressing limitations of autoregressive (AR) models. However, current DLMs have bee”。
仅确认论文内原姓名署名；跨论文身份未确认。","身份待核验；按单篇保留，不跨论文合并同名者。待核验（未深查）；原姓名整体未达到重点阈值。
具体论文问题：P47-C;P47-R
完整Scholar/DBLP论文列表及CCF/CORE目录未获取；当前公开材料可能漏项。",47
Hao Peng（论文 #47，身份待核验）,2025；论文#47；伊利诺伊大学厄巴纳-香槟分校,待核验,身份待核验,待核验,论文合作者（身份待核验）,待核验,待核验,待核验,扩散文本生成,未公开,"论文信息汇总.csv 序47：摘要、研究内容、创新点；内容仅据摘要/Introduction归纳。
PDF：港大/Kong, Lingpeng/论文/2025_Scaling Diffusion Language Models via Adaptation from Autoregressive Models.pdf；第1页标题、作者单位与摘要；Introduction在已保存前3页内。
https://arxiv.org/abs/2410.17891；访问2026-09-17；arXiv作者顺序和摘要。
CV：https://ikekonglp.github.io/lingpenk_cv.pdf；第6页；版本2026-01-27。
PDF发表标记：“Published as a conference paper at ICLR 2025”。
原文摘要依据：“Diffusion Language Models (DLMs) have emerged as a promising new paradigm for text generative modeling, potentially addressing limitations of autoregressive (AR) models. However, current DLMs have bee”。
仅确认论文内原姓名署名；跨论文身份未确认。https://homes.cs.washington.edu/~hapeng/
https://aclanthology.org/people/hao-peng/unverified/","身份待核验；按单篇保留，不跨论文合并同名者。达到重点候选筛选阈值；已查可定位来源，身份/历史履历仍未确认。
具体论文问题：P47-C;P47-R
完整Scholar/DBLP论文列表及CCF/CORE目录未获取；当前公开材料可能漏项。",47
Hao Peng（论文 #108，身份待核验）,2022；论文#108；华盛顿大学,待核验,身份待核验,待核验,论文合作者（身份待核验）,待核验,待核验,待核验,高效注意力与序列架构,未公开,"论文信息汇总.csv 序108：摘要、研究内容、创新点；内容仅据摘要/Introduction归纳。
PDF：港大/Kong, Lingpeng/论文/2022_ABC_ Attention with Bounded-memory Control.pdf；第1页标题、作者单位与摘要；Introduction在已保存前3页内。
https://aclanthology.org/2022.acl-long.515/；访问2026-09-17；ACL作者顺序、发表信息与摘要。
CV：https://ikekonglp.github.io/lingpenk_cv.pdf；第11页；版本2026-01-27。
PDF发表标记：“Proceedings of the 60th Annual Meeting of the Association for Computational Linguistics”。
原文摘要依据：“Transformer architectures have achieved state- of-the-art results on a variety of natural language processing (NLP) tasks. However, their attention mechanism comes with a quadratic complexity in seque”。
仅确认论文内原姓名署名；跨论文身份未确认。https://homes.cs.washington.edu/~hapeng/
https://aclanthology.org/people/hao-peng/unverified/","身份待核验；按单篇保留，不跨论文合并同名者。达到重点候选筛选阈值；已查可定位来源，身份/历史履历仍未确认。
具体论文问题：P108-C;P108-R
完整Scholar/DBLP论文列表及CCF/CORE目录未获取；当前公开材料可能漏项。",108
Hao Peng（论文 #113，身份待核验）,2021；论文#113；待核验,待核验,身份待核验,待核验,论文合作者（身份待核验）,待核验,待核验,待核验,高效注意力与序列架构,未公开,"论文信息汇总.csv 序113：摘要、研究内容、创新点；内容仅据摘要/Introduction归纳。
PDF：港大/Kong, Lingpeng/论文/2021_Random Feature Attention.pdf；第1页标题、作者单位与摘要；Introduction在已保存前3页内。
https://arxiv.org/abs/2103.02143；访问2026-09-17；arXiv作者顺序和摘要。
CV：https://ikekonglp.github.io/lingpenk_cv.pdf；第11页；版本2026-01-27。
PDF发表标记：“Published as a conference paper at ICLR 2021”。
原文摘要依据：“Transformers are state-of-the-art models for a variety of sequence modeling tasks. At their core is an attention function which models pairwise interactions between the inputs at every timestep. While”。
仅确认论文内原姓名署名；跨论文身份未确认。https://homes.cs.washington.edu/~hapeng/
https://aclanthology.org/people/hao-peng/unverified/","身份待核验；按单篇保留，不跨论文合并同名者。达到重点候选筛选阈值；已查可定位来源，身份/历史履历仍未确认。
具体论文问题：P113-C;P113-A;P113-R
完整Scholar/DBLP论文列表及CCF/CORE目录未获取；当前公开材料可能漏项。",113
Shuai Zhong（论文 #49，身份待核验）,2025；论文#49；香港大学,待核验,身份待核验,待核验,论文合作者（身份待核验）,待核验,待核验,待核验,模型安全与可靠性,未公开,"论文信息汇总.csv 序49：摘要、研究内容、创新点；内容仅据摘要/Introduction归纳。
PDF：港大/Kong, Lingpeng/论文/2025_ImgTrojan_ Jailbreaking Vision-Language Models with ONE Image.pdf；第1页标题、作者单位与摘要；Introduction在已保存前3页内。
https://aclanthology.org/2025.naacl-long.360/；访问2026-09-17；ACL作者顺序、发表信息与摘要。
CV：https://ikekonglp.github.io/lingpenk_cv.pdf；第7页；版本2026-01-27。
原文摘要依据：“There has been an increasing interest in the alignment of large language models (LLMs) with human values. However, the safety issues of their integration with a vision module, or vision language model”。
仅确认论文内原姓名署名；跨论文身份未确认。","身份待核验；按单篇保留，不跨论文合并同名者。待核验（未深查）；原姓名整体未达到重点阈值。
具体论文问题：P49-C;P49-R
完整Scholar/DBLP论文列表及CCF/CORE目录未获取；当前公开材料可能漏项。",49
Zhiheng Lyu（论文 #50，身份待核验）,2025；论文#50；香港大学,待核验,身份待核验,待核验,论文合作者（身份待核验）,待核验,待核验,待核验,可控文本生成与一致性,未公开,"论文信息汇总.csv 序50：摘要、研究内容、创新点；内容仅据摘要/Introduction归纳。
PDF：港大/Kong, Lingpeng/论文/2025_FactTrack_ Time-Aware World State Tracking in Story Outlines.pdf；第1页标题、作者单位与摘要；Introduction在已保存前3页内。
https://aclanthology.org/2025.naacl-long.144/；访问2026-09-17；ACL作者顺序、发表信息与摘要。
CV：https://ikekonglp.github.io/lingpenk_cv.pdf；第7页；版本2026-01-27。
原文摘要依据：“While accurately detecting and correcting factual contradictions in language model outputs has become increasingly important as their capabilities improve, doing so is highly challenging. We propose a”。
仅确认论文内原姓名署名；跨论文身份未确认。","身份待核验；按单篇保留，不跨论文合并同名者。待核验（未深查）；原姓名整体未达到重点阈值。
具体论文问题：P50-C;P50-A;P50-R
完整Scholar/DBLP论文列表及CCF/CORE目录未获取；当前公开材料可能漏项。",50
Kevin Yang（论文 #50，身份待核验）,2025；论文#50；加州大学伯克利分校,待核验,身份待核验,待核验,论文合作者（身份待核验）,待核验,待核验,待核验,可控文本生成与一致性,未公开,"论文信息汇总.csv 序50：摘要、研究内容、创新点；内容仅据摘要/Introduction归纳。
PDF：港大/Kong, Lingpeng/论文/2025_FactTrack_ Time-Aware World State Tracking in Story Outlines.pdf；第1页标题、作者单位与摘要；Introduction在已保存前3页内。
https://aclanthology.org/2025.naacl-long.144/；访问2026-09-17；ACL作者顺序、发表信息与摘要。
CV：https://ikekonglp.github.io/lingpenk_cv.pdf；第7页；版本2026-01-27。
原文摘要依据：“While accurately detecting and correcting factual contradictions in language model outputs has become increasingly important as their capabilities improve, doing so is highly challenging. We propose a”。
仅确认论文内原姓名署名；跨论文身份未确认。","身份待核验；按单篇保留，不跨论文合并同名者。待核验（未深查）；原姓名整体未达到重点阈值。
具体论文问题：P50-C;P50-A;P50-R
完整Scholar/DBLP论文列表及CCF/CORE目录未获取；当前公开材料可能漏项。",50
Dan Klein（论文 #50，身份待核验）,2025；论文#50；待核验,待核验,身份待核验,待核验,论文合作者（身份待核验）,待核验,待核验,待核验,可控文本生成与一致性,未公开,"论文信息汇总.csv 序50：摘要、研究内容、创新点；内容仅据摘要/Introduction归纳。
PDF：港大/Kong, Lingpeng/论文/2025_FactTrack_ Time-Aware World State Tracking in Story Outlines.pdf；第1页标题、作者单位与摘要；Introduction在已保存前3页内。
https://aclanthology.org/2025.naacl-long.144/；访问2026-09-17；ACL作者顺序、发表信息与摘要。
CV：https://ikekonglp.github.io/lingpenk_cv.pdf；第7页；版本2026-01-27。
原文摘要依据：“While accurately detecting and correcting factual contradictions in language model outputs has become increasingly important as their capabilities improve, doing so is highly challenging. We propose a”。
仅确认论文内原姓名署名；跨论文身份未确认。","身份待核验；按单篇保留，不跨论文合并同名者。待核验（未深查）；原姓名整体未达到重点阈值。
具体论文问题：P50-C;P50-A;P50-R
完整Scholar/DBLP论文列表及CCF/CORE目录未获取；当前公开材料可能漏项。",50
Han Shi（论文 #52，身份待核验）,2024；论文#52；华为诺亚方舟实验室,待核验,身份待核验,待核验,论文合作者（身份待核验）,待核验,待核验,待核验,扩散推理与规划,未公开,"论文信息汇总.csv 序52：摘要、研究内容、创新点；内容仅据摘要/Introduction归纳。
PDF：港大/Kong, Lingpeng/论文/2024_Diffusion of Thought_ Chain-of-Thought Reasoning in Diffusion Language Models.pdf；第1页标题、作者单位与摘要；Introduction在已保存前3页内。
https://arxiv.org/abs/2402.07754；访问2026-09-17；arXiv作者顺序和摘要。
CV：https://ikekonglp.github.io/lingpenk_cv.pdf；第7页；版本2026-01-27。
原文摘要依据：“Recently, diffusion models have garnered significant interest in the field of text processing due to their many potential advantages compared to conventional autoregressive models. In this work, we pr”。
仅确认论文内原姓名署名；跨论文身份未确认。https://han-shi.github.io/","身份待核验；按单篇保留，不跨论文合并同名者。达到重点候选筛选阈值；已查可定位来源，身份/历史履历仍未确认。
具体论文问题：P52-C;P52-R;P52-F
完整Scholar/DBLP论文列表及CCF/CORE目录未获取；当前公开材料可能漏项。",52
Han Shi（论文 #110，身份待核验）,2022；论文#110；香港科技大学,待核验,身份待核验,待核验,论文合作者（身份待核验）,待核验,待核验,待核验,句法分析与结构化表示,未公开,"论文信息汇总.csv 序110：摘要、研究内容、创新点；内容仅据摘要/Introduction归纳。
PDF：港大/Kong, Lingpeng/论文/2022_Revisiting Over-smoothing in BERT from the Perspective of Graph.pdf；第1页标题、作者单位与摘要；Introduction在已保存前3页内。
https://arxiv.org/abs/2202.08625；访问2026-09-17；arXiv作者顺序和摘要。
CV：https://ikekonglp.github.io/lingpenk_cv.pdf；第11页；版本2026-01-27。
PDF发表标记：“Published as a conference paper at ICLR 2022”。
原文摘要依据：“Recently over-smoothing phenomenon of Transformer-based models is observed in both vision and language fields. However, no existing work has delved deeper to further investigate the main cause of this”。
仅确认论文内原姓名署名；跨论文身份未确认。https://han-shi.github.io/","身份待核验；按单篇保留，不跨论文合并同名者。达到重点候选筛选阈值；已查可定位来源，身份/历史履历仍未确认。
具体论文问题：P110-C;P110-A;P110-R
完整Scholar/DBLP论文列表及CCF/CORE目录未获取；当前公开材料可能漏项。",110
Zhihao Zhu（论文 #53，身份待核验）,2024；论文#53；待核验,待核验,身份待核验,待核验,论文合作者（身份待核验）,待核验,待核验,待核验,工具智能体与任务评测,未公开,"论文信息汇总.csv 序53：摘要、研究内容、创新点；内容仅据摘要/Introduction归纳。
仅取得可靠元数据或摘要；未取得可读全文。
https://arxiv.org/abs/2401.13178；访问2026-09-17；arXiv作者顺序和摘要。
CV：https://ikekonglp.github.io/lingpenk_cv.pdf；第7页；版本2026-01-27。
原文摘要依据：“Evaluating Large Language Models (LLMs) as general-purpose agents is essential for understanding their capabilities and facilitating their integration into practical applications. However, the evaluat”。
仅确认论文内原姓名署名；跨论文身份未确认。","身份待核验；按单篇保留，不跨论文合并同名者。待核验（未深查）；原姓名整体未达到重点阈值。
具体论文问题：P53-C;P53-D;P53-A;P53-R;P53-F
完整Scholar/DBLP论文列表及CCF/CORE目录未获取；当前公开材料可能漏项。",53
Cheng Yang（论文 #53，身份待核验）,2024；论文#53；待核验,待核验,身份待核验,待核验,论文合作者（身份待核验）,待核验,待核验,待核验,工具智能体与任务评测,未公开,"论文信息汇总.csv 序53：摘要、研究内容、创新点；内容仅据摘要/Introduction归纳。
仅取得可靠元数据或摘要；未取得可读全文。
https://arxiv.org/abs/2401.13178；访问2026-09-17；arXiv作者顺序和摘要。
CV：https://ikekonglp.github.io/lingpenk_cv.pdf；第7页；版本2026-01-27。
原文摘要依据：“Evaluating Large Language Models (LLMs) as general-purpose agents is essential for understanding their capabilities and facilitating their integration into practical applications. However, the evaluat”。
仅确认论文内原姓名署名；跨论文身份未确认。","身份待核验；按单篇保留，不跨论文合并同名者。待核验（未深查）；原姓名整体未达到重点阈值。
具体论文问题：P53-C;P53-D;P53-A;P53-R;P53-F
完整Scholar/DBLP论文列表及CCF/CORE目录未获取；当前公开材料可能漏项。",53
Yujiu Yang（论文 #53，身份待核验）,2024；论文#53；待核验,待核验,身份待核验,待核验,论文合作者（身份待核验）,待核验,待核验,待核验,工具智能体与任务评测,未公开,"论文信息汇总.csv 序53：摘要、研究内容、创新点；内容仅据摘要/Introduction归纳。
仅取得可靠元数据或摘要；未取得可读全文。
https://arxiv.org/abs/2401.13178；访问2026-09-17；arXiv作者顺序和摘要。
CV：https://ikekonglp.github.io/lingpenk_cv.pdf；第7页；版本2026-01-27。
原文摘要依据：“Evaluating Large Language Models (LLMs) as general-purpose agents is essential for understanding their capabilities and facilitating their integration into practical applications. However, the evaluat”。
仅确认论文内原姓名署名；跨论文身份未确认。","身份待核验；按单篇保留，不跨论文合并同名者。待核验（未深查）；原姓名整体未达到重点阈值。
具体论文问题：P53-C;P53-D;P53-A;P53-R;P53-F
完整Scholar/DBLP论文列表及CCF/CORE目录未获取；当前公开材料可能漏项。",53
Yaohui Jin（论文 #53，身份待核验）,2024；论文#53；待核验,待核验,身份待核验,待核验,论文合作者（身份待核验）,待核验,待核验,待核验,工具智能体与任务评测,未公开,"论文信息汇总.csv 序53：摘要、研究内容、创新点；内容仅据摘要/Introduction归纳。
仅取得可靠元数据或摘要；未取得可读全文。
https://arxiv.org/abs/2401.13178；访问2026-09-17；arXiv作者顺序和摘要。
CV：https://ikekonglp.github.io/lingpenk_cv.pdf；第7页；版本2026-01-27。
原文摘要依据：“Evaluating Large Language Models (LLMs) as general-purpose agents is essential for understanding their capabilities and facilitating their integration into practical applications. However, the evaluat”。
仅确认论文内原姓名署名；跨论文身份未确认。","身份待核验；按单篇保留，不跨论文合并同名者。待核验（未深查）；原姓名整体未达到重点阈值。
具体论文问题：P53-C;P53-D;P53-A;P53-R;P53-F
完整Scholar/DBLP论文列表及CCF/CORE目录未获取；当前公开材料可能漏项。",53
Zhenzhong Lan（论文 #53，身份待核验）,2024；论文#53；待核验,待核验,身份待核验,待核验,论文合作者（身份待核验）,待核验,待核验,待核验,工具智能体与任务评测,未公开,"论文信息汇总.csv 序53：摘要、研究内容、创新点；内容仅据摘要/Introduction归纳。
仅取得可靠元数据或摘要；未取得可读全文。
https://arxiv.org/abs/2401.13178；访问2026-09-17；arXiv作者顺序和摘要。
CV：https://ikekonglp.github.io/lingpenk_cv.pdf；第7页；版本2026-01-27。
原文摘要依据：“Evaluating Large Language Models (LLMs) as general-purpose agents is essential for understanding their capabilities and facilitating their integration into practical applications. However, the evaluat”。
仅确认论文内原姓名署名；跨论文身份未确认。","身份待核验；按单篇保留，不跨论文合并同名者。待核验（未深查）；原姓名整体未达到重点阈值。
具体论文问题：P53-C;P53-D;P53-A;P53-R;P53-F
完整Scholar/DBLP论文列表及CCF/CORE目录未获取；当前公开材料可能漏项。",53
Jiayi Xin（论文 #54，身份待核验）,2024；论文#54；待核验,待核验,身份待核验,待核验,论文合作者（身份待核验）,待核验,待核验,待核验,蛋白质表示学习,未公开,"论文信息汇总.csv 序54：摘要、研究内容、创新点；内容仅据摘要/Introduction归纳。
PDF：港大/Kong, Lingpeng/论文/2024_Retrieved Sequence Augmentation for Protein Representation Learning.pdf；第1页标题、作者单位与摘要；Introduction在已保存前3页内。
https://aclanthology.org/2024.emnlp-main.104/；访问2026-09-17；ACL作者顺序、发表信息与摘要。
CV：https://ikekonglp.github.io/lingpenk_cv.pdf；第7页；版本2026-01-27。
原文摘要依据：“Protein Language Models traditionally depend on Multiple Sequence Alignments (MSA) to incorporate evolutionary knowledge. However, MSA-based approaches suffer from substantial computational overhead a”。
仅确认论文内原姓名署名；跨论文身份未确认。","身份待核验；按单篇保留，不跨论文合并同名者。待核验（未深查）；原姓名整体未达到重点阈值。
具体论文问题：P54-C;P54-A;P54-R;P54-V
完整Scholar/DBLP论文列表及CCF/CORE目录未获取；当前公开材料可能漏项。",54
Lijun Wu（论文 #54，身份待核验）,2024；论文#54；待核验,待核验,身份待核验,待核验,论文合作者（身份待核验）,待核验,待核验,待核验,蛋白质表示学习,未公开,"论文信息汇总.csv 序54：摘要、研究内容、创新点；内容仅据摘要/Introduction归纳。
PDF：港大/Kong, Lingpeng/论文/2024_Retrieved Sequence Augmentation for Protein Representation Learning.pdf；第1页标题、作者单位与摘要；Introduction在已保存前3页内。
https://aclanthology.org/2024.emnlp-main.104/；访问2026-09-17；ACL作者顺序、发表信息与摘要。
CV：https://ikekonglp.github.io/lingpenk_cv.pdf；第7页；版本2026-01-27。
原文摘要依据：“Protein Language Models traditionally depend on Multiple Sequence Alignments (MSA) to incorporate evolutionary knowledge. However, MSA-based approaches suffer from substantial computational overhead a”。
仅确认论文内原姓名署名；跨论文身份未确认。","身份待核验；按单篇保留，不跨论文合并同名者。待核验（未深查）；原姓名整体未达到重点阈值。
具体论文问题：P54-C;P54-A;P54-R;P54-V
完整Scholar/DBLP论文列表及CCF/CORE目录未获取；当前公开材料可能漏项。",54
Zhihong Deng（论文 #54，身份待核验）,2024；论文#54；待核验,待核验,身份待核验,待核验,论文合作者（身份待核验）,待核验,待核验,待核验,蛋白质表示学习,未公开,"论文信息汇总.csv 序54：摘要、研究内容、创新点；内容仅据摘要/Introduction归纳。
PDF：港大/Kong, Lingpeng/论文/2024_Retrieved Sequence Augmentation for Protein Representation Learning.pdf；第1页标题、作者单位与摘要；Introduction在已保存前3页内。
https://aclanthology.org/2024.emnlp-main.104/；访问2026-09-17；ACL作者顺序、发表信息与摘要。
CV：https://ikekonglp.github.io/lingpenk_cv.pdf；第7页；版本2026-01-27。
原文摘要依据：“Protein Language Models traditionally depend on Multiple Sequence Alignments (MSA) to incorporate evolutionary knowledge. However, MSA-based approaches suffer from substantial computational overhead a”。
仅确认论文内原姓名署名；跨论文身份未确认。","身份待核验；按单篇保留，不跨论文合并同名者。待核验（未深查）；原姓名整体未达到重点阈值。
具体论文问题：P54-C;P54-A;P54-R;P54-V
完整Scholar/DBLP论文列表及CCF/CORE目录未获取；当前公开材料可能漏项。",54
Yang Young Lu（论文 #54，身份待核验）,2024；论文#54；待核验,待核验,身份待核验,待核验,论文合作者（身份待核验）,待核验,待核验,待核验,蛋白质表示学习,未公开,"论文信息汇总.csv 序54：摘要、研究内容、创新点；内容仅据摘要/Introduction归纳。
PDF：港大/Kong, Lingpeng/论文/2024_Retrieved Sequence Augmentation for Protein Representation Learning.pdf；第1页标题、作者单位与摘要；Introduction在已保存前3页内。
https://aclanthology.org/2024.emnlp-main.104/；访问2026-09-17；ACL作者顺序、发表信息与摘要。
CV：https://ikekonglp.github.io/lingpenk_cv.pdf；第7页；版本2026-01-27。
原文摘要依据：“Protein Language Models traditionally depend on Multiple Sequence Alignments (MSA) to incorporate evolutionary knowledge. However, MSA-based approaches suffer from substantial computational overhead a”。
仅确认论文内原姓名署名；跨论文身份未确认。","身份待核验；按单篇保留，不跨论文合并同名者。待核验（未深查）；原姓名整体未达到重点阈值。
具体论文问题：P54-C;P54-A;P54-R;P54-V
完整Scholar/DBLP论文列表及CCF/CORE目录未获取；当前公开材料可能漏项。",54
Shunian Chen（论文 #55，身份待核验）,2024；论文#55；香港中文大学（深圳）,待核验,身份待核验,待核验,论文合作者（身份待核验）,待核验,待核验,待核验,模型评价与奖励学习,未公开,"论文信息汇总.csv 序55：摘要、研究内容、创新点；内容仅据摘要/Introduction归纳。
PDF：港大/Kong, Lingpeng/论文/2024_VLFeedback_ A Large-Scale AI Feedback Dataset for Large Vision-Language Models Alignment.pdf；第1页标题、作者单位与摘要；Introduction在已保存前3页内。
https://aclanthology.org/2024.emnlp-main.358/；访问2026-09-17；ACL作者顺序、发表信息与摘要。
CV：https://ikekonglp.github.io/lingpenk_cv.pdf；第7页；版本2026-01-27。
原文摘要依据：“As large vision-language models (LVLMs) evolve rapidly, the demand for high-quality and diverse data to align these models becomes increasingly crucial. However, the creation of such data with human s”。
仅确认论文内原姓名署名；跨论文身份未确认。","身份待核验；按单篇保留，不跨论文合并同名者。待核验（未深查）；原姓名整体未达到重点阈值。
具体论文问题：P55-C;P55-A;P55-R;P55-V
完整Scholar/DBLP论文列表及CCF/CORE目录未获取；当前公开材料可能漏项。",55
Liang Chen（论文 #55，身份待核验）,2024；论文#55；北京大学,待核验,身份待核验,待核验,论文合作者（身份待核验）,待核验,待核验,待核验,模型评价与奖励学习,未公开,"论文信息汇总.csv 序55：摘要、研究内容、创新点；内容仅据摘要/Introduction归纳。
PDF：港大/Kong, Lingpeng/论文/2024_VLFeedback_ A Large-Scale AI Feedback Dataset for Large Vision-Language Models Alignment.pdf；第1页标题、作者单位与摘要；Introduction在已保存前3页内。
https://aclanthology.org/2024.emnlp-main.358/；访问2026-09-17；ACL作者顺序、发表信息与摘要。
CV：https://ikekonglp.github.io/lingpenk_cv.pdf；第7页；版本2026-01-27。
原文摘要依据：“As large vision-language models (LVLMs) evolve rapidly, the demand for high-quality and diverse data to align these models becomes increasingly crucial. However, the creation of such data with human s”。
仅确认论文内原姓名署名；跨论文身份未确认。https://aclanthology.org/people/liang-chen/","身份待核验；按单篇保留，不跨论文合并同名者。达到重点候选筛选阈值；已查可定位来源，身份/历史履历仍未确认。
具体论文问题：P55-C;P55-A;P55-R;P55-V
完整Scholar/DBLP论文列表及CCF/CORE目录未获取；当前公开材料可能漏项。",55
Liang Chen（论文 #68，身份待核验）,2024；论文#68；北京大学,待核验,身份待核验,待核验,论文合作者（身份待核验）,待核验,待核验,待核验,模型评价与奖励学习,未公开,"论文信息汇总.csv 序68：摘要、研究内容、创新点；内容仅据摘要/Introduction归纳。
PDF：港大/Kong, Lingpeng/论文/2024_Large Language Models are not Fair Evaluators.pdf；第1页标题、作者单位与摘要；Introduction在已保存前3页内。
https://aclanthology.org/2024.acl-long.511/；访问2026-09-17；ACL作者顺序、发表信息与摘要。
CV：https://ikekonglp.github.io/lingpenk_cv.pdf；第8页；版本2026-01-27。
PDF发表标记：“Proceedings of the 62nd Annual Meeting of the Association for Computational Linguistics (Volume 1: Long Papers), pages 9440–9450”。
原文摘要依据：“In this paper, we uncover a positional bias in the evaluation paradigm of adopting large language models (LLMs), e.g., GPT-4, as a referee to score and compare the quality of responses generated by ca”。
仅确认论文内原姓名署名；跨论文身份未确认。https://aclanthology.org/people/liang-chen/","身份待核验；按单篇保留，不跨论文合并同名者。达到重点候选筛选阈值；已查可定位来源，身份/历史履历仍未确认。
具体论文问题：P68-C;P68-R
完整Scholar/DBLP论文列表及CCF/CORE目录未获取；当前公开材料可能漏项。",68
Liang Chen（论文 #137，身份待核验）,2023；论文#137；北京大学,待核验,身份待核验,待核验,论文合作者（身份待核验）,待核验,待核验,待核验,视觉语言理解,未公开,"论文信息汇总.csv 序137：摘要、研究内容、创新点；内容仅据摘要/Introduction归纳。
PDF：港大/Kong, Lingpeng/论文/2023_M$^3$IT_ A Large-Scale Dataset towards Multi-Modal Multilingual Instruction Tuning.pdf；第1页标题、作者单位与摘要；Introduction在已保存前3页内。
https://arxiv.org/abs/2306.04387；访问2026-09-17；arXiv作者顺序和摘要。
原文摘要依据：“Instruction tuning has significantly advanced large language models (LLMs) such as ChatGPT, enabling them to align with human instructions across diverse tasks. However, progress in open vision-langua”。
仅确认论文内原姓名署名；跨论文身份未确认。https://aclanthology.org/people/liang-chen/","身份待核验；按单篇保留，不跨论文合并同名者。达到重点候选筛选阈值；已查可定位来源，身份/历史履历仍未确认。
具体论文问题：P137-C;P137-R
完整Scholar/DBLP论文列表及CCF/CORE目录未获取；当前公开材料可能漏项。",137
Yazheng Yang（论文 #55，身份待核验）,2024；论文#55；香港大学,待核验,身份待核验,待核验,论文合作者（身份待核验）,待核验,待核验,待核验,模型评价与奖励学习,未公开,"论文信息汇总.csv 序55：摘要、研究内容、创新点；内容仅据摘要/Introduction归纳。
PDF：港大/Kong, Lingpeng/论文/2024_VLFeedback_ A Large-Scale AI Feedback Dataset for Large Vision-Language Models Alignment.pdf；第1页标题、作者单位与摘要；Introduction在已保存前3页内。
https://aclanthology.org/2024.emnlp-main.358/；访问2026-09-17；ACL作者顺序、发表信息与摘要。
CV：https://ikekonglp.github.io/lingpenk_cv.pdf；第7页；版本2026-01-27。
原文摘要依据：“As large vision-language models (LVLMs) evolve rapidly, the demand for high-quality and diverse data to align these models becomes increasingly crucial. However, the creation of such data with human s”。
仅确认论文内原姓名署名；跨论文身份未确认。https://aclanthology.org/people/yazheng-yang/","身份待核验；按单篇保留，不跨论文合并同名者。达到重点候选筛选阈值；已查可定位来源，身份/历史履历仍未确认。
具体论文问题：P55-C;P55-A;P55-R;P55-V
完整Scholar/DBLP论文列表及CCF/CORE目录未获取；当前公开材料可能漏项。",55
Yazheng Yang（论文 #137，身份待核验）,2023；论文#137；香港大学,待核验,身份待核验,待核验,论文合作者（身份待核验）,待核验,待核验,待核验,视觉语言理解,未公开,"论文信息汇总.csv 序137：摘要、研究内容、创新点；内容仅据摘要/Introduction归纳。
PDF：港大/Kong, Lingpeng/论文/2023_M$^3$IT_ A Large-Scale Dataset towards Multi-Modal Multilingual Instruction Tuning.pdf；第1页标题、作者单位与摘要；Introduction在已保存前3页内。
https://arxiv.org/abs/2306.04387；访问2026-09-17；arXiv作者顺序和摘要。
原文摘要依据：“Instruction tuning has significantly advanced large language models (LLMs) such as ChatGPT, enabling them to align with human instructions across diverse tasks. However, progress in open vision-langua”。
仅确认论文内原姓名署名；跨论文身份未确认。https://aclanthology.org/people/yazheng-yang/","身份待核验；按单篇保留，不跨论文合并同名者。达到重点候选筛选阈值；已查可定位来源，身份/历史履历仍未确认。
具体论文问题：P137-C;P137-R
完整Scholar/DBLP论文列表及CCF/CORE目录未获取；当前公开材料可能漏项。",137
Benyou Wang（论文 #55，身份待核验）,2024；论文#55；香港中文大学（深圳）,待核验,身份待核验,待核验,论文合作者（身份待核验）,待核验,待核验,待核验,模型评价与奖励学习,未公开,"论文信息汇总.csv 序55：摘要、研究内容、创新点；内容仅据摘要/Introduction归纳。
PDF：港大/Kong, Lingpeng/论文/2024_VLFeedback_ A Large-Scale AI Feedback Dataset for Large Vision-Language Models Alignment.pdf；第1页标题、作者单位与摘要；Introduction在已保存前3页内。
https://aclanthology.org/2024.emnlp-main.358/；访问2026-09-17；ACL作者顺序、发表信息与摘要。
CV：https://ikekonglp.github.io/lingpenk_cv.pdf；第7页；版本2026-01-27。
原文摘要依据：“As large vision-language models (LVLMs) evolve rapidly, the demand for high-quality and diverse data to align these models becomes increasingly crucial. However, the creation of such data with human s”。
仅确认论文内原姓名署名；跨论文身份未确认。","身份待核验；按单篇保留，不跨论文合并同名者。待核验（未深查）；原姓名整体未达到重点阈值。
具体论文问题：P55-C;P55-A;P55-R;P55-V
完整Scholar/DBLP论文列表及CCF/CORE目录未获取；当前公开材料可能漏项。",55
Guoyin Wang（论文 #56，身份待核验）,2024；论文#56；字节跳动,待核验,身份待核验,待核验,论文合作者（身份待核验）,待核验,待核验,待核验,工具智能体与任务评测,未公开,"论文信息汇总.csv 序56：摘要、研究内容、创新点；内容仅据摘要/Introduction归纳。
PDF：港大/Kong, Lingpeng/论文/2024_Empowering Large Language Model Agents through Action Learning.pdf；第1页标题、作者单位与摘要；Introduction在已保存前3页内。
https://arxiv.org/abs/2402.15809；访问2026-09-17；arXiv作者顺序和摘要。
CV：https://ikekonglp.github.io/lingpenk_cv.pdf；第7页；版本2026-01-27。
原文摘要依据：“Large Language Model (LLM) Agents have recently garnered increasing interest yet they are limited in their ability to learn from trial and error, a key element of intelligent behavior. In this work, w”。
仅确认论文内原姓名署名；跨论文身份未确认。","身份待核验；按单篇保留，不跨论文合并同名者。待核验（未深查）；原姓名整体未达到重点阈值。
具体论文问题：P56-C;P56-R;P56-F
完整Scholar/DBLP论文列表及CCF/CORE目录未获取；当前公开材料可能漏项。",56
Jing Su（论文 #56，身份待核验）,2024；论文#56；字节跳动,待核验,身份待核验,待核验,论文合作者（身份待核验）,待核验,待核验,待核验,工具智能体与任务评测,未公开,"论文信息汇总.csv 序56：摘要、研究内容、创新点；内容仅据摘要/Introduction归纳。
PDF：港大/Kong, Lingpeng/论文/2024_Empowering Large Language Model Agents through Action Learning.pdf；第1页标题、作者单位与摘要；Introduction在已保存前3页内。
https://arxiv.org/abs/2402.15809；访问2026-09-17；arXiv作者顺序和摘要。
CV：https://ikekonglp.github.io/lingpenk_cv.pdf；第7页；版本2026-01-27。
原文摘要依据：“Large Language Model (LLM) Agents have recently garnered increasing interest yet they are limited in their ability to learn from trial and error, a key element of intelligent behavior. In this work, w”。
仅确认论文内原姓名署名；跨论文身份未确认。","身份待核验；按单篇保留，不跨论文合并同名者。待核验（未深查）；原姓名整体未达到重点阈值。
具体论文问题：P56-C;P56-R;P56-F
完整Scholar/DBLP论文列表及CCF/CORE目录未获取；当前公开材料可能漏项。",56
Zhi-Hong Deng（论文 #56，身份待核验）,2024；论文#56；北京大学,待核验,身份待核验,待核验,论文合作者（身份待核验）,待核验,待核验,待核验,工具智能体与任务评测,未公开,"论文信息汇总.csv 序56：摘要、研究内容、创新点；内容仅据摘要/Introduction归纳。
PDF：港大/Kong, Lingpeng/论文/2024_Empowering Large Language Model Agents through Action Learning.pdf；第1页标题、作者单位与摘要；Introduction在已保存前3页内。
https://arxiv.org/abs/2402.15809；访问2026-09-17；arXiv作者顺序和摘要。
CV：https://ikekonglp.github.io/lingpenk_cv.pdf；第7页；版本2026-01-27。
原文摘要依据：“Large Language Model (LLM) Agents have recently garnered increasing interest yet they are limited in their ability to learn from trial and error, a key element of intelligent behavior. In this work, w”。
仅确认论文内原姓名署名；跨论文身份未确认。","身份待核验；按单篇保留，不跨论文合并同名者。达到重点候选筛选阈值；已查可定位来源，身份/历史履历仍未确认。
具体论文问题：P56-C;P56-R;P56-F
完整Scholar/DBLP论文列表及CCF/CORE目录未获取；当前公开材料可能漏项。",56
Zhi-Hong Deng（论文 #78，身份待核验）,2023；论文#78；待核验,待核验,身份待核验,待核验,论文合作者（身份待核验）,待核验,待核验,待核验,分子零样本学习,未公开,"论文信息汇总.csv 序78：摘要、研究内容、创新点；内容仅据摘要/Introduction归纳。
仅取得可靠元数据或摘要；未取得可读全文。
https://arxiv.org/abs/2306.13089；访问2026-09-17；arXiv作者顺序和摘要。
CV：https://ikekonglp.github.io/lingpenk_cv.pdf；第9页；版本2026-01-27。
原文摘要依据：“Molecule property prediction has gained significant attention in recent years. The main bottleneck is the label insufficiency caused by expensive lab experiments. In order to alleviate this issue and ”。
仅确认论文内原姓名署名；跨论文身份未确认。","身份待核验；按单篇保留，不跨论文合并同名者。达到重点候选筛选阈值；已查可定位来源，身份/历史履历仍未确认。
具体论文问题：P78-C;P78-D;P78-A;P78-R;P78-F
完整Scholar/DBLP论文列表及CCF/CORE目录未获取；当前公开材料可能漏项。",78
Zhi-Hong Deng（论文 #151，身份待核验）,2025；论文#151；北京大学,待核验,身份待核验,待核验,论文合作者（身份待核验）,待核验,待核验,待核验,生物通路推理,未公开,"论文信息汇总.csv 序151：摘要、研究内容、创新点；内容仅据摘要/Introduction归纳。
PDF：港大/Kong, Lingpeng/论文/2025_BioMaze_ Benchmarking and Enhancing Large Language Models for Biological Pathway Reasoning.pdf；第1页标题、作者单位与摘要；Introduction在已保存前3页内。
https://arxiv.org/abs/2502.16660；访问2026-09-17；arXiv作者顺序和摘要。
原文摘要依据：“The applications of large language models (LLMs) in various biological domains have been explored recently, but their reasoning ability in complex biological systems, such as pathways, remains underex”。
仅确认论文内原姓名署名；跨论文身份未确认。","身份待核验；按单篇保留，不跨论文合并同名者。达到重点候选筛选阈值；已查可定位来源，身份/历史履历仍未确认。
具体论文问题：P151-C;P151-R
完整Scholar/DBLP论文列表及CCF/CORE目录未获取；当前公开材料可能漏项。",151
Xiang Li（论文 #57，身份待核验）,2024；论文#57；待核验,待核验,身份待核验,待核验,论文合作者（身份待核验）,待核验,待核验,待核验,推理与决策规划,未公开,"论文信息汇总.csv 序57：摘要、研究内容、创新点；内容仅据摘要/Introduction归纳。
仅取得可靠元数据或摘要；未取得可读全文。
https://arxiv.org/abs/2310.00280；访问2026-09-17；arXiv作者顺序和摘要。
CV：https://ikekonglp.github.io/lingpenk_cv.pdf；第7页；版本2026-01-27。
原文摘要依据：“Large Language Models (LLMs) are evolving at an unprecedented pace and have exhibited considerable capability in the realm of natural language processing (NLP) with world knowledge. Benefiting from ul”。
仅确认论文内原姓名署名；跨论文身份未确认。https://aclanthology.org/people/xiang-li/unverified/","身份待核验；按单篇保留，不跨论文合并同名者。达到重点候选筛选阈值；已查可定位来源，身份/历史履历仍未确认。
具体论文问题：P57-C;P57-D;P57-A;P57-R;P57-F
完整Scholar/DBLP论文列表及CCF/CORE目录未获取；当前公开材料可能漏项。",57
Xiang Li（论文 #107，身份待核验）,2022；论文#107；华东师范大学,待核验,身份待核验,待核验,论文合作者（身份待核验）,待核验,待核验,待核验,支持性对话,未公开,"论文信息汇总.csv 序107：摘要、研究内容、创新点；内容仅据摘要/Introduction归纳。
PDF：港大/Kong, Lingpeng/论文/2022_Lexical Knowledge Internalization for Neural Dialog Generation.pdf；第1页标题、作者单位与摘要；Introduction在已保存前3页内。
https://aclanthology.org/2022.acl-long.547/；访问2026-09-17；ACL作者顺序、发表信息与摘要。
CV：https://ikekonglp.github.io/lingpenk_cv.pdf；第11页；版本2026-01-27。
PDF发表标记：“Proceedings of the 60th Annual Meeting of the Association for Computational Linguistics”。
原文摘要依据：“We propose knowledge internalization (KI), which aims to complement the lexical knowledge into neural dialog models. Instead of further conditioning the knowledge-grounded dialog (KGD) models on exter”。
仅确认论文内原姓名署名；跨论文身份未确认。https://aclanthology.org/people/xiang-li/unverified/","身份待核验；按单篇保留，不跨论文合并同名者。达到重点候选筛选阈值；已查可定位来源，身份/历史履历仍未确认。
具体论文问题：P107-C;P107-A
完整Scholar/DBLP论文列表及CCF/CORE目录未获取；当前公开材料可能漏项。",107
Xiang Li（论文 #112，身份待核验）,2021；论文#112；华东师范大学,待核验,身份待核验,待核验,论文合作者（身份待核验）,待核验,待核验,待核验,机器翻译,未公开,"论文信息汇总.csv 序112：摘要、研究内容、创新点；内容仅据摘要/Introduction归纳。
PDF：港大/Kong, Lingpeng/论文/2021_Good for Misconceived Reasons_ An Empirical Revisiting on the Need for Visual Context in Multimodal Machine Translation.pdf；第1页标题、作者单位与摘要；Introduction在已保存前3页内。
https://aclanthology.org/2021.acl-long.480/；访问2026-09-17；ACL作者顺序、发表信息与摘要。
CV：https://ikekonglp.github.io/lingpenk_cv.pdf；第11页；版本2026-01-27。
PDF发表标记：“Proceedings of the 59th Annual Meeting of the Association for Computational Linguistics”。
原文摘要依据：“A neural multimodal machine translation (MMT) system is one that aims to perform better translation by extending conventional text-only translation models with multimodal information. Many recent stud”。
仅确认论文内原姓名署名；跨论文身份未确认。https://aclanthology.org/people/xiang-li/unverified/","身份待核验；按单篇保留，不跨论文合并同名者。达到重点候选筛选阈值；已查可定位来源，身份/历史履历仍未确认。
具体论文问题：P112-C;P112-A;P112-R
完整Scholar/DBLP论文列表及CCF/CORE目录未获取；当前公开材料可能漏项。",112
Xiang Li（论文 #144，身份待核验）,2024；论文#144；待核验,待核验,身份待核验,待核验,论文合作者（身份待核验）,待核验,待核验,待核验,代码生成与纠错,未公开,"论文信息汇总.csv 序144：摘要、研究内容、创新点；内容仅据摘要/Introduction归纳。
仅取得可靠元数据或摘要；未取得可读全文。
https://arxiv.org/abs/2403.14734；访问2026-09-17；arXiv作者顺序和摘要。
原文摘要依据：“Neural Code Intelligence -- leveraging deep learning to understand, generate, and optimize code -- holds immense potential for transformative impacts on the whole society. Bridging the gap between Nat”。
仅确认论文内原姓名署名；跨论文身份未确认。https://aclanthology.org/people/xiang-li/unverified/","身份待核验；按单篇保留，不跨论文合并同名者。达到重点候选筛选阈值；已查可定位来源，身份/历史履历仍未确认。
具体论文问题：P144-C;P144-D;P144-A;P144-R
完整Scholar/DBLP论文列表及CCF/CORE目录未获取；当前公开材料可能漏项。",144
Xipeng Qiu（论文 #57，身份待核验）,2024；论文#57；待核验,待核验,身份待核验,待核验,论文合作者（身份待核验）,待核验,待核验,待核验,推理与决策规划,未公开,"论文信息汇总.csv 序57：摘要、研究内容、创新点；内容仅据摘要/Introduction归纳。
仅取得可靠元数据或摘要；未取得可读全文。
https://arxiv.org/abs/2310.00280；访问2026-09-17；arXiv作者顺序和摘要。
CV：https://ikekonglp.github.io/lingpenk_cv.pdf；第7页；版本2026-01-27。
原文摘要依据：“Large Language Models (LLMs) are evolving at an unprecedented pace and have exhibited considerable capability in the realm of natural language processing (NLP) with world knowledge. Benefiting from ul”。
仅确认论文内原姓名署名；跨论文身份未确认。https://xpqiu.github.io/en.html
https://aclanthology.org/people/xipeng-qiu/","身份待核验；按单篇保留，不跨论文合并同名者。达到重点候选筛选阈值；已查可定位来源，身份/历史履历仍未确认。
具体论文问题：P57-C;P57-D;P57-A;P57-R;P57-F
完整Scholar/DBLP论文列表及CCF/CORE目录未获取；当前公开材料可能漏项。",57
Xipeng Qiu（论文 #61，身份待核验）,2024；论文#61；复旦大学,待核验,身份待核验,待核验,论文合作者（身份待核验）,待核验,待核验,待核验,长上下文建模与压缩,未公开,"论文信息汇总.csv 序61：摘要、研究内容、创新点；内容仅据摘要/Introduction归纳。
PDF：港大/Kong, Lingpeng/论文/2024_L-Eval_ Instituting Standardized Evaluation for Long Context Language Models.pdf；第1页标题、作者单位与摘要；Introduction在已保存前3页内。
https://aclanthology.org/2024.acl-long.776/；访问2026-09-17；ACL作者顺序、发表信息与摘要。
CV：https://ikekonglp.github.io/lingpenk_cv.pdf；第8页；版本2026-01-27。
PDF发表标记：“Proceedings of the 62nd Annual Meeting of the Association for Computational Linguistics (Volume 1: Long Papers), pages 14388–14411”。
原文摘要依据：“Recently, there has been growing interest in long-context scaling of large language models (LLMs). To facilitate research in this field, we propose L-Eval to institute a more standardized evaluation f”。
仅确认论文内原姓名署名；跨论文身份未确认。https://xpqiu.github.io/en.html
https://aclanthology.org/people/xipeng-qiu/","身份待核验；按单篇保留，不跨论文合并同名者。达到重点候选筛选阈值；已查可定位来源，身份/历史履历仍未确认。
具体论文问题：P61-C;P61-R
完整Scholar/DBLP论文列表及CCF/CORE目录未获取；当前公开材料可能漏项。",61
Xipeng Qiu（论文 #70，身份待核验）,2024；论文#70；复旦大学,待核验,身份待核验,待核验,论文合作者（身份待核验）,待核验,待核验,待核验,长上下文建模与压缩,未公开,"论文信息汇总.csv 序70：摘要、研究内容、创新点；内容仅据摘要/Introduction归纳。
PDF：港大/Kong, Lingpeng/论文/2024_Training- Free Long-Context Scaling of Large Language Models.pdf；第1页标题、作者单位与摘要；Introduction在已保存前3页内。
https://arxiv.org/abs/2402.17463；访问2026-09-17；arXiv作者顺序和摘要。
CV：https://ikekonglp.github.io/lingpenk_cv.pdf；第8页；版本2026-01-27。
PDF发表标记：“Proceedings of the 41 st International Conference on Machine            tion indices or increasing the base frequency in RoPE (Su”。
原文摘要依据：“The ability of Large Language Models (LLMs) to process and generate coherent text is markedly weakened when the number of input tokens exceeds their pretraining length. Given the expensive overhead of”。
仅确认论文内原姓名署名；跨论文身份未确认。https://xpqiu.github.io/en.html
https://aclanthology.org/people/xipeng-qiu/","身份待核验；按单篇保留，不跨论文合并同名者。达到重点候选筛选阈值；已查可定位来源，身份/历史履历仍未确认。
具体论文问题：P70-C;P70-A;P70-R
完整Scholar/DBLP论文列表及CCF/CORE目录未获取；当前公开材料可能漏项。",70
Xipeng Qiu（论文 #100，身份待核验）,2022；论文#100；复旦大学,待核验,身份待核验,待核验,论文合作者（身份待核验）,待核验,待核验,待核验,可控文本生成与一致性,未公开,"论文信息汇总.csv 序100：摘要、研究内容、创新点；内容仅据摘要/Introduction归纳。
PDF：港大/Kong, Lingpeng/论文/2022_CoNT_ Contrastive Neural Text Generation.pdf；第1页标题、作者单位与摘要；Introduction在已保存前3页内。
https://arxiv.org/abs/2205.14690；访问2026-09-17；arXiv作者顺序和摘要。
CV：https://ikekonglp.github.io/lingpenk_cv.pdf；第10页；版本2026-01-27。
原文摘要依据：“Recently, contrastive learning attracts increasing interests in neural text generation as a new solution to alleviate the exposure bias problem. It introduces a sequence-level training signal which is”。
仅确认论文内原姓名署名；跨论文身份未确认。https://xpqiu.github.io/en.html
https://aclanthology.org/people/xipeng-qiu/","身份待核验；按单篇保留，不跨论文合并同名者。达到重点候选筛选阈值；已查可定位来源，身份/历史履历仍未确认。
具体论文问题：P100-C;P100-A;P100-R;P100-F
完整Scholar/DBLP论文列表及CCF/CORE目录未获取；当前公开材料可能漏项。",100
Xipeng Qiu（论文 #136，身份待核验）,2023；论文#136；复旦大学,待核验,身份待核验,待核验,论文合作者（身份待核验）,待核验,待核验,待核验,可控文本生成与一致性,未公开,"论文信息汇总.csv 序136：摘要、研究内容、创新点；内容仅据摘要/Introduction归纳。
PDF：港大/Kong, Lingpeng/论文/2023_Optimizing Non-Autoregressive Transformers with Contrastive Learning.pdf；第1页标题、作者单位与摘要；Introduction在已保存前3页内。
https://arxiv.org/abs/2305.13667；访问2026-09-17；arXiv作者顺序和摘要。
原文摘要依据：“Non-autoregressive Transformers (NATs) reduce the inference latency of Autoregressive Transformers (ATs) by predicting words all at once rather than in sequential order. They have achieved remarkable ”。
仅确认论文内原姓名署名；跨论文身份未确认。https://xpqiu.github.io/en.html
https://aclanthology.org/people/xipeng-qiu/","身份待核验；按单篇保留，不跨论文合并同名者。达到重点候选筛选阈值；已查可定位来源，身份/历史履历仍未确认。
具体论文问题：P136-C;P136-R
完整Scholar/DBLP论文列表及CCF/CORE目录未获取；当前公开材料可能漏项。",136
Xipeng Qiu（论文 #144，身份待核验）,2024；论文#144；待核验,待核验,身份待核验,待核验,论文合作者（身份待核验）,待核验,待核验,待核验,代码生成与纠错,未公开,"论文信息汇总.csv 序144：摘要、研究内容、创新点；内容仅据摘要/Introduction归纳。
仅取得可靠元数据或摘要；未取得可读全文。
https://arxiv.org/abs/2403.14734；访问2026-09-17；arXiv作者顺序和摘要。
原文摘要依据：“Neural Code Intelligence -- leveraging deep learning to understand, generate, and optimize code -- holds immense potential for transformative impacts on the whole society. Bridging the gap between Nat”。
仅确认论文内原姓名署名；跨论文身份未确认。https://xpqiu.github.io/en.html
https://aclanthology.org/people/xipeng-qiu/","身份待核验；按单篇保留，不跨论文合并同名者。达到重点候选筛选阈值；已查可定位来源，身份/历史履历仍未确认。
具体论文问题：P144-C;P144-D;P144-A;P144-R
完整Scholar/DBLP论文列表及CCF/CORE目录未获取；当前公开材料可能漏项。",144
Xipeng Qiu（论文 #149，身份待核验）,2024；论文#149；复旦大学,待核验,身份待核验,待核验,论文合作者（身份待核验）,待核验,待核验,待核验,模型评价与奖励学习,未公开,"论文信息汇总.csv 序149：摘要、研究内容、创新点；内容仅据摘要/Introduction归纳。
PDF：港大/Kong, Lingpeng/论文/2024_Understanding the Role of LLMs in Multimodal Evaluation Benchmarks.pdf；第1页标题、作者单位与摘要；Introduction在已保存前3页内。
https://arxiv.org/abs/2410.12329；访问2026-09-17；arXiv作者顺序和摘要。
原文摘要依据：“The rapid advancement of Multimodal Large Language Models (MLLMs) has been accompanied by the development of various benchmarks to evaluate their capabilities. However, the true nature of these evalua”。
仅确认论文内原姓名署名；跨论文身份未确认。https://xpqiu.github.io/en.html
https://aclanthology.org/people/xipeng-qiu/","身份待核验；按单篇保留，不跨论文合并同名者。达到重点候选筛选阈值；已查可定位来源，身份/历史履历仍未确认。
具体论文问题：P149-C
完整Scholar/DBLP论文列表及CCF/CORE目录未获取；当前公开材料可能漏项。",149
Tianyang Han（论文 #58，身份待核验）,2024；论文#58；待核验,待核验,身份待核验,待核验,论文合作者（身份待核验）,待核验,待核验,待核验,模型安全与可靠性,未公开,"论文信息汇总.csv 序58：摘要、研究内容、创新点；内容仅据摘要/Introduction归纳。
仅取得可靠元数据或摘要；未取得可读全文。
https://arxiv.org/abs/2409.11365；访问2026-09-17；arXiv作者顺序和摘要。
CV：https://ikekonglp.github.io/lingpenk_cv.pdf；第7页；版本2026-01-27。
原文摘要依据：“The deployment of multimodal large language models (MLLMs) has demonstrated remarkable success in engaging in conversations involving visual inputs, thanks to the superior power of large language mode”。
仅确认论文内原姓名署名；跨论文身份未确认。","身份待核验；按单篇保留，不跨论文合并同名者。待核验（未深查）；原姓名整体未达到重点阈值。
具体论文问题：P58-C;P58-D;P58-A;P58-R;P58-F
完整Scholar/DBLP论文列表及CCF/CORE目录未获取；当前公开材料可能漏项。",58
Han Wu（论文 #58，身份待核验）,2024；论文#58；待核验,待核验,身份待核验,待核验,论文合作者（身份待核验）,待核验,待核验,待核验,模型安全与可靠性,未公开,"论文信息汇总.csv 序58：摘要、研究内容、创新点；内容仅据摘要/Introduction归纳。
仅取得可靠元数据或摘要；未取得可读全文。
https://arxiv.org/abs/2409.11365；访问2026-09-17；arXiv作者顺序和摘要。
CV：https://ikekonglp.github.io/lingpenk_cv.pdf；第7页；版本2026-01-27。
原文摘要依据：“The deployment of multimodal large language models (MLLMs) has demonstrated remarkable success in engaging in conversations involving visual inputs, thanks to the superior power of large language mode”。
仅确认论文内原姓名署名；跨论文身份未确认。","身份待核验；按单篇保留，不跨论文合并同名者。待核验（未深查）；原姓名整体未达到重点阈值。
具体论文问题：P58-C;P58-D;P58-A;P58-R;P58-F
完整Scholar/DBLP论文列表及CCF/CORE目录未获取；当前公开材料可能漏项。",58
Jianbo Yuan（论文 #59，身份待核验）,2024；论文#59；字节跳动,待核验,身份待核验,待核验,论文合作者（身份待核验）,待核验,待核验,待核验,扩散文本生成,未公开,"论文信息汇总.csv 序59：摘要、研究内容、创新点；内容仅据摘要/Introduction归纳。
PDF：港大/Kong, Lingpeng/论文/2024_A Reparameterized Discrete Diffusion Model for Text Generation.pdf；第1页标题、作者单位与摘要；Introduction在已保存前3页内。
https://arxiv.org/abs/2302.05737；访问2026-09-17；arXiv作者顺序和摘要。
CV：https://ikekonglp.github.io/lingpenk_cv.pdf；第7页；版本2026-01-27。
原文摘要依据：“This work studies discrete diffusion probabilistic models with applications to natural language generation. We derive an alternative yet equivalent formulation of the sampling from discrete diffusion ”。
仅确认论文内原姓名署名；跨论文身份未确认。","身份待核验；按单篇保留，不跨论文合并同名者。达到重点候选筛选阈值；已查可定位来源，身份/历史履历仍未确认。
具体论文问题：P59-C;P59-R;P59-F
完整Scholar/DBLP论文列表及CCF/CORE目录未获取；当前公开材料可能漏项。",59
Jianbo Yuan（论文 #69，身份待核验）,2024；论文#69；字节跳动,待核验,身份待核验,待核验,论文合作者（身份待核验）,待核验,待核验,待核验,代码生成与纠错,未公开,"论文信息汇总.csv 序69：摘要、研究内容、创新点；内容仅据摘要/Introduction归纳。
PDF：港大/Kong, Lingpeng/论文/2024_Self-Infilling Code Generation.pdf；第1页标题、作者单位与摘要；Introduction在已保存前3页内。
https://arxiv.org/abs/2311.17972；访问2026-09-17；arXiv作者顺序和摘要。
CV：https://ikekonglp.github.io/lingpenk_cv.pdf；第8页；版本2026-01-27。
PDF发表标记：“Proceedings of the 41 st International Conference on Machine          terruption point to infill the bypassed context (Figure 1c).”。
原文摘要依据：“This work introduces self-infilling code generation, a general framework that incorporates infilling operations into auto-regressive decoding. Our approach capitalizes on the observation that recent i”。
仅确认论文内原姓名署名；跨论文身份未确认。","身份待核验；按单篇保留，不跨论文合并同名者。达到重点候选筛选阈值；已查可定位来源，身份/历史履历仍未确认。
具体论文问题：P69-C;P69-R
完整Scholar/DBLP论文列表及CCF/CORE目录未获取；当前公开材料可能漏项。",69
Jianbo Yuan（论文 #90，身份待核验）,2023；论文#90；字节跳动,待核验,身份待核验,待核验,论文合作者（身份待核验）,待核验,待核验,待核验,高效注意力与序列架构,未公开,"论文信息汇总.csv 序90：摘要、研究内容、创新点；内容仅据摘要/Introduction归纳。
PDF：港大/Kong, Lingpeng/论文/2023_Efficient Attention via Control Variates.pdf；第1页标题、作者单位与摘要；Introduction在已保存前3页内。
https://arxiv.org/abs/2302.04542；访问2026-09-17；arXiv作者顺序和摘要。
CV：https://ikekonglp.github.io/lingpenk_cv.pdf；第10页；版本2026-01-27。
PDF发表标记：“Published as a conference paper at ICLR 2023”。
原文摘要依据：“Random-feature-based attention (RFA) is an efficient approximation of softmax attention with linear runtime and space complexity. However, the approximation gap between RFA and conventional softmax at”。
仅确认论文内原姓名署名；跨论文身份未确认。","身份待核验；按单篇保留，不跨论文合并同名者。达到重点候选筛选阈值；已查可定位来源，身份/历史履历仍未确认。
具体论文问题：P90-C;P90-R
完整Scholar/DBLP论文列表及CCF/CORE目录未获取；当前公开材料可能漏项。",90
Yuqi Wang（论文 #60，身份待核验）,2024；论文#60；待核验,待核验,身份待核验,待核验,论文合作者（身份待核验）,待核验,待核验,待核验,视觉语言理解,未公开,"论文信息汇总.csv 序60：摘要、研究内容、创新点；内容仅据摘要/Introduction归纳。
仅取得可靠元数据或摘要；未取得可读全文。
https://aclanthology.org/2024.acl-long.775/；访问2026-09-17；ACL作者顺序、发表信息与摘要。
CV：https://ikekonglp.github.io/lingpenk_cv.pdf；第7页；版本2026-01-27。
原文摘要依据：“Large vision-language models (LVLMs) excel across diverse tasks involving concrete images from natural scenes. However, their ability to interpret abstract figures, such as geometry shapes and scienti”。
仅确认论文内原姓名署名；跨论文身份未确认。","身份待核验；按单篇保留，不跨论文合并同名者。待核验（未深查）；原姓名整体未达到重点阈值。
具体论文问题：P60-C;P60-D;P60-A;P60-R
完整Scholar/DBLP论文列表及CCF/CORE目录未获取；当前公开材料可能漏项。",60
Runxin Xu（论文 #60，身份待核验）,2024；论文#60；待核验,待核验,身份待核验,待核验,论文合作者（身份待核验）,待核验,待核验,待核验,视觉语言理解,未公开,"论文信息汇总.csv 序60：摘要、研究内容、创新点；内容仅据摘要/Introduction归纳。
仅取得可靠元数据或摘要；未取得可读全文。
https://aclanthology.org/2024.acl-long.775/；访问2026-09-17；ACL作者顺序、发表信息与摘要。
CV：https://ikekonglp.github.io/lingpenk_cv.pdf；第7页；版本2026-01-27。
原文摘要依据：“Large vision-language models (LVLMs) excel across diverse tasks involving concrete images from natural scenes. However, their ability to interpret abstract figures, such as geometry shapes and scienti”。
仅确认论文内原姓名署名；跨论文身份未确认。","身份待核验；按单篇保留，不跨论文合并同名者。待核验（未深查）；原姓名整体未达到重点阈值。
具体论文问题：P60-C;P60-D;P60-A;P60-R
完整Scholar/DBLP论文列表及CCF/CORE目录未获取；当前公开材料可能漏项。",60
Xingjian Zhao（论文 #61，身份待核验）,2024；论文#61；复旦大学,待核验,身份待核验,待核验,论文合作者（身份待核验）,待核验,待核验,待核验,长上下文建模与压缩,未公开,"论文信息汇总.csv 序61：摘要、研究内容、创新点；内容仅据摘要/Introduction归纳。
PDF：港大/Kong, Lingpeng/论文/2024_L-Eval_ Instituting Standardized Evaluation for Long Context Language Models.pdf；第1页标题、作者单位与摘要；Introduction在已保存前3页内。
https://aclanthology.org/2024.acl-long.776/；访问2026-09-17；ACL作者顺序、发表信息与摘要。
CV：https://ikekonglp.github.io/lingpenk_cv.pdf；第8页；版本2026-01-27。
PDF发表标记：“Proceedings of the 62nd Annual Meeting of the Association for Computational Linguistics (Volume 1: Long Papers), pages 14388–14411”。
原文摘要依据：“Recently, there has been growing interest in long-context scaling of large language models (LLMs). To facilitate research in this field, we propose L-Eval to institute a more standardized evaluation f”。
仅确认论文内原姓名署名；跨论文身份未确认。","身份待核验；按单篇保留，不跨论文合并同名者。待核验（未深查）；原姓名整体未达到重点阈值。
具体论文问题：P61-C;P61-R
完整Scholar/DBLP论文列表及CCF/CORE目录未获取；当前公开材料可能漏项。",61
Leyang Cui（论文 #63，身份待核验）,2024；论文#63；腾讯AI Lab,待核验,身份待核验,待核验,论文合作者（身份待核验）,待核验,待核验,待核验,数学推理与题目合成,未公开,"论文信息汇总.csv 序63：摘要、研究内容、创新点；内容仅据摘要/Introduction归纳。
PDF：港大/Kong, Lingpeng/论文/2024_GSM-Plus_ A Comprehensive Benchmark for Evaluating the Robustness of LLMs as Mathematical Problem Solvers.pdf；第1页标题、作者单位与摘要；Introduction在已保存前3页内。
https://aclanthology.org/2024.acl-long.163/；访问2026-09-17；ACL作者顺序、发表信息与摘要。
CV：https://ikekonglp.github.io/lingpenk_cv.pdf；第8页；版本2026-01-27。
PDF发表标记：“Proceedings of the 62nd Annual Meeting of the Association for Computational Linguistics (Volume 1: Long Papers), pages 2961–2984”。
原文摘要依据：“Large language models (LLMs) have achieved impressive performance across various mathematical reasoning benchmarks. However, there are increasing debates regarding whether these models truly understan”。
仅确认论文内原姓名署名；跨论文身份未确认。https://nealcly.github.io/
https://aclanthology.org/people/leyang-cui/unverified/","身份待核验；按单篇保留，不跨论文合并同名者。达到重点候选筛选阈值；已查可定位来源，身份/历史履历仍未确认。
具体论文问题：P63-C
完整Scholar/DBLP论文列表及CCF/CORE目录未获取；当前公开材料可能漏项。",63
Leyang Cui（论文 #140，身份待核验）,2025；论文#140；腾讯AI Lab,待核验,身份待核验,待核验,论文合作者（身份待核验）,待核验,待核验,待核验,模型评价与奖励学习,未公开,"论文信息汇总.csv 序140：摘要、研究内容、创新点；内容仅据摘要/Introduction归纳。
PDF：港大/Kong, Lingpeng/论文/2025_Exploring the Reliability of Large Language Models as Customized Evaluators for Diverse NLP Tasks.pdf；第1页标题、作者单位与摘要；Introduction在已保存前3页内。
https://aclanthology.org/2025.coling-main.688/；访问2026-09-17；ACL作者顺序、发表信息与摘要。
原文摘要依据：“Previous work adopts large language models (LLMs) as evaluators to evaluate natural language process (NLP) tasks. However, certain shortcomings, e.g., fairness, scope, and accuracy, persist for curren”。
仅确认论文内原姓名署名；跨论文身份未确认。https://nealcly.github.io/
https://aclanthology.org/people/leyang-cui/unverified/","身份待核验；按单篇保留，不跨论文合并同名者。达到重点候选筛选阈值；已查可定位来源，身份/历史履历仍未确认。
具体论文问题：P140-C;P140-R
完整Scholar/DBLP论文列表及CCF/CORE目录未获取；当前公开材料可能漏项。",140
Yudong Wang（论文 #65，身份待核验）,2024；论文#65；待核验,待核验,身份待核验,待核验,论文合作者（身份待核验）,待核验,待核验,待核验,语言迁移与学习能力评测,未公开,"论文信息汇总.csv 序65：摘要、研究内容、创新点；内容仅据摘要/Introduction归纳。
仅取得可靠元数据或摘要；未取得可读全文。
https://aclanthology.org/2024.findings-acl.123/；访问2026-09-17；ACL作者顺序、发表信息与摘要。
CV：https://ikekonglp.github.io/lingpenk_cv.pdf；第8页；版本2026-01-27。
原文摘要依据：“With promising yet saturated results in high-resource settings, low-resource datasets have gradually become crucial benchmarks (e.g., BigBench Hard, superGLUE) for evaluating the learning ability of a”。
仅确认论文内原姓名署名；跨论文身份未确认。","身份待核验；按单篇保留，不跨论文合并同名者。待核验（未深查）；原姓名整体未达到重点阈值。
具体论文问题：P65-C;P65-D;P65-A;P65-R
完整Scholar/DBLP论文列表及CCF/CORE目录未获取；当前公开材料可能漏项。",65
Qingxiu Dong（论文 #65，身份待核验）,2024；论文#65；待核验,待核验,身份待核验,待核验,论文合作者（身份待核验）,待核验,待核验,待核验,语言迁移与学习能力评测,未公开,"论文信息汇总.csv 序65：摘要、研究内容、创新点；内容仅据摘要/Introduction归纳。
仅取得可靠元数据或摘要；未取得可读全文。
https://aclanthology.org/2024.findings-acl.123/；访问2026-09-17；ACL作者顺序、发表信息与摘要。
CV：https://ikekonglp.github.io/lingpenk_cv.pdf；第8页；版本2026-01-27。
原文摘要依据：“With promising yet saturated results in high-resource settings, low-resource datasets have gradually become crucial benchmarks (e.g., BigBench Hard, superGLUE) for evaluating the learning ability of a”。
仅确认论文内原姓名署名；跨论文身份未确认。https://aclanthology.org/people/qingxiu-dong/unverified/","身份待核验；按单篇保留，不跨论文合并同名者。达到重点候选筛选阈值；已查可定位来源，身份/历史履历仍未确认。
具体论文问题：P65-C;P65-D;P65-A;P65-R
完整Scholar/DBLP论文列表及CCF/CORE目录未获取；当前公开材料可能漏项。",65
Qingxiu Dong（论文 #72，身份待核验）,2024；论文#72；待核验,待核验,身份待核验,待核验,论文合作者（身份待核验）,待核验,待核验,待核验,机器翻译,未公开,"论文信息汇总.csv 序72：摘要、研究内容、创新点；内容仅据摘要/Introduction归纳。
仅取得可靠元数据或摘要；未取得可读全文。
https://aclanthology.org/2024.findings-naacl.176/；访问2026-09-17；ACL作者顺序、发表信息与摘要。
CV：https://ikekonglp.github.io/lingpenk_cv.pdf；第8页；版本2026-01-27。
原文摘要依据：“Large language models (LLMs) have demonstrated remarkable potential in handling multilingual machine translation (MMT). In this paper, we systematically investigate the advantages and challenges of LL”。
仅确认论文内原姓名署名；跨论文身份未确认。https://aclanthology.org/people/qingxiu-dong/unverified/","身份待核验；按单篇保留，不跨论文合并同名者。达到重点候选筛选阈值；已查可定位来源，身份/历史履历仍未确认。
具体论文问题：P72-C;P72-D;P72-A;P72-R
完整Scholar/DBLP论文列表及CCF/CORE目录未获取；当前公开材料可能漏项。",72
Qingxiu Dong（论文 #74，身份待核验）,2023；论文#74；待核验,待核验,身份待核验,待核验,论文合作者（身份待核验）,待核验,待核验,待核验,视觉语言理解,未公开,"论文信息汇总.csv 序74：摘要、研究内容、创新点；内容仅据摘要/Introduction归纳。
仅取得可靠元数据或摘要；未取得可读全文。
https://aclanthology.org/2023.emnlp-main.726/；访问2026-09-17；ACL作者顺序、发表信息与摘要。
CV：https://ikekonglp.github.io/lingpenk_cv.pdf；第9页；版本2026-01-27。
原文摘要依据：“Language models (LMs) gradually become general-purpose interfaces in the interactive and embodied world, where the understanding of physical concepts is an essential prerequisite. However, it is uncle”。
仅确认论文内原姓名署名；跨论文身份未确认。https://aclanthology.org/people/qingxiu-dong/unverified/","身份待核验；按单篇保留，不跨论文合并同名者。达到重点候选筛选阈值；已查可定位来源，身份/历史履历仍未确认。
具体论文问题：P74-C;P74-D;P74-A;P74-R
完整Scholar/DBLP论文列表及CCF/CORE目录未获取；当前公开材料可能漏项。",74
Qingxiu Dong（论文 #79，身份待核验）,2023；论文#79；北京大学,待核验,身份待核验,待核验,论文合作者（身份待核验）,待核验,待核验,待核验,模型评价与奖励学习,未公开,"论文信息汇总.csv 序79：摘要、研究内容、创新点；内容仅据摘要/Introduction归纳。
PDF：港大/Kong, Lingpeng/论文/2023_Statistical Knowledge Assessment for Generative Language Models.pdf；第1页标题、作者单位与摘要；Introduction在已保存前3页内。
https://arxiv.org/abs/2305.10519；访问2026-09-17；arXiv作者顺序和摘要。
CV：https://ikekonglp.github.io/lingpenk_cv.pdf；第9页；版本2026-01-27。
原文摘要依据：“Given varying prompts regarding a factoid question, can a large language model (LLM) reliably generate factually correct answers? Existing LLMs may generate distinct responses for different prompts. I”。
仅确认论文内原姓名署名；跨论文身份未确认。https://aclanthology.org/people/qingxiu-dong/unverified/","身份待核验；按单篇保留，不跨论文合并同名者。达到重点候选筛选阈值；已查可定位来源，身份/历史履历仍未确认。
具体论文问题：P79-C;P79-R;P79-F
完整Scholar/DBLP论文列表及CCF/CORE目录未获取；当前公开材料可能漏项。",79
Qingxiu Dong（论文 #139，身份待核验）,2023；论文#139；待核验,待核验,身份待核验,待核验,论文合作者（身份待核验）,待核验,待核验,待核验,多语言能力与低资源学习,未公开,"论文信息汇总.csv 序139：摘要、研究内容、创新点；内容仅据摘要/Introduction归纳。
仅取得可靠元数据或摘要；未取得可读全文。
https://arxiv.org/abs/2308.04948；访问2026-09-17；arXiv作者顺序和摘要。
原文摘要依据：“Existing large language models show disparate capability across different languages, due to the imbalance in the training data. Their performances on English tasks are often stronger than on tasks of ”。
仅确认论文内原姓名署名；跨论文身份未确认。https://aclanthology.org/people/qingxiu-dong/unverified/","身份待核验；按单篇保留，不跨论文合并同名者。达到重点候选筛选阈值；已查可定位来源，身份/历史履历仍未确认。
具体论文问题：P139-C;P139-D;P139-A;P139-R
完整Scholar/DBLP论文列表及CCF/CORE目录未获取；当前公开材料可能漏项。",139
Zhifang Sui（论文 #65，身份待核验）,2024；论文#65；待核验,待核验,身份待核验,待核验,论文合作者（身份待核验）,待核验,待核验,待核验,语言迁移与学习能力评测,未公开,"论文信息汇总.csv 序65：摘要、研究内容、创新点；内容仅据摘要/Introduction归纳。
仅取得可靠元数据或摘要；未取得可读全文。
https://aclanthology.org/2024.findings-acl.123/；访问2026-09-17；ACL作者顺序、发表信息与摘要。
CV：https://ikekonglp.github.io/lingpenk_cv.pdf；第8页；版本2026-01-27。
原文摘要依据：“With promising yet saturated results in high-resource settings, low-resource datasets have gradually become crucial benchmarks (e.g., BigBench Hard, superGLUE) for evaluating the learning ability of a”。
仅确认论文内原姓名署名；跨论文身份未确认。https://aclanthology.org/people/zhifang-sui/unverified/","身份待核验；按单篇保留，不跨论文合并同名者。达到重点候选筛选阈值；已查可定位来源，身份/历史履历仍未确认。
具体论文问题：P65-C;P65-D;P65-A;P65-R
完整Scholar/DBLP论文列表及CCF/CORE目录未获取；当前公开材料可能漏项。",65
Zhifang Sui（论文 #68，身份待核验）,2024；论文#68；北京大学,待核验,身份待核验,待核验,论文合作者（身份待核验）,待核验,待核验,待核验,模型评价与奖励学习,未公开,"论文信息汇总.csv 序68：摘要、研究内容、创新点；内容仅据摘要/Introduction归纳。
PDF：港大/Kong, Lingpeng/论文/2024_Large Language Models are not Fair Evaluators.pdf；第1页标题、作者单位与摘要；Introduction在已保存前3页内。
https://aclanthology.org/2024.acl-long.511/；访问2026-09-17；ACL作者顺序、发表信息与摘要。
CV：https://ikekonglp.github.io/lingpenk_cv.pdf；第8页；版本2026-01-27。
PDF发表标记：“Proceedings of the 62nd Annual Meeting of the Association for Computational Linguistics (Volume 1: Long Papers), pages 9440–9450”。
原文摘要依据：“In this paper, we uncover a positional bias in the evaluation paradigm of adopting large language models (LLMs), e.g., GPT-4, as a referee to score and compare the quality of responses generated by ca”。
仅确认论文内原姓名署名；跨论文身份未确认。https://aclanthology.org/people/zhifang-sui/unverified/","身份待核验；按单篇保留，不跨论文合并同名者。达到重点候选筛选阈值；已查可定位来源，身份/历史履历仍未确认。
具体论文问题：P68-C;P68-R
完整Scholar/DBLP论文列表及CCF/CORE目录未获取；当前公开材料可能漏项。",68
Zhifang Sui（论文 #79，身份待核验）,2023；论文#79；北京大学,待核验,身份待核验,待核验,论文合作者（身份待核验）,待核验,待核验,待核验,模型评价与奖励学习,未公开,"论文信息汇总.csv 序79：摘要、研究内容、创新点；内容仅据摘要/Introduction归纳。
PDF：港大/Kong, Lingpeng/论文/2023_Statistical Knowledge Assessment for Generative Language Models.pdf；第1页标题、作者单位与摘要；Introduction在已保存前3页内。
https://arxiv.org/abs/2305.10519；访问2026-09-17；arXiv作者顺序和摘要。
CV：https://ikekonglp.github.io/lingpenk_cv.pdf；第9页；版本2026-01-27。
原文摘要依据：“Given varying prompts regarding a factoid question, can a large language model (LLM) reliably generate factually correct answers? Existing LLMs may generate distinct responses for different prompts. I”。
仅确认论文内原姓名署名；跨论文身份未确认。https://aclanthology.org/people/zhifang-sui/unverified/","身份待核验；按单篇保留，不跨论文合并同名者。达到重点候选筛选阈值；已查可定位来源，身份/历史履历仍未确认。
具体论文问题：P79-C;P79-R;P79-F
完整Scholar/DBLP论文列表及CCF/CORE目录未获取；当前公开材料可能漏项。",79
Zhifang Sui（论文 #168，身份待核验）,2026；论文#168；北京大学,待核验,身份待核验,待核验,论文合作者（身份待核验）,待核验,待核验,待核验,工具智能体与任务评测,未公开,"论文信息汇总.csv 序168：摘要、研究内容、创新点；内容仅据摘要/Introduction归纳。
PDF：港大/Kong, Lingpeng/论文/2026_Claw-Eval_ Towards Trustworthy Evaluation of Autonomous Agents.pdf；第1页标题、作者单位与摘要；Introduction在已保存前3页内。
https://arxiv.org/abs/2604.06132；访问2026-09-17；arXiv作者顺序和摘要。
原文摘要依据：“Large language models are increasingly deployed as autonomous agents for multi-step workflows in real-world software environments. However, existing agent benchmarks are limited by trajectory-opaque g”。
仅确认论文内原姓名署名；跨论文身份未确认。https://aclanthology.org/people/zhifang-sui/unverified/","身份待核验；按单篇保留，不跨论文合并同名者。达到重点候选筛选阈值；已查可定位来源，身份/历史履历仍未确认。
具体论文问题：P168-C;P168-R
完整Scholar/DBLP论文列表及CCF/CORE目录未获取；当前公开材料可能漏项。",168
Xinting Huang（论文 #66，身份待核验）,2024；论文#66；腾讯AI Lab,待核验,身份待核验,待核验,论文合作者（身份待核验）,待核验,待核验,待核验,数学推理与题目合成,未公开,"论文信息汇总.csv 序66：摘要、研究内容、创新点；内容仅据摘要/Introduction归纳。
PDF：港大/Kong, Lingpeng/论文/2024_SEGO_ Sequential Subgoal Optimization for Mathematical Problem-Solving.pdf；第1页标题、作者单位与摘要；Introduction在已保存前3页内。
https://aclanthology.org/2024.acl-long.407/；访问2026-09-17；ACL作者顺序、发表信息与摘要。
CV：https://ikekonglp.github.io/lingpenk_cv.pdf；第8页；版本2026-01-27。
PDF发表标记：“Proceedings of the 62nd Annual Meeting of the Association for Computational Linguistics (Volume 1: Long Papers), pages 7544–7565”。
原文摘要依据：“Large Language Models (LLMs) have driven substantial progress in artificial intelligence in recent years, exhibiting impressive capabilities across a wide range of tasks, including mathematical proble”。
仅确认论文内原姓名署名；跨论文身份未确认。https://timhuang1.github.io/
https://aclanthology.org/people/xinting-huang/unverified/","身份待核验；按单篇保留，不跨论文合并同名者。达到重点候选筛选阈值；已查可定位来源，身份/历史履历仍未确认。
具体论文问题：P66-C;P66-R
完整Scholar/DBLP论文列表及CCF/CORE目录未获取；当前公开材料可能漏项。",66
Xinting Huang（论文 #67，身份待核验）,2024；论文#67；腾讯AI Lab,待核验,身份待核验,待核验,论文合作者（身份待核验）,待核验,待核验,待核验,视觉语言理解,未公开,"论文信息汇总.csv 序67：摘要、研究内容、创新点；内容仅据摘要/Introduction归纳。
PDF：港大/Kong, Lingpeng/论文/2024_BBA_ Bi-Modal Behavioral Alignment for Reasoning with Large Vision-Language Models.pdf；第1页标题、作者单位与摘要；Introduction在已保存前3页内。
https://aclanthology.org/2024.findings-acl.433/；访问2026-09-17；ACL作者顺序、发表信息与摘要。
CV：https://ikekonglp.github.io/lingpenk_cv.pdf；第8页；版本2026-01-27。
原文摘要依据：“Multimodal reasoning stands as a pivotal capability for large vision-language models (LVLMs). The integration with Domain-Specific Languages (DSL), offering precise visual representations, equips thes”。
仅确认论文内原姓名署名；跨论文身份未确认。https://timhuang1.github.io/
https://aclanthology.org/people/xinting-huang/unverified/","身份待核验；按单篇保留，不跨论文合并同名者。达到重点候选筛选阈值；已查可定位来源，身份/历史履历仍未确认。
具体论文问题：P67-C;P67-R
完整Scholar/DBLP论文列表及CCF/CORE目录未获取；当前公开材料可能漏项。",67
Tingchen Fu（论文 #67，身份待核验）,2024；论文#67；腾讯AI Lab,待核验,身份待核验,待核验,论文合作者（身份待核验）,待核验,待核验,待核验,视觉语言理解,未公开,"论文信息汇总.csv 序67：摘要、研究内容、创新点；内容仅据摘要/Introduction归纳。
PDF：港大/Kong, Lingpeng/论文/2024_BBA_ Bi-Modal Behavioral Alignment for Reasoning with Large Vision-Language Models.pdf；第1页标题、作者单位与摘要；Introduction在已保存前3页内。
https://aclanthology.org/2024.findings-acl.433/；访问2026-09-17；ACL作者顺序、发表信息与摘要。
CV：https://ikekonglp.github.io/lingpenk_cv.pdf；第8页；版本2026-01-27。
原文摘要依据：“Multimodal reasoning stands as a pivotal capability for large vision-language models (LVLMs). The integration with Domain-Specific Languages (DSL), offering precise visual representations, equips thes”。
仅确认论文内原姓名署名；跨论文身份未确认。https://aclanthology.org/people/tingchen-fu/unverified/","身份待核验；按单篇保留，不跨论文合并同名者。达到重点候选筛选阈值；已查可定位来源，身份/历史履历仍未确认。
具体论文问题：P67-C;P67-R
完整Scholar/DBLP论文列表及CCF/CORE目录未获取；当前公开材料可能漏项。",67
Tingchen Fu（论文 #86，身份待核验）,2023；论文#86；中国人民大学,待核验,身份待核验,待核验,论文合作者（身份待核验）,待核验,待核验,待核验,可控文本生成与一致性,未公开,"论文信息汇总.csv 序86：摘要、研究内容、创新点；内容仅据摘要/Introduction归纳。
PDF：港大/Kong, Lingpeng/论文/2023_SORTIE_ Dependency-Aware Symbolic Reasoning for Logical Data-to-text Generation.pdf；第1页标题、作者单位与摘要；Introduction在已保存前3页内。
https://aclanthology.org/2023.findings-acl.715/；访问2026-09-17；ACL作者顺序、发表信息与摘要。
CV：https://ikekonglp.github.io/lingpenk_cv.pdf；第9页；版本2026-01-27。
原文摘要依据：“Logical data-to-text generation is a representative task in measuring the capabilities of both language generation and complex reasoning. Despite the introduction of reasoning skills in generation, ex”。
仅确认论文内原姓名署名；跨论文身份未确认。https://aclanthology.org/people/tingchen-fu/unverified/","身份待核验；按单篇保留，不跨论文合并同名者。达到重点候选筛选阈值；已查可定位来源，身份/历史履历仍未确认。
具体论文问题：P86-C
完整Scholar/DBLP论文列表及CCF/CORE目录未获取；当前公开材料可能漏项。",86
Lemao Liu（论文 #67，身份待核验）,2024；论文#67；腾讯AI Lab,待核验,身份待核验,待核验,论文合作者（身份待核验）,待核验,待核验,待核验,视觉语言理解,未公开,"论文信息汇总.csv 序67：摘要、研究内容、创新点；内容仅据摘要/Introduction归纳。
PDF：港大/Kong, Lingpeng/论文/2024_BBA_ Bi-Modal Behavioral Alignment for Reasoning with Large Vision-Language Models.pdf；第1页标题、作者单位与摘要；Introduction在已保存前3页内。
https://aclanthology.org/2024.findings-acl.433/；访问2026-09-17；ACL作者顺序、发表信息与摘要。
CV：https://ikekonglp.github.io/lingpenk_cv.pdf；第8页；版本2026-01-27。
原文摘要依据：“Multimodal reasoning stands as a pivotal capability for large vision-language models (LVLMs). The integration with Domain-Specific Languages (DSL), offering precise visual representations, equips thes”。
仅确认论文内原姓名署名；跨论文身份未确认。https://aclanthology.org/people/lemao-liu/","身份待核验；按单篇保留，不跨论文合并同名者。达到重点候选筛选阈值；已查可定位来源，身份/历史履历仍未确认。
具体论文问题：P67-C;P67-R
完整Scholar/DBLP论文列表及CCF/CORE目录未获取；当前公开材料可能漏项。",67
Lemao Liu（论文 #86，身份待核验）,2023；论文#86；腾讯AI Lab,待核验,身份待核验,待核验,论文合作者（身份待核验）,待核验,待核验,待核验,可控文本生成与一致性,未公开,"论文信息汇总.csv 序86：摘要、研究内容、创新点；内容仅据摘要/Introduction归纳。
PDF：港大/Kong, Lingpeng/论文/2023_SORTIE_ Dependency-Aware Symbolic Reasoning for Logical Data-to-text Generation.pdf；第1页标题、作者单位与摘要；Introduction在已保存前3页内。
https://aclanthology.org/2023.findings-acl.715/；访问2026-09-17；ACL作者顺序、发表信息与摘要。
CV：https://ikekonglp.github.io/lingpenk_cv.pdf；第9页；版本2026-01-27。
原文摘要依据：“Logical data-to-text generation is a representative task in measuring the capabilities of both language generation and complex reasoning. Despite the introduction of reasoning skills in generation, ex”。
仅确认论文内原姓名署名；跨论文身份未确认。https://aclanthology.org/people/lemao-liu/","身份待核验；按单篇保留，不跨论文合并同名者。达到重点候选筛选阈值；已查可定位来源，身份/历史履历仍未确认。
具体论文问题：P86-C
完整Scholar/DBLP论文列表及CCF/CORE目录未获取；当前公开材料可能漏项。",86
Zefan Cai（论文 #68，身份待核验）,2024；论文#68；北京大学,待核验,身份待核验,待核验,论文合作者（身份待核验）,待核验,待核验,待核验,模型评价与奖励学习,未公开,"论文信息汇总.csv 序68：摘要、研究内容、创新点；内容仅据摘要/Introduction归纳。
PDF：港大/Kong, Lingpeng/论文/2024_Large Language Models are not Fair Evaluators.pdf；第1页标题、作者单位与摘要；Introduction在已保存前3页内。
https://aclanthology.org/2024.acl-long.511/；访问2026-09-17；ACL作者顺序、发表信息与摘要。
CV：https://ikekonglp.github.io/lingpenk_cv.pdf；第8页；版本2026-01-27。
PDF发表标记：“Proceedings of the 62nd Annual Meeting of the Association for Computational Linguistics (Volume 1: Long Papers), pages 9440–9450”。
原文摘要依据：“In this paper, we uncover a positional bias in the evaluation paradigm of adopting large language models (LLMs), e.g., GPT-4, as a referee to score and compare the quality of responses generated by ca”。
仅确认论文内原姓名署名；跨论文身份未确认。","身份待核验；按单篇保留，不跨论文合并同名者。待核验（未深查）；原姓名整体未达到重点阈值。
具体论文问题：P68-C;P68-R
完整Scholar/DBLP论文列表及CCF/CORE目录未获取；当前公开材料可能漏项。",68
Dawei Zhu（论文 #68，身份待核验）,2024；论文#68；北京大学,待核验,身份待核验,待核验,论文合作者（身份待核验）,待核验,待核验,待核验,模型评价与奖励学习,未公开,"论文信息汇总.csv 序68：摘要、研究内容、创新点；内容仅据摘要/Introduction归纳。
PDF：港大/Kong, Lingpeng/论文/2024_Large Language Models are not Fair Evaluators.pdf；第1页标题、作者单位与摘要；Introduction在已保存前3页内。
https://aclanthology.org/2024.acl-long.511/；访问2026-09-17；ACL作者顺序、发表信息与摘要。
CV：https://ikekonglp.github.io/lingpenk_cv.pdf；第8页；版本2026-01-27。
PDF发表标记：“Proceedings of the 62nd Annual Meeting of the Association for Computational Linguistics (Volume 1: Long Papers), pages 9440–9450”。
原文摘要依据：“In this paper, we uncover a positional bias in the evaluation paradigm of adopting large language models (LLMs), e.g., GPT-4, as a referee to score and compare the quality of responses generated by ca”。
仅确认论文内原姓名署名；跨论文身份未确认。https://aclanthology.org/people/dawei-zhu/unverified/","身份待核验；按单篇保留，不跨论文合并同名者。达到重点候选筛选阈值；已查可定位来源，身份/历史履历仍未确认。
具体论文问题：P68-C;P68-R
完整Scholar/DBLP论文列表及CCF/CORE目录未获取；当前公开材料可能漏项。",68
Dawei Zhu（论文 #178，身份待核验）,2026；论文#178；待核验,待核验,身份待核验,待核验,论文合作者（身份待核验）,待核验,待核验,待核验,工具智能体与任务评测,未公开,"论文信息汇总.csv 序178：摘要、研究内容、创新点；内容仅据摘要/Introduction归纳。
仅取得可靠元数据或摘要；未取得可读全文。
https://arxiv.org/abs/2608.28378；访问2026-09-17；arXiv作者顺序和摘要。
原文摘要依据：“Large language models are increasingly used as agentic workflow executors, yet existing training data and benchmarks largely assume informationally complete, single-turn queries. Our analysis of 16K r”。
仅确认论文内原姓名署名；跨论文身份未确认。https://aclanthology.org/people/dawei-zhu/unverified/","身份待核验；按单篇保留，不跨论文合并同名者。达到重点候选筛选阈值；已查可定位来源，身份/历史履历仍未确认。
具体论文问题：P178-C;P178-D;P178-A;P178-R
完整Scholar/DBLP论文列表及CCF/CORE目录未获取；当前公开材料可能漏项。",178
Binghuai Lin（论文 #68，身份待核验）,2024；论文#68；腾讯云AI,待核验,身份待核验,待核验,论文合作者（身份待核验）,待核验,待核验,待核验,模型评价与奖励学习,未公开,"论文信息汇总.csv 序68：摘要、研究内容、创新点；内容仅据摘要/Introduction归纳。
PDF：港大/Kong, Lingpeng/论文/2024_Large Language Models are not Fair Evaluators.pdf；第1页标题、作者单位与摘要；Introduction在已保存前3页内。
https://aclanthology.org/2024.acl-long.511/；访问2026-09-17；ACL作者顺序、发表信息与摘要。
CV：https://ikekonglp.github.io/lingpenk_cv.pdf；第8页；版本2026-01-27。
PDF发表标记：“Proceedings of the 62nd Annual Meeting of the Association for Computational Linguistics (Volume 1: Long Papers), pages 9440–9450”。
原文摘要依据：“In this paper, we uncover a positional bias in the evaluation paradigm of adopting large language models (LLMs), e.g., GPT-4, as a referee to score and compare the quality of responses generated by ca”。
仅确认论文内原姓名署名；跨论文身份未确认。","身份待核验；按单篇保留，不跨论文合并同名者。待核验（未深查）；原姓名整体未达到重点阈值。
具体论文问题：P68-C;P68-R
完整Scholar/DBLP论文列表及CCF/CORE目录未获取；当前公开材料可能漏项。",68
Yunbo Cao（论文 #68，身份待核验）,2024；论文#68；腾讯云AI,待核验,身份待核验,待核验,论文合作者（身份待核验）,待核验,待核验,待核验,模型评价与奖励学习,未公开,"论文信息汇总.csv 序68：摘要、研究内容、创新点；内容仅据摘要/Introduction归纳。
PDF：港大/Kong, Lingpeng/论文/2024_Large Language Models are not Fair Evaluators.pdf；第1页标题、作者单位与摘要；Introduction在已保存前3页内。
https://aclanthology.org/2024.acl-long.511/；访问2026-09-17；ACL作者顺序、发表信息与摘要。
CV：https://ikekonglp.github.io/lingpenk_cv.pdf；第8页；版本2026-01-27。
PDF发表标记：“Proceedings of the 62nd Annual Meeting of the Association for Computational Linguistics (Volume 1: Long Papers), pages 9440–9450”。
原文摘要依据：“In this paper, we uncover a positional bias in the evaluation paradigm of adopting large language models (LLMs), e.g., GPT-4, as a referee to score and compare the quality of responses generated by ca”。
仅确认论文内原姓名署名；跨论文身份未确认。","身份待核验；按单篇保留，不跨论文合并同名者。待核验（未深查）；原姓名整体未达到重点阈值。
具体论文问题：P68-C;P68-R
完整Scholar/DBLP论文列表及CCF/CORE目录未获取；当前公开材料可能漏项。",68
Zhi Zhang（论文 #69，身份待核验）,2024；论文#69；字节跳动,待核验,身份待核验,待核验,论文合作者（身份待核验）,待核验,待核验,待核验,代码生成与纠错,未公开,"论文信息汇总.csv 序69：摘要、研究内容、创新点；内容仅据摘要/Introduction归纳。
PDF：港大/Kong, Lingpeng/论文/2024_Self-Infilling Code Generation.pdf；第1页标题、作者单位与摘要；Introduction在已保存前3页内。
https://arxiv.org/abs/2311.17972；访问2026-09-17；arXiv作者顺序和摘要。
CV：https://ikekonglp.github.io/lingpenk_cv.pdf；第8页；版本2026-01-27。
PDF发表标记：“Proceedings of the 41 st International Conference on Machine          terruption point to infill the bypassed context (Figure 1c).”。
原文摘要依据：“This work introduces self-infilling code generation, a general framework that incorporates infilling operations into auto-regressive decoding. Our approach capitalizes on the observation that recent i”。
仅确认论文内原姓名署名；跨论文身份未确认。","身份待核验；按单篇保留，不跨论文合并同名者。待核验（未深查）；原姓名整体未达到重点阈值。
具体论文问题：P69-C;P69-R
完整Scholar/DBLP论文列表及CCF/CORE目录未获取；当前公开材料可能漏项。",69
Fei Huang（论文 #70，身份待核验）,2024；论文#70；阿里巴巴,待核验,身份待核验,待核验,论文合作者（身份待核验）,待核验,待核验,待核验,长上下文建模与压缩,未公开,"论文信息汇总.csv 序70：摘要、研究内容、创新点；内容仅据摘要/Introduction归纳。
PDF：港大/Kong, Lingpeng/论文/2024_Training- Free Long-Context Scaling of Large Language Models.pdf；第1页标题、作者单位与摘要；Introduction在已保存前3页内。
https://arxiv.org/abs/2402.17463；访问2026-09-17；arXiv作者顺序和摘要。
CV：https://ikekonglp.github.io/lingpenk_cv.pdf；第8页；版本2026-01-27。
PDF发表标记：“Proceedings of the 41 st International Conference on Machine            tion indices or increasing the base frequency in RoPE (Su”。
原文摘要依据：“The ability of Large Language Models (LLMs) to process and generate coherent text is markedly weakened when the number of input tokens exceeds their pretraining length. Given the expensive overhead of”。
仅确认论文内原姓名署名；跨论文身份未确认。","身份待核验；按单篇保留，不跨论文合并同名者。达到重点候选筛选阈值；已查可定位来源，身份/历史履历仍未确认。
具体论文问题：P70-C;P70-A;P70-R
完整Scholar/DBLP论文列表及CCF/CORE目录未获取；当前公开材料可能漏项。",70
Fei Huang（论文 #136，身份待核验）,2023；论文#136；清华大学CoAI组,待核验,身份待核验,待核验,论文合作者（身份待核验）,待核验,待核验,待核验,可控文本生成与一致性,未公开,"论文信息汇总.csv 序136：摘要、研究内容、创新点；内容仅据摘要/Introduction归纳。
PDF：港大/Kong, Lingpeng/论文/2023_Optimizing Non-Autoregressive Transformers with Contrastive Learning.pdf；第1页标题、作者单位与摘要；Introduction在已保存前3页内。
https://arxiv.org/abs/2305.13667；访问2026-09-17；arXiv作者顺序和摘要。
原文摘要依据：“Non-autoregressive Transformers (NATs) reduce the inference latency of Autoregressive Transformers (ATs) by predicting words all at once rather than in sequential order. They have achieved remarkable ”。
仅确认论文内原姓名署名；跨论文身份未确认。","身份待核验；按单篇保留，不跨论文合并同名者。达到重点候选筛选阈值；已查可定位来源，身份/历史履历仍未确认。
具体论文问题：P136-C;P136-R
完整Scholar/DBLP论文列表及CCF/CORE目录未获取；当前公开材料可能漏项。",136
Chang Zhou（论文 #70，身份待核验）,2024；论文#70；阿里巴巴,待核验,身份待核验,待核验,论文合作者（身份待核验）,待核验,待核验,待核验,长上下文建模与压缩,未公开,"论文信息汇总.csv 序70：摘要、研究内容、创新点；内容仅据摘要/Introduction归纳。
PDF：港大/Kong, Lingpeng/论文/2024_Training- Free Long-Context Scaling of Large Language Models.pdf；第1页标题、作者单位与摘要；Introduction在已保存前3页内。
https://arxiv.org/abs/2402.17463；访问2026-09-17；arXiv作者顺序和摘要。
CV：https://ikekonglp.github.io/lingpenk_cv.pdf；第8页；版本2026-01-27。
PDF发表标记：“Proceedings of the 41 st International Conference on Machine            tion indices or increasing the base frequency in RoPE (Su”。
原文摘要依据：“The ability of Large Language Models (LLMs) to process and generate coherent text is markedly weakened when the number of input tokens exceeds their pretraining length. Given the expensive overhead of”。
仅确认论文内原姓名署名；跨论文身份未确认。","身份待核验；按单篇保留，不跨论文合并同名者。待核验（未深查）；原姓名整体未达到重点阈值。
具体论文问题：P70-C;P70-A;P70-R
完整Scholar/DBLP论文列表及CCF/CORE目录未获取；当前公开材料可能漏项。",70
Wenda Li（论文 #71，身份待核验）,2024；论文#71；待核验,待核验,身份待核验,待核验,论文合作者（身份待核验）,待核验,待核验,待核验,形式化定理证明,未公开,"论文信息汇总.csv 序71：摘要、研究内容、创新点；内容仅据摘要/Introduction归纳。
仅取得可靠元数据或摘要；未取得可读全文。
https://arxiv.org/abs/2305.16366；访问2026-09-17；arXiv作者顺序和摘要。
CV：https://ikekonglp.github.io/lingpenk_cv.pdf；第8页；版本2026-01-27。
原文摘要依据：“Large language models~(LLMs) present an intriguing avenue of exploration in the domain of formal theorem proving. Nonetheless, the full utilization of these models, particularly in terms of demonstrat”。
仅确认论文内原姓名署名；跨论文身份未确认。","身份待核验；按单篇保留，不跨论文合并同名者。待核验（未深查）；原姓名整体未达到重点阈值。
具体论文问题：P71-C;P71-D;P71-A;P71-R;P71-F
完整Scholar/DBLP论文列表及CCF/CORE目录未获取；当前公开材料可能漏项。",71
Wenhao Zhu（论文 #72，身份待核验）,2024；论文#72；待核验,待核验,身份待核验,待核验,论文合作者（身份待核验）,待核验,待核验,待核验,机器翻译,未公开,"论文信息汇总.csv 序72：摘要、研究内容、创新点；内容仅据摘要/Introduction归纳。
仅取得可靠元数据或摘要；未取得可读全文。
https://aclanthology.org/2024.findings-naacl.176/；访问2026-09-17；ACL作者顺序、发表信息与摘要。
CV：https://ikekonglp.github.io/lingpenk_cv.pdf；第8页；版本2026-01-27。
原文摘要依据：“Large language models (LLMs) have demonstrated remarkable potential in handling multilingual machine translation (MMT). In this paper, we systematically investigate the advantages and challenges of LL”。
仅确认论文内原姓名署名；跨论文身份未确认。https://aclanthology.org/people/wenhao-zhu/unverified/","身份待核验；按单篇保留，不跨论文合并同名者。达到重点候选筛选阈值；已查可定位来源，身份/历史履历仍未确认。
具体论文问题：P72-C;P72-D;P72-A;P72-R
完整Scholar/DBLP论文列表及CCF/CORE目录未获取；当前公开材料可能漏项。",72
Wenhao Zhu（论文 #83，身份待核验）,2023；论文#83；南京大学,待核验,身份待核验,待核验,论文合作者（身份待核验）,待核验,待核验,待核验,机器翻译,未公开,"论文信息汇总.csv 序83：摘要、研究内容、创新点；内容仅据摘要/Introduction归纳。
PDF：港大/Kong, Lingpeng/论文/2023_Lego-MT_ Learning Detachable Models for Massively Multilingual Machine Translation.pdf；第1页标题、作者单位与摘要；Introduction在已保存前3页内。
https://aclanthology.org/2023.findings-acl.731/；访问2026-09-17；ACL作者顺序、发表信息与摘要。
CV：https://ikekonglp.github.io/lingpenk_cv.pdf；第9页；版本2026-01-27。
原文摘要依据：“Multilingual neural machine translation (MNMT) aims to build a unified model for many language directions. Existing monolithic models for MNMT encounter two challenges: parameter interference among la”。
仅确认论文内原姓名署名；跨论文身份未确认。https://aclanthology.org/people/wenhao-zhu/unverified/","身份待核验；按单篇保留，不跨论文合并同名者。达到重点候选筛选阈值；已查可定位来源，身份/历史履历仍未确认。
具体论文问题：P83-C;P83-R
完整Scholar/DBLP论文列表及CCF/CORE目录未获取；当前公开材料可能漏项。",83
Wenhao Zhu（论文 #84，身份待核验）,2023；论文#84；南京大学,待核验,身份待核验,待核验,论文合作者（身份待核验）,待核验,待核验,待核验,机器翻译,未公开,"论文信息汇总.csv 序84：摘要、研究内容、创新点；内容仅据摘要/Introduction归纳。
PDF：港大/Kong, Lingpeng/论文/2023_INK_ Injecting kNN Knowledge in Nearest Neighbor Machine Translation.pdf；第1页标题、作者单位与摘要；Introduction在已保存前3页内。
https://aclanthology.org/2023.acl-long.888/；访问2026-09-17；ACL作者顺序、发表信息与摘要。
CV：https://ikekonglp.github.io/lingpenk_cv.pdf；第9页；版本2026-01-27。
原文摘要依据：“Neural machine translation has achieved promising results on many translation tasks. However, previous studies have shown that neural models induce a non-smooth representation space, which harms its g”。
仅确认论文内原姓名署名；跨论文身份未确认。https://aclanthology.org/people/wenhao-zhu/unverified/","身份待核验；按单篇保留，不跨论文合并同名者。达到重点候选筛选阈值；已查可定位来源，身份/历史履历仍未确认。
具体论文问题：P84-C;P84-R
完整Scholar/DBLP论文列表及CCF/CORE目录未获取；当前公开材料可能漏项。",84
Wenhao Zhu（论文 #139，身份待核验）,2023；论文#139；待核验,待核验,身份待核验,待核验,论文合作者（身份待核验）,待核验,待核验,待核验,多语言能力与低资源学习,未公开,"论文信息汇总.csv 序139：摘要、研究内容、创新点；内容仅据摘要/Introduction归纳。
仅取得可靠元数据或摘要；未取得可读全文。
https://arxiv.org/abs/2308.04948；访问2026-09-17；arXiv作者顺序和摘要。
原文摘要依据：“Existing large language models show disparate capability across different languages, due to the imbalance in the training data. Their performances on English tasks are often stronger than on tasks of ”。
仅确认论文内原姓名署名；跨论文身份未确认。https://aclanthology.org/people/wenhao-zhu/unverified/","身份待核验；按单篇保留，不跨论文合并同名者。达到重点候选筛选阈值；已查可定位来源，身份/历史履历仍未确认。
具体论文问题：P139-C;P139-D;P139-A;P139-R
完整Scholar/DBLP论文列表及CCF/CORE目录未获取；当前公开材料可能漏项。",139
Hongyi Liu（论文 #72，身份待核验）,2024；论文#72；待核验,待核验,身份待核验,待核验,论文合作者（身份待核验）,待核验,待核验,待核验,机器翻译,未公开,"论文信息汇总.csv 序72：摘要、研究内容、创新点；内容仅据摘要/Introduction归纳。
仅取得可靠元数据或摘要；未取得可读全文。
https://aclanthology.org/2024.findings-naacl.176/；访问2026-09-17；ACL作者顺序、发表信息与摘要。
CV：https://ikekonglp.github.io/lingpenk_cv.pdf；第8页；版本2026-01-27。
原文摘要依据：“Large language models (LLMs) have demonstrated remarkable potential in handling multilingual machine translation (MMT). In this paper, we systematically investigate the advantages and challenges of LL”。
仅确认论文内原姓名署名；跨论文身份未确认。","身份待核验；按单篇保留，不跨论文合并同名者。待核验（未深查）；原姓名整体未达到重点阈值。
具体论文问题：P72-C;P72-D;P72-A;P72-R
完整Scholar/DBLP论文列表及CCF/CORE目录未获取；当前公开材料可能漏项。",72
Shujian Huang（论文 #72，身份待核验）,2024；论文#72；待核验,待核验,身份待核验,待核验,论文合作者（身份待核验）,待核验,待核验,待核验,机器翻译,未公开,"论文信息汇总.csv 序72：摘要、研究内容、创新点；内容仅据摘要/Introduction归纳。
仅取得可靠元数据或摘要；未取得可读全文。
https://aclanthology.org/2024.findings-naacl.176/；访问2026-09-17；ACL作者顺序、发表信息与摘要。
CV：https://ikekonglp.github.io/lingpenk_cv.pdf；第8页；版本2026-01-27。
原文摘要依据：“Large language models (LLMs) have demonstrated remarkable potential in handling multilingual machine translation (MMT). In this paper, we systematically investigate the advantages and challenges of LL”。
仅确认论文内原姓名署名；跨论文身份未确认。https://aclanthology.org/people/shujian-huang/","身份待核验；按单篇保留，不跨论文合并同名者。达到重点候选筛选阈值；已查可定位来源，身份/历史履历仍未确认。
具体论文问题：P72-C;P72-D;P72-A;P72-R
完整Scholar/DBLP论文列表及CCF/CORE目录未获取；当前公开材料可能漏项。",72
Shujian Huang（论文 #84，身份待核验）,2023；论文#84；南京大学,待核验,身份待核验,待核验,论文合作者（身份待核验）,待核验,待核验,待核验,机器翻译,未公开,"论文信息汇总.csv 序84：摘要、研究内容、创新点；内容仅据摘要/Introduction归纳。
PDF：港大/Kong, Lingpeng/论文/2023_INK_ Injecting kNN Knowledge in Nearest Neighbor Machine Translation.pdf；第1页标题、作者单位与摘要；Introduction在已保存前3页内。
https://aclanthology.org/2023.acl-long.888/；访问2026-09-17；ACL作者顺序、发表信息与摘要。
CV：https://ikekonglp.github.io/lingpenk_cv.pdf；第9页；版本2026-01-27。
原文摘要依据：“Neural machine translation has achieved promising results on many translation tasks. However, previous studies have shown that neural models induce a non-smooth representation space, which harms its g”。
仅确认论文内原姓名署名；跨论文身份未确认。https://aclanthology.org/people/shujian-huang/","身份待核验；按单篇保留，不跨论文合并同名者。达到重点候选筛选阈值；已查可定位来源，身份/历史履历仍未确认。
具体论文问题：P84-C;P84-R
完整Scholar/DBLP论文列表及CCF/CORE目录未获取；当前公开材料可能漏项。",84
Shujian Huang（论文 #139，身份待核验）,2023；论文#139；待核验,待核验,身份待核验,待核验,论文合作者（身份待核验）,待核验,待核验,待核验,多语言能力与低资源学习,未公开,"论文信息汇总.csv 序139：摘要、研究内容、创新点；内容仅据摘要/Introduction归纳。
仅取得可靠元数据或摘要；未取得可读全文。
https://arxiv.org/abs/2308.04948；访问2026-09-17；arXiv作者顺序和摘要。
原文摘要依据：“Existing large language models show disparate capability across different languages, due to the imbalance in the training data. Their performances on English tasks are often stronger than on tasks of ”。
仅确认论文内原姓名署名；跨论文身份未确认。https://aclanthology.org/people/shujian-huang/","身份待核验；按单篇保留，不跨论文合并同名者。达到重点候选筛选阈值；已查可定位来源，身份/历史履历仍未确认。
具体论文问题：P139-C;P139-D;P139-A;P139-R
完整Scholar/DBLP论文列表及CCF/CORE目录未获取；当前公开材料可能漏项。",139
Jiajun Chen（论文 #72，身份待核验）,2024；论文#72；待核验,待核验,身份待核验,待核验,论文合作者（身份待核验）,待核验,待核验,待核验,机器翻译,未公开,"论文信息汇总.csv 序72：摘要、研究内容、创新点；内容仅据摘要/Introduction归纳。
仅取得可靠元数据或摘要；未取得可读全文。
https://aclanthology.org/2024.findings-naacl.176/；访问2026-09-17；ACL作者顺序、发表信息与摘要。
CV：https://ikekonglp.github.io/lingpenk_cv.pdf；第8页；版本2026-01-27。
原文摘要依据：“Large language models (LLMs) have demonstrated remarkable potential in handling multilingual machine translation (MMT). In this paper, we systematically investigate the advantages and challenges of LL”。
仅确认论文内原姓名署名；跨论文身份未确认。https://aclanthology.org/people/jiajun-chen/","身份待核验；按单篇保留，不跨论文合并同名者。达到重点候选筛选阈值；已查可定位来源，身份/历史履历仍未确认。
具体论文问题：P72-C;P72-D;P72-A;P72-R
完整Scholar/DBLP论文列表及CCF/CORE目录未获取；当前公开材料可能漏项。",72
Jiajun Chen（论文 #84，身份待核验）,2023；论文#84；南京大学,待核验,身份待核验,待核验,论文合作者（身份待核验）,待核验,待核验,待核验,机器翻译,未公开,"论文信息汇总.csv 序84：摘要、研究内容、创新点；内容仅据摘要/Introduction归纳。
PDF：港大/Kong, Lingpeng/论文/2023_INK_ Injecting kNN Knowledge in Nearest Neighbor Machine Translation.pdf；第1页标题、作者单位与摘要；Introduction在已保存前3页内。
https://aclanthology.org/2023.acl-long.888/；访问2026-09-17；ACL作者顺序、发表信息与摘要。
CV：https://ikekonglp.github.io/lingpenk_cv.pdf；第9页；版本2026-01-27。
原文摘要依据：“Neural machine translation has achieved promising results on many translation tasks. However, previous studies have shown that neural models induce a non-smooth representation space, which harms its g”。
仅确认论文内原姓名署名；跨论文身份未确认。https://aclanthology.org/people/jiajun-chen/","身份待核验；按单篇保留，不跨论文合并同名者。达到重点候选筛选阈值；已查可定位来源，身份/历史履历仍未确认。
具体论文问题：P84-C;P84-R
完整Scholar/DBLP论文列表及CCF/CORE目录未获取；当前公开材料可能漏项。",84
Jiajun Chen（论文 #139，身份待核验）,2023；论文#139；待核验,待核验,身份待核验,待核验,论文合作者（身份待核验）,待核验,待核验,待核验,多语言能力与低资源学习,未公开,"论文信息汇总.csv 序139：摘要、研究内容、创新点；内容仅据摘要/Introduction归纳。
仅取得可靠元数据或摘要；未取得可读全文。
https://arxiv.org/abs/2308.04948；访问2026-09-17；arXiv作者顺序和摘要。
原文摘要依据：“Existing large language models show disparate capability across different languages, due to the imbalance in the training data. Their performances on English tasks are often stronger than on tasks of ”。
仅确认论文内原姓名署名；跨论文身份未确认。https://aclanthology.org/people/jiajun-chen/","身份待核验；按单篇保留，不跨论文合并同名者。达到重点候选筛选阈值；已查可定位来源，身份/历史履历仍未确认。
具体论文问题：P139-C;P139-D;P139-A;P139-R
完整Scholar/DBLP论文列表及CCF/CORE目录未获取；当前公开材料可能漏项。",139
Yiheng Xu,"2023；论文#134；上海人工智能实验室；香港大学
2024；论文#73；香港大学；XLANG Lab",OpenAI,2022起；香港大学博士生；主页现为OpenAI研究员，入职时间未公开,研究员,导师—学生；共同指导,2,2023,2024,上下文示例选择；工具智能体与任务评测,未公开,https://yihengxu.com/；访问2026-09-17；原文依据：“Researcher OpenAI”。历史指导/时间另见https://ikekonglp.github.io/lingpenk_cv.pdf第1-2页（版本2026-01-27）；校友更新见https://hkunlp.github.io/people/。核验状态：公开身份部分确认；局限见待核验问题。,"CV仍列2022起在读，实验室列2025校友；毕业日期和OpenAI入职日期待核验。
具体论文问题：P134-C;P134-A;P73-C;P73-R
完整Scholar/DBLP论文列表及CCF/CORE目录未获取；当前公开材料可能漏项。;CP376;CP377;CP378;CP379;CP380;CP381;CP382;CP383",134;73
Hongjin Su（论文 #73，身份待核验）,2024；论文#73；香港大学；XLANG Lab,待核验,身份待核验,待核验,论文合作者（身份待核验）,待核验,待核验,待核验,工具智能体与任务评测,未公开,"论文信息汇总.csv 序73：摘要、研究内容、创新点；内容仅据摘要/Introduction归纳。
PDF：港大/Kong, Lingpeng/论文/2024_Lemur_ Harmonizing Natural Language and Code for Language Agents.pdf；第1页标题、作者单位与摘要；Introduction在已保存前3页内。
https://arxiv.org/abs/2310.06830；访问2026-09-17；arXiv作者顺序和摘要。
CV：https://ikekonglp.github.io/lingpenk_cv.pdf；第8页；版本2026-01-27。
PDF发表标记：“Published as a conference paper at ICLR 2024”。
原文摘要依据：“We introduce Lemur and Lemur-Chat, openly accessible language models optimized for both natural language and coding capabilities to serve as the backbone of versatile language agents. The evolution fr”。
仅确认论文内原姓名署名；跨论文身份未确认。","身份待核验；按单篇保留，不跨论文合并同名者。待核验（未深查）；原姓名整体未达到重点阈值。
具体论文问题：P73-C;P73-R
完整Scholar/DBLP论文列表及CCF/CORE目录未获取；当前公开材料可能漏项。",73
Chen Xing（论文 #73，身份待核验）,2024；论文#73；Salesforce Research,待核验,身份待核验,待核验,论文合作者（身份待核验）,待核验,待核验,待核验,工具智能体与任务评测,未公开,"论文信息汇总.csv 序73：摘要、研究内容、创新点；内容仅据摘要/Introduction归纳。
PDF：港大/Kong, Lingpeng/论文/2024_Lemur_ Harmonizing Natural Language and Code for Language Agents.pdf；第1页标题、作者单位与摘要；Introduction在已保存前3页内。
https://arxiv.org/abs/2310.06830；访问2026-09-17；arXiv作者顺序和摘要。
CV：https://ikekonglp.github.io/lingpenk_cv.pdf；第8页；版本2026-01-27。
PDF发表标记：“Published as a conference paper at ICLR 2024”。
原文摘要依据：“We introduce Lemur and Lemur-Chat, openly accessible language models optimized for both natural language and coding capabilities to serve as the backbone of versatile language agents. The evolution fr”。
仅确认论文内原姓名署名；跨论文身份未确认。","身份待核验；按单篇保留，不跨论文合并同名者。待核验（未深查）；原姓名整体未达到重点阈值。
具体论文问题：P73-C;P73-R
完整Scholar/DBLP论文列表及CCF/CORE目录未获取；当前公开材料可能漏项。",73
Boyu Mi（论文 #73，身份待核验）,2024；论文#73；香港大学；XLANG Lab,待核验,身份待核验,待核验,论文合作者（身份待核验）,待核验,待核验,待核验,工具智能体与任务评测,未公开,"论文信息汇总.csv 序73：摘要、研究内容、创新点；内容仅据摘要/Introduction归纳。
PDF：港大/Kong, Lingpeng/论文/2024_Lemur_ Harmonizing Natural Language and Code for Language Agents.pdf；第1页标题、作者单位与摘要；Introduction在已保存前3页内。
https://arxiv.org/abs/2310.06830；访问2026-09-17；arXiv作者顺序和摘要。
CV：https://ikekonglp.github.io/lingpenk_cv.pdf；第8页；版本2026-01-27。
PDF发表标记：“Published as a conference paper at ICLR 2024”。
原文摘要依据：“We introduce Lemur and Lemur-Chat, openly accessible language models optimized for both natural language and coding capabilities to serve as the backbone of versatile language agents. The evolution fr”。
仅确认论文内原姓名署名；跨论文身份未确认。","身份待核验；按单篇保留，不跨论文合并同名者。待核验（未深查）；原姓名整体未达到重点阈值。
具体论文问题：P73-C;P73-R
完整Scholar/DBLP论文列表及CCF/CORE目录未获取；当前公开材料可能漏项。",73
Qian Liu（论文 #73，身份待核验）,2024；论文#73；Sea AI Lab；XLANG Lab,待核验,身份待核验,待核验,论文合作者（身份待核验）,待核验,待核验,待核验,工具智能体与任务评测,未公开,"论文信息汇总.csv 序73：摘要、研究内容、创新点；内容仅据摘要/Introduction归纳。
PDF：港大/Kong, Lingpeng/论文/2024_Lemur_ Harmonizing Natural Language and Code for Language Agents.pdf；第1页标题、作者单位与摘要；Introduction在已保存前3页内。
https://arxiv.org/abs/2310.06830；访问2026-09-17；arXiv作者顺序和摘要。
CV：https://ikekonglp.github.io/lingpenk_cv.pdf；第8页；版本2026-01-27。
PDF发表标记：“Published as a conference paper at ICLR 2024”。
原文摘要依据：“We introduce Lemur and Lemur-Chat, openly accessible language models optimized for both natural language and coding capabilities to serve as the backbone of versatile language agents. The evolution fr”。
仅确认论文内原姓名署名；跨论文身份未确认。","身份待核验；按单篇保留，不跨论文合并同名者。达到重点候选筛选阈值；已查可定位来源，身份/历史履历仍未确认。
具体论文问题：P73-C;P73-R
完整Scholar/DBLP论文列表及CCF/CORE目录未获取；当前公开材料可能漏项。",73
Qian Liu（论文 #164，身份待核验）,2026；论文#164；TikTok,待核验,身份待核验,待核验,论文合作者（身份待核验）,待核验,待核验,待核验,字节级语言建模,未公开,"论文信息汇总.csv 序164：摘要、研究内容、创新点；内容仅据摘要/Introduction归纳。
PDF：港大/Kong, Lingpeng/论文/2026_Proxy Compression for Language Modeling.pdf；第1页标题、作者单位与摘要；Introduction在已保存前3页内。
https://arxiv.org/abs/2602.04289；访问2026-09-17；arXiv作者顺序和摘要。
PDF发表标记：“Proceedings of the 43 International Conference on Machine               trasting it with compressed sequences often derived from that byte”。
原文摘要依据：“Modern language models are trained almost exclusively on token sequences produced by a fixed tokenizer, an external lossless compressor often over UTF-8 byte sequences, thereby coupling the model to t”。
仅确认论文内原姓名署名；跨论文身份未确认。","身份待核验；按单篇保留，不跨论文合并同名者。达到重点候选筛选阈值；已查可定位来源，身份/历史履历仍未确认。
具体论文问题：P164-C
完整Scholar/DBLP论文列表及CCF/CORE目录未获取；当前公开材料可能漏项。",164
Weijia Shi（论文 #73，身份待核验）,2024；论文#73；华盛顿大学,待核验,身份待核验,待核验,论文合作者（身份待核验）,待核验,待核验,待核验,工具智能体与任务评测,未公开,"论文信息汇总.csv 序73：摘要、研究内容、创新点；内容仅据摘要/Introduction归纳。
PDF：港大/Kong, Lingpeng/论文/2024_Lemur_ Harmonizing Natural Language and Code for Language Agents.pdf；第1页标题、作者单位与摘要；Introduction在已保存前3页内。
https://arxiv.org/abs/2310.06830；访问2026-09-17；arXiv作者顺序和摘要。
CV：https://ikekonglp.github.io/lingpenk_cv.pdf；第8页；版本2026-01-27。
PDF发表标记：“Published as a conference paper at ICLR 2024”。
原文摘要依据：“We introduce Lemur and Lemur-Chat, openly accessible language models optimized for both natural language and coding capabilities to serve as the backbone of versatile language agents. The evolution fr”。
仅确认论文内原姓名署名；跨论文身份未确认。","身份待核验；按单篇保留，不跨论文合并同名者。待核验（未深查）；原姓名整体未达到重点阈值。
具体论文问题：P73-C;P73-R
完整Scholar/DBLP论文列表及CCF/CORE目录未获取；当前公开材料可能漏项。",73
Binyuan Hui（论文 #73，身份待核验）,2024；论文#73；XLANG Lab,待核验,身份待核验,待核验,论文合作者（身份待核验）,待核验,待核验,待核验,工具智能体与任务评测,未公开,"论文信息汇总.csv 序73：摘要、研究内容、创新点；内容仅据摘要/Introduction归纳。
PDF：港大/Kong, Lingpeng/论文/2024_Lemur_ Harmonizing Natural Language and Code for Language Agents.pdf；第1页标题、作者单位与摘要；Introduction在已保存前3页内。
https://arxiv.org/abs/2310.06830；访问2026-09-17；arXiv作者顺序和摘要。
CV：https://ikekonglp.github.io/lingpenk_cv.pdf；第8页；版本2026-01-27。
PDF发表标记：“Published as a conference paper at ICLR 2024”。
原文摘要依据：“We introduce Lemur and Lemur-Chat, openly accessible language models optimized for both natural language and coding capabilities to serve as the backbone of versatile language agents. The evolution fr”。
仅确认论文内原姓名署名；跨论文身份未确认。","身份待核验；按单篇保留，不跨论文合并同名者。待核验（未深查）；原姓名整体未达到重点阈值。
具体论文问题：P73-C;P73-R
完整Scholar/DBLP论文列表及CCF/CORE目录未获取；当前公开材料可能漏项。",73
Fan Zhou（论文 #73，身份待核验）,2024；论文#73；香港大学；XLANG Lab,待核验,身份待核验,待核验,论文合作者（身份待核验）,待核验,待核验,待核验,工具智能体与任务评测,未公开,"论文信息汇总.csv 序73：摘要、研究内容、创新点；内容仅据摘要/Introduction归纳。
PDF：港大/Kong, Lingpeng/论文/2024_Lemur_ Harmonizing Natural Language and Code for Language Agents.pdf；第1页标题、作者单位与摘要；Introduction在已保存前3页内。
https://arxiv.org/abs/2310.06830；访问2026-09-17；arXiv作者顺序和摘要。
CV：https://ikekonglp.github.io/lingpenk_cv.pdf；第8页；版本2026-01-27。
PDF发表标记：“Published as a conference paper at ICLR 2024”。
原文摘要依据：“We introduce Lemur and Lemur-Chat, openly accessible language models optimized for both natural language and coding capabilities to serve as the backbone of versatile language agents. The evolution fr”。
仅确认论文内原姓名署名；跨论文身份未确认。","身份待核验；按单篇保留，不跨论文合并同名者。待核验（未深查）；原姓名整体未达到重点阈值。
具体论文问题：P73-C;P73-R
完整Scholar/DBLP论文列表及CCF/CORE目录未获取；当前公开材料可能漏项。",73
Yitao Liu（论文 #73，身份待核验）,2024；论文#73；香港大学；XLANG Lab,待核验,身份待核验,待核验,论文合作者（身份待核验）,待核验,待核验,待核验,工具智能体与任务评测,未公开,"论文信息汇总.csv 序73：摘要、研究内容、创新点；内容仅据摘要/Introduction归纳。
PDF：港大/Kong, Lingpeng/论文/2024_Lemur_ Harmonizing Natural Language and Code for Language Agents.pdf；第1页标题、作者单位与摘要；Introduction在已保存前3页内。
https://arxiv.org/abs/2310.06830；访问2026-09-17；arXiv作者顺序和摘要。
CV：https://ikekonglp.github.io/lingpenk_cv.pdf；第8页；版本2026-01-27。
PDF发表标记：“Published as a conference paper at ICLR 2024”。
原文摘要依据：“We introduce Lemur and Lemur-Chat, openly accessible language models optimized for both natural language and coding capabilities to serve as the backbone of versatile language agents. The evolution fr”。
仅确认论文内原姓名署名；跨论文身份未确认。","身份待核验；按单篇保留，不跨论文合并同名者。待核验（未深查）；原姓名整体未达到重点阈值。
具体论文问题：P73-C;P73-R
完整Scholar/DBLP论文列表及CCF/CORE目录未获取；当前公开材料可能漏项。",73
Zhoujun Cheng（论文 #73，身份待核验）,2024；论文#73；香港大学；XLANG Lab,待核验,身份待核验,待核验,论文合作者（身份待核验）,待核验,待核验,待核验,工具智能体与任务评测,未公开,"论文信息汇总.csv 序73：摘要、研究内容、创新点；内容仅据摘要/Introduction归纳。
PDF：港大/Kong, Lingpeng/论文/2024_Lemur_ Harmonizing Natural Language and Code for Language Agents.pdf；第1页标题、作者单位与摘要；Introduction在已保存前3页内。
https://arxiv.org/abs/2310.06830；访问2026-09-17；arXiv作者顺序和摘要。
CV：https://ikekonglp.github.io/lingpenk_cv.pdf；第8页；版本2026-01-27。
PDF发表标记：“Published as a conference paper at ICLR 2024”。
原文摘要依据：“We introduce Lemur and Lemur-Chat, openly accessible language models optimized for both natural language and coding capabilities to serve as the backbone of versatile language agents. The evolution fr”。
仅确认论文内原姓名署名；跨论文身份未确认。","身份待核验；按单篇保留，不跨论文合并同名者。待核验（未深查）；原姓名整体未达到重点阈值。
具体论文问题：P73-C;P73-R
完整Scholar/DBLP论文列表及CCF/CORE目录未获取；当前公开材料可能漏项。",73
Siheng Zhao（论文 #73，身份待核验）,2024；论文#73；香港大学；XLANG Lab,待核验,身份待核验,待核验,论文合作者（身份待核验）,待核验,待核验,待核验,工具智能体与任务评测,未公开,"论文信息汇总.csv 序73：摘要、研究内容、创新点；内容仅据摘要/Introduction归纳。
PDF：港大/Kong, Lingpeng/论文/2024_Lemur_ Harmonizing Natural Language and Code for Language Agents.pdf；第1页标题、作者单位与摘要；Introduction在已保存前3页内。
https://arxiv.org/abs/2310.06830；访问2026-09-17；arXiv作者顺序和摘要。
CV：https://ikekonglp.github.io/lingpenk_cv.pdf；第8页；版本2026-01-27。
PDF发表标记：“Published as a conference paper at ICLR 2024”。
原文摘要依据：“We introduce Lemur and Lemur-Chat, openly accessible language models optimized for both natural language and coding capabilities to serve as the backbone of versatile language agents. The evolution fr”。
仅确认论文内原姓名署名；跨论文身份未确认。","身份待核验；按单篇保留，不跨论文合并同名者。待核验（未深查）；原姓名整体未达到重点阈值。
具体论文问题：P73-C;P73-R
完整Scholar/DBLP论文列表及CCF/CORE目录未获取；当前公开材料可能漏项。",73
Bailin Wang（论文 #73，身份待核验）,2024；论文#73；MIT CSAIL,待核验,身份待核验,待核验,论文合作者（身份待核验）,待核验,待核验,待核验,工具智能体与任务评测,未公开,"论文信息汇总.csv 序73：摘要、研究内容、创新点；内容仅据摘要/Introduction归纳。
PDF：港大/Kong, Lingpeng/论文/2024_Lemur_ Harmonizing Natural Language and Code for Language Agents.pdf；第1页标题、作者单位与摘要；Introduction在已保存前3页内。
https://arxiv.org/abs/2310.06830；访问2026-09-17；arXiv作者顺序和摘要。
CV：https://ikekonglp.github.io/lingpenk_cv.pdf；第8页；版本2026-01-27。
PDF发表标记：“Published as a conference paper at ICLR 2024”。
原文摘要依据：“We introduce Lemur and Lemur-Chat, openly accessible language models optimized for both natural language and coding capabilities to serve as the backbone of versatile language agents. The evolution fr”。
仅确认论文内原姓名署名；跨论文身份未确认。https://aclanthology.org/people/bailin-wang/unverified/","身份待核验；按单篇保留，不跨论文合并同名者。达到重点候选筛选阈值；已查可定位来源，身份/历史履历仍未确认。
具体论文问题：P73-C;P73-R
完整Scholar/DBLP论文列表及CCF/CORE目录未获取；当前公开材料可能漏项。",73
Bailin Wang（论文 #97，身份待核验）,2022；论文#97；待核验,待核验,身份待核验,待核验,论文合作者（身份待核验）,待核验,待核验,待核验,结构化知识理解,未公开,"论文信息汇总.csv 序97：摘要、研究内容、创新点；内容仅据摘要/Introduction归纳。
仅取得可靠元数据或摘要；未取得可读全文。
https://aclanthology.org/2022.emnlp-main.39/；访问2026-09-17；ACL作者顺序、发表信息与摘要。
CV：https://ikekonglp.github.io/lingpenk_cv.pdf；第10页；版本2026-01-27。
原文摘要依据：“Structured knowledge grounding (SKG) leverages structured knowledge to complete user requests, such as semantic parsing over databases and question answering over knowledge bases. Since the inputs and”。
仅确认论文内原姓名署名；跨论文身份未确认。https://aclanthology.org/people/bailin-wang/unverified/","身份待核验；按单篇保留，不跨论文合并同名者。达到重点候选筛选阈值；已查可定位来源，身份/历史履历仍未确认。
具体论文问题：P97-C;P97-D;P97-A;P97-R
完整Scholar/DBLP论文列表及CCF/CORE目录未获取；当前公开材料可能漏项。",97
Caiming Xiong（论文 #73，身份待核验）,2024；论文#73；Salesforce Research,待核验,身份待核验,待核验,论文合作者（身份待核验）,待核验,待核验,待核验,工具智能体与任务评测,未公开,"论文信息汇总.csv 序73：摘要、研究内容、创新点；内容仅据摘要/Introduction归纳。
PDF：港大/Kong, Lingpeng/论文/2024_Lemur_ Harmonizing Natural Language and Code for Language Agents.pdf；第1页标题、作者单位与摘要；Introduction在已保存前3页内。
https://arxiv.org/abs/2310.06830；访问2026-09-17；arXiv作者顺序和摘要。
CV：https://ikekonglp.github.io/lingpenk_cv.pdf；第8页；版本2026-01-27。
PDF发表标记：“Published as a conference paper at ICLR 2024”。
原文摘要依据：“We introduce Lemur and Lemur-Chat, openly accessible language models optimized for both natural language and coding capabilities to serve as the backbone of versatile language agents. The evolution fr”。
仅确认论文内原姓名署名；跨论文身份未确认。https://aclanthology.org/people/caiming-xiong/","身份待核验；按单篇保留，不跨论文合并同名者。达到重点候选筛选阈值；已查可定位来源，身份/历史履历仍未确认。
具体论文问题：P73-C;P73-R
完整Scholar/DBLP论文列表及CCF/CORE目录未获取；当前公开材料可能漏项。",73
Caiming Xiong（论文 #97，身份待核验）,2022；论文#97；待核验,待核验,身份待核验,待核验,论文合作者（身份待核验）,待核验,待核验,待核验,结构化知识理解,未公开,"论文信息汇总.csv 序97：摘要、研究内容、创新点；内容仅据摘要/Introduction归纳。
仅取得可靠元数据或摘要；未取得可读全文。
https://aclanthology.org/2022.emnlp-main.39/；访问2026-09-17；ACL作者顺序、发表信息与摘要。
CV：https://ikekonglp.github.io/lingpenk_cv.pdf；第10页；版本2026-01-27。
原文摘要依据：“Structured knowledge grounding (SKG) leverages structured knowledge to complete user requests, such as semantic parsing over databases and question answering over knowledge bases. Since the inputs and”。
仅确认论文内原姓名署名；跨论文身份未确认。https://aclanthology.org/people/caiming-xiong/","身份待核验；按单篇保留，不跨论文合并同名者。达到重点候选筛选阈值；已查可定位来源，身份/历史履历仍未确认。
具体论文问题：P97-C;P97-D;P97-A;P97-R
完整Scholar/DBLP论文列表及CCF/CORE目录未获取；当前公开材料可能漏项。",97
Tao Yu,"2022；论文#95；香港大学；华盛顿大学
2022；论文#96；香港大学；华盛顿大学
2022；论文#97；待核验
2023；论文#76；香港大学
2023；论文#87；香港大学
2024；论文#73；香港大学；XLANG Lab
2024；论文#143；待核验",香港大学,合作期间教师身份已确认；准确任职起止待核验,助理教授,共同指导,7,2022,2024,任务数据合成；结构化知识理解；上下文示例选择；工具智能体与任务评测,未公开,https://taoyds.github.io/；访问2026-09-17；原文依据：“Assistant Professor of Computer Science at The University of Hong Kong”。历史指导/时间另见https://ikekonglp.github.io/lingpenk_cv.pdf第1-2页（版本2026-01-27）；校友更新见https://hkunlp.github.io/people/。核验状态：公开身份部分确认；局限见待核验问题。,"共同指导由孔令鹏CV支持；不据同校推断同系任职时间重叠。
具体论文问题：P95-C;P95-A;P95-R;P96-C;P96-A;P96-R;P97-C;P97-D;P97-A;P97-R;P76-C;P76-R;P87-C;P73-C;P73-R;P143-C;P143-D;P143-A;P143-R
完整Scholar/DBLP论文列表及CCF/CORE目录未获取；当前公开材料可能漏项。;CP384;CP385;CP386;CP387;CP388;CP389;CP390;CP391;CP392",95;96;97;76;87;73;143
Ce Zheng（论文 #74，身份待核验）,2023；论文#74；待核验,待核验,身份待核验,待核验,论文合作者（身份待核验）,待核验,待核验,待核验,视觉语言理解,未公开,"论文信息汇总.csv 序74：摘要、研究内容、创新点；内容仅据摘要/Introduction归纳。
仅取得可靠元数据或摘要；未取得可读全文。
https://aclanthology.org/2023.emnlp-main.726/；访问2026-09-17；ACL作者顺序、发表信息与摘要。
CV：https://ikekonglp.github.io/lingpenk_cv.pdf；第9页；版本2026-01-27。
原文摘要依据：“Language models (LMs) gradually become general-purpose interfaces in the interactive and embodied world, where the understanding of physical concepts is an essential prerequisite. However, it is uncle”。
仅确认论文内原姓名署名；跨论文身份未确认。","身份待核验；按单篇保留，不跨论文合并同名者。待核验（未深查）；原姓名整体未达到重点阈值。
具体论文问题：P74-C;P74-D;P74-A;P74-R
完整Scholar/DBLP论文列表及CCF/CORE目录未获取；当前公开材料可能漏项。",74
Shizhe Diao（论文 #75，身份待核验）,2023；论文#75；待核验,待核验,身份待核验,待核验,论文合作者（身份待核验）,待核验,待核验,待核验,视觉语言理解,未公开,"论文信息汇总.csv 序75：摘要、研究内容、创新点；内容仅据摘要/Introduction归纳。
仅取得可靠元数据或摘要；未取得可读全文。
https://aclanthology.org/2023.emnlp-main.876/；访问2026-09-17；ACL作者顺序、发表信息与摘要。
CV：https://ikekonglp.github.io/lingpenk_cv.pdf；第9页；版本2026-01-27。
原文摘要依据：“In recent years, the field of computer vision has seen significant advancements thanks to the development of large language models (LLMs). These models have enabled more effective and sophisticated in”。
仅确认论文内原姓名署名；跨论文身份未确认。","身份待核验；按单篇保留，不跨论文合并同名者。待核验（未深查）；原姓名整体未达到重点阈值。
具体论文问题：P75-C;P75-D;P75-A;P75-R
完整Scholar/DBLP论文列表及CCF/CORE目录未获取；当前公开材料可能漏项。",75
Rui Pan（论文 #75，身份待核验）,2023；论文#75；待核验,待核验,身份待核验,待核验,论文合作者（身份待核验）,待核验,待核验,待核验,视觉语言理解,未公开,"论文信息汇总.csv 序75：摘要、研究内容、创新点；内容仅据摘要/Introduction归纳。
仅取得可靠元数据或摘要；未取得可读全文。
https://aclanthology.org/2023.emnlp-main.876/；访问2026-09-17；ACL作者顺序、发表信息与摘要。
CV：https://ikekonglp.github.io/lingpenk_cv.pdf；第9页；版本2026-01-27。
原文摘要依据：“In recent years, the field of computer vision has seen significant advancements thanks to the development of large language models (LLMs). These models have enabled more effective and sophisticated in”。
仅确认论文内原姓名署名；跨论文身份未确认。","身份待核验；按单篇保留，不跨论文合并同名者。待核验（未深查）；原姓名整体未达到重点阈值。
具体论文问题：P75-C;P75-D;P75-A;P75-R
完整Scholar/DBLP论文列表及CCF/CORE目录未获取；当前公开材料可能漏项。",75
Hanze Dong（论文 #75，身份待核验）,2023；论文#75；待核验,待核验,身份待核验,待核验,论文合作者（身份待核验）,待核验,待核验,待核验,视觉语言理解,未公开,"论文信息汇总.csv 序75：摘要、研究内容、创新点；内容仅据摘要/Introduction归纳。
仅取得可靠元数据或摘要；未取得可读全文。
https://aclanthology.org/2023.emnlp-main.876/；访问2026-09-17；ACL作者顺序、发表信息与摘要。
CV：https://ikekonglp.github.io/lingpenk_cv.pdf；第9页；版本2026-01-27。
原文摘要依据：“In recent years, the field of computer vision has seen significant advancements thanks to the development of large language models (LLMs). These models have enabled more effective and sophisticated in”。
仅确认论文内原姓名署名；跨论文身份未确认。","身份待核验；按单篇保留，不跨论文合并同名者。待核验（未深查）；原姓名整体未达到重点阈值。
具体论文问题：P75-C;P75-D;P75-A;P75-R
完整Scholar/DBLP论文列表及CCF/CORE目录未获取；当前公开材料可能漏项。",75
Lewei Yao（论文 #75，身份待核验）,2023；论文#75；待核验,待核验,身份待核验,待核验,论文合作者（身份待核验）,待核验,待核验,待核验,视觉语言理解,未公开,"论文信息汇总.csv 序75：摘要、研究内容、创新点；内容仅据摘要/Introduction归纳。
仅取得可靠元数据或摘要；未取得可读全文。
https://aclanthology.org/2023.emnlp-main.876/；访问2026-09-17；ACL作者顺序、发表信息与摘要。
CV：https://ikekonglp.github.io/lingpenk_cv.pdf；第9页；版本2026-01-27。
原文摘要依据：“In recent years, the field of computer vision has seen significant advancements thanks to the development of large language models (LLMs). These models have enabled more effective and sophisticated in”。
仅确认论文内原姓名署名；跨论文身份未确认。","身份待核验；按单篇保留，不跨论文合并同名者。待核验（未深查）；原姓名整体未达到重点阈值。
具体论文问题：P75-C;P75-D;P75-A;P75-R
完整Scholar/DBLP论文列表及CCF/CORE目录未获取；当前公开材料可能漏项。",75
Tong Zhang（论文 #75，身份待核验）,2023；论文#75；待核验,待核验,身份待核验,待核验,论文合作者（身份待核验）,待核验,待核验,待核验,视觉语言理解,未公开,"论文信息汇总.csv 序75：摘要、研究内容、创新点；内容仅据摘要/Introduction归纳。
仅取得可靠元数据或摘要；未取得可读全文。
https://aclanthology.org/2023.emnlp-main.876/；访问2026-09-17；ACL作者顺序、发表信息与摘要。
CV：https://ikekonglp.github.io/lingpenk_cv.pdf；第9页；版本2026-01-27。
原文摘要依据：“In recent years, the field of computer vision has seen significant advancements thanks to the development of large language models (LLMs). These models have enabled more effective and sophisticated in”。
仅确认论文内原姓名署名；跨论文身份未确认。","身份待核验；按单篇保留，不跨论文合并同名者。待核验（未深查）；原姓名整体未达到重点阈值。
具体论文问题：P75-C;P75-D;P75-A;P75-R
完整Scholar/DBLP论文列表及CCF/CORE目录未获取；当前公开材料可能漏项。",75
Chengzu Li（论文 #76，身份待核验）,2023；论文#76；剑桥大学,待核验,身份待核验,待核验,论文合作者（身份待核验）,待核验,待核验,待核验,任务数据合成,未公开,"论文信息汇总.csv 序76：摘要、研究内容、创新点；内容仅据摘要/Introduction归纳。
PDF：港大/Kong, Lingpeng/论文/2023_Generating Data for Symbolic Language with Large Language Models.pdf；第1页标题、作者单位与摘要；Introduction在已保存前3页内。
https://aclanthology.org/2023.emnlp-main.523/；访问2026-09-17；ACL作者顺序、发表信息与摘要。
CV：https://ikekonglp.github.io/lingpenk_cv.pdf；第9页；版本2026-01-27。
PDF发表标记：“Proceedings of the 2023 Conference on Empirical Methods in Natural Language Processing, pages 8418–8443”。
原文摘要依据：“While large language models (LLMs) bring not only performance but also complexity, recent work has started to turn LLMs into data generators rather than task inferencers, where another affordable task”。
仅确认论文内原姓名署名；跨论文身份未确认。https://aclanthology.org/people/chengzu-li/","身份待核验；按单篇保留，不跨论文合并同名者。达到重点候选筛选阈值；已查可定位来源，身份/历史履历仍未确认。
具体论文问题：P76-C;P76-R
完整Scholar/DBLP论文列表及CCF/CORE目录未获取；当前公开材料可能漏项。",76
Chengzu Li（论文 #97，身份待核验）,2022；论文#97；待核验,待核验,身份待核验,待核验,论文合作者（身份待核验）,待核验,待核验,待核验,结构化知识理解,未公开,"论文信息汇总.csv 序97：摘要、研究内容、创新点；内容仅据摘要/Introduction归纳。
仅取得可靠元数据或摘要；未取得可读全文。
https://aclanthology.org/2022.emnlp-main.39/；访问2026-09-17；ACL作者顺序、发表信息与摘要。
CV：https://ikekonglp.github.io/lingpenk_cv.pdf；第10页；版本2026-01-27。
原文摘要依据：“Structured knowledge grounding (SKG) leverages structured knowledge to complete user requests, such as semantic parsing over databases and question answering over knowledge bases. Since the inputs and”。
仅确认论文内原姓名署名；跨论文身份未确认。https://aclanthology.org/people/chengzu-li/","身份待核验；按单篇保留，不跨论文合并同名者。达到重点候选筛选阈值；已查可定位来源，身份/历史履历仍未确认。
具体论文问题：P97-C;P97-D;P97-A;P97-R
完整Scholar/DBLP论文列表及CCF/CORE目录未获取；当前公开材料可能漏项。",97
Shengchao Liu（论文 #78，身份待核验）,2023；论文#78；待核验,待核验,身份待核验,待核验,论文合作者（身份待核验）,待核验,待核验,待核验,分子零样本学习,未公开,"论文信息汇总.csv 序78：摘要、研究内容、创新点；内容仅据摘要/Introduction归纳。
仅取得可靠元数据或摘要；未取得可读全文。
https://arxiv.org/abs/2306.13089；访问2026-09-17；arXiv作者顺序和摘要。
CV：https://ikekonglp.github.io/lingpenk_cv.pdf；第9页；版本2026-01-27。
原文摘要依据：“Molecule property prediction has gained significant attention in recent years. The main bottleneck is the label insufficiency caused by expensive lab experiments. In order to alleviate this issue and ”。
仅确认论文内原姓名署名；跨论文身份未确认。","身份待核验；按单篇保留，不跨论文合并同名者。待核验（未深查）；原姓名整体未达到重点阈值。
具体论文问题：P78-C;P78-D;P78-A;P78-R;P78-F
完整Scholar/DBLP论文列表及CCF/CORE目录未获取；当前公开材料可能漏项。",78
Hannan Xu（论文 #78，身份待核验）,2023；论文#78；待核验,待核验,身份待核验,待核验,论文合作者（身份待核验）,待核验,待核验,待核验,分子零样本学习,未公开,"论文信息汇总.csv 序78：摘要、研究内容、创新点；内容仅据摘要/Introduction归纳。
仅取得可靠元数据或摘要；未取得可读全文。
https://arxiv.org/abs/2306.13089；访问2026-09-17；arXiv作者顺序和摘要。
CV：https://ikekonglp.github.io/lingpenk_cv.pdf；第9页；版本2026-01-27。
原文摘要依据：“Molecule property prediction has gained significant attention in recent years. The main bottleneck is the label insufficiency caused by expensive lab experiments. In order to alleviate this issue and ”。
仅确认论文内原姓名署名；跨论文身份未确认。","身份待核验；按单篇保留，不跨论文合并同名者。待核验（未深查）；原姓名整体未达到重点阈值。
具体论文问题：P78-C;P78-D;P78-A;P78-R;P78-F
完整Scholar/DBLP论文列表及CCF/CORE目录未获取；当前公开材料可能漏项。",78
Jie Fu（论文 #78，身份待核验）,2023；论文#78；待核验,待核验,身份待核验,待核验,论文合作者（身份待核验）,待核验,待核验,待核验,分子零样本学习,未公开,"论文信息汇总.csv 序78：摘要、研究内容、创新点；内容仅据摘要/Introduction归纳。
仅取得可靠元数据或摘要；未取得可读全文。
https://arxiv.org/abs/2306.13089；访问2026-09-17；arXiv作者顺序和摘要。
CV：https://ikekonglp.github.io/lingpenk_cv.pdf；第9页；版本2026-01-27。
原文摘要依据：“Molecule property prediction has gained significant attention in recent years. The main bottleneck is the label insufficiency caused by expensive lab experiments. In order to alleviate this issue and ”。
仅确认论文内原姓名署名；跨论文身份未确认。","身份待核验；按单篇保留，不跨论文合并同名者。待核验（未深查）；原姓名整体未达到重点阈值。
具体论文问题：P78-C;P78-D;P78-A;P78-R;P78-F
完整Scholar/DBLP论文列表及CCF/CORE目录未获取；当前公开材料可能漏项。",78
Shuyang Jiang（论文 #80，身份待核验）,2023；论文#80；待核验,待核验,身份待核验,待核验,论文合作者（身份待核验）,待核验,待核验,待核验,高效注意力与序列架构,未公开,"论文信息汇总.csv 序80：摘要、研究内容、创新点；内容仅据摘要/Introduction归纳。
仅取得可靠元数据或摘要；未取得可读全文。
https://arxiv.org/abs/2310.09512；访问2026-09-17；arXiv作者顺序和摘要。
CV：https://ikekonglp.github.io/lingpenk_cv.pdf；第9页；版本2026-01-27。
原文摘要依据：“Autoregressive~(AR) generation almost dominates sequence generation for its efficacy. Recently, non-autoregressive~(NAR) generation gains increasing popularity for its efficiency and growing efficacy.”。
仅确认论文内原姓名署名；跨论文身份未确认。","身份待核验；按单篇保留，不跨论文合并同名者。达到重点候选筛选阈值；已查可定位来源，身份/历史履历仍未确认。
具体论文问题：P80-C;P80-D;P80-A;P80-R;P80-F
完整Scholar/DBLP论文列表及CCF/CORE目录未获取；当前公开材料可能漏项。",80
Shuyang Jiang（论文 #88，身份待核验）,2023；论文#88；上海人工智能实验室；上海交通大学,待核验,身份待核验,待核验,论文合作者（身份待核验）,待核验,待核验,待核验,高效注意力与序列架构,未公开,"论文信息汇总.csv 序88：摘要、研究内容、创新点；内容仅据摘要/Introduction归纳。
PDF：港大/Kong, Lingpeng/论文/2023_CAB_ Comprehensive Attention Benchmarking on Long Sequence Modeling.pdf；第1页标题、作者单位与摘要；Introduction在已保存前3页内。
https://arxiv.org/abs/2210.07661；访问2026-09-17；arXiv作者顺序和摘要。
CV：https://ikekonglp.github.io/lingpenk_cv.pdf；第10页；版本2026-01-27。
PDF发表标记：“Proceedings of the 40 th International Conference on Machine           causality modeling. We present four patterns of attentions,”。
原文摘要依据：“Transformer has achieved remarkable success in language, image, and speech processing. Recently, various efficient attention architectures have been proposed to improve transformer's efficiency while ”。
仅确认论文内原姓名署名；跨论文身份未确认。","身份待核验；按单篇保留，不跨论文合并同名者。达到重点候选筛选阈值；已查可定位来源，身份/历史履历仍未确认。
具体论文问题：P88-C
完整Scholar/DBLP论文列表及CCF/CORE目录未获取；当前公开材料可能漏项。",88
Shuyang Jiang（论文 #142，身份待核验）,2023；论文#142；待核验,待核验,身份待核验,待核验,论文合作者（身份待核验）,待核验,待核验,待核验,高效注意力与序列架构,未公开,"论文信息汇总.csv 序142：摘要、研究内容、创新点；内容仅据摘要/Introduction归纳。
仅取得可靠元数据或摘要；未取得可读全文。
https://arxiv.org/abs/2312.11135；访问2026-09-17；arXiv作者顺序和摘要。
原文摘要依据：“Efficient attentions have greatly improved the computational efficiency of Transformers. However, most existing linear attention mechanisms suffer from an \emph{efficiency degradation} problem, leadin”。
仅确认论文内原姓名署名；跨论文身份未确认。","身份待核验；按单篇保留，不跨论文合并同名者。达到重点候选筛选阈值；已查可定位来源，身份/历史履历仍未确认。
具体论文问题：P142-C;P142-D;P142-A;P142-R
完整Scholar/DBLP论文列表及CCF/CORE目录未获取；当前公开材料可能漏项。",142
Yaoxiang Wang（论文 #81，身份待核验）,2023；论文#81；厦门大学,待核验,身份待核验,待核验,论文合作者（身份待核验）,待核验,待核验,待核验,上下文示例选择,未公开,"论文信息汇总.csv 序81：摘要、研究内容、创新点；内容仅据摘要/Introduction归纳。
PDF：港大/Kong, Lingpeng/论文/2023_Self-Adaptive In-Context Learning_ An Information Compression Perspective for In-Context Example Selection and Ordering.pdf；第1页标题、作者单位与摘要；Introduction在已保存前3页内。
https://aclanthology.org/2023.acl-long.79/；访问2026-09-17；ACL作者顺序、发表信息与摘要。
CV：https://ikekonglp.github.io/lingpenk_cv.pdf；第9页；版本2026-01-27。
PDF发表标记：“Proceedings of the 61st Annual Meeting of the Association for Computational Linguistics”。
原文摘要依据：“Despite the surprising few-shot performance of in-context learning (ICL), it is still a common practice to randomly sample examples to serve as context. This paper advocates a new principle for ICL: s”。
仅确认论文内原姓名署名；跨论文身份未确认。","身份待核验；按单篇保留，不跨论文合并同名者。待核验（未深查）；原姓名整体未达到重点阈值。
具体论文问题：P81-C;P81-R
完整Scholar/DBLP论文列表及CCF/CORE目录未获取；当前公开材料可能漏项。",81
Fei Yuan（论文 #83，身份待核验）,2023；论文#83；上海人工智能实验室,待核验,身份待核验,待核验,论文合作者（身份待核验）,待核验,待核验,待核验,机器翻译,未公开,"论文信息汇总.csv 序83：摘要、研究内容、创新点；内容仅据摘要/Introduction归纳。
PDF：港大/Kong, Lingpeng/论文/2023_Lego-MT_ Learning Detachable Models for Massively Multilingual Machine Translation.pdf；第1页标题、作者单位与摘要；Introduction在已保存前3页内。
https://aclanthology.org/2023.findings-acl.731/；访问2026-09-17；ACL作者顺序、发表信息与摘要。
CV：https://ikekonglp.github.io/lingpenk_cv.pdf；第9页；版本2026-01-27。
原文摘要依据：“Multilingual neural machine translation (MNMT) aims to build a unified model for many language directions. Existing monolithic models for MNMT encounter two challenges: parameter interference among la”。
仅确认论文内原姓名署名；跨论文身份未确认。https://aclanthology.org/people/fei-yuan/unverified/","身份待核验；按单篇保留，不跨论文合并同名者。达到重点候选筛选阈值；已查可定位来源，身份/历史履历仍未确认。
具体论文问题：P83-C;P83-R
完整Scholar/DBLP论文列表及CCF/CORE目录未获取；当前公开材料可能漏项。",83
Fei Yuan（论文 #139，身份待核验）,2023；论文#139；待核验,待核验,身份待核验,待核验,论文合作者（身份待核验）,待核验,待核验,待核验,多语言能力与低资源学习,未公开,"论文信息汇总.csv 序139：摘要、研究内容、创新点；内容仅据摘要/Introduction归纳。
仅取得可靠元数据或摘要；未取得可读全文。
https://arxiv.org/abs/2308.04948；访问2026-09-17；arXiv作者顺序和摘要。
原文摘要依据：“Existing large language models show disparate capability across different languages, due to the imbalance in the training data. Their performances on English tasks are often stronger than on tasks of ”。
仅确认论文内原姓名署名；跨论文身份未确认。https://aclanthology.org/people/fei-yuan/unverified/","身份待核验；按单篇保留，不跨论文合并同名者。达到重点候选筛选阈值；已查可定位来源，身份/历史履历仍未确认。
具体论文问题：P139-C;P139-D;P139-A;P139-R
完整Scholar/DBLP论文列表及CCF/CORE目录未获取；当前公开材料可能漏项。",139
Fei Yuan（论文 #144，身份待核验）,2024；论文#144；待核验,待核验,身份待核验,待核验,论文合作者（身份待核验）,待核验,待核验,待核验,代码生成与纠错,未公开,"论文信息汇总.csv 序144：摘要、研究内容、创新点；内容仅据摘要/Introduction归纳。
仅取得可靠元数据或摘要；未取得可读全文。
https://arxiv.org/abs/2403.14734；访问2026-09-17；arXiv作者顺序和摘要。
原文摘要依据：“Neural Code Intelligence -- leveraging deep learning to understand, generate, and optimize code -- holds immense potential for transformative impacts on the whole society. Bridging the gap between Nat”。
仅确认论文内原姓名署名；跨论文身份未确认。https://aclanthology.org/people/fei-yuan/unverified/","身份待核验；按单篇保留，不跨论文合并同名者。达到重点候选筛选阈值；已查可定位来源，身份/历史履历仍未确认。
具体论文问题：P144-C;P144-D;P144-A;P144-R
完整Scholar/DBLP论文列表及CCF/CORE目录未获取；当前公开材料可能漏项。",144
Yinquan Lu（论文 #83，身份待核验）,2023；论文#83；上海人工智能实验室,待核验,身份待核验,待核验,论文合作者（身份待核验）,待核验,待核验,待核验,机器翻译,未公开,"论文信息汇总.csv 序83：摘要、研究内容、创新点；内容仅据摘要/Introduction归纳。
PDF：港大/Kong, Lingpeng/论文/2023_Lego-MT_ Learning Detachable Models for Massively Multilingual Machine Translation.pdf；第1页标题、作者单位与摘要；Introduction在已保存前3页内。
https://aclanthology.org/2023.findings-acl.731/；访问2026-09-17；ACL作者顺序、发表信息与摘要。
CV：https://ikekonglp.github.io/lingpenk_cv.pdf；第9页；版本2026-01-27。
原文摘要依据：“Multilingual neural machine translation (MNMT) aims to build a unified model for many language directions. Existing monolithic models for MNMT encounter two challenges: parameter interference among la”。
仅确认论文内原姓名署名；跨论文身份未确认。","身份待核验；按单篇保留，不跨论文合并同名者。待核验（未深查）；原姓名整体未达到重点阈值。
具体论文问题：P83-C;P83-R
完整Scholar/DBLP论文列表及CCF/CORE目录未获取；当前公开材料可能漏项。",83
Yu Qiao（论文 #83，身份待核验）,2023；论文#83；上海人工智能实验室,待核验,身份待核验,待核验,论文合作者（身份待核验）,待核验,待核验,待核验,机器翻译,未公开,"论文信息汇总.csv 序83：摘要、研究内容、创新点；内容仅据摘要/Introduction归纳。
PDF：港大/Kong, Lingpeng/论文/2023_Lego-MT_ Learning Detachable Models for Massively Multilingual Machine Translation.pdf；第1页标题、作者单位与摘要；Introduction在已保存前3页内。
https://aclanthology.org/2023.findings-acl.731/；访问2026-09-17；ACL作者顺序、发表信息与摘要。
CV：https://ikekonglp.github.io/lingpenk_cv.pdf；第9页；版本2026-01-27。
原文摘要依据：“Multilingual neural machine translation (MNMT) aims to build a unified model for many language directions. Existing monolithic models for MNMT encounter two challenges: parameter interference among la”。
仅确认论文内原姓名署名；跨论文身份未确认。","身份待核验；按单篇保留，不跨论文合并同名者。待核验（未深查）；原姓名整体未达到重点阈值。
具体论文问题：P83-C;P83-R
完整Scholar/DBLP论文列表及CCF/CORE目录未获取；当前公开材料可能漏项。",83
Shuming Shi（论文 #86，身份待核验）,2023；论文#86；腾讯AI Lab,待核验,身份待核验,待核验,论文合作者（身份待核验）,待核验,待核验,待核验,可控文本生成与一致性,未公开,"论文信息汇总.csv 序86：摘要、研究内容、创新点；内容仅据摘要/Introduction归纳。
PDF：港大/Kong, Lingpeng/论文/2023_SORTIE_ Dependency-Aware Symbolic Reasoning for Logical Data-to-text Generation.pdf；第1页标题、作者单位与摘要；Introduction在已保存前3页内。
https://aclanthology.org/2023.findings-acl.715/；访问2026-09-17；ACL作者顺序、发表信息与摘要。
CV：https://ikekonglp.github.io/lingpenk_cv.pdf；第9页；版本2026-01-27。
原文摘要依据：“Logical data-to-text generation is a representative task in measuring the capabilities of both language generation and complex reasoning. Despite the introduction of reasoning skills in generation, ex”。
仅确认论文内原姓名署名；跨论文身份未确认。","身份待核验；按单篇保留，不跨论文合并同名者。待核验（未深查）；原姓名整体未达到重点阈值。
具体论文问题：P86-C
完整Scholar/DBLP论文列表及CCF/CORE目录未获取；当前公开材料可能漏项。",86
Rui Yan（论文 #86，身份待核验）,2023；论文#86；中国人民大学,待核验,身份待核验,待核验,论文合作者（身份待核验）,待核验,待核验,待核验,可控文本生成与一致性,未公开,"论文信息汇总.csv 序86：摘要、研究内容、创新点；内容仅据摘要/Introduction归纳。
PDF：港大/Kong, Lingpeng/论文/2023_SORTIE_ Dependency-Aware Symbolic Reasoning for Logical Data-to-text Generation.pdf；第1页标题、作者单位与摘要；Introduction在已保存前3页内。
https://aclanthology.org/2023.findings-acl.715/；访问2026-09-17；ACL作者顺序、发表信息与摘要。
CV：https://ikekonglp.github.io/lingpenk_cv.pdf；第9页；版本2026-01-27。
原文摘要依据：“Logical data-to-text generation is a representative task in measuring the capabilities of both language generation and complex reasoning. Despite the introduction of reasoning skills in generation, ex”。
仅确认论文内原姓名署名；跨论文身份未确认。","身份待核验；按单篇保留，不跨论文合并同名者。待核验（未深查）；原姓名整体未达到重点阈值。
具体论文问题：P86-C
完整Scholar/DBLP论文列表及CCF/CORE目录未获取；当前公开材料可能漏项。",86
Xuyang Shen（论文 #89，身份待核验）,2023；论文#89；待核验,待核验,身份待核验,待核验,论文合作者（身份待核验）,待核验,待核验,待核验,音视频分割与描述,未公开,"论文信息汇总.csv 序89：摘要、研究内容、创新点；内容仅据摘要/Introduction归纳。
仅取得可靠元数据或摘要；未取得可读全文。
https://arxiv.org/abs/2303.15616；访问2026-09-17；arXiv作者顺序和摘要。
CV：https://ikekonglp.github.io/lingpenk_cv.pdf；第10页；版本2026-01-27。
原文摘要依据：“We explore a new task for audio-visual-language modeling called fine-grained audible video description (FAVD). It aims to provide detailed textual descriptions for the given audible videos, including ”。
仅确认论文内原姓名署名；跨论文身份未确认。","身份待核验；按单篇保留，不跨论文合并同名者。达到重点候选筛选阈值；已查可定位来源，身份/历史履历仍未确认。
具体论文问题：P89-C;P89-D;P89-A;P89-R;P89-F
完整Scholar/DBLP论文列表及CCF/CORE目录未获取；当前公开材料可能漏项。",89
Xuyang Shen（论文 #133，身份待核验）,2023；论文#133；待核验,待核验,身份待核验,待核验,论文合作者（身份待核验）,待核验,待核验,待核验,音视频分割与描述,未公开,"论文信息汇总.csv 序133：摘要、研究内容、创新点；内容仅据摘要/Introduction归纳。
仅取得可靠元数据或摘要；未取得可读全文。
https://arxiv.org/abs/2301.13190；访问2026-09-17；arXiv作者顺序和摘要。
原文摘要依据：“We propose a new problem called audio-visual segmentation (AVS), in which the goal is to output a pixel-level map of the object(s) that produce sound at the time of the image frame. To facilitate this”。
仅确认论文内原姓名署名；跨论文身份未确认。","身份待核验；按单篇保留，不跨论文合并同名者。达到重点候选筛选阈值；已查可定位来源，身份/历史履历仍未确认。
具体论文问题：P133-C;P133-D;P133-A;P133-R
完整Scholar/DBLP论文列表及CCF/CORE目录未获取；当前公开材料可能漏项。",133
Dong Li（论文 #89，身份待核验）,2023；论文#89；待核验,待核验,身份待核验,待核验,论文合作者（身份待核验）,待核验,待核验,待核验,音视频分割与描述,未公开,"论文信息汇总.csv 序89：摘要、研究内容、创新点；内容仅据摘要/Introduction归纳。
仅取得可靠元数据或摘要；未取得可读全文。
https://arxiv.org/abs/2303.15616；访问2026-09-17；arXiv作者顺序和摘要。
CV：https://ikekonglp.github.io/lingpenk_cv.pdf；第10页；版本2026-01-27。
原文摘要依据：“We explore a new task for audio-visual-language modeling called fine-grained audible video description (FAVD). It aims to provide detailed textual descriptions for the given audible videos, including ”。
仅确认论文内原姓名署名；跨论文身份未确认。","身份待核验；按单篇保留，不跨论文合并同名者。达到重点候选筛选阈值；已查可定位来源，身份/历史履历仍未确认。
具体论文问题：P89-C;P89-D;P89-A;P89-R;P89-F
完整Scholar/DBLP论文列表及CCF/CORE目录未获取；当前公开材料可能漏项。",89
Dong Li（论文 #92，身份待核验）,2023；论文#92；待核验,待核验,身份待核验,待核验,论文合作者（身份待核验）,待核验,待核验,待核验,高效注意力与序列架构,未公开,"论文信息汇总.csv 序92：摘要、研究内容、创新点；内容仅据摘要/Introduction归纳。
PDF：港大/Kong, Lingpeng/论文/2023_Toeplitz Neural Network for Sequence Modeling.pdf；第1页标题、作者单位与摘要；Introduction在已保存前3页内。
https://arxiv.org/abs/2305.04749；访问2026-09-17；arXiv作者顺序和摘要。
CV：https://ikekonglp.github.io/lingpenk_cv.pdf；第10页；版本2026-01-27。
PDF发表标记：“Published as a conference paper at ICLR 2023”。
原文摘要依据：“Sequence modeling has important applications in natural language processing and computer vision. Recently, the transformer-based models have shown strong performance on various sequence modeling tasks”。
仅确认论文内原姓名署名；跨论文身份未确认。","身份待核验；按单篇保留，不跨论文合并同名者。达到重点候选筛选阈值；已查可定位来源，身份/历史履历仍未确认。
具体论文问题：P92-C;P92-A
完整Scholar/DBLP论文列表及CCF/CORE目录未获取；当前公开材料可能漏项。",92
Jinxing Zhou（论文 #89，身份待核验）,2023；论文#89；待核验,待核验,身份待核验,待核验,论文合作者（身份待核验）,待核验,待核验,待核验,音视频分割与描述,未公开,"论文信息汇总.csv 序89：摘要、研究内容、创新点；内容仅据摘要/Introduction归纳。
仅取得可靠元数据或摘要；未取得可读全文。
https://arxiv.org/abs/2303.15616；访问2026-09-17；arXiv作者顺序和摘要。
CV：https://ikekonglp.github.io/lingpenk_cv.pdf；第10页；版本2026-01-27。
原文摘要依据：“We explore a new task for audio-visual-language modeling called fine-grained audible video description (FAVD). It aims to provide detailed textual descriptions for the given audible videos, including ”。
仅确认论文内原姓名署名；跨论文身份未确认。","身份待核验；按单篇保留，不跨论文合并同名者。达到重点候选筛选阈值；已查可定位来源，身份/历史履历仍未确认。
具体论文问题：P89-C;P89-D;P89-A;P89-R;P89-F
完整Scholar/DBLP论文列表及CCF/CORE目录未获取；当前公开材料可能漏项。",89
Jinxing Zhou（论文 #102，身份待核验）,2022；论文#102；待核验,待核验,身份待核验,待核验,论文合作者（身份待核验）,待核验,待核验,待核验,音视频分割与描述,未公开,"论文信息汇总.csv 序102：摘要、研究内容、创新点；内容仅据摘要/Introduction归纳。
仅取得可靠元数据或摘要；未取得可读全文。
https://arxiv.org/abs/2207.05042；访问2026-09-17；arXiv作者顺序和摘要。
CV：https://ikekonglp.github.io/lingpenk_cv.pdf；第11页；版本2026-01-27。
原文摘要依据：“We propose to explore a new problem called audio-visual segmentation (AVS), in which the goal is to output a pixel-level map of the object(s) that produce sound at the time of the image frame. To faci”。
仅确认论文内原姓名署名；跨论文身份未确认。","身份待核验；按单篇保留，不跨论文合并同名者。达到重点候选筛选阈值；已查可定位来源，身份/历史履历仍未确认。
具体论文问题：P102-C;P102-D;P102-A;P102-R;P102-F
完整Scholar/DBLP论文列表及CCF/CORE目录未获取；当前公开材料可能漏项。",102
Jinxing Zhou（论文 #133，身份待核验）,2023；论文#133；待核验,待核验,身份待核验,待核验,论文合作者（身份待核验）,待核验,待核验,待核验,音视频分割与描述,未公开,"论文信息汇总.csv 序133：摘要、研究内容、创新点；内容仅据摘要/Introduction归纳。
仅取得可靠元数据或摘要；未取得可读全文。
https://arxiv.org/abs/2301.13190；访问2026-09-17；arXiv作者顺序和摘要。
原文摘要依据：“We propose a new problem called audio-visual segmentation (AVS), in which the goal is to output a pixel-level map of the object(s) that produce sound at the time of the image frame. To facilitate this”。
仅确认论文内原姓名署名；跨论文身份未确认。","身份待核验；按单篇保留，不跨论文合并同名者。达到重点候选筛选阈值；已查可定位来源，身份/历史履历仍未确认。
具体论文问题：P133-C;P133-D;P133-A;P133-R
完整Scholar/DBLP论文列表及CCF/CORE目录未获取；当前公开材料可能漏项。",133
Bowen He（论文 #89，身份待核验）,2023；论文#89；待核验,待核验,身份待核验,待核验,论文合作者（身份待核验）,待核验,待核验,待核验,音视频分割与描述,未公开,"论文信息汇总.csv 序89：摘要、研究内容、创新点；内容仅据摘要/Introduction归纳。
仅取得可靠元数据或摘要；未取得可读全文。
https://arxiv.org/abs/2303.15616；访问2026-09-17；arXiv作者顺序和摘要。
CV：https://ikekonglp.github.io/lingpenk_cv.pdf；第10页；版本2026-01-27。
原文摘要依据：“We explore a new task for audio-visual-language modeling called fine-grained audible video description (FAVD). It aims to provide detailed textual descriptions for the given audible videos, including ”。
仅确认论文内原姓名署名；跨论文身份未确认。","身份待核验；按单篇保留，不跨论文合并同名者。达到重点候选筛选阈值；已查可定位来源，身份/历史履历仍未确认。
具体论文问题：P89-C;P89-D;P89-A;P89-R;P89-F
完整Scholar/DBLP论文列表及CCF/CORE目录未获取；当前公开材料可能漏项。",89
Bowen He（论文 #92，身份待核验）,2023；论文#92；待核验,待核验,身份待核验,待核验,论文合作者（身份待核验）,待核验,待核验,待核验,高效注意力与序列架构,未公开,"论文信息汇总.csv 序92：摘要、研究内容、创新点；内容仅据摘要/Introduction归纳。
PDF：港大/Kong, Lingpeng/论文/2023_Toeplitz Neural Network for Sequence Modeling.pdf；第1页标题、作者单位与摘要；Introduction在已保存前3页内。
https://arxiv.org/abs/2305.04749；访问2026-09-17；arXiv作者顺序和摘要。
CV：https://ikekonglp.github.io/lingpenk_cv.pdf；第10页；版本2026-01-27。
PDF发表标记：“Published as a conference paper at ICLR 2023”。
原文摘要依据：“Sequence modeling has important applications in natural language processing and computer vision. Recently, the transformer-based models have shown strong performance on various sequence modeling tasks”。
仅确认论文内原姓名署名；跨论文身份未确认。","身份待核验；按单篇保留，不跨论文合并同名者。达到重点候选筛选阈值；已查可定位来源，身份/历史履历仍未确认。
具体论文问题：P92-C;P92-A
完整Scholar/DBLP论文列表及CCF/CORE目录未获取；当前公开材料可能漏项。",92
Aixuan Li（论文 #89，身份待核验）,2023；论文#89；待核验,待核验,身份待核验,待核验,论文合作者（身份待核验）,待核验,待核验,待核验,音视频分割与描述,未公开,"论文信息汇总.csv 序89：摘要、研究内容、创新点；内容仅据摘要/Introduction归纳。
仅取得可靠元数据或摘要；未取得可读全文。
https://arxiv.org/abs/2303.15616；访问2026-09-17；arXiv作者顺序和摘要。
CV：https://ikekonglp.github.io/lingpenk_cv.pdf；第10页；版本2026-01-27。
原文摘要依据：“We explore a new task for audio-visual-language modeling called fine-grained audible video description (FAVD). It aims to provide detailed textual descriptions for the given audible videos, including ”。
仅确认论文内原姓名署名；跨论文身份未确认。","身份待核验；按单篇保留，不跨论文合并同名者。待核验（未深查）；原姓名整体未达到重点阈值。
具体论文问题：P89-C;P89-D;P89-A;P89-R;P89-F
完整Scholar/DBLP论文列表及CCF/CORE目录未获取；当前公开材料可能漏项。",89
Meng Wang（论文 #89，身份待核验）,2023；论文#89；待核验,待核验,身份待核验,待核验,论文合作者（身份待核验）,待核验,待核验,待核验,音视频分割与描述,未公开,"论文信息汇总.csv 序89：摘要、研究内容、创新点；内容仅据摘要/Introduction归纳。
仅取得可靠元数据或摘要；未取得可读全文。
https://arxiv.org/abs/2303.15616；访问2026-09-17；arXiv作者顺序和摘要。
CV：https://ikekonglp.github.io/lingpenk_cv.pdf；第10页；版本2026-01-27。
原文摘要依据：“We explore a new task for audio-visual-language modeling called fine-grained audible video description (FAVD). It aims to provide detailed textual descriptions for the given audible videos, including ”。
仅确认论文内原姓名署名；跨论文身份未确认。","身份待核验；按单篇保留，不跨论文合并同名者。达到重点候选筛选阈值；已查可定位来源，身份/历史履历仍未确认。
具体论文问题：P89-C;P89-D;P89-A;P89-R;P89-F
完整Scholar/DBLP论文列表及CCF/CORE目录未获取；当前公开材料可能漏项。",89
Meng Wang（论文 #102，身份待核验）,2022；论文#102；待核验,待核验,身份待核验,待核验,论文合作者（身份待核验）,待核验,待核验,待核验,音视频分割与描述,未公开,"论文信息汇总.csv 序102：摘要、研究内容、创新点；内容仅据摘要/Introduction归纳。
仅取得可靠元数据或摘要；未取得可读全文。
https://arxiv.org/abs/2207.05042；访问2026-09-17；arXiv作者顺序和摘要。
CV：https://ikekonglp.github.io/lingpenk_cv.pdf；第11页；版本2026-01-27。
原文摘要依据：“We propose to explore a new problem called audio-visual segmentation (AVS), in which the goal is to output a pixel-level map of the object(s) that produce sound at the time of the image frame. To faci”。
仅确认论文内原姓名署名；跨论文身份未确认。","身份待核验；按单篇保留，不跨论文合并同名者。达到重点候选筛选阈值；已查可定位来源，身份/历史履历仍未确认。
具体论文问题：P102-C;P102-D;P102-A;P102-R;P102-F
完整Scholar/DBLP论文列表及CCF/CORE目录未获取；当前公开材料可能漏项。",102
Meng Wang（论文 #133，身份待核验）,2023；论文#133；待核验,待核验,身份待核验,待核验,论文合作者（身份待核验）,待核验,待核验,待核验,音视频分割与描述,未公开,"论文信息汇总.csv 序133：摘要、研究内容、创新点；内容仅据摘要/Introduction归纳。
仅取得可靠元数据或摘要；未取得可读全文。
https://arxiv.org/abs/2301.13190；访问2026-09-17；arXiv作者顺序和摘要。
原文摘要依据：“We propose a new problem called audio-visual segmentation (AVS), in which the goal is to output a pixel-level map of the object(s) that produce sound at the time of the image frame. To facilitate this”。
仅确认论文内原姓名署名；跨论文身份未确认。","身份待核验；按单篇保留，不跨论文合并同名者。达到重点候选筛选阈值；已查可定位来源，身份/历史履历仍未确认。
具体论文问题：P133-C;P133-D;P133-A;P133-R
完整Scholar/DBLP论文列表及CCF/CORE目录未获取；当前公开材料可能漏项。",133
Lin Yong（论文 #91，身份待核验）,2023；论文#91；待核验,待核验,身份待核验,待核验,论文合作者（身份待核验）,待核验,待核验,待核验,任务数据合成,未公开,"论文信息汇总.csv 序91：摘要、研究内容、创新点；内容仅据摘要/Introduction归纳。
仅取得可靠元数据或摘要；未取得可读全文。
https://arxiv.org/abs/2205.12679；访问2026-09-17；arXiv作者顺序和摘要。
CV：https://ikekonglp.github.io/lingpenk_cv.pdf；第10页；版本2026-01-27。
原文摘要依据：“There is a rising interest in further exploring the zero-shot learning potential of large pre-trained language models (PLMs). A new paradigm called data-generation-based zero-shot learning has achieve”。
仅确认论文内原姓名署名；跨论文身份未确认。","身份待核验；按单篇保留，不跨论文合并同名者。待核验（未深查）；原姓名整体未达到重点阈值。
具体论文问题：P91-C;P91-D;P91-A;P91-R;P91-F
完整Scholar/DBLP论文列表及CCF/CORE目录未获取；当前公开材料可能漏项。",91
Weizhong Zhang（论文 #91，身份待核验）,2023；论文#91；待核验,待核验,身份待核验,待核验,论文合作者（身份待核验）,待核验,待核验,待核验,任务数据合成,未公开,"论文信息汇总.csv 序91：摘要、研究内容、创新点；内容仅据摘要/Introduction归纳。
仅取得可靠元数据或摘要；未取得可读全文。
https://arxiv.org/abs/2205.12679；访问2026-09-17；arXiv作者顺序和摘要。
CV：https://ikekonglp.github.io/lingpenk_cv.pdf；第10页；版本2026-01-27。
原文摘要依据：“There is a rising interest in further exploring the zero-shot learning potential of large pre-trained language models (PLMs). A new paradigm called data-generation-based zero-shot learning has achieve”。
仅确认论文内原姓名署名；跨论文身份未确认。","身份待核验；按单篇保留，不跨论文合并同名者。待核验（未深查）；原姓名整体未达到重点阈值。
具体论文问题：P91-C;P91-D;P91-A;P91-R;P91-F
完整Scholar/DBLP论文列表及CCF/CORE目录未获取；当前公开材料可能漏项。",91
Xiaodan Liang（论文 #91，身份待核验）,2023；论文#91；待核验,待核验,身份待核验,待核验,论文合作者（身份待核验）,待核验,待核验,待核验,任务数据合成,未公开,"论文信息汇总.csv 序91：摘要、研究内容、创新点；内容仅据摘要/Introduction归纳。
仅取得可靠元数据或摘要；未取得可读全文。
https://arxiv.org/abs/2205.12679；访问2026-09-17；arXiv作者顺序和摘要。
CV：https://ikekonglp.github.io/lingpenk_cv.pdf；第10页；版本2026-01-27。
原文摘要依据：“There is a rising interest in further exploring the zero-shot learning potential of large pre-trained language models (PLMs). A new paradigm called data-generation-based zero-shot learning has achieve”。
仅确认论文内原姓名署名；跨论文身份未确认。","身份待核验；按单篇保留，不跨论文合并同名者。达到重点候选筛选阈值；已查可定位来源，身份/历史履历仍未确认。
具体论文问题：P91-C;P91-D;P91-A;P91-R;P91-F
完整Scholar/DBLP论文列表及CCF/CORE目录未获取；当前公开材料可能漏项。",91
Xiaodan Liang（论文 #110，身份待核验）,2022；论文#110；中山大学,待核验,身份待核验,待核验,论文合作者（身份待核验）,待核验,待核验,待核验,句法分析与结构化表示,未公开,"论文信息汇总.csv 序110：摘要、研究内容、创新点；内容仅据摘要/Introduction归纳。
PDF：港大/Kong, Lingpeng/论文/2022_Revisiting Over-smoothing in BERT from the Perspective of Graph.pdf；第1页标题、作者单位与摘要；Introduction在已保存前3页内。
https://arxiv.org/abs/2202.08625；访问2026-09-17；arXiv作者顺序和摘要。
CV：https://ikekonglp.github.io/lingpenk_cv.pdf；第11页；版本2026-01-27。
PDF发表标记：“Published as a conference paper at ICLR 2022”。
原文摘要依据：“Recently over-smoothing phenomenon of Transformer-based models is observed in both vision and language fields. However, no existing work has delved deeper to further investigate the main cause of this”。
仅确认论文内原姓名署名；跨论文身份未确认。","身份待核验；按单篇保留，不跨论文合并同名者。达到重点候选筛选阈值；已查可定位来源，身份/历史履历仍未确认。
具体论文问题：P110-C;P110-A;P110-R
完整Scholar/DBLP论文列表及CCF/CORE目录未获取；当前公开材料可能漏项。",110
Xiaodan Liang（论文 #147，身份待核验）,2024；论文#147；待核验,待核验,身份待核验,待核验,论文合作者（身份待核验）,待核验,待核验,待核验,检索增强生成,未公开,"论文信息汇总.csv 序147：摘要、研究内容、创新点；内容仅据摘要/Introduction归纳。
PDF：港大/Kong, Lingpeng/论文/2024_UncertaintyRAG_ Span-Level Uncertainty Enhanced Long-Context Modeling for Retrieval-Augmented Generation.pdf；第1页标题、作者单位与摘要；Introduction在已保存前3页内。
https://arxiv.org/abs/2410.02719；访问2026-09-17；arXiv作者顺序和摘要。
原文摘要依据：“We present UncertaintyRAG, a novel approach for long-context Retrieval-Augmented Generation (RAG) that utilizes Signal-to-Noise Ratio (SNR)-based span uncertainty to estimate similarity between text c”。
仅确认论文内原姓名署名；跨论文身份未确认。","身份待核验；按单篇保留，不跨论文合并同名者。达到重点候选筛选阈值；已查可定位来源，身份/历史履历仍未确认。
具体论文问题：P147-C;P147-A
完整Scholar/DBLP论文列表及CCF/CORE目录未获取；当前公开材料可能漏项。",147
Sijie Chen（论文 #94，身份待核验）,2023；论文#94；待核验,待核验,身份待核验,待核验,论文合作者（身份待核验）,待核验,待核验,待核验,解释生成,未公开,"论文信息汇总.csv 序94：摘要、研究内容、创新点；内容仅据摘要/Introduction归纳。
PDF：港大/Kong, Lingpeng/论文/2023_Unsupervised Explanation Generation via Correct Instantiations.pdf；第1页标题、作者单位与摘要；Introduction在已保存前3页内。
https://arxiv.org/abs/2211.11160；访问2026-09-17；arXiv作者顺序和摘要。
CV：https://ikekonglp.github.io/lingpenk_cv.pdf；第10页；版本2026-01-27。
原文摘要依据：“While large pre-trained language models (PLM) have shown their great skills at solving discriminative tasks, a significant gap remains when compared with humans for explanation-related tasks. Among th”。
仅确认论文内原姓名署名；跨论文身份未确认。","身份待核验；按单篇保留，不跨论文合并同名者。待核验（未深查）；原姓名整体未达到重点阈值。
具体论文问题：P94-C;P94-A;P94-F
完整Scholar/DBLP论文列表及CCF/CORE目录未获取；当前公开材料可能漏项。",94
Jiangjie Chen（论文 #94，身份待核验）,2023；论文#94；复旦大学,待核验,身份待核验,待核验,论文合作者（身份待核验）,待核验,待核验,待核验,解释生成,未公开,"论文信息汇总.csv 序94：摘要、研究内容、创新点；内容仅据摘要/Introduction归纳。
PDF：港大/Kong, Lingpeng/论文/2023_Unsupervised Explanation Generation via Correct Instantiations.pdf；第1页标题、作者单位与摘要；Introduction在已保存前3页内。
https://arxiv.org/abs/2211.11160；访问2026-09-17；arXiv作者顺序和摘要。
CV：https://ikekonglp.github.io/lingpenk_cv.pdf；第10页；版本2026-01-27。
原文摘要依据：“While large pre-trained language models (PLM) have shown their great skills at solving discriminative tasks, a significant gap remains when compared with humans for explanation-related tasks. Among th”。
仅确认论文内原姓名署名；跨论文身份未确认。","身份待核验；按单篇保留，不跨论文合并同名者。待核验（未深查）；原姓名整体未达到重点阈值。
具体论文问题：P94-C;P94-A;P94-F
完整Scholar/DBLP论文列表及CCF/CORE目录未获取；当前公开材料可能漏项。",94
Zhixing Li（论文 #94，身份待核验）,2023；论文#94；满帮集团,待核验,身份待核验,待核验,论文合作者（身份待核验）,待核验,待核验,待核验,解释生成,未公开,"论文信息汇总.csv 序94：摘要、研究内容、创新点；内容仅据摘要/Introduction归纳。
PDF：港大/Kong, Lingpeng/论文/2023_Unsupervised Explanation Generation via Correct Instantiations.pdf；第1页标题、作者单位与摘要；Introduction在已保存前3页内。
https://arxiv.org/abs/2211.11160；访问2026-09-17；arXiv作者顺序和摘要。
CV：https://ikekonglp.github.io/lingpenk_cv.pdf；第10页；版本2026-01-27。
原文摘要依据：“While large pre-trained language models (PLM) have shown their great skills at solving discriminative tasks, a significant gap remains when compared with humans for explanation-related tasks. Among th”。
仅确认论文内原姓名署名；跨论文身份未确认。","身份待核验；按单篇保留，不跨论文合并同名者。待核验（未深查）；原姓名整体未达到重点阈值。
具体论文问题：P94-C;P94-A;P94-F
完整Scholar/DBLP论文列表及CCF/CORE目录未获取；当前公开材料可能漏项。",94
Yang Liu（论文 #94，身份待核验）,2023；论文#94；清华大学,待核验,身份待核验,待核验,论文合作者（身份待核验）,待核验,待核验,待核验,解释生成,未公开,"论文信息汇总.csv 序94：摘要、研究内容、创新点；内容仅据摘要/Introduction归纳。
PDF：港大/Kong, Lingpeng/论文/2023_Unsupervised Explanation Generation via Correct Instantiations.pdf；第1页标题、作者单位与摘要；Introduction在已保存前3页内。
https://arxiv.org/abs/2211.11160；访问2026-09-17；arXiv作者顺序和摘要。
CV：https://ikekonglp.github.io/lingpenk_cv.pdf；第10页；版本2026-01-27。
原文摘要依据：“While large pre-trained language models (PLM) have shown their great skills at solving discriminative tasks, a significant gap remains when compared with humans for explanation-related tasks. Among th”。
仅确认论文内原姓名署名；跨论文身份未确认。","身份待核验；按单篇保留，不跨论文合并同名者。待核验（未深查）；原姓名整体未达到重点阈值。
具体论文问题：P94-C;P94-A;P94-F
完整Scholar/DBLP论文列表及CCF/CORE目录未获取；当前公开材料可能漏项。",94
Chen Henry Wu（论文 #97，身份待核验）,2022；论文#97；待核验,待核验,身份待核验,待核验,论文合作者（身份待核验）,待核验,待核验,待核验,结构化知识理解,未公开,"论文信息汇总.csv 序97：摘要、研究内容、创新点；内容仅据摘要/Introduction归纳。
仅取得可靠元数据或摘要；未取得可读全文。
https://aclanthology.org/2022.emnlp-main.39/；访问2026-09-17；ACL作者顺序、发表信息与摘要。
CV：https://ikekonglp.github.io/lingpenk_cv.pdf；第10页；版本2026-01-27。
原文摘要依据：“Structured knowledge grounding (SKG) leverages structured knowledge to complete user requests, such as semantic parsing over databases and question answering over knowledge bases. Since the inputs and”。
仅确认论文内原姓名署名；跨论文身份未确认。","身份待核验；按单篇保留，不跨论文合并同名者。待核验（未深查）；原姓名整体未达到重点阈值。
具体论文问题：P97-C;P97-D;P97-A;P97-R
完整Scholar/DBLP论文列表及CCF/CORE目录未获取；当前公开材料可能漏项。",97
Peng Shi（论文 #97，身份待核验）,2022；论文#97；待核验,待核验,身份待核验,待核验,论文合作者（身份待核验）,待核验,待核验,待核验,结构化知识理解,未公开,"论文信息汇总.csv 序97：摘要、研究内容、创新点；内容仅据摘要/Introduction归纳。
仅取得可靠元数据或摘要；未取得可读全文。
https://aclanthology.org/2022.emnlp-main.39/；访问2026-09-17；ACL作者顺序、发表信息与摘要。
CV：https://ikekonglp.github.io/lingpenk_cv.pdf；第10页；版本2026-01-27。
原文摘要依据：“Structured knowledge grounding (SKG) leverages structured knowledge to complete user requests, such as semantic parsing over databases and question answering over knowledge bases. Since the inputs and”。
仅确认论文内原姓名署名；跨论文身份未确认。","身份待核验；按单篇保留，不跨论文合并同名者。待核验（未深查）；原姓名整体未达到重点阈值。
具体论文问题：P97-C;P97-D;P97-A;P97-R
完整Scholar/DBLP论文列表及CCF/CORE目录未获取；当前公开材料可能漏项。",97
Ruiqi Zhong（论文 #97，身份待核验）,2022；论文#97；待核验,待核验,身份待核验,待核验,论文合作者（身份待核验）,待核验,待核验,待核验,结构化知识理解,未公开,"论文信息汇总.csv 序97：摘要、研究内容、创新点；内容仅据摘要/Introduction归纳。
仅取得可靠元数据或摘要；未取得可读全文。
https://aclanthology.org/2022.emnlp-main.39/；访问2026-09-17；ACL作者顺序、发表信息与摘要。
CV：https://ikekonglp.github.io/lingpenk_cv.pdf；第10页；版本2026-01-27。
原文摘要依据：“Structured knowledge grounding (SKG) leverages structured knowledge to complete user requests, such as semantic parsing over databases and question answering over knowledge bases. Since the inputs and”。
仅确认论文内原姓名署名；跨论文身份未确认。","身份待核验；按单篇保留，不跨论文合并同名者。待核验（未深查）；原姓名整体未达到重点阈值。
具体论文问题：P97-C;P97-D;P97-A;P97-R
完整Scholar/DBLP论文列表及CCF/CORE目录未获取；当前公开材料可能漏项。",97
Torsten Scholak（论文 #97，身份待核验）,2022；论文#97；待核验,待核验,身份待核验,待核验,论文合作者（身份待核验）,待核验,待核验,待核验,结构化知识理解,未公开,"论文信息汇总.csv 序97：摘要、研究内容、创新点；内容仅据摘要/Introduction归纳。
仅取得可靠元数据或摘要；未取得可读全文。
https://aclanthology.org/2022.emnlp-main.39/；访问2026-09-17；ACL作者顺序、发表信息与摘要。
CV：https://ikekonglp.github.io/lingpenk_cv.pdf；第10页；版本2026-01-27。
原文摘要依据：“Structured knowledge grounding (SKG) leverages structured knowledge to complete user requests, such as semantic parsing over databases and question answering over knowledge bases. Since the inputs and”。
仅确认论文内原姓名署名；跨论文身份未确认。","身份待核验；按单篇保留，不跨论文合并同名者。待核验（未深查）；原姓名整体未达到重点阈值。
具体论文问题：P97-C;P97-D;P97-A;P97-R
完整Scholar/DBLP论文列表及CCF/CORE目录未获取；当前公开材料可能漏项。",97
Michihiro Yasunaga（论文 #97，身份待核验）,2022；论文#97；待核验,待核验,身份待核验,待核验,论文合作者（身份待核验）,待核验,待核验,待核验,结构化知识理解,未公开,"论文信息汇总.csv 序97：摘要、研究内容、创新点；内容仅据摘要/Introduction归纳。
仅取得可靠元数据或摘要；未取得可读全文。
https://aclanthology.org/2022.emnlp-main.39/；访问2026-09-17；ACL作者顺序、发表信息与摘要。
CV：https://ikekonglp.github.io/lingpenk_cv.pdf；第10页；版本2026-01-27。
原文摘要依据：“Structured knowledge grounding (SKG) leverages structured knowledge to complete user requests, such as semantic parsing over databases and question answering over knowledge bases. Since the inputs and”。
仅确认论文内原姓名署名；跨论文身份未确认。","身份待核验；按单篇保留，不跨论文合并同名者。待核验（未深查）；原姓名整体未达到重点阈值。
具体论文问题：P97-C;P97-D;P97-A;P97-R
完整Scholar/DBLP论文列表及CCF/CORE目录未获取；当前公开材料可能漏项。",97
Chien-Sheng Wu（论文 #97，身份待核验）,2022；论文#97；待核验,待核验,身份待核验,待核验,论文合作者（身份待核验）,待核验,待核验,待核验,结构化知识理解,未公开,"论文信息汇总.csv 序97：摘要、研究内容、创新点；内容仅据摘要/Introduction归纳。
仅取得可靠元数据或摘要；未取得可读全文。
https://aclanthology.org/2022.emnlp-main.39/；访问2026-09-17；ACL作者顺序、发表信息与摘要。
CV：https://ikekonglp.github.io/lingpenk_cv.pdf；第10页；版本2026-01-27。
原文摘要依据：“Structured knowledge grounding (SKG) leverages structured knowledge to complete user requests, such as semantic parsing over databases and question answering over knowledge bases. Since the inputs and”。
仅确认论文内原姓名署名；跨论文身份未确认。","身份待核验；按单篇保留，不跨论文合并同名者。待核验（未深查）；原姓名整体未达到重点阈值。
具体论文问题：P97-C;P97-D;P97-A;P97-R
完整Scholar/DBLP论文列表及CCF/CORE目录未获取；当前公开材料可能漏项。",97
Sida I. Wang（论文 #97，身份待核验）,2022；论文#97；待核验,待核验,身份待核验,待核验,论文合作者（身份待核验）,待核验,待核验,待核验,结构化知识理解,未公开,"论文信息汇总.csv 序97：摘要、研究内容、创新点；内容仅据摘要/Introduction归纳。
仅取得可靠元数据或摘要；未取得可读全文。
https://aclanthology.org/2022.emnlp-main.39/；访问2026-09-17；ACL作者顺序、发表信息与摘要。
CV：https://ikekonglp.github.io/lingpenk_cv.pdf；第10页；版本2026-01-27。
原文摘要依据：“Structured knowledge grounding (SKG) leverages structured knowledge to complete user requests, such as semantic parsing over databases and question answering over knowledge bases. Since the inputs and”。
仅确认论文内原姓名署名；跨论文身份未确认。","身份待核验；按单篇保留，不跨论文合并同名者。待核验（未深查）；原姓名整体未达到重点阈值。
具体论文问题：P97-C;P97-D;P97-A;P97-R
完整Scholar/DBLP论文列表及CCF/CORE目录未获取；当前公开材料可能漏项。",97
Victor Zhong（论文 #97，身份待核验）,2022；论文#97；待核验,待核验,身份待核验,待核验,论文合作者（身份待核验）,待核验,待核验,待核验,结构化知识理解,未公开,"论文信息汇总.csv 序97：摘要、研究内容、创新点；内容仅据摘要/Introduction归纳。
仅取得可靠元数据或摘要；未取得可读全文。
https://aclanthology.org/2022.emnlp-main.39/；访问2026-09-17；ACL作者顺序、发表信息与摘要。
CV：https://ikekonglp.github.io/lingpenk_cv.pdf；第10页；版本2026-01-27。
原文摘要依据：“Structured knowledge grounding (SKG) leverages structured knowledge to complete user requests, such as semantic parsing over databases and question answering over knowledge bases. Since the inputs and”。
仅确认论文内原姓名署名；跨论文身份未确认。","身份待核验；按单篇保留，不跨论文合并同名者。待核验（未深查）；原姓名整体未达到重点阈值。
具体论文问题：P97-C;P97-D;P97-A;P97-R
完整Scholar/DBLP论文列表及CCF/CORE目录未获取；当前公开材料可能漏项。",97
Connor Boyle（论文 #97，身份待核验）,2022；论文#97；待核验,待核验,身份待核验,待核验,论文合作者（身份待核验）,待核验,待核验,待核验,结构化知识理解,未公开,"论文信息汇总.csv 序97：摘要、研究内容、创新点；内容仅据摘要/Introduction归纳。
仅取得可靠元数据或摘要；未取得可读全文。
https://aclanthology.org/2022.emnlp-main.39/；访问2026-09-17；ACL作者顺序、发表信息与摘要。
CV：https://ikekonglp.github.io/lingpenk_cv.pdf；第10页；版本2026-01-27。
原文摘要依据：“Structured knowledge grounding (SKG) leverages structured knowledge to complete user requests, such as semantic parsing over databases and question answering over knowledge bases. Since the inputs and”。
仅确认论文内原姓名署名；跨论文身份未确认。","身份待核验；按单篇保留，不跨论文合并同名者。待核验（未深查）；原姓名整体未达到重点阈值。
具体论文问题：P97-C;P97-D;P97-A;P97-R
完整Scholar/DBLP论文列表及CCF/CORE目录未获取；当前公开材料可能漏项。",97
Ansong Ni（论文 #97，身份待核验）,2022；论文#97；待核验,待核验,身份待核验,待核验,论文合作者（身份待核验）,待核验,待核验,待核验,结构化知识理解,未公开,"论文信息汇总.csv 序97：摘要、研究内容、创新点；内容仅据摘要/Introduction归纳。
仅取得可靠元数据或摘要；未取得可读全文。
https://aclanthology.org/2022.emnlp-main.39/；访问2026-09-17；ACL作者顺序、发表信息与摘要。
CV：https://ikekonglp.github.io/lingpenk_cv.pdf；第10页；版本2026-01-27。
原文摘要依据：“Structured knowledge grounding (SKG) leverages structured knowledge to complete user requests, such as semantic parsing over databases and question answering over knowledge bases. Since the inputs and”。
仅确认论文内原姓名署名；跨论文身份未确认。","身份待核验；按单篇保留，不跨论文合并同名者。待核验（未深查）；原姓名整体未达到重点阈值。
具体论文问题：P97-C;P97-D;P97-A;P97-R
完整Scholar/DBLP论文列表及CCF/CORE目录未获取；当前公开材料可能漏项。",97
Ziyu Yao（论文 #97，身份待核验）,2022；论文#97；待核验,待核验,身份待核验,待核验,论文合作者（身份待核验）,待核验,待核验,待核验,结构化知识理解,未公开,"论文信息汇总.csv 序97：摘要、研究内容、创新点；内容仅据摘要/Introduction归纳。
仅取得可靠元数据或摘要；未取得可读全文。
https://aclanthology.org/2022.emnlp-main.39/；访问2026-09-17；ACL作者顺序、发表信息与摘要。
CV：https://ikekonglp.github.io/lingpenk_cv.pdf；第10页；版本2026-01-27。
原文摘要依据：“Structured knowledge grounding (SKG) leverages structured knowledge to complete user requests, such as semantic parsing over databases and question answering over knowledge bases. Since the inputs and”。
仅确认论文内原姓名署名；跨论文身份未确认。","身份待核验；按单篇保留，不跨论文合并同名者。待核验（未深查）；原姓名整体未达到重点阈值。
具体论文问题：P97-C;P97-D;P97-A;P97-R
完整Scholar/DBLP论文列表及CCF/CORE目录未获取；当前公开材料可能漏项。",97
Dragomir Radev（论文 #97，身份待核验）,2022；论文#97；待核验,待核验,身份待核验,待核验,论文合作者（身份待核验）,待核验,待核验,待核验,结构化知识理解,未公开,"论文信息汇总.csv 序97：摘要、研究内容、创新点；内容仅据摘要/Introduction归纳。
仅取得可靠元数据或摘要；未取得可读全文。
https://aclanthology.org/2022.emnlp-main.39/；访问2026-09-17；ACL作者顺序、发表信息与摘要。
CV：https://ikekonglp.github.io/lingpenk_cv.pdf；第10页；版本2026-01-27。
原文摘要依据：“Structured knowledge grounding (SKG) leverages structured knowledge to complete user requests, such as semantic parsing over databases and question answering over knowledge bases. Since the inputs and”。
仅确认论文内原姓名署名；跨论文身份未确认。","身份待核验；按单篇保留，不跨论文合并同名者。待核验（未深查）；原姓名整体未达到重点阈值。
具体论文问题：P97-C;P97-D;P97-A;P97-R
完整Scholar/DBLP论文列表及CCF/CORE目录未获取；当前公开材料可能漏项。",97
Rui Zhang（论文 #97，身份待核验）,2022；论文#97；待核验,待核验,身份待核验,待核验,论文合作者（身份待核验）,待核验,待核验,待核验,结构化知识理解,未公开,"论文信息汇总.csv 序97：摘要、研究内容、创新点；内容仅据摘要/Introduction归纳。
仅取得可靠元数据或摘要；未取得可读全文。
https://aclanthology.org/2022.emnlp-main.39/；访问2026-09-17；ACL作者顺序、发表信息与摘要。
CV：https://ikekonglp.github.io/lingpenk_cv.pdf；第10页；版本2026-01-27。
原文摘要依据：“Structured knowledge grounding (SKG) leverages structured knowledge to complete user requests, such as semantic parsing over databases and question answering over knowledge bases. Since the inputs and”。
仅确认论文内原姓名署名；跨论文身份未确认。","身份待核验；按单篇保留，不跨论文合并同名者。待核验（未深查）；原姓名整体未达到重点阈值。
具体论文问题：P97-C;P97-D;P97-A;P97-R
完整Scholar/DBLP论文列表及CCF/CORE目录未获取；当前公开材料可能漏项。",97
Luke Zettlemoyer（论文 #97，身份待核验）,2022；论文#97；待核验,待核验,身份待核验,待核验,论文合作者（身份待核验）,待核验,待核验,待核验,结构化知识理解,未公开,"论文信息汇总.csv 序97：摘要、研究内容、创新点；内容仅据摘要/Introduction归纳。
仅取得可靠元数据或摘要；未取得可读全文。
https://aclanthology.org/2022.emnlp-main.39/；访问2026-09-17；ACL作者顺序、发表信息与摘要。
CV：https://ikekonglp.github.io/lingpenk_cv.pdf；第10页；版本2026-01-27。
原文摘要依据：“Structured knowledge grounding (SKG) leverages structured knowledge to complete user requests, such as semantic parsing over databases and question answering over knowledge bases. Since the inputs and”。
仅确认论文内原姓名署名；跨论文身份未确认。","身份待核验；按单篇保留，不跨论文合并同名者。待核验（未深查）；原姓名整体未达到重点阈值。
具体论文问题：P97-C;P97-D;P97-A;P97-R
完整Scholar/DBLP论文列表及CCF/CORE目录未获取；当前公开材料可能漏项。",97
Changlong Yu（论文 #99，身份待核验）,2022；论文#99；香港科技大学,待核验,身份待核验,待核验,论文合作者（身份待核验）,待核验,待核验,待核验,句法分析与结构化表示,未公开,"论文信息汇总.csv 序99：摘要、研究内容、创新点；内容仅据摘要/Introduction归纳。
PDF：港大/Kong, Lingpeng/论文/2022_An Empirical Revisiting of Linguistic Knowledge Fusion in Language Understanding Tasks.pdf；第1页标题、作者单位与摘要；Introduction在已保存前3页内。
https://aclanthology.org/2022.emnlp-main.684/；访问2026-09-17；ACL作者顺序、发表信息与摘要。
CV：https://ikekonglp.github.io/lingpenk_cv.pdf；第10页；版本2026-01-27。
PDF发表标记：“Proceedings of the 2022 Conference on Empirical Methods in Natural Language Processing, pages 10064–10070”。
原文摘要依据：“Though linguistic knowledge emerges during large-scale language model pretraining, recent work attempt to explicitly incorporate human-defined linguistic priors into task-specific fine-tuning. Infusin”。
仅确认论文内原姓名署名；跨论文身份未确认。","身份待核验；按单篇保留，不跨论文合并同名者。待核验（未深查）；原姓名整体未达到重点阈值。
具体论文问题：P99-C;P99-R
完整Scholar/DBLP论文列表及CCF/CORE目录未获取；当前公开材料可能漏项。",99
Tianyi Xiao（论文 #99，身份待核验）,2022；论文#99；香港科技大学,待核验,身份待核验,待核验,论文合作者（身份待核验）,待核验,待核验,待核验,句法分析与结构化表示,未公开,"论文信息汇总.csv 序99：摘要、研究内容、创新点；内容仅据摘要/Introduction归纳。
PDF：港大/Kong, Lingpeng/论文/2022_An Empirical Revisiting of Linguistic Knowledge Fusion in Language Understanding Tasks.pdf；第1页标题、作者单位与摘要；Introduction在已保存前3页内。
https://aclanthology.org/2022.emnlp-main.684/；访问2026-09-17；ACL作者顺序、发表信息与摘要。
CV：https://ikekonglp.github.io/lingpenk_cv.pdf；第10页；版本2026-01-27。
PDF发表标记：“Proceedings of the 2022 Conference on Empirical Methods in Natural Language Processing, pages 10064–10070”。
原文摘要依据：“Though linguistic knowledge emerges during large-scale language model pretraining, recent work attempt to explicitly incorporate human-defined linguistic priors into task-specific fine-tuning. Infusin”。
仅确认论文内原姓名署名；跨论文身份未确认。","身份待核验；按单篇保留，不跨论文合并同名者。待核验（未深查）；原姓名整体未达到重点阈值。
具体论文问题：P99-C;P99-R
完整Scholar/DBLP论文列表及CCF/CORE目录未获取；当前公开材料可能漏项。",99
Yangqiu Song（论文 #99，身份待核验）,2022；论文#99；香港科技大学,待核验,身份待核验,待核验,论文合作者（身份待核验）,待核验,待核验,待核验,句法分析与结构化表示,未公开,"论文信息汇总.csv 序99：摘要、研究内容、创新点；内容仅据摘要/Introduction归纳。
PDF：港大/Kong, Lingpeng/论文/2022_An Empirical Revisiting of Linguistic Knowledge Fusion in Language Understanding Tasks.pdf；第1页标题、作者单位与摘要；Introduction在已保存前3页内。
https://aclanthology.org/2022.emnlp-main.684/；访问2026-09-17；ACL作者顺序、发表信息与摘要。
CV：https://ikekonglp.github.io/lingpenk_cv.pdf；第10页；版本2026-01-27。
PDF发表标记：“Proceedings of the 2022 Conference on Empirical Methods in Natural Language Processing, pages 10064–10070”。
原文摘要依据：“Though linguistic knowledge emerges during large-scale language model pretraining, recent work attempt to explicitly incorporate human-defined linguistic priors into task-specific fine-tuning. Infusin”。
仅确认论文内原姓名署名；跨论文身份未确认。","身份待核验；按单篇保留，不跨论文合并同名者。待核验（未深查）；原姓名整体未达到重点阈值。
具体论文问题：P99-C;P99-R
完整Scholar/DBLP论文列表及CCF/CORE目录未获取；当前公开材料可能漏项。",99
Wilfred Ng（论文 #99，身份待核验）,2022；论文#99；香港科技大学,待核验,身份待核验,待核验,论文合作者（身份待核验）,待核验,待核验,待核验,句法分析与结构化表示,未公开,"论文信息汇总.csv 序99：摘要、研究内容、创新点；内容仅据摘要/Introduction归纳。
PDF：港大/Kong, Lingpeng/论文/2022_An Empirical Revisiting of Linguistic Knowledge Fusion in Language Understanding Tasks.pdf；第1页标题、作者单位与摘要；Introduction在已保存前3页内。
https://aclanthology.org/2022.emnlp-main.684/；访问2026-09-17；ACL作者顺序、发表信息与摘要。
CV：https://ikekonglp.github.io/lingpenk_cv.pdf；第10页；版本2026-01-27。
PDF发表标记：“Proceedings of the 2022 Conference on Empirical Methods in Natural Language Processing, pages 10064–10070”。
原文摘要依据：“Though linguistic knowledge emerges during large-scale language model pretraining, recent work attempt to explicitly incorporate human-defined linguistic priors into task-specific fine-tuning. Infusin”。
仅确认论文内原姓名署名；跨论文身份未确认。","身份待核验；按单篇保留，不跨论文合并同名者。待核验（未深查）；原姓名整体未达到重点阈值。
具体论文问题：P99-C;P99-R
完整Scholar/DBLP论文列表及CCF/CORE目录未获取；当前公开材料可能漏项。",99
Kai Lv（论文 #100，身份待核验）,2022；论文#100；复旦大学,待核验,身份待核验,待核验,论文合作者（身份待核验）,待核验,待核验,待核验,可控文本生成与一致性,未公开,"论文信息汇总.csv 序100：摘要、研究内容、创新点；内容仅据摘要/Introduction归纳。
PDF：港大/Kong, Lingpeng/论文/2022_CoNT_ Contrastive Neural Text Generation.pdf；第1页标题、作者单位与摘要；Introduction在已保存前3页内。
https://arxiv.org/abs/2205.14690；访问2026-09-17；arXiv作者顺序和摘要。
CV：https://ikekonglp.github.io/lingpenk_cv.pdf；第10页；版本2026-01-27。
原文摘要依据：“Recently, contrastive learning attracts increasing interests in neural text generation as a new solution to alleviate the exposure bias problem. It introduces a sequence-level training signal which is”。
仅确认论文内原姓名署名；跨论文身份未确认。","身份待核验；按单篇保留，不跨论文合并同名者。待核验（未深查）；原姓名整体未达到重点阈值。
具体论文问题：P100-C;P100-A;P100-R;P100-F
完整Scholar/DBLP论文列表及CCF/CORE目录未获取；当前公开材料可能漏项。",100
Xuanjing Huang（论文 #100，身份待核验）,2022；论文#100；复旦大学；上海智能信息处理创新中心,待核验,身份待核验,待核验,论文合作者（身份待核验）,待核验,待核验,待核验,可控文本生成与一致性,未公开,"论文信息汇总.csv 序100：摘要、研究内容、创新点；内容仅据摘要/Introduction归纳。
PDF：港大/Kong, Lingpeng/论文/2022_CoNT_ Contrastive Neural Text Generation.pdf；第1页标题、作者单位与摘要；Introduction在已保存前3页内。
https://arxiv.org/abs/2205.14690；访问2026-09-17；arXiv作者顺序和摘要。
CV：https://ikekonglp.github.io/lingpenk_cv.pdf；第10页；版本2026-01-27。
原文摘要依据：“Recently, contrastive learning attracts increasing interests in neural text generation as a new solution to alleviate the exposure bias problem. It introduces a sequence-level training signal which is”。
仅确认论文内原姓名署名；跨论文身份未确认。","身份待核验；按单篇保留，不跨论文合并同名者。待核验（未深查）；原姓名整体未达到重点阈值。
具体论文问题：P100-C;P100-A;P100-R;P100-F
完整Scholar/DBLP论文列表及CCF/CORE目录未获取；当前公开材料可能漏项。",100
Yixuan Su（论文 #101，身份待核验）,2022；论文#101；剑桥大学,待核验,身份待核验,待核验,论文合作者（身份待核验）,待核验,待核验,待核验,可控文本生成与一致性,未公开,"论文信息汇总.csv 序101：摘要、研究内容、创新点；内容仅据摘要/Introduction归纳。
PDF：港大/Kong, Lingpeng/论文/2022_A Contrastive Framework for Neural Text Generation.pdf；第1页标题、作者单位与摘要；Introduction在已保存前3页内。
https://arxiv.org/abs/2202.06417；访问2026-09-17；arXiv作者顺序和摘要。
CV：https://ikekonglp.github.io/lingpenk_cv.pdf；第11页；版本2026-01-27。
原文摘要依据：“Text generation is of great importance to many natural language processing applications. However, maximization-based decoding methods (e.g. beam search) of neural language models often lead to degener”。
仅确认论文内原姓名署名；跨论文身份未确认。","身份待核验；按单篇保留，不跨论文合并同名者。达到重点候选筛选阈值；已查可定位来源，身份/历史履历仍未确认。
具体论文问题：P101-C;P101-R;P101-F
完整Scholar/DBLP论文列表及CCF/CORE目录未获取；当前公开材料可能漏项。",101
Yixuan Su（论文 #132，身份待核验）,2022；论文#132；待核验,待核验,身份待核验,待核验,论文合作者（身份待核验）,待核验,待核验,待核验,可控文本生成与一致性,未公开,"论文信息汇总.csv 序132：摘要、研究内容、创新点；内容仅据摘要/Introduction归纳。
仅取得可靠元数据或摘要；未取得可读全文。
https://arxiv.org/abs/2205.02655；访问2026-09-17；arXiv作者顺序和摘要。
原文摘要依据：“Generative language models (LMs) such as GPT-2/3 can be prompted to generate text with remarkable quality. While they are designed for text-prompted generation, it remains an open question how the gen”。
仅确认论文内原姓名署名；跨论文身份未确认。","身份待核验；按单篇保留，不跨论文合并同名者。达到重点候选筛选阈值；已查可定位来源，身份/历史履历仍未确认。
具体论文问题：P132-C;P132-D;P132-A;P132-R
完整Scholar/DBLP论文列表及CCF/CORE目录未获取；当前公开材料可能漏项。",132
Tian Lan（论文 #101，身份待核验）,2022；论文#101；腾讯AI Lab,待核验,身份待核验,待核验,论文合作者（身份待核验）,待核验,待核验,待核验,可控文本生成与一致性,未公开,"论文信息汇总.csv 序101：摘要、研究内容、创新点；内容仅据摘要/Introduction归纳。
PDF：港大/Kong, Lingpeng/论文/2022_A Contrastive Framework for Neural Text Generation.pdf；第1页标题、作者单位与摘要；Introduction在已保存前3页内。
https://arxiv.org/abs/2202.06417；访问2026-09-17；arXiv作者顺序和摘要。
CV：https://ikekonglp.github.io/lingpenk_cv.pdf；第11页；版本2026-01-27。
原文摘要依据：“Text generation is of great importance to many natural language processing applications. However, maximization-based decoding methods (e.g. beam search) of neural language models often lead to degener”。
仅确认论文内原姓名署名；跨论文身份未确认。","身份待核验；按单篇保留，不跨论文合并同名者。达到重点候选筛选阈值；已查可定位来源，身份/历史履历仍未确认。
具体论文问题：P101-C;P101-R;P101-F
完整Scholar/DBLP论文列表及CCF/CORE目录未获取；当前公开材料可能漏项。",101
Tian Lan（论文 #132，身份待核验）,2022；论文#132；待核验,待核验,身份待核验,待核验,论文合作者（身份待核验）,待核验,待核验,待核验,可控文本生成与一致性,未公开,"论文信息汇总.csv 序132：摘要、研究内容、创新点；内容仅据摘要/Introduction归纳。
仅取得可靠元数据或摘要；未取得可读全文。
https://arxiv.org/abs/2205.02655；访问2026-09-17；arXiv作者顺序和摘要。
原文摘要依据：“Generative language models (LMs) such as GPT-2/3 can be prompted to generate text with remarkable quality. While they are designed for text-prompted generation, it remains an open question how the gen”。
仅确认论文内原姓名署名；跨论文身份未确认。","身份待核验；按单篇保留，不跨论文合并同名者。达到重点候选筛选阈值；已查可定位来源，身份/历史履历仍未确认。
具体论文问题：P132-C;P132-D;P132-A;P132-R
完整Scholar/DBLP论文列表及CCF/CORE目录未获取；当前公开材料可能漏项。",132
Yan Wang（论文 #101，身份待核验）,2022；论文#101；腾讯AI Lab,待核验,身份待核验,待核验,论文合作者（身份待核验）,待核验,待核验,待核验,可控文本生成与一致性,未公开,"论文信息汇总.csv 序101：摘要、研究内容、创新点；内容仅据摘要/Introduction归纳。
PDF：港大/Kong, Lingpeng/论文/2022_A Contrastive Framework for Neural Text Generation.pdf；第1页标题、作者单位与摘要；Introduction在已保存前3页内。
https://arxiv.org/abs/2202.06417；访问2026-09-17；arXiv作者顺序和摘要。
CV：https://ikekonglp.github.io/lingpenk_cv.pdf；第11页；版本2026-01-27。
原文摘要依据：“Text generation is of great importance to many natural language processing applications. However, maximization-based decoding methods (e.g. beam search) of neural language models often lead to degener”。
仅确认论文内原姓名署名；跨论文身份未确认。","身份待核验；按单篇保留，不跨论文合并同名者。达到重点候选筛选阈值；已查可定位来源，身份/历史履历仍未确认。
具体论文问题：P101-C;P101-R;P101-F
完整Scholar/DBLP论文列表及CCF/CORE目录未获取；当前公开材料可能漏项。",101
Yan Wang（论文 #132，身份待核验）,2022；论文#132；待核验,待核验,身份待核验,待核验,论文合作者（身份待核验）,待核验,待核验,待核验,可控文本生成与一致性,未公开,"论文信息汇总.csv 序132：摘要、研究内容、创新点；内容仅据摘要/Introduction归纳。
仅取得可靠元数据或摘要；未取得可读全文。
https://arxiv.org/abs/2205.02655；访问2026-09-17；arXiv作者顺序和摘要。
原文摘要依据：“Generative language models (LMs) such as GPT-2/3 can be prompted to generate text with remarkable quality. While they are designed for text-prompted generation, it remains an open question how the gen”。
仅确认论文内原姓名署名；跨论文身份未确认。","身份待核验；按单篇保留，不跨论文合并同名者。达到重点候选筛选阈值；已查可定位来源，身份/历史履历仍未确认。
具体论文问题：P132-C;P132-D;P132-A;P132-R
完整Scholar/DBLP论文列表及CCF/CORE目录未获取；当前公开材料可能漏项。",132
Nigel Collier（论文 #101，身份待核验）,2022；论文#101；剑桥大学,待核验,身份待核验,待核验,论文合作者（身份待核验）,待核验,待核验,待核验,可控文本生成与一致性,未公开,"论文信息汇总.csv 序101：摘要、研究内容、创新点；内容仅据摘要/Introduction归纳。
PDF：港大/Kong, Lingpeng/论文/2022_A Contrastive Framework for Neural Text Generation.pdf；第1页标题、作者单位与摘要；Introduction在已保存前3页内。
https://arxiv.org/abs/2202.06417；访问2026-09-17；arXiv作者顺序和摘要。
CV：https://ikekonglp.github.io/lingpenk_cv.pdf；第11页；版本2026-01-27。
原文摘要依据：“Text generation is of great importance to many natural language processing applications. However, maximization-based decoding methods (e.g. beam search) of neural language models often lead to degener”。
仅确认论文内原姓名署名；跨论文身份未确认。","身份待核验；按单篇保留，不跨论文合并同名者。达到重点候选筛选阈值；已查可定位来源，身份/历史履历仍未确认。
具体论文问题：P101-C;P101-R;P101-F
完整Scholar/DBLP论文列表及CCF/CORE目录未获取；当前公开材料可能漏项。",101
Nigel Collier（论文 #132，身份待核验）,2022；论文#132；待核验,待核验,身份待核验,待核验,论文合作者（身份待核验）,待核验,待核验,待核验,可控文本生成与一致性,未公开,"论文信息汇总.csv 序132：摘要、研究内容、创新点；内容仅据摘要/Introduction归纳。
仅取得可靠元数据或摘要；未取得可读全文。
https://arxiv.org/abs/2205.02655；访问2026-09-17；arXiv作者顺序和摘要。
原文摘要依据：“Generative language models (LMs) such as GPT-2/3 can be prompted to generate text with remarkable quality. While they are designed for text-prompted generation, it remains an open question how the gen”。
仅确认论文内原姓名署名；跨论文身份未确认。","身份待核验；按单篇保留，不跨论文合并同名者。达到重点候选筛选阈值；已查可定位来源，身份/历史履历仍未确认。
具体论文问题：P132-C;P132-D;P132-A;P132-R
完整Scholar/DBLP论文列表及CCF/CORE目录未获取；当前公开材料可能漏项。",132
Jiayi Zhang（论文 #102，身份待核验）,2022；论文#102；待核验,待核验,身份待核验,待核验,论文合作者（身份待核验）,待核验,待核验,待核验,音视频分割与描述,未公开,"论文信息汇总.csv 序102：摘要、研究内容、创新点；内容仅据摘要/Introduction归纳。
仅取得可靠元数据或摘要；未取得可读全文。
https://arxiv.org/abs/2207.05042；访问2026-09-17；arXiv作者顺序和摘要。
CV：https://ikekonglp.github.io/lingpenk_cv.pdf；第11页；版本2026-01-27。
原文摘要依据：“We propose to explore a new problem called audio-visual segmentation (AVS), in which the goal is to output a pixel-level map of the object(s) that produce sound at the time of the image frame. To faci”。
仅确认论文内原姓名署名；跨论文身份未确认。","身份待核验；按单篇保留，不跨论文合并同名者。达到重点候选筛选阈值；已查可定位来源，身份/历史履历仍未确认。
具体论文问题：P102-C;P102-D;P102-A;P102-R;P102-F
完整Scholar/DBLP论文列表及CCF/CORE目录未获取；当前公开材料可能漏项。",102
Jiayi Zhang（论文 #133，身份待核验）,2023；论文#133；待核验,待核验,身份待核验,待核验,论文合作者（身份待核验）,待核验,待核验,待核验,音视频分割与描述,未公开,"论文信息汇总.csv 序133：摘要、研究内容、创新点；内容仅据摘要/Introduction归纳。
仅取得可靠元数据或摘要；未取得可读全文。
https://arxiv.org/abs/2301.13190；访问2026-09-17；arXiv作者顺序和摘要。
原文摘要依据：“We propose a new problem called audio-visual segmentation (AVS), in which the goal is to output a pixel-level map of the object(s) that produce sound at the time of the image frame. To facilitate this”。
仅确认论文内原姓名署名；跨论文身份未确认。","身份待核验；按单篇保留，不跨论文合并同名者。达到重点候选筛选阈值；已查可定位来源，身份/历史履历仍未确认。
具体论文问题：P133-C;P133-D;P133-A;P133-R
完整Scholar/DBLP论文列表及CCF/CORE目录未获取；当前公开材料可能漏项。",133
Jing Zhang（论文 #102，身份待核验）,2022；论文#102；待核验,待核验,身份待核验,待核验,论文合作者（身份待核验）,待核验,待核验,待核验,音视频分割与描述,未公开,"论文信息汇总.csv 序102：摘要、研究内容、创新点；内容仅据摘要/Introduction归纳。
仅取得可靠元数据或摘要；未取得可读全文。
https://arxiv.org/abs/2207.05042；访问2026-09-17；arXiv作者顺序和摘要。
CV：https://ikekonglp.github.io/lingpenk_cv.pdf；第11页；版本2026-01-27。
原文摘要依据：“We propose to explore a new problem called audio-visual segmentation (AVS), in which the goal is to output a pixel-level map of the object(s) that produce sound at the time of the image frame. To faci”。
仅确认论文内原姓名署名；跨论文身份未确认。","身份待核验；按单篇保留，不跨论文合并同名者。达到重点候选筛选阈值；已查可定位来源，身份/历史履历仍未确认。
具体论文问题：P102-C;P102-D;P102-A;P102-R;P102-F
完整Scholar/DBLP论文列表及CCF/CORE目录未获取；当前公开材料可能漏项。",102
Jing Zhang（论文 #133，身份待核验）,2023；论文#133；待核验,待核验,身份待核验,待核验,论文合作者（身份待核验）,待核验,待核验,待核验,音视频分割与描述,未公开,"论文信息汇总.csv 序133：摘要、研究内容、创新点；内容仅据摘要/Introduction归纳。
仅取得可靠元数据或摘要；未取得可读全文。
https://arxiv.org/abs/2301.13190；访问2026-09-17；arXiv作者顺序和摘要。
原文摘要依据：“We propose a new problem called audio-visual segmentation (AVS), in which the goal is to output a pixel-level map of the object(s) that produce sound at the time of the image frame. To facilitate this”。
仅确认论文内原姓名署名；跨论文身份未确认。","身份待核验；按单篇保留，不跨论文合并同名者。达到重点候选筛选阈值；已查可定位来源，身份/历史履历仍未确认。
具体论文问题：P133-C;P133-D;P133-A;P133-R
完整Scholar/DBLP论文列表及CCF/CORE目录未获取；当前公开材料可能漏项。",133
Dan Guo（论文 #102，身份待核验）,2022；论文#102；待核验,待核验,身份待核验,待核验,论文合作者（身份待核验）,待核验,待核验,待核验,音视频分割与描述,未公开,"论文信息汇总.csv 序102：摘要、研究内容、创新点；内容仅据摘要/Introduction归纳。
仅取得可靠元数据或摘要；未取得可读全文。
https://arxiv.org/abs/2207.05042；访问2026-09-17；arXiv作者顺序和摘要。
CV：https://ikekonglp.github.io/lingpenk_cv.pdf；第11页；版本2026-01-27。
原文摘要依据：“We propose to explore a new problem called audio-visual segmentation (AVS), in which the goal is to output a pixel-level map of the object(s) that produce sound at the time of the image frame. To faci”。
仅确认论文内原姓名署名；跨论文身份未确认。","身份待核验；按单篇保留，不跨论文合并同名者。达到重点候选筛选阈值；已查可定位来源，身份/历史履历仍未确认。
具体论文问题：P102-C;P102-D;P102-A;P102-R;P102-F
完整Scholar/DBLP论文列表及CCF/CORE目录未获取；当前公开材料可能漏项。",102
Dan Guo（论文 #133，身份待核验）,2023；论文#133；待核验,待核验,身份待核验,待核验,论文合作者（身份待核验）,待核验,待核验,待核验,音视频分割与描述,未公开,"论文信息汇总.csv 序133：摘要、研究内容、创新点；内容仅据摘要/Introduction归纳。
仅取得可靠元数据或摘要；未取得可读全文。
https://arxiv.org/abs/2301.13190；访问2026-09-17；arXiv作者顺序和摘要。
原文摘要依据：“We propose a new problem called audio-visual segmentation (AVS), in which the goal is to output a pixel-level map of the object(s) that produce sound at the time of the image frame. To facilitate this”。
仅确认论文内原姓名署名；跨论文身份未确认。","身份待核验；按单篇保留，不跨论文合并同名者。达到重点候选筛选阈值；已查可定位来源，身份/历史履历仍未确认。
具体论文问题：P133-C;P133-D;P133-A;P133-R
完整Scholar/DBLP论文列表及CCF/CORE目录未获取；当前公开材料可能漏项。",133
Huijie Pan（论文 #104，身份待核验）,2022；论文#104；香港大学,待核验,身份待核验,待核验,论文合作者（身份待核验）,待核验,待核验,待核验,高效注意力与序列架构,未公开,"论文信息汇总.csv 序104：摘要、研究内容、创新点；内容仅据摘要/Introduction归纳。
PDF：港大/Kong, Lingpeng/论文/2022_Ripple Attention for Visual Perception with Sub-quadratic Complexity.pdf；第1页标题、作者单位与摘要；Introduction在已保存前3页内。
https://arxiv.org/abs/2110.02453；访问2026-09-17；arXiv作者顺序和摘要。
CV：https://ikekonglp.github.io/lingpenk_cv.pdf；第11页；版本2026-01-27。
PDF发表标记：“Proceedings of the 39 th International Conference on Machine     table technique (§3.3).”。
原文摘要依据：“Transformer architectures are now central to sequence modeling tasks. At its heart is the attention mechanism, which enables effective modeling of long-term dependencies in a sequence. Recently, trans”。
仅确认论文内原姓名署名；跨论文身份未确认。","身份待核验；按单篇保留，不跨论文合并同名者。待核验（未深查）；原姓名整体未达到重点阈值。
具体论文问题：P104-C;P104-A
完整Scholar/DBLP论文列表及CCF/CORE目录未获取；当前公开材料可能漏项。",104
Jakob Prange（论文 #105，身份待核验）,2022；论文#105；乔治城大学,待核验,身份待核验,待核验,论文合作者（身份待核验）,待核验,待核验,待核验,句法分析与结构化表示,未公开,"论文信息汇总.csv 序105：摘要、研究内容、创新点；内容仅据摘要/Introduction归纳。
PDF：港大/Kong, Lingpeng/论文/2022_Linguistic Frameworks Go Toe-to-Toe at Neuro-Symbolic Language Modeling.pdf；第1页标题、作者单位与摘要；Introduction在已保存前3页内。
https://aclanthology.org/2022.naacl-main.325/；访问2026-09-17；ACL作者顺序、发表信息与摘要。
CV：https://ikekonglp.github.io/lingpenk_cv.pdf；第11页；版本2026-01-27。
原文摘要依据：“We examine the extent to which, in principle, different syntactic and semantic graph representations can complement and improve neural language modeling. Specifically, by conditioning on a subgraph en”。
仅确认论文内原姓名署名；跨论文身份未确认。","身份待核验；按单篇保留，不跨论文合并同名者。待核验（未深查）；原姓名整体未达到重点阈值。
具体论文问题：P105-C;P105-R
完整Scholar/DBLP论文列表及CCF/CORE目录未获取；当前公开材料可能漏项。",105
Nathan Schneider（论文 #105，身份待核验）,2022；论文#105；乔治城大学,待核验,身份待核验,待核验,论文合作者（身份待核验）,待核验,待核验,待核验,句法分析与结构化表示,未公开,"论文信息汇总.csv 序105：摘要、研究内容、创新点；内容仅据摘要/Introduction归纳。
PDF：港大/Kong, Lingpeng/论文/2022_Linguistic Frameworks Go Toe-to-Toe at Neuro-Symbolic Language Modeling.pdf；第1页标题、作者单位与摘要；Introduction在已保存前3页内。
https://aclanthology.org/2022.naacl-main.325/；访问2026-09-17；ACL作者顺序、发表信息与摘要。
CV：https://ikekonglp.github.io/lingpenk_cv.pdf；第11页；版本2026-01-27。
原文摘要依据：“We examine the extent to which, in principle, different syntactic and semantic graph representations can complement and improve neural language modeling. Specifically, by conditioning on a subgraph en”。
仅确认论文内原姓名署名；跨论文身份未确认。","身份待核验；按单篇保留，不跨论文合并同名者。待核验（未深查）；原姓名整体未达到重点阈值。
具体论文问题：P105-C;P105-R
完整Scholar/DBLP论文列表及CCF/CORE目录未获取；当前公开材料可能漏项。",105
Nathan Schneider（论文 #124，身份待核验）,2014；论文#124；卡内基梅隆大学,待核验,身份待核验,待核验,论文合作者（身份待核验）,待核验,待核验,待核验,句法分析与结构化表示,未公开,"论文信息汇总.csv 序124：摘要、研究内容、创新点；内容仅据摘要/Introduction归纳。
PDF：港大/Kong, Lingpeng/论文/2014_A Dependency Parser for Tweets.pdf；第1页标题、作者单位与摘要；Introduction在已保存前3页内。
https://aclanthology.org/D14-1108/；访问2026-09-17；ACL作者顺序、发表信息与摘要。
CV：https://ikekonglp.github.io/lingpenk_cv.pdf；第12页；版本2026-01-27。
PDF发表标记：“Proceedings of the 2014 Conference on Empirical Methods in Natural Language Processing (EMNLP), pages 1001–1012,”。
原文摘要依据：“We describe a new dependency parser for English tweets, TWEEBOPARSER. The parser builds on several contributions: new syntactic annotations for a corpus of tweets (TWEEBANK), with conventions informed”。
仅确认论文内原姓名署名；跨论文身份未确认。","身份待核验；按单篇保留，不跨论文合并同名者。待核验（未深查）；原姓名整体未达到重点阈值。
具体论文问题：P124-C;P124-A;P124-R
完整Scholar/DBLP论文列表及CCF/CORE目录未获取；当前公开材料可能漏项。",124
Piji Li（论文 #106，身份待核验）,2022；论文#106；腾讯AI Lab,待核验,身份待核验,待核验,论文合作者（身份待核验）,待核验,待核验,待核验,可控文本生成与一致性,未公开,"论文信息汇总.csv 序106：摘要、研究内容、创新点；内容仅据摘要/Introduction归纳。
PDF：港大/Kong, Lingpeng/论文/2022_Event Transition Planning for Open-ended Text Generation.pdf；第1页标题、作者单位与摘要；Introduction在已保存前3页内。
https://aclanthology.org/2022.findings-acl.269/；访问2026-09-17；ACL作者顺序、发表信息与摘要。
CV：https://ikekonglp.github.io/lingpenk_cv.pdf；第11页；版本2026-01-27。
原文摘要依据：“Open-ended text generation tasks, such as dialogue generation and story completion, require models to generate a coherent continuation given limited preceding context. The open-ended nature of these t”。
仅确认论文内原姓名署名；跨论文身份未确认。","身份待核验；按单篇保留，不跨论文合并同名者。待核验（未深查）；原姓名整体未达到重点阈值。
具体论文问题：P106-C;P106-A
完整Scholar/DBLP论文列表及CCF/CORE目录未获取；当前公开材料可能漏项。",106
Zhaochun Ren（论文 #106，身份待核验）,2022；论文#106；山东大学,待核验,身份待核验,待核验,论文合作者（身份待核验）,待核验,待核验,待核验,可控文本生成与一致性,未公开,"论文信息汇总.csv 序106：摘要、研究内容、创新点；内容仅据摘要/Introduction归纳。
PDF：港大/Kong, Lingpeng/论文/2022_Event Transition Planning for Open-ended Text Generation.pdf；第1页标题、作者单位与摘要；Introduction在已保存前3页内。
https://aclanthology.org/2022.findings-acl.269/；访问2026-09-17；ACL作者顺序、发表信息与摘要。
CV：https://ikekonglp.github.io/lingpenk_cv.pdf；第11页；版本2026-01-27。
原文摘要依据：“Open-ended text generation tasks, such as dialogue generation and story completion, require models to generate a coherent continuation given limited preceding context. The open-ended nature of these t”。
仅确认论文内原姓名署名；跨论文身份未确认。","身份待核验；按单篇保留，不跨论文合并同名者。待核验（未深查）；原姓名整体未达到重点阈值。
具体论文问题：P106-C;P106-A
完整Scholar/DBLP论文列表及CCF/CORE目录未获取；当前公开材料可能漏项。",106
Yuxuan Lai（论文 #106，身份待核验）,2022；论文#106；香港大学,待核验,身份待核验,待核验,论文合作者（身份待核验）,待核验,待核验,待核验,可控文本生成与一致性,未公开,"论文信息汇总.csv 序106：摘要、研究内容、创新点；内容仅据摘要/Introduction归纳。
PDF：港大/Kong, Lingpeng/论文/2022_Event Transition Planning for Open-ended Text Generation.pdf；第1页标题、作者单位与摘要；Introduction在已保存前3页内。
https://aclanthology.org/2022.findings-acl.269/；访问2026-09-17；ACL作者顺序、发表信息与摘要。
CV：https://ikekonglp.github.io/lingpenk_cv.pdf；第11页；版本2026-01-27。
原文摘要依据：“Open-ended text generation tasks, such as dialogue generation and story completion, require models to generate a coherent continuation given limited preceding context. The open-ended nature of these t”。
仅确认论文内原姓名署名；跨论文身份未确认。","身份待核验；按单篇保留，不跨论文合并同名者。待核验（未深查）；原姓名整体未达到重点阈值。
具体论文问题：P106-C;P106-A
完整Scholar/DBLP论文列表及CCF/CORE目录未获取；当前公开材料可能漏项。",106
Ben Kao（论文 #107，身份待核验）,2022；论文#107；香港大学,待核验,身份待核验,待核验,论文合作者（身份待核验）,待核验,待核验,待核验,支持性对话,未公开,"论文信息汇总.csv 序107：摘要、研究内容、创新点；内容仅据摘要/Introduction归纳。
PDF：港大/Kong, Lingpeng/论文/2022_Lexical Knowledge Internalization for Neural Dialog Generation.pdf；第1页标题、作者单位与摘要；Introduction在已保存前3页内。
https://aclanthology.org/2022.acl-long.547/；访问2026-09-17；ACL作者顺序、发表信息与摘要。
CV：https://ikekonglp.github.io/lingpenk_cv.pdf；第11页；版本2026-01-27。
PDF发表标记：“Proceedings of the 60th Annual Meeting of the Association for Computational Linguistics”。
原文摘要依据：“We propose knowledge internalization (KI), which aims to complement the lexical knowledge into neural dialog models. Instead of further conditioning the knowledge-grounded dialog (KGD) models on exter”。
仅确认论文内原姓名署名；跨论文身份未确认。https://aclanthology.org/people/ben-kao/","身份待核验；按单篇保留，不跨论文合并同名者。达到重点候选筛选阈值；已查可定位来源，身份/历史履历仍未确认。
具体论文问题：P107-C;P107-A
完整Scholar/DBLP论文列表及CCF/CORE目录未获取；当前公开材料可能漏项。",107
Ben Kao（论文 #112，身份待核验）,2021；论文#112；香港大学,待核验,身份待核验,待核验,论文合作者（身份待核验）,待核验,待核验,待核验,机器翻译,未公开,"论文信息汇总.csv 序112：摘要、研究内容、创新点；内容仅据摘要/Introduction归纳。
PDF：港大/Kong, Lingpeng/论文/2021_Good for Misconceived Reasons_ An Empirical Revisiting on the Need for Visual Context in Multimodal Machine Translation.pdf；第1页标题、作者单位与摘要；Introduction在已保存前3页内。
https://aclanthology.org/2021.acl-long.480/；访问2026-09-17；ACL作者顺序、发表信息与摘要。
CV：https://ikekonglp.github.io/lingpenk_cv.pdf；第11页；版本2026-01-27。
PDF发表标记：“Proceedings of the 59th Annual Meeting of the Association for Computational Linguistics”。
原文摘要依据：“A neural multimodal machine translation (MMT) system is one that aims to perform better translation by extending conventional text-only translation models with multimodal information. Many recent stud”。
仅确认论文内原姓名署名；跨论文身份未确认。https://aclanthology.org/people/ben-kao/","身份待核验；按单篇保留，不跨论文合并同名者。达到重点候选筛选阈值；已查可定位来源，身份/历史履历仍未确认。
具体论文问题：P112-C;P112-A;P112-R
完整Scholar/DBLP论文列表及CCF/CORE目录未获取；当前公开材料可能漏项。",112
Ben Kao（论文 #158，身份待核验）,2026；论文#158；待核验,待核验,身份待核验,待核验,论文合作者（身份待核验）,待核验,待核验,待核验,工具智能体与任务评测,未公开,"论文信息汇总.csv 序158：摘要、研究内容、创新点；内容仅据摘要/Introduction归纳。
仅取得可靠元数据或摘要；未取得可读全文。
https://aclanthology.org/2026.acl-long.431/；访问2026-09-17；ACL作者顺序、发表信息与摘要。
原文摘要依据：“Computer-using agents powered by Vision-Language Models (VLMs) have demonstrated human-like capabilities in operating digital environments like mobile platforms. While these agents hold great promise ”。
仅确认论文内原姓名署名；跨论文身份未确认。https://aclanthology.org/people/ben-kao/","身份待核验；按单篇保留，不跨论文合并同名者。达到重点候选筛选阈值；已查可定位来源，身份/历史履历仍未确认。
具体论文问题：P158-C;P158-D;P158-A;P158-R
完整Scholar/DBLP论文列表及CCF/CORE目录未获取；当前公开材料可能漏项。",158
Ben Kao（论文 #176，身份待核验）,2026；论文#176；待核验,待核验,身份待核验,待核验,论文合作者（身份待核验）,待核验,待核验,待核验,工具智能体与任务评测,未公开,"论文信息汇总.csv 序176：摘要、研究内容、创新点；内容仅据摘要/Introduction归纳。
仅取得可靠元数据或摘要；未取得可读全文。
https://arxiv.org/abs/2607.28609；访问2026-09-17；arXiv作者顺序和摘要。
原文摘要依据：“Computer-using agents (CUAs) are advancing rapidly across the digital world. A CUA trajectory records the agent's actions, states, and reasoning. Verifying whether it fulfilled the task instruction is”。
仅确认论文内原姓名署名；跨论文身份未确认。https://aclanthology.org/people/ben-kao/","身份待核验；按单篇保留，不跨论文合并同名者。达到重点候选筛选阈值；已查可定位来源，身份/历史履历仍未确认。
具体论文问题：P176-C;P176-D;P176-A;P176-R
完整Scholar/DBLP论文列表及CCF/CORE目录未获取；当前公开材料可能漏项。",176
Jungo Kasai（论文 #108，身份待核验）,2022；论文#108；华盛顿大学,待核验,身份待核验,待核验,论文合作者（身份待核验）,待核验,待核验,待核验,高效注意力与序列架构,未公开,"论文信息汇总.csv 序108：摘要、研究内容、创新点；内容仅据摘要/Introduction归纳。
PDF：港大/Kong, Lingpeng/论文/2022_ABC_ Attention with Bounded-memory Control.pdf；第1页标题、作者单位与摘要；Introduction在已保存前3页内。
https://aclanthology.org/2022.acl-long.515/；访问2026-09-17；ACL作者顺序、发表信息与摘要。
CV：https://ikekonglp.github.io/lingpenk_cv.pdf；第11页；版本2026-01-27。
PDF发表标记：“Proceedings of the 60th Annual Meeting of the Association for Computational Linguistics”。
原文摘要依据：“Transformer architectures have achieved state- of-the-art results on a variety of natural language processing (NLP) tasks. However, their attention mechanism comes with a quadratic complexity in seque”。
仅确认论文内原姓名署名；跨论文身份未确认。","身份待核验；按单篇保留，不跨论文合并同名者。待核验（未深查）；原姓名整体未达到重点阈值。
具体论文问题：P108-C;P108-R
完整Scholar/DBLP论文列表及CCF/CORE目录未获取；当前公开材料可能漏项。",108
Nikolaos Pappas（论文 #108，身份待核验）,2022；论文#108；Amazon Web Services,待核验,身份待核验,待核验,论文合作者（身份待核验）,待核验,待核验,待核验,高效注意力与序列架构,未公开,"论文信息汇总.csv 序108：摘要、研究内容、创新点；内容仅据摘要/Introduction归纳。
PDF：港大/Kong, Lingpeng/论文/2022_ABC_ Attention with Bounded-memory Control.pdf；第1页标题、作者单位与摘要；Introduction在已保存前3页内。
https://aclanthology.org/2022.acl-long.515/；访问2026-09-17；ACL作者顺序、发表信息与摘要。
CV：https://ikekonglp.github.io/lingpenk_cv.pdf；第11页；版本2026-01-27。
PDF发表标记：“Proceedings of the 60th Annual Meeting of the Association for Computational Linguistics”。
原文摘要依据：“Transformer architectures have achieved state- of-the-art results on a variety of natural language processing (NLP) tasks. However, their attention mechanism comes with a quadratic complexity in seque”。
仅确认论文内原姓名署名；跨论文身份未确认。","身份待核验；按单篇保留，不跨论文合并同名者。待核验（未深查）；原姓名整体未达到重点阈值。
具体论文问题：P108-C;P108-R
完整Scholar/DBLP论文列表及CCF/CORE目录未获取；当前公开材料可能漏项。",108
Nikolaos Pappas（论文 #113，身份待核验）,2021；论文#113；待核验,待核验,身份待核验,待核验,论文合作者（身份待核验）,待核验,待核验,待核验,高效注意力与序列架构,未公开,"论文信息汇总.csv 序113：摘要、研究内容、创新点；内容仅据摘要/Introduction归纳。
PDF：港大/Kong, Lingpeng/论文/2021_Random Feature Attention.pdf；第1页标题、作者单位与摘要；Introduction在已保存前3页内。
https://arxiv.org/abs/2103.02143；访问2026-09-17；arXiv作者顺序和摘要。
CV：https://ikekonglp.github.io/lingpenk_cv.pdf；第11页；版本2026-01-27。
PDF发表标记：“Published as a conference paper at ICLR 2021”。
原文摘要依据：“Transformers are state-of-the-art models for a variety of sequence modeling tasks. At their core is an attention function which models pairwise interactions between the inputs at every timestep. While”。
仅确认论文内原姓名署名；跨论文身份未确认。","身份待核验；按单篇保留，不跨论文合并同名者。待核验（未深查）；原姓名整体未达到重点阈值。
具体论文问题：P113-C;P113-A;P113-R
完整Scholar/DBLP论文列表及CCF/CORE目录未获取；当前公开材料可能漏项。",113
Zhaofeng Wu（论文 #108，身份待核验）,2022；论文#108；Allen AI,待核验,身份待核验,待核验,论文合作者（身份待核验）,待核验,待核验,待核验,高效注意力与序列架构,未公开,"论文信息汇总.csv 序108：摘要、研究内容、创新点；内容仅据摘要/Introduction归纳。
PDF：港大/Kong, Lingpeng/论文/2022_ABC_ Attention with Bounded-memory Control.pdf；第1页标题、作者单位与摘要；Introduction在已保存前3页内。
https://aclanthology.org/2022.acl-long.515/；访问2026-09-17；ACL作者顺序、发表信息与摘要。
CV：https://ikekonglp.github.io/lingpenk_cv.pdf；第11页；版本2026-01-27。
PDF发表标记：“Proceedings of the 60th Annual Meeting of the Association for Computational Linguistics”。
原文摘要依据：“Transformer architectures have achieved state- of-the-art results on a variety of natural language processing (NLP) tasks. However, their attention mechanism comes with a quadratic complexity in seque”。
仅确认论文内原姓名署名；跨论文身份未确认。","身份待核验；按单篇保留，不跨论文合并同名者。待核验（未深查）；原姓名整体未达到重点阈值。
具体论文问题：P108-C;P108-R
完整Scholar/DBLP论文列表及CCF/CORE目录未获取；当前公开材料可能漏项。",108
Roy Schwartz（论文 #108，身份待核验）,2022；论文#108；耶路撒冷希伯来大学,待核验,身份待核验,待核验,论文合作者（身份待核验）,待核验,待核验,待核验,高效注意力与序列架构,未公开,"论文信息汇总.csv 序108：摘要、研究内容、创新点；内容仅据摘要/Introduction归纳。
PDF：港大/Kong, Lingpeng/论文/2022_ABC_ Attention with Bounded-memory Control.pdf；第1页标题、作者单位与摘要；Introduction在已保存前3页内。
https://aclanthology.org/2022.acl-long.515/；访问2026-09-17；ACL作者顺序、发表信息与摘要。
CV：https://ikekonglp.github.io/lingpenk_cv.pdf；第11页；版本2026-01-27。
PDF发表标记：“Proceedings of the 60th Annual Meeting of the Association for Computational Linguistics”。
原文摘要依据：“Transformer architectures have achieved state- of-the-art results on a variety of natural language processing (NLP) tasks. However, their attention mechanism comes with a quadratic complexity in seque”。
仅确认论文内原姓名署名；跨论文身份未确认。","身份待核验；按单篇保留，不跨论文合并同名者。待核验（未深查）；原姓名整体未达到重点阈值。
具体论文问题：P108-C;P108-R
完整Scholar/DBLP论文列表及CCF/CORE目录未获取；当前公开材料可能漏项。",108
Roy Schwartz（论文 #113，身份待核验）,2021；论文#113；待核验,待核验,身份待核验,待核验,论文合作者（身份待核验）,待核验,待核验,待核验,高效注意力与序列架构,未公开,"论文信息汇总.csv 序113：摘要、研究内容、创新点；内容仅据摘要/Introduction归纳。
PDF：港大/Kong, Lingpeng/论文/2021_Random Feature Attention.pdf；第1页标题、作者单位与摘要；Introduction在已保存前3页内。
https://arxiv.org/abs/2103.02143；访问2026-09-17；arXiv作者顺序和摘要。
CV：https://ikekonglp.github.io/lingpenk_cv.pdf；第11页；版本2026-01-27。
PDF发表标记：“Published as a conference paper at ICLR 2021”。
原文摘要依据：“Transformers are state-of-the-art models for a variety of sequence modeling tasks. At their core is an attention function which models pairwise interactions between the inputs at every timestep. While”。
仅确认论文内原姓名署名；跨论文身份未确认。","身份待核验；按单篇保留，不跨论文合并同名者。待核验（未深查）；原姓名整体未达到重点阈值。
具体论文问题：P113-C;P113-A;P113-R
完整Scholar/DBLP论文列表及CCF/CORE目录未获取；当前公开材料可能漏项。",113
Yunshen Wei（论文 #109，身份待核验）,2022；论文#109；待核验,待核验,身份待核验,待核验,论文合作者（身份待核验）,待核验,待核验,待核验,高效注意力与序列架构,未公开,"论文信息汇总.csv 序109：摘要、研究内容、创新点；内容仅据摘要/Introduction归纳。
PDF：港大/Kong, Lingpeng/论文/2022_cosFormer_ Rethinking Softmax In Attention.pdf；第1页标题、作者单位与摘要；Introduction在已保存前3页内。
https://arxiv.org/abs/2202.08791；访问2026-09-17；arXiv作者顺序和摘要。
CV：https://ikekonglp.github.io/lingpenk_cv.pdf；第11页；版本2026-01-27。
PDF发表标记：“Published as a conference paper at ICLR 2022”。
原文摘要依据：“Transformer has shown great successes in natural language processing, computer vision, and audio processing. As one of its core components, the softmax attention helps to capture long-range dependenci”。
仅确认论文内原姓名署名；跨论文身份未确认。","身份待核验；按单篇保留，不跨论文合并同名者。待核验（未深查）；原姓名整体未达到重点阈值。
具体论文问题：P109-C;P109-A
完整Scholar/DBLP论文列表及CCF/CORE目录未获取；当前公开材料可能漏项。",109
Baohong Lv（论文 #109，身份待核验）,2022；论文#109；待核验,待核验,身份待核验,待核验,论文合作者（身份待核验）,待核验,待核验,待核验,高效注意力与序列架构,未公开,"论文信息汇总.csv 序109：摘要、研究内容、创新点；内容仅据摘要/Introduction归纳。
PDF：港大/Kong, Lingpeng/论文/2022_cosFormer_ Rethinking Softmax In Attention.pdf；第1页标题、作者单位与摘要；Introduction在已保存前3页内。
https://arxiv.org/abs/2202.08791；访问2026-09-17；arXiv作者顺序和摘要。
CV：https://ikekonglp.github.io/lingpenk_cv.pdf；第11页；版本2026-01-27。
PDF发表标记：“Published as a conference paper at ICLR 2022”。
原文摘要依据：“Transformer has shown great successes in natural language processing, computer vision, and audio processing. As one of its core components, the softmax attention helps to capture long-range dependenci”。
仅确认论文内原姓名署名；跨论文身份未确认。","身份待核验；按单篇保留，不跨论文合并同名者。待核验（未深查）；原姓名整体未达到重点阈值。
具体论文问题：P109-C;P109-A
完整Scholar/DBLP论文列表及CCF/CORE目录未获取；当前公开材料可能漏项。",109
Junjie Yan（论文 #109，身份待核验）,2022；论文#109；待核验,待核验,身份待核验,待核验,论文合作者（身份待核验）,待核验,待核验,待核验,高效注意力与序列架构,未公开,"论文信息汇总.csv 序109：摘要、研究内容、创新点；内容仅据摘要/Introduction归纳。
PDF：港大/Kong, Lingpeng/论文/2022_cosFormer_ Rethinking Softmax In Attention.pdf；第1页标题、作者单位与摘要；Introduction在已保存前3页内。
https://arxiv.org/abs/2202.08791；访问2026-09-17；arXiv作者顺序和摘要。
CV：https://ikekonglp.github.io/lingpenk_cv.pdf；第11页；版本2026-01-27。
PDF发表标记：“Published as a conference paper at ICLR 2022”。
原文摘要依据：“Transformer has shown great successes in natural language processing, computer vision, and audio processing. As one of its core components, the softmax attention helps to capture long-range dependenci”。
仅确认论文内原姓名署名；跨论文身份未确认。","身份待核验；按单篇保留，不跨论文合并同名者。待核验（未深查）；原姓名整体未达到重点阈值。
具体论文问题：P109-C;P109-A
完整Scholar/DBLP论文列表及CCF/CORE目录未获取；当前公开材料可能漏项。",109
Stephen M. S. Lee（论文 #110，身份待核验）,2022；论文#110；香港大学,待核验,身份待核验,待核验,论文合作者（身份待核验）,待核验,待核验,待核验,句法分析与结构化表示,未公开,"论文信息汇总.csv 序110：摘要、研究内容、创新点；内容仅据摘要/Introduction归纳。
PDF：港大/Kong, Lingpeng/论文/2022_Revisiting Over-smoothing in BERT from the Perspective of Graph.pdf；第1页标题、作者单位与摘要；Introduction在已保存前3页内。
https://arxiv.org/abs/2202.08625；访问2026-09-17；arXiv作者顺序和摘要。
CV：https://ikekonglp.github.io/lingpenk_cv.pdf；第11页；版本2026-01-27。
PDF发表标记：“Published as a conference paper at ICLR 2022”。
原文摘要依据：“Recently over-smoothing phenomenon of Transformer-based models is observed in both vision and language fields. However, no existing work has delved deeper to further investigate the main cause of this”。
仅确认论文内原姓名署名；跨论文身份未确认。","身份待核验；按单篇保留，不跨论文合并同名者。待核验（未深查）；原姓名整体未达到重点阈值。
具体论文问题：P110-C;P110-A;P110-R
完整Scholar/DBLP论文列表及CCF/CORE目录未获取；当前公开材料可能漏项。",110
James Kwok（论文 #110，身份待核验）,2022；论文#110；待核验,待核验,身份待核验,待核验,论文合作者（身份待核验）,待核验,待核验,待核验,句法分析与结构化表示,未公开,"论文信息汇总.csv 序110：摘要、研究内容、创新点；内容仅据摘要/Introduction归纳。
PDF：港大/Kong, Lingpeng/论文/2022_Revisiting Over-smoothing in BERT from the Perspective of Graph.pdf；第1页标题、作者单位与摘要；Introduction在已保存前3页内。
https://arxiv.org/abs/2202.08625；访问2026-09-17；arXiv作者顺序和摘要。
CV：https://ikekonglp.github.io/lingpenk_cv.pdf；第11页；版本2026-01-27。
PDF发表标记：“Published as a conference paper at ICLR 2022”。
原文摘要依据：“Recently over-smoothing phenomenon of Transformer-based models is observed in both vision and language fields. However, no existing work has delved deeper to further investigate the main cause of this”。
仅确认论文内原姓名署名；跨论文身份未确认。","身份待核验；按单篇保留，不跨论文合并同名者。待核验（未深查）；原姓名整体未达到重点阈值。
具体论文问题：P110-C;P110-A;P110-R
完整Scholar/DBLP论文列表及CCF/CORE目录未获取；当前公开材料可能漏项。",110
Noah Smith（论文 #113，身份待核验）,2021；论文#113；待核验,待核验,身份待核验,待核验,论文合作者（身份待核验）,待核验,待核验,待核验,高效注意力与序列架构,未公开,"论文信息汇总.csv 序113：摘要、研究内容、创新点；内容仅据摘要/Introduction归纳。
PDF：港大/Kong, Lingpeng/论文/2021_Random Feature Attention.pdf；第1页标题、作者单位与摘要；Introduction在已保存前3页内。
https://arxiv.org/abs/2103.02143；访问2026-09-17；arXiv作者顺序和摘要。
CV：https://ikekonglp.github.io/lingpenk_cv.pdf；第11页；版本2026-01-27。
PDF发表标记：“Published as a conference paper at ICLR 2021”。
原文摘要依据：“Transformers are state-of-the-art models for a variety of sequence modeling tasks. At their core is an attention function which models pairwise interactions between the inputs at every timestep. While”。
仅确认论文内原姓名署名；跨论文身份未确认。","身份待核验；按单篇保留，不跨论文合并同名者。待核验（未深查）；原姓名整体未达到重点阈值。
具体论文问题：P113-C;P113-A;P113-R
完整Scholar/DBLP论文列表及CCF/CORE目录未获取；当前公开材料可能漏项。",113
Zihang Dai（论文 #114，身份待核验）,2020；论文#114；卡内基梅隆大学；Google Brain,待核验,身份待核验,待核验,论文合作者（身份待核验）,待核验,待核验,待核验,句法分析与结构化表示,未公开,"论文信息汇总.csv 序114：摘要、研究内容、创新点；内容仅据摘要/Introduction归纳。
PDF：港大/Kong, Lingpeng/论文/2020_A Mutual Information Maximization Perspective of Language Representation Learning.pdf；第1页标题、作者单位与摘要；Introduction在已保存前3页内。
https://arxiv.org/abs/1910.08350；访问2026-09-17；arXiv作者顺序和摘要。
CV：https://ikekonglp.github.io/lingpenk_cv.pdf；第11页；版本2026-01-27。
原文摘要依据：“We show state-of-the-art word representation learning methods maximize an objective function that is a lower bound on the mutual information between different parts of a word sequence (i.e., a sentenc”。
仅确认论文内原姓名署名；跨论文身份未确认。","身份待核验；按单篇保留，不跨论文合并同名者。待核验（未深查）；原姓名整体未达到重点阈值。
具体论文问题：P114-C;P114-A;P114-R;P114-F
完整Scholar/DBLP论文列表及CCF/CORE目录未获取；当前公开材料可能漏项。",114
Sebastian Ruder（论文 #115，身份待核验）,2019；论文#115；待核验,待核验,身份待核验,待核验,论文合作者（身份待核验）,待核验,待核验,待核验,语言建模与记忆,未公开,"论文信息汇总.csv 序115：摘要、研究内容、创新点；内容仅据摘要/Introduction归纳。
仅取得可靠元数据或摘要；未取得可读全文。
https://arxiv.org/abs/1906.01076；访问2026-09-17；arXiv作者顺序和摘要。
CV：https://ikekonglp.github.io/lingpenk_cv.pdf；第11页；版本2026-01-27。
原文摘要依据：“We introduce a lifelong language learning setup where a model needs to learn from a stream of text examples without any dataset identifier. We propose an episodic memory model that performs sparse exp”。
仅确认论文内原姓名署名；跨论文身份未确认。","身份待核验；按单篇保留，不跨论文合并同名者。待核验（未深查）；原姓名整体未达到重点阈值。
具体论文问题：P115-C;P115-D;P115-A;P115-R;P115-F
完整Scholar/DBLP论文列表及CCF/CORE目录未获取；当前公开材料可能漏项。",115
Gabor Melis（论文 #116，身份待核验）,2019；论文#116；Google DeepMind,待核验,身份待核验,待核验,论文合作者（身份待核验）,待核验,待核验,待核验,语言建模与记忆,未公开,"论文信息汇总.csv 序116：摘要、研究内容、创新点；内容仅据摘要/Introduction归纳。
PDF：港大/Kong, Lingpeng/论文/2019_Variational Smoothing in Recurrent Neural Network Language Models.pdf；第1页标题、作者单位与摘要；Introduction在已保存前3页内。
https://arxiv.org/abs/1901.09296；访问2026-09-17；arXiv作者顺序和摘要。
CV：https://ikekonglp.github.io/lingpenk_cv.pdf；第12页；版本2026-01-27。
PDF发表标记：“Published as a conference paper at ICLR 2019”。
原文摘要依据：“We present a new theoretical perspective of data noising in recurrent neural network language models (Xie et al., 2017). We show that each variant of data noising is an instance of Bayesian recurrent ”。
仅确认论文内原姓名署名；跨论文身份未确认。","身份待核验；按单篇保留，不跨论文合并同名者。待核验（未深查）；原姓名整体未达到重点阈值。
具体论文问题：P116-C;P116-A;P116-R
完整Scholar/DBLP论文列表及CCF/CORE目录未获取；当前公开材料可能漏项。",116
Alexander M. Rush（论文 #123，身份待核验）,2015；论文#123；Facebook AI Research,待核验,身份待核验,待核验,论文合作者（身份待核验）,待核验,待核验,待核验,句法分析与结构化表示,未公开,"论文信息汇总.csv 序123：摘要、研究内容、创新点；内容仅据摘要/Introduction归纳。
PDF：港大/Kong, Lingpeng/论文/2015_Transforming Dependencies into Phrase Structures.pdf；第1页标题、作者单位与摘要；Introduction在已保存前3页内。
https://aclanthology.org/N15-1080/；访问2026-09-17；ACL作者顺序、发表信息与摘要。
CV：https://ikekonglp.github.io/lingpenk_cv.pdf；第12页；版本2026-01-27。
原文摘要依据：“We present a new algorithm for transforming dependency parse trees into phrase-structure parse trees. We cast the problem as structured prediction and learn a statistical model. Our algorithm is faste”。
仅确认论文内原姓名署名；跨论文身份未确认。","身份待核验；按单篇保留，不跨论文合并同名者。待核验（未深查）；原姓名整体未达到重点阈值。
具体论文问题：P123-C;P123-A;P123-R
完整Scholar/DBLP论文列表及CCF/CORE目录未获取；当前公开材料可能漏项。",123
Archna Bhatia（论文 #124，身份待核验）,2014；论文#124；卡内基梅隆大学,待核验,身份待核验,待核验,论文合作者（身份待核验）,待核验,待核验,待核验,句法分析与结构化表示,未公开,"论文信息汇总.csv 序124：摘要、研究内容、创新点；内容仅据摘要/Introduction归纳。
PDF：港大/Kong, Lingpeng/论文/2014_A Dependency Parser for Tweets.pdf；第1页标题、作者单位与摘要；Introduction在已保存前3页内。
https://aclanthology.org/D14-1108/；访问2026-09-17；ACL作者顺序、发表信息与摘要。
CV：https://ikekonglp.github.io/lingpenk_cv.pdf；第12页；版本2026-01-27。
PDF发表标记：“Proceedings of the 2014 Conference on Empirical Methods in Natural Language Processing (EMNLP), pages 1001–1012,”。
原文摘要依据：“We describe a new dependency parser for English tweets, TWEEBOPARSER. The parser builds on several contributions: new syntactic annotations for a corpus of tweets (TWEEBANK), with conventions informed”。
仅确认论文内原姓名署名；跨论文身份未确认。","身份待核验；按单篇保留，不跨论文合并同名者。待核验（未深查）；原姓名整体未达到重点阈值。
具体论文问题：P124-C;P124-A;P124-R
完整Scholar/DBLP论文列表及CCF/CORE目录未获取；当前公开材料可能漏项。",124
William Yang Wang（论文 #125，身份待核验）,2014；论文#125；卡内基梅隆大学,待核验,身份待核验,待核验,论文合作者（身份待核验）,待核验,待核验,待核验,句法分析与结构化表示,未公开,"论文信息汇总.csv 序125：摘要、研究内容、创新点；内容仅据摘要/Introduction归纳。
PDF：港大/Kong, Lingpeng/论文/2014_Dependency Parsing for Weibo_ An Efficient Probabilistic Logic Programming Approach.pdf；第1页标题、作者单位与摘要；Introduction在已保存前3页内。
https://aclanthology.org/D14-1122/；访问2026-09-17；ACL作者顺序、发表信息与摘要。
CV：https://ikekonglp.github.io/lingpenk_cv.pdf；第12页；版本2026-01-27。
PDF发表标记：“Proceedings of the 2014 Conference on Empirical Methods in Natural Language Processing (EMNLP), pages 1152–1158,”。
原文摘要依据：“Dependency parsing is a core task in NLP, and it is widely used by many applications such as information extraction, question answering, and machine translation. In the era of social media, a big chal”。
仅确认论文内原姓名署名；跨论文身份未确认。","身份待核验；按单篇保留，不跨论文合并同名者。待核验（未深查）；原姓名整体未达到重点阈值。
具体论文问题：P125-C;P125-A;P125-R
完整Scholar/DBLP论文列表及CCF/CORE目录未获取；当前公开材料可能漏项。",125
Kathryn Mazaitis（论文 #125，身份待核验）,2014；论文#125；卡内基梅隆大学,待核验,身份待核验,待核验,论文合作者（身份待核验）,待核验,待核验,待核验,句法分析与结构化表示,未公开,"论文信息汇总.csv 序125：摘要、研究内容、创新点；内容仅据摘要/Introduction归纳。
PDF：港大/Kong, Lingpeng/论文/2014_Dependency Parsing for Weibo_ An Efficient Probabilistic Logic Programming Approach.pdf；第1页标题、作者单位与摘要；Introduction在已保存前3页内。
https://aclanthology.org/D14-1122/；访问2026-09-17；ACL作者顺序、发表信息与摘要。
CV：https://ikekonglp.github.io/lingpenk_cv.pdf；第12页；版本2026-01-27。
PDF发表标记：“Proceedings of the 2014 Conference on Empirical Methods in Natural Language Processing (EMNLP), pages 1152–1158,”。
原文摘要依据：“Dependency parsing is a core task in NLP, and it is widely used by many applications such as information extraction, question answering, and machine translation. In the era of social media, a big chal”。
仅确认论文内原姓名署名；跨论文身份未确认。","身份待核验；按单篇保留，不跨论文合并同名者。待核验（未深查）；原姓名整体未达到重点阈值。
具体论文问题：P125-C;P125-A;P125-R
完整Scholar/DBLP论文列表及CCF/CORE目录未获取；当前公开材料可能漏项。",125
William W. Cohen（论文 #125，身份待核验）,2014；论文#125；卡内基梅隆大学,待核验,身份待核验,待核验,论文合作者（身份待核验）,待核验,待核验,待核验,句法分析与结构化表示,未公开,"论文信息汇总.csv 序125：摘要、研究内容、创新点；内容仅据摘要/Introduction归纳。
PDF：港大/Kong, Lingpeng/论文/2014_Dependency Parsing for Weibo_ An Efficient Probabilistic Logic Programming Approach.pdf；第1页标题、作者单位与摘要；Introduction在已保存前3页内。
https://aclanthology.org/D14-1122/；访问2026-09-17；ACL作者顺序、发表信息与摘要。
CV：https://ikekonglp.github.io/lingpenk_cv.pdf；第12页；版本2026-01-27。
PDF发表标记：“Proceedings of the 2014 Conference on Empirical Methods in Natural Language Processing (EMNLP), pages 1152–1158,”。
原文摘要依据：“Dependency parsing is a core task in NLP, and it is widely used by many applications such as information extraction, question answering, and machine translation. In the era of social media, a big chal”。
仅确认论文内原姓名署名；跨论文身份未确认。","身份待核验；按单篇保留，不跨论文合并同名者。待核验（未深查）；原姓名整体未达到重点阈值。
具体论文问题：P125-C;P125-A;P125-R
完整Scholar/DBLP论文列表及CCF/CORE目录未获取；当前公开材料可能漏项。",125
Likun Qiu（论文 #126，身份待核验）,2011；论文#126；北京大学,待核验,身份待核验,待核验,论文合作者（身份待核验）,待核验,待核验,待核验,讽刺与反语识别,未公开,"论文信息汇总.csv 序126：摘要、研究内容、创新点；内容仅据摘要/Introduction归纳。
PDF：港大/Kong, Lingpeng/论文/2011_Formalization and Rules for Recognition of Satirical Irony.pdf；第1页标题、作者单位与摘要；Introduction在已保存前3页内。
https://ikekonglp.github.io/paper/ialp11a.pdf；访问2026-09-17。
CV：https://ikekonglp.github.io/lingpenk_cv.pdf；第12页；版本2026-01-27。
PDF发表标记：“2011 International Conference on Asian Language Processing”。
原文摘要依据：“Satirical irony is a very important language phenomena. Its recognition is of great importance to sentiment analysis. However, researches on this topic are still quite rare and existing studies have p”。
仅确认论文内原姓名署名；跨论文身份未确认。","身份待核验；按单篇保留，不跨论文合并同名者。待核验（未深查）；原姓名整体未达到重点阈值。
具体论文问题：P126-C;P126-R
完整Scholar/DBLP论文列表及CCF/CORE目录未获取；当前公开材料可能漏项。",126
Likun Qiu（论文 #127，身份待核验）,2011；论文#127；北京大学；NEC中国研究院,待核验,身份待核验,待核验,论文合作者（身份待核验）,待核验,待核验,待核验,句法分析与结构化表示,未公开,"论文信息汇总.csv 序127：摘要、研究内容、创新点；内容仅据摘要/Introduction归纳。
PDF：港大/Kong, Lingpeng/论文/2011_Improving Chinese Dependency Parsing with Self-Disambiguating Patterns.pdf；第1页标题、作者单位与摘要；Introduction在已保存前3页内。
https://ikekonglp.github.io/paper/ialp11b.pdf；访问2026-09-17。
CV：https://ikekonglp.github.io/lingpenk_cv.pdf；第12页；版本2026-01-27。
PDF发表标记：“2011 International Conference on Asian Language Processing”。
原文摘要依据：“To solve the data sparseness problem in dependency parsing, most previous studies used features constructed from large-scale auto-parsed data. Unlike previous work, we propose a new approach to improv”。
仅确认论文内原姓名署名；跨论文身份未确认。","身份待核验；按单篇保留，不跨论文合并同名者。待核验（未深查）；原姓名整体未达到重点阈值。
具体论文问题：P127-C;P127-R;P127-V
完整Scholar/DBLP论文列表及CCF/CORE目录未获取；当前公开材料可能漏项。",127
Lei Wu（论文 #127，身份待核验）,2011；论文#127；中国科学院自动化研究所；NEC中国研究院,待核验,身份待核验,待核验,论文合作者（身份待核验）,待核验,待核验,待核验,句法分析与结构化表示,未公开,"论文信息汇总.csv 序127：摘要、研究内容、创新点；内容仅据摘要/Introduction归纳。
PDF：港大/Kong, Lingpeng/论文/2011_Improving Chinese Dependency Parsing with Self-Disambiguating Patterns.pdf；第1页标题、作者单位与摘要；Introduction在已保存前3页内。
https://ikekonglp.github.io/paper/ialp11b.pdf；访问2026-09-17。
CV：https://ikekonglp.github.io/lingpenk_cv.pdf；第12页；版本2026-01-27。
PDF发表标记：“2011 International Conference on Asian Language Processing”。
原文摘要依据：“To solve the data sparseness problem in dependency parsing, most previous studies used features constructed from large-scale auto-parsed data. Unlike previous work, we propose a new approach to improv”。
仅确认论文内原姓名署名；跨论文身份未确认。","身份待核验；按单篇保留，不跨论文合并同名者。待核验（未深查）；原姓名整体未达到重点阈值。
具体论文问题：P127-C;P127-R;P127-V
完整Scholar/DBLP论文列表及CCF/CORE目录未获取；当前公开材料可能漏项。",127
Kai Zhao（论文 #127，身份待核验）,2011；论文#127；NEC中国研究院,待核验,身份待核验,待核验,论文合作者（身份待核验）,待核验,待核验,待核验,句法分析与结构化表示,未公开,"论文信息汇总.csv 序127：摘要、研究内容、创新点；内容仅据摘要/Introduction归纳。
PDF：港大/Kong, Lingpeng/论文/2011_Improving Chinese Dependency Parsing with Self-Disambiguating Patterns.pdf；第1页标题、作者单位与摘要；Introduction在已保存前3页内。
https://ikekonglp.github.io/paper/ialp11b.pdf；访问2026-09-17。
CV：https://ikekonglp.github.io/lingpenk_cv.pdf；第12页；版本2026-01-27。
PDF发表标记：“2011 International Conference on Asian Language Processing”。
原文摘要依据：“To solve the data sparseness problem in dependency parsing, most previous studies used features constructed from large-scale auto-parsed data. Unlike previous work, we propose a new approach to improv”。
仅确认论文内原姓名署名；跨论文身份未确认。","身份待核验；按单篇保留，不跨论文合并同名者。待核验（未深查）；原姓名整体未达到重点阈值。
具体论文问题：P127-C;P127-R;P127-V
完整Scholar/DBLP论文列表及CCF/CORE目录未获取；当前公开材料可能漏项。",127
Changjian Hu（论文 #127，身份待核验）,2011；论文#127；NEC中国研究院,待核验,身份待核验,待核验,论文合作者（身份待核验）,待核验,待核验,待核验,句法分析与结构化表示,未公开,"论文信息汇总.csv 序127：摘要、研究内容、创新点；内容仅据摘要/Introduction归纳。
PDF：港大/Kong, Lingpeng/论文/2011_Improving Chinese Dependency Parsing with Self-Disambiguating Patterns.pdf；第1页标题、作者单位与摘要；Introduction在已保存前3页内。
https://ikekonglp.github.io/paper/ialp11b.pdf；访问2026-09-17。
CV：https://ikekonglp.github.io/lingpenk_cv.pdf；第12页；版本2026-01-27。
PDF发表标记：“2011 International Conference on Asian Language Processing”。
原文摘要依据：“To solve the data sparseness problem in dependency parsing, most previous studies used features constructed from large-scale auto-parsed data. Unlike previous work, we propose a new approach to improv”。
仅确认论文内原姓名署名；跨论文身份未确认。","身份待核验；按单篇保留，不跨论文合并同名者。待核验（未深查）；原姓名整体未达到重点阈值。
具体论文问题：P127-C;P127-R;P127-V
完整Scholar/DBLP论文列表及CCF/CORE目录未获取；当前公开材料可能漏项。",127
Jacob Eisenstein（论文 #129，身份待核验）,2016；论文#129；佐治亚理工学院,待核验,身份待核验,待核验,论文合作者（身份待核验）,待核验,待核验,待核验,语言建模与记忆,未公开,"论文信息汇总.csv 序129：摘要、研究内容、创新点；内容仅据摘要/Introduction归纳。
PDF：港大/Kong, Lingpeng/论文/2016_Document Context Language Models.pdf；第1页标题、作者单位与摘要；Introduction在已保存前3页内。
https://arxiv.org/abs/1511.03962；访问2026-09-17；arXiv作者顺序和摘要。
CV：https://ikekonglp.github.io/lingpenk_cv.pdf；第13页；版本2026-01-27。
PDF发表标记：“Workshop track - ICLR 2016”。
原文摘要依据：“Text documents are structured on multiple levels of detail: individual words are related by syntax, but larger units of text are related by discourse structure. Existing language models generally fail”。
仅确认论文内原姓名署名；跨论文身份未确认。","身份待核验；按单篇保留，不跨论文合并同名者。待核验（未深查）；原姓名整体未达到重点阈值。
具体论文问题：P129-C;P129-A;P129-R
完整Scholar/DBLP论文列表及CCF/CORE目录未获取；当前公开材料可能漏项。",129
Ting-Hao Huang（论文 #130，身份待核验）,2015；论文#130；卡内基梅隆大学,待核验,身份待核验,待核验,论文合作者（身份待核验）,待核验,待核验,待核验,中文构词分析,未公开,"论文信息汇总.csv 序130：摘要、研究内容、创新点；内容仅据摘要/Introduction归纳。
PDF：港大/Kong, Lingpeng/论文/2015_ACBiMA_ Advanced Chinese Bi-Character Word Morphological Analyzer.pdf；第1页标题、作者单位与摘要；Introduction在已保存前3页内。
https://aclanthology.org/W15-3105/；访问2026-09-17；ACL作者顺序、发表信息与摘要。
CV：https://ikekonglp.github.io/lingpenk_cv.pdf；第13页；版本2026-01-27。
PDF发表标记：“Proceedings of the Eighth SIGHAN Workshop on Chinese Language Processing (SIGHAN-8), pages 26–31,”。
原文摘要依据：“While morphological information has been demonstrated to be useful for various Chinese NLP tasks, there is still a lack of complete theories, category schemes, and toolkits for Chinese morphology. Thi”。
仅确认论文内原姓名署名；跨论文身份未确认。","身份待核验；按单篇保留，不跨论文合并同名者。待核验（未深查）；原姓名整体未达到重点阈值。
具体论文问题：P130-C;P130-A;P130-R
完整Scholar/DBLP论文列表及CCF/CORE目录未获取；当前公开材料可能漏项。",130
Yun-Nung Chen（论文 #130，身份待核验）,2015；论文#130；卡内基梅隆大学,待核验,身份待核验,待核验,论文合作者（身份待核验）,待核验,待核验,待核验,中文构词分析,未公开,"论文信息汇总.csv 序130：摘要、研究内容、创新点；内容仅据摘要/Introduction归纳。
PDF：港大/Kong, Lingpeng/论文/2015_ACBiMA_ Advanced Chinese Bi-Character Word Morphological Analyzer.pdf；第1页标题、作者单位与摘要；Introduction在已保存前3页内。
https://aclanthology.org/W15-3105/；访问2026-09-17；ACL作者顺序、发表信息与摘要。
CV：https://ikekonglp.github.io/lingpenk_cv.pdf；第13页；版本2026-01-27。
PDF发表标记：“Proceedings of the Eighth SIGHAN Workshop on Chinese Language Processing (SIGHAN-8), pages 26–31,”。
原文摘要依据：“While morphological information has been demonstrated to be useful for various Chinese NLP tasks, there is still a lack of complete theories, category schemes, and toolkits for Chinese morphology. Thi”。
仅确认论文内原姓名署名；跨论文身份未确认。","身份待核验；按单篇保留，不跨论文合并同名者。待核验（未深查）；原姓名整体未达到重点阈值。
具体论文问题：P130-C;P130-A;P130-R
完整Scholar/DBLP论文列表及CCF/CORE目录未获取；当前公开材料可能漏项。",130
Hao Wang（论文 #131，身份待核验）,2022；论文#131；国防科技大学；商汤,待核验,身份待核验,待核验,论文合作者（身份待核验）,待核验,待核验,待核验,句法分析与结构化表示,未公开,"论文信息汇总.csv 序131：摘要、研究内容、创新点；内容仅据摘要/Introduction归纳。
PDF：港大/Kong, Lingpeng/论文/2022_SNCSE_ Contrastive Learning for Unsupervised Sentence Embedding with Soft Negative Samples.pdf；第1页标题、作者单位与摘要；Introduction在已保存前3页内。
https://arxiv.org/abs/2201.05979；访问2026-09-17；arXiv作者顺序和摘要。
原文摘要依据：“Unsupervised sentence embedding aims to obtain the most appropriate embedding for a sentence to reflect its semantic. Contrastive learning has been attracting developing attention. For a sentence, cur”。
仅确认论文内原姓名署名；跨论文身份未确认。","身份待核验；按单篇保留，不跨论文合并同名者。待核验（未深查）；原姓名整体未达到重点阈值。
具体论文问题：P131-C;P131-R
完整Scholar/DBLP论文列表及CCF/CORE目录未获取；当前公开材料可能漏项。",131
Yangguang Li（论文 #131，身份待核验）,2022；论文#131；商汤,待核验,身份待核验,待核验,论文合作者（身份待核验）,待核验,待核验,待核验,句法分析与结构化表示,未公开,"论文信息汇总.csv 序131：摘要、研究内容、创新点；内容仅据摘要/Introduction归纳。
PDF：港大/Kong, Lingpeng/论文/2022_SNCSE_ Contrastive Learning for Unsupervised Sentence Embedding with Soft Negative Samples.pdf；第1页标题、作者单位与摘要；Introduction在已保存前3页内。
https://arxiv.org/abs/2201.05979；访问2026-09-17；arXiv作者顺序和摘要。
原文摘要依据：“Unsupervised sentence embedding aims to obtain the most appropriate embedding for a sentence to reflect its semantic. Contrastive learning has been attracting developing attention. For a sentence, cur”。
仅确认论文内原姓名署名；跨论文身份未确认。","身份待核验；按单篇保留，不跨论文合并同名者。待核验（未深查）；原姓名整体未达到重点阈值。
具体论文问题：P131-C;P131-R
完整Scholar/DBLP论文列表及CCF/CORE目录未获取；当前公开材料可能漏项。",131
Zhen Huang（论文 #131，身份待核验）,2022；论文#131；国防科技大学,待核验,身份待核验,待核验,论文合作者（身份待核验）,待核验,待核验,待核验,句法分析与结构化表示,未公开,"论文信息汇总.csv 序131：摘要、研究内容、创新点；内容仅据摘要/Introduction归纳。
PDF：港大/Kong, Lingpeng/论文/2022_SNCSE_ Contrastive Learning for Unsupervised Sentence Embedding with Soft Negative Samples.pdf；第1页标题、作者单位与摘要；Introduction在已保存前3页内。
https://arxiv.org/abs/2201.05979；访问2026-09-17；arXiv作者顺序和摘要。
原文摘要依据：“Unsupervised sentence embedding aims to obtain the most appropriate embedding for a sentence to reflect its semantic. Contrastive learning has been attracting developing attention. For a sentence, cur”。
仅确认论文内原姓名署名；跨论文身份未确认。","身份待核验；按单篇保留，不跨论文合并同名者。待核验（未深查）；原姓名整体未达到重点阈值。
具体论文问题：P131-C;P131-R
完整Scholar/DBLP论文列表及CCF/CORE目录未获取；当前公开材料可能漏项。",131
Yong Dou（论文 #131，身份待核验）,2022；论文#131；国防科技大学,待核验,身份待核验,待核验,论文合作者（身份待核验）,待核验,待核验,待核验,句法分析与结构化表示,未公开,"论文信息汇总.csv 序131：摘要、研究内容、创新点；内容仅据摘要/Introduction归纳。
PDF：港大/Kong, Lingpeng/论文/2022_SNCSE_ Contrastive Learning for Unsupervised Sentence Embedding with Soft Negative Samples.pdf；第1页标题、作者单位与摘要；Introduction在已保存前3页内。
https://arxiv.org/abs/2201.05979；访问2026-09-17；arXiv作者顺序和摘要。
原文摘要依据：“Unsupervised sentence embedding aims to obtain the most appropriate embedding for a sentence to reflect its semantic. Contrastive learning has been attracting developing attention. For a sentence, cur”。
仅确认论文内原姓名署名；跨论文身份未确认。","身份待核验；按单篇保留，不跨论文合并同名者。待核验（未深查）；原姓名整体未达到重点阈值。
具体论文问题：P131-C;P131-R
完整Scholar/DBLP论文列表及CCF/CORE目录未获取；当前公开材料可能漏项。",131
Jing Shao（论文 #131，身份待核验）,2022；论文#131；商汤,待核验,身份待核验,待核验,论文合作者（身份待核验）,待核验,待核验,待核验,句法分析与结构化表示,未公开,"论文信息汇总.csv 序131：摘要、研究内容、创新点；内容仅据摘要/Introduction归纳。
PDF：港大/Kong, Lingpeng/论文/2022_SNCSE_ Contrastive Learning for Unsupervised Sentence Embedding with Soft Negative Samples.pdf；第1页标题、作者单位与摘要；Introduction在已保存前3页内。
https://arxiv.org/abs/2201.05979；访问2026-09-17；arXiv作者顺序和摘要。
原文摘要依据：“Unsupervised sentence embedding aims to obtain the most appropriate embedding for a sentence to reflect its semantic. Contrastive learning has been attracting developing attention. For a sentence, cur”。
仅确认论文内原姓名署名；跨论文身份未确认。","身份待核验；按单篇保留，不跨论文合并同名者。待核验（未深查）；原姓名整体未达到重点阈值。
具体论文问题：P131-C;P131-R
完整Scholar/DBLP论文列表及CCF/CORE目录未获取；当前公开材料可能漏项。",131
Yahui Liu（论文 #132，身份待核验）,2022；论文#132；待核验,待核验,身份待核验,待核验,论文合作者（身份待核验）,待核验,待核验,待核验,可控文本生成与一致性,未公开,"论文信息汇总.csv 序132：摘要、研究内容、创新点；内容仅据摘要/Introduction归纳。
仅取得可靠元数据或摘要；未取得可读全文。
https://arxiv.org/abs/2205.02655；访问2026-09-17；arXiv作者顺序和摘要。
原文摘要依据：“Generative language models (LMs) such as GPT-2/3 can be prompted to generate text with remarkable quality. While they are designed for text-prompted generation, it remains an open question how the gen”。
仅确认论文内原姓名署名；跨论文身份未确认。","身份待核验；按单篇保留，不跨论文合并同名者。待核验（未深查）；原姓名整体未达到重点阈值。
具体论文问题：P132-C;P132-D;P132-A;P132-R
完整Scholar/DBLP论文列表及CCF/CORE目录未获取；当前公开材料可能漏项。",132
Fangyu Liu（论文 #132，身份待核验）,2022；论文#132；待核验,待核验,身份待核验,待核验,论文合作者（身份待核验）,待核验,待核验,待核验,可控文本生成与一致性,未公开,"论文信息汇总.csv 序132：摘要、研究内容、创新点；内容仅据摘要/Introduction归纳。
仅取得可靠元数据或摘要；未取得可读全文。
https://arxiv.org/abs/2205.02655；访问2026-09-17；arXiv作者顺序和摘要。
原文摘要依据：“Generative language models (LMs) such as GPT-2/3 can be prompted to generate text with remarkable quality. While they are designed for text-prompted generation, it remains an open question how the gen”。
仅确认论文内原姓名署名；跨论文身份未确认。","身份待核验；按单篇保留，不跨论文合并同名者。待核验（未深查）；原姓名整体未达到重点阈值。
具体论文问题：P132-C;P132-D;P132-A;P132-R
完整Scholar/DBLP论文列表及CCF/CORE目录未获取；当前公开材料可能漏项。",132
Yuwei Yin（论文 #135，身份待核验）,2023；论文#135；待核验,待核验,身份待核验,待核验,论文合作者（身份待核验）,待核验,待核验,待核验,任务数据合成,未公开,"论文信息汇总.csv 序135：摘要、研究内容、创新点；内容仅据摘要/Introduction归纳。
仅取得可靠元数据或摘要；未取得可读全文。
https://arxiv.org/abs/2304.08821；访问2026-09-17；arXiv作者顺序和摘要。
原文摘要依据：“Data augmentation has been established as an efficacious approach to supplement useful information for low-resource datasets. Traditional augmentation techniques such as noise injection and image tran”。
仅确认论文内原姓名署名；跨论文身份未确认。","身份待核验；按单篇保留，不跨论文合并同名者。达到重点候选筛选阈值；已查可定位来源，身份/历史履历仍未确认。
具体论文问题：P135-C;P135-D;P135-A;P135-R
完整Scholar/DBLP论文列表及CCF/CORE目录未获取；当前公开材料可能漏项。",135
Yuwei Yin（论文 #137，身份待核验）,2023；论文#137；香港大学,待核验,身份待核验,待核验,论文合作者（身份待核验）,待核验,待核验,待核验,视觉语言理解,未公开,"论文信息汇总.csv 序137：摘要、研究内容、创新点；内容仅据摘要/Introduction归纳。
PDF：港大/Kong, Lingpeng/论文/2023_M$^3$IT_ A Large-Scale Dataset towards Multi-Modal Multilingual Instruction Tuning.pdf；第1页标题、作者单位与摘要；Introduction在已保存前3页内。
https://arxiv.org/abs/2306.04387；访问2026-09-17；arXiv作者顺序和摘要。
原文摘要依据：“Instruction tuning has significantly advanced large language models (LLMs) such as ChatGPT, enabling them to align with human instructions across diverse tasks. However, progress in open vision-langua”。
仅确认论文内原姓名署名；跨论文身份未确认。","身份待核验；按单篇保留，不跨论文合并同名者。达到重点候选筛选阈值；已查可定位来源，身份/历史履历仍未确认。
具体论文问题：P137-C;P137-R
完整Scholar/DBLP论文列表及CCF/CORE目录未获取；当前公开材料可能漏项。",137
Jean Kaddour（论文 #135，身份待核验）,2023；论文#135；待核验,待核验,身份待核验,待核验,论文合作者（身份待核验）,待核验,待核验,待核验,任务数据合成,未公开,"论文信息汇总.csv 序135：摘要、研究内容、创新点；内容仅据摘要/Introduction归纳。
仅取得可靠元数据或摘要；未取得可读全文。
https://arxiv.org/abs/2304.08821；访问2026-09-17；arXiv作者顺序和摘要。
原文摘要依据：“Data augmentation has been established as an efficacious approach to supplement useful information for low-resource datasets. Traditional augmentation techniques such as noise injection and image tran”。
仅确认论文内原姓名署名；跨论文身份未确认。","身份待核验；按单篇保留，不跨论文合并同名者。待核验（未深查）；原姓名整体未达到重点阈值。
具体论文问题：P135-C;P135-D;P135-A;P135-R
完整Scholar/DBLP论文列表及CCF/CORE目录未获取；当前公开材料可能漏项。",135
Xiang Zhang（论文 #135，身份待核验）,2023；论文#135；待核验,待核验,身份待核验,待核验,论文合作者（身份待核验）,待核验,待核验,待核验,任务数据合成,未公开,"论文信息汇总.csv 序135：摘要、研究内容、创新点；内容仅据摘要/Introduction归纳。
仅取得可靠元数据或摘要；未取得可读全文。
https://arxiv.org/abs/2304.08821；访问2026-09-17；arXiv作者顺序和摘要。
原文摘要依据：“Data augmentation has been established as an efficacious approach to supplement useful information for low-resource datasets. Traditional augmentation techniques such as noise injection and image tran”。
仅确认论文内原姓名署名；跨论文身份未确认。","身份待核验；按单篇保留，不跨论文合并同名者。待核验（未深查）；原姓名整体未达到重点阈值。
具体论文问题：P135-C;P135-D;P135-A;P135-R
完整Scholar/DBLP论文列表及CCF/CORE目录未获取；当前公开材料可能漏项。",135
Yixin Nie（论文 #135，身份待核验）,2023；论文#135；待核验,待核验,身份待核验,待核验,论文合作者（身份待核验）,待核验,待核验,待核验,任务数据合成,未公开,"论文信息汇总.csv 序135：摘要、研究内容、创新点；内容仅据摘要/Introduction归纳。
仅取得可靠元数据或摘要；未取得可读全文。
https://arxiv.org/abs/2304.08821；访问2026-09-17；arXiv作者顺序和摘要。
原文摘要依据：“Data augmentation has been established as an efficacious approach to supplement useful information for low-resource datasets. Traditional augmentation techniques such as noise injection and image tran”。
仅确认论文内原姓名署名；跨论文身份未确认。","身份待核验；按单篇保留，不跨论文合并同名者。待核验（未深查）；原姓名整体未达到重点阈值。
具体论文问题：P135-C;P135-D;P135-A;P135-R
完整Scholar/DBLP论文列表及CCF/CORE目录未获取；当前公开材料可能漏项。",135
Zhenguang Liu（论文 #135，身份待核验）,2023；论文#135；待核验,待核验,身份待核验,待核验,论文合作者（身份待核验）,待核验,待核验,待核验,任务数据合成,未公开,"论文信息汇总.csv 序135：摘要、研究内容、创新点；内容仅据摘要/Introduction归纳。
仅取得可靠元数据或摘要；未取得可读全文。
https://arxiv.org/abs/2304.08821；访问2026-09-17；arXiv作者顺序和摘要。
原文摘要依据：“Data augmentation has been established as an efficacious approach to supplement useful information for low-resource datasets. Traditional augmentation techniques such as noise injection and image tran”。
仅确认论文内原姓名署名；跨论文身份未确认。","身份待核验；按单篇保留，不跨论文合并同名者。待核验（未深查）；原姓名整体未达到重点阈值。
具体论文问题：P135-C;P135-D;P135-A;P135-R
完整Scholar/DBLP论文列表及CCF/CORE目录未获取；当前公开材料可能漏项。",135
Yunzhe Lv（论文 #139，身份待核验）,2023；论文#139；待核验,待核验,身份待核验,待核验,论文合作者（身份待核验）,待核验,待核验,待核验,多语言能力与低资源学习,未公开,"论文信息汇总.csv 序139：摘要、研究内容、创新点；内容仅据摘要/Introduction归纳。
仅取得可靠元数据或摘要；未取得可读全文。
https://arxiv.org/abs/2308.04948；访问2026-09-17；arXiv作者顺序和摘要。
原文摘要依据：“Existing large language models show disparate capability across different languages, due to the imbalance in the training data. Their performances on English tasks are often stronger than on tasks of ”。
仅确认论文内原姓名署名；跨论文身份未确认。","身份待核验；按单篇保留，不跨论文合并同名者。待核验（未深查）；原姓名整体未达到重点阈值。
具体论文问题：P139-C;P139-D;P139-A;P139-R
完整Scholar/DBLP论文列表及CCF/CORE目录未获取；当前公开材料可能漏项。",139
Chengcheng Han（论文 #143，身份待核验）,2024；论文#143；待核验,待核验,身份待核验,待核验,论文合作者（身份待核验）,待核验,待核验,待核验,工具智能体与任务评测,未公开,"论文信息汇总.csv 序143：摘要、研究内容、创新点；内容仅据摘要/Introduction归纳。
仅取得可靠元数据或摘要；未取得可读全文。
https://arxiv.org/abs/2402.07456；访问2026-09-17；arXiv作者顺序和摘要。
原文摘要依据：“Autonomous interaction with the computer has been a longstanding challenge with great potential, and the recent proliferation of large language models (LLMs) has markedly accelerated progress in build”。
仅确认论文内原姓名署名；跨论文身份未确认。","身份待核验；按单篇保留，不跨论文合并同名者。达到重点候选筛选阈值；已查可定位来源，身份/历史履历仍未确认。
具体论文问题：P143-C;P143-D;P143-A;P143-R
完整Scholar/DBLP论文列表及CCF/CORE目录未获取；当前公开材料可能漏项。",143
Chengcheng Han（论文 #144，身份待核验）,2024；论文#144；待核验,待核验,身份待核验,待核验,论文合作者（身份待核验）,待核验,待核验,待核验,代码生成与纠错,未公开,"论文信息汇总.csv 序144：摘要、研究内容、创新点；内容仅据摘要/Introduction归纳。
仅取得可靠元数据或摘要；未取得可读全文。
https://arxiv.org/abs/2403.14734；访问2026-09-17；arXiv作者顺序和摘要。
原文摘要依据：“Neural Code Intelligence -- leveraging deep learning to understand, generate, and optimize code -- holds immense potential for transformative impacts on the whole society. Bridging the gap between Nat”。
仅确认论文内原姓名署名；跨论文身份未确认。","身份待核验；按单篇保留，不跨论文合并同名者。达到重点候选筛选阈值；已查可定位来源，身份/历史履历仍未确认。
具体论文问题：P144-C;P144-D;P144-A;P144-R
完整Scholar/DBLP论文列表及CCF/CORE目录未获取；当前公开材料可能漏项。",144
Zhenmin Weng（论文 #143，身份待核验）,2024；论文#143；待核验,待核验,身份待核验,待核验,论文合作者（身份待核验）,待核验,待核验,待核验,工具智能体与任务评测,未公开,"论文信息汇总.csv 序143：摘要、研究内容、创新点；内容仅据摘要/Introduction归纳。
仅取得可靠元数据或摘要；未取得可读全文。
https://arxiv.org/abs/2402.07456；访问2026-09-17；arXiv作者顺序和摘要。
原文摘要依据：“Autonomous interaction with the computer has been a longstanding challenge with great potential, and the recent proliferation of large language models (LLMs) has markedly accelerated progress in build”。
仅确认论文内原姓名署名；跨论文身份未确认。","身份待核验；按单篇保留，不跨论文合并同名者。待核验（未深查）；原姓名整体未达到重点阈值。
具体论文问题：P143-C;P143-D;P143-A;P143-R
完整Scholar/DBLP论文列表及CCF/CORE目录未获取；当前公开材料可能漏项。",143
Shunyu Yao（论文 #143，身份待核验）,2024；论文#143；待核验,待核验,身份待核验,待核验,论文合作者（身份待核验）,待核验,待核验,待核验,工具智能体与任务评测,未公开,"论文信息汇总.csv 序143：摘要、研究内容、创新点；内容仅据摘要/Introduction归纳。
仅取得可靠元数据或摘要；未取得可读全文。
https://arxiv.org/abs/2402.07456；访问2026-09-17；arXiv作者顺序和摘要。
原文摘要依据：“Autonomous interaction with the computer has been a longstanding challenge with great potential, and the recent proliferation of large language models (LLMs) has markedly accelerated progress in build”。
仅确认论文内原姓名署名；跨论文身份未确认。","身份待核验；按单篇保留，不跨论文合并同名者。待核验（未深查）；原姓名整体未达到重点阈值。
具体论文问题：P143-C;P143-D;P143-A;P143-R
完整Scholar/DBLP论文列表及CCF/CORE目录未获取；当前公开材料可能漏项。",143
Zhirui Chen（论文 #144，身份待核验）,2024；论文#144；待核验,待核验,身份待核验,待核验,论文合作者（身份待核验）,待核验,待核验,待核验,代码生成与纠错,未公开,"论文信息汇总.csv 序144：摘要、研究内容、创新点；内容仅据摘要/Introduction归纳。
仅取得可靠元数据或摘要；未取得可读全文。
https://arxiv.org/abs/2403.14734；访问2026-09-17；arXiv作者顺序和摘要。
原文摘要依据：“Neural Code Intelligence -- leveraging deep learning to understand, generate, and optimize code -- holds immense potential for transformative impacts on the whole society. Bridging the gap between Nat”。
仅确认论文内原姓名署名；跨论文身份未确认。","身份待核验；按单篇保留，不跨论文合并同名者。待核验（未深查）；原姓名整体未达到重点阈值。
具体论文问题：P144-C;P144-D;P144-A;P144-R
完整Scholar/DBLP论文列表及CCF/CORE目录未获取；当前公开材料可能漏项。",144
Renyu Zhu（论文 #144，身份待核验）,2024；论文#144；待核验,待核验,身份待核验,待核验,论文合作者（身份待核验）,待核验,待核验,待核验,代码生成与纠错,未公开,"论文信息汇总.csv 序144：摘要、研究内容、创新点；内容仅据摘要/Introduction归纳。
仅取得可靠元数据或摘要；未取得可读全文。
https://arxiv.org/abs/2403.14734；访问2026-09-17；arXiv作者顺序和摘要。
原文摘要依据：“Neural Code Intelligence -- leveraging deep learning to understand, generate, and optimize code -- holds immense potential for transformative impacts on the whole society. Bridging the gap between Nat”。
仅确认论文内原姓名署名；跨论文身份未确认。","身份待核验；按单篇保留，不跨论文合并同名者。待核验（未深查）；原姓名整体未达到重点阈值。
具体论文问题：P144-C;P144-D;P144-A;P144-R
完整Scholar/DBLP论文列表及CCF/CORE目录未获取；当前公开材料可能漏项。",144
Shuai Yuan（论文 #144，身份待核验）,2024；论文#144；待核验,待核验,身份待核验,待核验,论文合作者（身份待核验）,待核验,待核验,待核验,代码生成与纠错,未公开,"论文信息汇总.csv 序144：摘要、研究内容、创新点；内容仅据摘要/Introduction归纳。
仅取得可靠元数据或摘要；未取得可读全文。
https://arxiv.org/abs/2403.14734；访问2026-09-17；arXiv作者顺序和摘要。
原文摘要依据：“Neural Code Intelligence -- leveraging deep learning to understand, generate, and optimize code -- holds immense potential for transformative impacts on the whole society. Bridging the gap between Nat”。
仅确认论文内原姓名署名；跨论文身份未确认。","身份待核验；按单篇保留，不跨论文合并同名者。待核验（未深查）；原姓名整体未达到重点阈值。
具体论文问题：P144-C;P144-D;P144-A;P144-R
完整Scholar/DBLP论文列表及CCF/CORE目录未获取；当前公开材料可能漏项。",144
Qipeng Guo（论文 #144，身份待核验）,2024；论文#144；待核验,待核验,身份待核验,待核验,论文合作者（身份待核验）,待核验,待核验,待核验,代码生成与纠错,未公开,"论文信息汇总.csv 序144：摘要、研究内容、创新点；内容仅据摘要/Introduction归纳。
仅取得可靠元数据或摘要；未取得可读全文。
https://arxiv.org/abs/2403.14734；访问2026-09-17；arXiv作者顺序和摘要。
原文摘要依据：“Neural Code Intelligence -- leveraging deep learning to understand, generate, and optimize code -- holds immense potential for transformative impacts on the whole society. Bridging the gap between Nat”。
仅确认论文内原姓名署名；跨论文身份未确认。","身份待核验；按单篇保留，不跨论文合并同名者。待核验（未深查）；原姓名整体未达到重点阈值。
具体论文问题：P144-C;P144-D;P144-A;P144-R
完整Scholar/DBLP论文列表及CCF/CORE目录未获取；当前公开材料可能漏项。",144
Xiaoli Li（论文 #144，身份待核验）,2024；论文#144；待核验,待核验,身份待核验,待核验,论文合作者（身份待核验）,待核验,待核验,待核验,代码生成与纠错,未公开,"论文信息汇总.csv 序144：摘要、研究内容、创新点；内容仅据摘要/Introduction归纳。
仅取得可靠元数据或摘要；未取得可读全文。
https://arxiv.org/abs/2403.14734；访问2026-09-17；arXiv作者顺序和摘要。
原文摘要依据：“Neural Code Intelligence -- leveraging deep learning to understand, generate, and optimize code -- holds immense potential for transformative impacts on the whole society. Bridging the gap between Nat”。
仅确认论文内原姓名署名；跨论文身份未确认。","身份待核验；按单篇保留，不跨论文合并同名者。待核验（未深查）；原姓名整体未达到重点阈值。
具体论文问题：P144-C;P144-D;P144-A;P144-R
完整Scholar/DBLP论文列表及CCF/CORE目录未获取；当前公开材料可能漏项。",144
Haige Bo（论文 #146，身份待核验）,2024；论文#146；SambaNova Systems,待核验,身份待核验,待核验,论文合作者（身份待核验）,待核验,待核验,待核验,形式化定理证明,未公开,"论文信息汇总.csv 序146：摘要、研究内容、创新点；内容仅据摘要/Introduction归纳。
PDF：港大/Kong, Lingpeng/论文/2024_SubgoalXL_ Subgoal-based Expert Learning for Theorem Proving.pdf；第1页标题、作者单位与摘要；Introduction在已保存前3页内。
https://arxiv.org/abs/2408.11172；访问2026-09-17；arXiv作者顺序和摘要。
原文摘要依据：“Formal theorem proving, a field at the intersection of mathematics and computer science, has seen renewed interest with advancements in large language models (LLMs). This paper introduces SubgoalXL, a”。
仅确认论文内原姓名署名；跨论文身份未确认。","身份待核验；按单篇保留，不跨论文合并同名者。待核验（未深查）；原姓名整体未达到重点阈值。
具体论文问题：P146-C
完整Scholar/DBLP论文列表及CCF/CORE目录未获取；当前公开材料可能漏项。",146
Changran Hu（论文 #146，身份待核验）,2024；论文#146；SambaNova Systems,待核验,身份待核验,待核验,论文合作者（身份待核验）,待核验,待核验,待核验,形式化定理证明,未公开,"论文信息汇总.csv 序146：摘要、研究内容、创新点；内容仅据摘要/Introduction归纳。
PDF：港大/Kong, Lingpeng/论文/2024_SubgoalXL_ Subgoal-based Expert Learning for Theorem Proving.pdf；第1页标题、作者单位与摘要；Introduction在已保存前3页内。
https://arxiv.org/abs/2408.11172；访问2026-09-17；arXiv作者顺序和摘要。
原文摘要依据：“Formal theorem proving, a field at the intersection of mathematics and computer science, has seen renewed interest with advancements in large language models (LLMs). This paper introduces SubgoalXL, a”。
仅确认论文内原姓名署名；跨论文身份未确认。","身份待核验；按单篇保留，不跨论文合并同名者。待核验（未深查）；原姓名整体未达到重点阈值。
具体论文问题：P146-C
完整Scholar/DBLP论文列表及CCF/CORE目录未获取；当前公开材料可能漏项。",146
Urmish Thakker（论文 #146，身份待核验）,2024；论文#146；SambaNova Systems,待核验,身份待核验,待核验,论文合作者（身份待核验）,待核验,待核验,待核验,形式化定理证明,未公开,"论文信息汇总.csv 序146：摘要、研究内容、创新点；内容仅据摘要/Introduction归纳。
PDF：港大/Kong, Lingpeng/论文/2024_SubgoalXL_ Subgoal-based Expert Learning for Theorem Proving.pdf；第1页标题、作者单位与摘要；Introduction在已保存前3页内。
https://arxiv.org/abs/2408.11172；访问2026-09-17；arXiv作者顺序和摘要。
原文摘要依据：“Formal theorem proving, a field at the intersection of mathematics and computer science, has seen renewed interest with advancements in large language models (LLMs). This paper introduces SubgoalXL, a”。
仅确认论文内原姓名署名；跨论文身份未确认。","身份待核验；按单篇保留，不跨论文合并同名者。待核验（未深查）；原姓名整体未达到重点阈值。
具体论文问题：P146-C
完整Scholar/DBLP论文列表及CCF/CORE目录未获取；当前公开材料可能漏项。",146
Zixuan Li（论文 #147，身份待核验）,2024；论文#147；待核验,待核验,身份待核验,待核验,论文合作者（身份待核验）,待核验,待核验,待核验,检索增强生成,未公开,"论文信息汇总.csv 序147：摘要、研究内容、创新点；内容仅据摘要/Introduction归纳。
PDF：港大/Kong, Lingpeng/论文/2024_UncertaintyRAG_ Span-Level Uncertainty Enhanced Long-Context Modeling for Retrieval-Augmented Generation.pdf；第1页标题、作者单位与摘要；Introduction在已保存前3页内。
https://arxiv.org/abs/2410.02719；访问2026-09-17；arXiv作者顺序和摘要。
原文摘要依据：“We present UncertaintyRAG, a novel approach for long-context Retrieval-Augmented Generation (RAG) that utilizes Signal-to-Noise Ratio (SNR)-based span uncertainty to estimate similarity between text c”。
仅确认论文内原姓名署名；跨论文身份未确认。","身份待核验；按单篇保留，不跨论文合并同名者。达到重点候选筛选阈值；已查可定位来源，身份/历史履历仍未确认。
具体论文问题：P147-C;P147-A
完整Scholar/DBLP论文列表及CCF/CORE目录未获取；当前公开材料可能漏项。",147
Zixuan Li（论文 #156，身份待核验）,2025；论文#156；待核验,待核验,身份待核验,待核验,论文合作者（身份待核验）,待核验,待核验,待核验,社会智能与角色控制,未公开,"论文信息汇总.csv 序156：摘要、研究内容、创新点；内容仅据摘要/Introduction归纳。
仅取得可靠元数据或摘要；未取得可读全文。
https://arxiv.org/abs/2509.07403；访问2026-09-17；arXiv作者顺序和摘要。
原文摘要依据：“Large language models (LLMs) have made significant progress in Emotional Intelligence (EI) and long-context modeling. However, existing benchmarks often overlook the fact that emotional information pr”。
仅确认论文内原姓名署名；跨论文身份未确认。","身份待核验；按单篇保留，不跨论文合并同名者。达到重点候选筛选阈值；已查可定位来源，身份/历史履历仍未确认。
具体论文问题：P156-C;P156-D;P156-A;P156-R
完整Scholar/DBLP论文列表及CCF/CORE目录未获取；当前公开材料可能漏项。",156
Chengming Li（论文 #147，身份待核验）,2024；论文#147；待核验,待核验,身份待核验,待核验,论文合作者（身份待核验）,待核验,待核验,待核验,检索增强生成,未公开,"论文信息汇总.csv 序147：摘要、研究内容、创新点；内容仅据摘要/Introduction归纳。
PDF：港大/Kong, Lingpeng/论文/2024_UncertaintyRAG_ Span-Level Uncertainty Enhanced Long-Context Modeling for Retrieval-Augmented Generation.pdf；第1页标题、作者单位与摘要；Introduction在已保存前3页内。
https://arxiv.org/abs/2410.02719；访问2026-09-17；arXiv作者顺序和摘要。
原文摘要依据：“We present UncertaintyRAG, a novel approach for long-context Retrieval-Augmented Generation (RAG) that utilizes Signal-to-Noise Ratio (SNR)-based span uncertainty to estimate similarity between text c”。
仅确认论文内原姓名署名；跨论文身份未确认。","身份待核验；按单篇保留，不跨论文合并同名者。达到重点候选筛选阈值；已查可定位来源，身份/历史履历仍未确认。
具体论文问题：P147-C;P147-A
完整Scholar/DBLP论文列表及CCF/CORE目录未获取；当前公开材料可能漏项。",147
Chengming Li（论文 #156，身份待核验）,2025；论文#156；待核验,待核验,身份待核验,待核验,论文合作者（身份待核验）,待核验,待核验,待核验,社会智能与角色控制,未公开,"论文信息汇总.csv 序156：摘要、研究内容、创新点；内容仅据摘要/Introduction归纳。
仅取得可靠元数据或摘要；未取得可读全文。
https://arxiv.org/abs/2509.07403；访问2026-09-17；arXiv作者顺序和摘要。
原文摘要依据：“Large language models (LLMs) have made significant progress in Emotional Intelligence (EI) and long-context modeling. However, existing benchmarks often overlook the fact that emotional information pr”。
仅确认论文内原姓名署名；跨论文身份未确认。","身份待核验；按单篇保留，不跨论文合并同名者。达到重点候选筛选阈值；已查可定位来源，身份/历史履历仍未确认。
具体论文问题：P156-C;P156-D;P156-A;P156-R
完整Scholar/DBLP论文列表及CCF/CORE目录未获取；当前公开材料可能漏项。",156
Zhenan Sun（论文 #147，身份待核验）,2024；论文#147；待核验,待核验,身份待核验,待核验,论文合作者（身份待核验）,待核验,待核验,待核验,检索增强生成,未公开,"论文信息汇总.csv 序147：摘要、研究内容、创新点；内容仅据摘要/Introduction归纳。
PDF：港大/Kong, Lingpeng/论文/2024_UncertaintyRAG_ Span-Level Uncertainty Enhanced Long-Context Modeling for Retrieval-Augmented Generation.pdf；第1页标题、作者单位与摘要；Introduction在已保存前3页内。
https://arxiv.org/abs/2410.02719；访问2026-09-17；arXiv作者顺序和摘要。
原文摘要依据：“We present UncertaintyRAG, a novel approach for long-context Retrieval-Augmented Generation (RAG) that utilizes Signal-to-Noise Ratio (SNR)-based span uncertainty to estimate similarity between text c”。
仅确认论文内原姓名署名；跨论文身份未确认。","身份待核验；按单篇保留，不跨论文合并同名者。待核验（未深查）；原姓名整体未达到重点阈值。
具体论文问题：P147-C;P147-A
完整Scholar/DBLP论文列表及CCF/CORE目录未获取；当前公开材料可能漏项。",147
Zhanyue Qin（论文 #148，身份待核验）,2024；论文#148；待核验,待核验,身份待核验,待核验,论文合作者（身份待核验）,待核验,待核验,待核验,社会智能与角色控制,未公开,"论文信息汇总.csv 序148：摘要、研究内容、创新点；内容仅据摘要/Introduction归纳。
仅取得可靠元数据或摘要；未取得可读全文。
https://arxiv.org/abs/2410.10479；访问2026-09-17；arXiv作者顺序和摘要。
原文摘要依据：“The rapid advancement of large language models has accelerated their application in reasoning, with strategic reasoning drawing increasing attention. To evaluate the strategic reasoning capabilities o”。
仅确认论文内原姓名署名；跨论文身份未确认。","身份待核验；按单篇保留，不跨论文合并同名者。待核验（未深查）；原姓名整体未达到重点阈值。
具体论文问题：P148-C;P148-D;P148-A;P148-R
完整Scholar/DBLP论文列表及CCF/CORE目录未获取；当前公开材料可能漏项。",148
Dianbo Sui（论文 #148，身份待核验）,2024；论文#148；待核验,待核验,身份待核验,待核验,论文合作者（身份待核验）,待核验,待核验,待核验,社会智能与角色控制,未公开,"论文信息汇总.csv 序148：摘要、研究内容、创新点；内容仅据摘要/Introduction归纳。
仅取得可靠元数据或摘要；未取得可读全文。
https://arxiv.org/abs/2410.10479；访问2026-09-17；arXiv作者顺序和摘要。
原文摘要依据：“The rapid advancement of large language models has accelerated their application in reasoning, with strategic reasoning drawing increasing attention. To evaluate the strategic reasoning capabilities o”。
仅确认论文内原姓名署名；跨论文身份未确认。","身份待核验；按单篇保留，不跨论文合并同名者。待核验（未深查）；原姓名整体未达到重点阈值。
具体论文问题：P148-C;P148-D;P148-A;P148-R
完整Scholar/DBLP论文列表及CCF/CORE目录未获取；当前公开材料可能漏项。",148
Botian Jiang（论文 #149，身份待核验）,2024；论文#149；复旦大学,待核验,身份待核验,待核验,论文合作者（身份待核验）,待核验,待核验,待核验,模型评价与奖励学习,未公开,"论文信息汇总.csv 序149：摘要、研究内容、创新点；内容仅据摘要/Introduction归纳。
PDF：港大/Kong, Lingpeng/论文/2024_Understanding the Role of LLMs in Multimodal Evaluation Benchmarks.pdf；第1页标题、作者单位与摘要；Introduction在已保存前3页内。
https://arxiv.org/abs/2410.12329；访问2026-09-17；arXiv作者顺序和摘要。
原文摘要依据：“The rapid advancement of Multimodal Large Language Models (MLLMs) has been accompanied by the development of various benchmarks to evaluate their capabilities. However, the true nature of these evalua”。
仅确认论文内原姓名署名；跨论文身份未确认。","身份待核验；按单篇保留，不跨论文合并同名者。待核验（未深查）；原姓名整体未达到重点阈值。
具体论文问题：P149-C
完整Scholar/DBLP论文列表及CCF/CORE目录未获取；当前公开材料可能漏项。",149
Zhaowei Li（论文 #149，身份待核验）,2024；论文#149；复旦大学,待核验,身份待核验,待核验,论文合作者（身份待核验）,待核验,待核验,待核验,模型评价与奖励学习,未公开,"论文信息汇总.csv 序149：摘要、研究内容、创新点；内容仅据摘要/Introduction归纳。
PDF：港大/Kong, Lingpeng/论文/2024_Understanding the Role of LLMs in Multimodal Evaluation Benchmarks.pdf；第1页标题、作者单位与摘要；Introduction在已保存前3页内。
https://arxiv.org/abs/2410.12329；访问2026-09-17；arXiv作者顺序和摘要。
原文摘要依据：“The rapid advancement of Multimodal Large Language Models (MLLMs) has been accompanied by the development of various benchmarks to evaluate their capabilities. However, the true nature of these evalua”。
仅确认论文内原姓名署名；跨论文身份未确认。","身份待核验；按单篇保留，不跨论文合并同名者。待核验（未深查）；原姓名整体未达到重点阈值。
具体论文问题：P149-C
完整Scholar/DBLP论文列表及CCF/CORE目录未获取；当前公开材料可能漏项。",149
Weichu Liu（论文 #156，身份待核验）,2025；论文#156；待核验,待核验,身份待核验,待核验,论文合作者（身份待核验）,待核验,待核验,待核验,社会智能与角色控制,未公开,"论文信息汇总.csv 序156：摘要、研究内容、创新点；内容仅据摘要/Introduction归纳。
仅取得可靠元数据或摘要；未取得可读全文。
https://arxiv.org/abs/2509.07403；访问2026-09-17；arXiv作者顺序和摘要。
原文摘要依据：“Large language models (LLMs) have made significant progress in Emotional Intelligence (EI) and long-context modeling. However, existing benchmarks often overlook the fact that emotional information pr”。
仅确认论文内原姓名署名；跨论文身份未确认。","身份待核验；按单篇保留，不跨论文合并同名者。待核验（未深查）；原姓名整体未达到重点阈值。
具体论文问题：P156-C;P156-D;P156-A;P156-R
完整Scholar/DBLP论文列表及CCF/CORE目录未获取；当前公开材料可能漏项。",156
Yuxuan Hu（论文 #156，身份待核验）,2025；论文#156；待核验,待核验,身份待核验,待核验,论文合作者（身份待核验）,待核验,待核验,待核验,社会智能与角色控制,未公开,"论文信息汇总.csv 序156：摘要、研究内容、创新点；内容仅据摘要/Introduction归纳。
仅取得可靠元数据或摘要；未取得可读全文。
https://arxiv.org/abs/2509.07403；访问2026-09-17；arXiv作者顺序和摘要。
原文摘要依据：“Large language models (LLMs) have made significant progress in Emotional Intelligence (EI) and long-context modeling. However, existing benchmarks often overlook the fact that emotional information pr”。
仅确认论文内原姓名署名；跨论文身份未确认。","身份待核验；按单篇保留，不跨论文合并同名者。待核验（未深查）；原姓名整体未达到重点阈值。
具体论文问题：P156-C;P156-D;P156-A;P156-R
完整Scholar/DBLP论文列表及CCF/CORE目录未获取；当前公开材料可能漏项。",156
Minghuan Tan（论文 #156，身份待核验）,2025；论文#156；待核验,待核验,身份待核验,待核验,论文合作者（身份待核验）,待核验,待核验,待核验,社会智能与角色控制,未公开,"论文信息汇总.csv 序156：摘要、研究内容、创新点；内容仅据摘要/Introduction归纳。
仅取得可靠元数据或摘要；未取得可读全文。
https://arxiv.org/abs/2509.07403；访问2026-09-17；arXiv作者顺序和摘要。
原文摘要依据：“Large language models (LLMs) have made significant progress in Emotional Intelligence (EI) and long-context modeling. However, existing benchmarks often overlook the fact that emotional information pr”。
仅确认论文内原姓名署名；跨论文身份未确认。","身份待核验；按单篇保留，不跨论文合并同名者。待核验（未深查）；原姓名整体未达到重点阈值。
具体论文问题：P156-C;P156-D;P156-A;P156-R
完整Scholar/DBLP论文列表及CCF/CORE目录未获取；当前公开材料可能漏项。",156
Ningning Mao（论文 #156，身份待核验）,2025；论文#156；待核验,待核验,身份待核验,待核验,论文合作者（身份待核验）,待核验,待核验,待核验,社会智能与角色控制,未公开,"论文信息汇总.csv 序156：摘要、研究内容、创新点；内容仅据摘要/Introduction归纳。
仅取得可靠元数据或摘要；未取得可读全文。
https://arxiv.org/abs/2509.07403；访问2026-09-17；arXiv作者顺序和摘要。
原文摘要依据：“Large language models (LLMs) have made significant progress in Emotional Intelligence (EI) and long-context modeling. However, existing benchmarks often overlook the fact that emotional information pr”。
仅确认论文内原姓名署名；跨论文身份未确认。","身份待核验；按单篇保留，不跨论文合并同名者。待核验（未深查）；原姓名整体未达到重点阈值。
具体论文问题：P156-C;P156-D;P156-A;P156-R
完整Scholar/DBLP论文列表及CCF/CORE目录未获取；当前公开材料可能漏项。",156
Zhuocheng Gong（论文 #157，身份待核验）,2025；论文#157；蚂蚁集团,待核验,身份待核验,待核验,论文合作者（身份待核验）,待核验,待核验,待核验,数学推理与题目合成,未公开,"论文信息汇总.csv 序157：摘要、研究内容、创新点；内容仅据摘要/Introduction归纳。
PDF：港大/Kong, Lingpeng/论文/2025_PromptCoT 2.0_ Scaling Prompt Synthesis for Large Language Model Reasoning.pdf；第1页标题、作者单位与摘要；Introduction在已保存前3页内。
https://arxiv.org/abs/2509.19894；访问2026-09-17；arXiv作者顺序和摘要。
原文摘要依据：“Large language models (LLMs) are evolving from conversational systems into strong reasoners for tasks such as Olympiad mathematics and competitive programming. While scaling parameters and test-time c”。
仅确认论文内原姓名署名；跨论文身份未确认。","身份待核验；按单篇保留，不跨论文合并同名者。待核验（未深查）；原姓名整体未达到重点阈值。
具体论文问题：P157-C
完整Scholar/DBLP论文列表及CCF/CORE目录未获取；当前公开材料可能漏项。",157
Zehao Li（论文 #158，身份待核验）,2026；论文#158；待核验,待核验,身份待核验,待核验,论文合作者（身份待核验）,待核验,待核验,待核验,工具智能体与任务评测,未公开,"论文信息汇总.csv 序158：摘要、研究内容、创新点；内容仅据摘要/Introduction归纳。
仅取得可靠元数据或摘要；未取得可读全文。
https://aclanthology.org/2026.acl-long.431/；访问2026-09-17；ACL作者顺序、发表信息与摘要。
原文摘要依据：“Computer-using agents powered by Vision-Language Models (VLMs) have demonstrated human-like capabilities in operating digital environments like mobile platforms. While these agents hold great promise ”。
仅确认论文内原姓名署名；跨论文身份未确认。https://aclanthology.org/people/zehao-li-835x/","身份待核验；按单篇保留，不跨论文合并同名者。达到重点候选筛选阈值；已查可定位来源，身份/历史履历仍未确认。
具体论文问题：P158-C;P158-D;P158-A;P158-R
完整Scholar/DBLP论文列表及CCF/CORE目录未获取；当前公开材料可能漏项。",158
Zehao Li（论文 #176，身份待核验）,2026；论文#176；待核验,待核验,身份待核验,待核验,论文合作者（身份待核验）,待核验,待核验,待核验,工具智能体与任务评测,未公开,"论文信息汇总.csv 序176：摘要、研究内容、创新点；内容仅据摘要/Introduction归纳。
仅取得可靠元数据或摘要；未取得可读全文。
https://arxiv.org/abs/2607.28609；访问2026-09-17；arXiv作者顺序和摘要。
原文摘要依据：“Computer-using agents (CUAs) are advancing rapidly across the digital world. A CUA trajectory records the agent's actions, states, and reasoning. Verifying whether it fulfilled the task instruction is”。
仅确认论文内原姓名署名；跨论文身份未确认。https://aclanthology.org/people/zehao-li-835x/","身份待核验；按单篇保留，不跨论文合并同名者。达到重点候选筛选阈值；已查可定位来源，身份/历史履历仍未确认。
具体论文问题：P176-C;P176-D;P176-A;P176-R
完整Scholar/DBLP论文列表及CCF/CORE目录未获取；当前公开材料可能漏项。",176
Zhuosheng Zhang（论文 #158，身份待核验）,2026；论文#158；待核验,待核验,身份待核验,待核验,论文合作者（身份待核验）,待核验,待核验,待核验,工具智能体与任务评测,未公开,"论文信息汇总.csv 序158：摘要、研究内容、创新点；内容仅据摘要/Introduction归纳。
仅取得可靠元数据或摘要；未取得可读全文。
https://aclanthology.org/2026.acl-long.431/；访问2026-09-17；ACL作者顺序、发表信息与摘要。
原文摘要依据：“Computer-using agents powered by Vision-Language Models (VLMs) have demonstrated human-like capabilities in operating digital environments like mobile platforms. While these agents hold great promise ”。
仅确认论文内原姓名署名；跨论文身份未确认。","身份待核验；按单篇保留，不跨论文合并同名者。待核验（未深查）；原姓名整体未达到重点阈值。
具体论文问题：P158-C;P158-D;P158-A;P158-R
完整Scholar/DBLP论文列表及CCF/CORE目录未获取；当前公开材料可能漏项。",158
Feng Ju（论文 #159，身份待核验）,2025；论文#159；香港科技大学；中国科学技术大学,待核验,身份待核验,待核验,论文合作者（身份待核验）,待核验,待核验,待核验,推理与决策规划,未公开,"论文信息汇总.csv 序159：摘要、研究内容、创新点；内容仅据摘要/Introduction归纳。
PDF：港大/Kong, Lingpeng/论文/2025_Reasoning Path Divergence_ A New Metric and Curation Strategy to Unlock LLM Diverse Thinking.pdf；第1页标题、作者单位与摘要；Introduction在已保存前3页内。
https://arxiv.org/abs/2510.26122；访问2026-09-17；arXiv作者顺序和摘要。
原文摘要依据：“While Test-Time Scaling (TTS) has proven effective in improving the reasoning ability of large language models (LLMs), low diversity in model outputs often becomes a bottleneck; this is partly caused ”。
仅确认论文内原姓名署名；跨论文身份未确认。","身份待核验；按单篇保留，不跨论文合并同名者。待核验（未深查）；原姓名整体未达到重点阈值。
具体论文问题：P159-C
完整Scholar/DBLP论文列表及CCF/CORE目录未获取；当前公开材料可能漏项。",159
Zeyu Qin（论文 #159，身份待核验）,2025；论文#159；香港科技大学,待核验,身份待核验,待核验,论文合作者（身份待核验）,待核验,待核验,待核验,推理与决策规划,未公开,"论文信息汇总.csv 序159：摘要、研究内容、创新点；内容仅据摘要/Introduction归纳。
PDF：港大/Kong, Lingpeng/论文/2025_Reasoning Path Divergence_ A New Metric and Curation Strategy to Unlock LLM Diverse Thinking.pdf；第1页标题、作者单位与摘要；Introduction在已保存前3页内。
https://arxiv.org/abs/2510.26122；访问2026-09-17；arXiv作者顺序和摘要。
原文摘要依据：“While Test-Time Scaling (TTS) has proven effective in improving the reasoning ability of large language models (LLMs), low diversity in model outputs often becomes a bottleneck; this is partly caused ”。
仅确认论文内原姓名署名；跨论文身份未确认。","身份待核验；按单篇保留，不跨论文合并同名者。待核验（未深查）；原姓名整体未达到重点阈值。
具体论文问题：P159-C
完整Scholar/DBLP论文列表及CCF/CORE目录未获取；当前公开材料可能漏项。",159
Rui Min（论文 #159，身份待核验）,2025；论文#159；香港科技大学,待核验,身份待核验,待核验,论文合作者（身份待核验）,待核验,待核验,待核验,推理与决策规划,未公开,"论文信息汇总.csv 序159：摘要、研究内容、创新点；内容仅据摘要/Introduction归纳。
PDF：港大/Kong, Lingpeng/论文/2025_Reasoning Path Divergence_ A New Metric and Curation Strategy to Unlock LLM Diverse Thinking.pdf；第1页标题、作者单位与摘要；Introduction在已保存前3页内。
https://arxiv.org/abs/2510.26122；访问2026-09-17；arXiv作者顺序和摘要。
原文摘要依据：“While Test-Time Scaling (TTS) has proven effective in improving the reasoning ability of large language models (LLMs), low diversity in model outputs often becomes a bottleneck; this is partly caused ”。
仅确认论文内原姓名署名；跨论文身份未确认。","身份待核验；按单篇保留，不跨论文合并同名者。待核验（未深查）；原姓名整体未达到重点阈值。
具体论文问题：P159-C
完整Scholar/DBLP论文列表及CCF/CORE目录未获取；当前公开材料可能漏项。",159
Zhitao He（论文 #159，身份待核验）,2025；论文#159；香港科技大学,待核验,身份待核验,待核验,论文合作者（身份待核验）,待核验,待核验,待核验,推理与决策规划,未公开,"论文信息汇总.csv 序159：摘要、研究内容、创新点；内容仅据摘要/Introduction归纳。
PDF：港大/Kong, Lingpeng/论文/2025_Reasoning Path Divergence_ A New Metric and Curation Strategy to Unlock LLM Diverse Thinking.pdf；第1页标题、作者单位与摘要；Introduction在已保存前3页内。
https://arxiv.org/abs/2510.26122；访问2026-09-17；arXiv作者顺序和摘要。
原文摘要依据：“While Test-Time Scaling (TTS) has proven effective in improving the reasoning ability of large language models (LLMs), low diversity in model outputs often becomes a bottleneck; this is partly caused ”。
仅确认论文内原姓名署名；跨论文身份未确认。","身份待核验；按单篇保留，不跨论文合并同名者。待核验（未深查）；原姓名整体未达到重点阈值。
具体论文问题：P159-C
完整Scholar/DBLP论文列表及CCF/CORE目录未获取；当前公开材料可能漏项。",159
Yi R. Fung（论文 #159，身份待核验）,2025；论文#159；香港科技大学,待核验,身份待核验,待核验,论文合作者（身份待核验）,待核验,待核验,待核验,推理与决策规划,未公开,"论文信息汇总.csv 序159：摘要、研究内容、创新点；内容仅据摘要/Introduction归纳。
PDF：港大/Kong, Lingpeng/论文/2025_Reasoning Path Divergence_ A New Metric and Curation Strategy to Unlock LLM Diverse Thinking.pdf；第1页标题、作者单位与摘要；Introduction在已保存前3页内。
https://arxiv.org/abs/2510.26122；访问2026-09-17；arXiv作者顺序和摘要。
原文摘要依据：“While Test-Time Scaling (TTS) has proven effective in improving the reasoning ability of large language models (LLMs), low diversity in model outputs often becomes a bottleneck; this is partly caused ”。
仅确认论文内原姓名署名；跨论文身份未确认。","身份待核验；按单篇保留，不跨论文合并同名者。待核验（未深查）；原姓名整体未达到重点阈值。
具体论文问题：P159-C
完整Scholar/DBLP论文列表及CCF/CORE目录未获取；当前公开材料可能漏项。",159
Liyang Fan（论文 #160，身份待核验）,2025；论文#160；中国科学院深圳先进技术研究院,待核验,身份待核验,待核验,论文合作者（身份待核验）,待核验,待核验,待核验,长上下文建模与压缩,未公开,"论文信息汇总.csv 序160：摘要、研究内容、创新点；内容仅据摘要/Introduction归纳。
PDF：港大/Kong, Lingpeng/论文/2025_DoPE_ Denoising Rotary Position Embedding.pdf；第1页标题、作者单位与摘要；Introduction在已保存前3页内。
https://arxiv.org/abs/2511.09146；访问2026-09-17；arXiv作者顺序和摘要。
原文摘要依据：“Positional encoding is essential for large language models (LLMs) to represent sequence order, yet recent studies show that Rotary Position Embedding (RoPE) can induce massive activation. We investiga”。
仅确认论文内原姓名署名；跨论文身份未确认。","身份待核验；按单篇保留，不跨论文合并同名者。待核验（未深查）；原姓名整体未达到重点阈值。
具体论文问题：P160-C
完整Scholar/DBLP论文列表及CCF/CORE目录未获取；当前公开材料可能漏项。",160
Zunhai Su（论文 #160，身份待核验）,2025；论文#160；香港大学,待核验,身份待核验,待核验,论文合作者（身份待核验）,待核验,待核验,待核验,长上下文建模与压缩,未公开,"论文信息汇总.csv 序160：摘要、研究内容、创新点；内容仅据摘要/Introduction归纳。
PDF：港大/Kong, Lingpeng/论文/2025_DoPE_ Denoising Rotary Position Embedding.pdf；第1页标题、作者单位与摘要；Introduction在已保存前3页内。
https://arxiv.org/abs/2511.09146；访问2026-09-17；arXiv作者顺序和摘要。
原文摘要依据：“Positional encoding is essential for large language models (LLMs) to represent sequence order, yet recent studies show that Rotary Position Embedding (RoPE) can induce massive activation. We investiga”。
仅确认论文内原姓名署名；跨论文身份未确认。","身份待核验；按单篇保留，不跨论文合并同名者。待核验（未深查）；原姓名整体未达到重点阈值。
具体论文问题：P160-C
完整Scholar/DBLP论文列表及CCF/CORE目录未获取；当前公开材料可能漏项。",160
Kecheng Chen（论文 #161，身份待核验）,2025；论文#161；香港城市大学,待核验,身份待核验,待核验,论文合作者（身份待核验）,待核验,待核验,待核验,扩散文本生成,未公开,"论文信息汇总.csv 序161：摘要、研究内容、创新点；内容仅据摘要/Introduction归纳。
PDF：港大/Kong, Lingpeng/论文/2025_Beyond Confidence_ Adaptive and Coherent Decoding for Diffusion Language Models.pdf；第1页标题、作者单位与摘要；Introduction在已保存前3页内。
https://arxiv.org/abs/2512.02044；访问2026-09-17；arXiv作者顺序和摘要。
原文摘要依据：“Diffusion Language Models (DLMs) have recently achieved significant success due to their any-order generation capabilities. However, existing inference methods typically rely on local, immediate-step ”。
仅确认论文内原姓名署名；跨论文身份未确认。","身份待核验；按单篇保留，不跨论文合并同名者。达到重点候选筛选阈值；已查可定位来源，身份/历史履历仍未确认。
具体论文问题：P161-C
完整Scholar/DBLP论文列表及CCF/CORE目录未获取；当前公开材料可能漏项。",161
Kecheng Chen（论文 #173，身份待核验）,2026；论文#173；香港城市大学,待核验,身份待核验,待核验,论文合作者（身份待核验）,待核验,待核验,待核验,扩散文本生成,未公开,"论文信息汇总.csv 序173：摘要、研究内容、创新点；内容仅据摘要/Introduction归纳。
PDF：港大/Kong, Lingpeng/论文/2026_Self-Distilled Trajectory-Aware Boltzmann Modeling_ Bridging the Training-Inference Discrepancy in Diffusion Language Models.pdf；第1页标题、作者单位与摘要；Introduction在已保存前3页内。
https://arxiv.org/abs/2605.11854；访问2026-09-17；arXiv作者顺序和摘要。
原文摘要依据：“Diffusion Language Models (DLMs) have recently emerged as a promising alternative to autoregressive language models, offering stronger global awareness and highly parallel generation. However, post-tr”。
仅确认论文内原姓名署名；跨论文身份未确认。","身份待核验；按单篇保留，不跨论文合并同名者。达到重点候选筛选阈值；已查可定位来源，身份/历史履历仍未确认。
具体论文问题：P173-C
完整Scholar/DBLP论文列表及CCF/CORE目录未获取；当前公开材料可能漏项。",173
Kecheng Chen（论文 #175，身份待核验）,2026；论文#175；香港城市大学,待核验,身份待核验,待核验,论文合作者（身份待核验）,待核验,待核验,待核验,推理部署与参数效率,未公开,"论文信息汇总.csv 序175：摘要、研究内容、创新点；内容仅据摘要/Introduction归纳。
PDF：港大/Kong, Lingpeng/论文/2026_SoftSkill_ Behavioral Compression for Contextual Adaptation.pdf；第1页标题、作者单位与摘要；Introduction在已保存前3页内。
https://arxiv.org/abs/2606.20333；访问2026-09-17；arXiv作者顺序和摘要。
原文摘要依据：“Agent skills are commonly deployed as natural-language Markdown files that encode answer policies, evidence-use habits, and task procedures. These files are readable and portable, but they are consume”。
仅确认论文内原姓名署名；跨论文身份未确认。","身份待核验；按单篇保留，不跨论文合并同名者。达到重点候选筛选阈值；已查可定位来源，身份/历史履历仍未确认。
具体论文问题：P175-C
完整Scholar/DBLP论文列表及CCF/CORE目录未获取；当前公开材料可能漏项。",175
Hui Liu（论文 #161，身份待核验）,2025；论文#161；香港城市大学,待核验,身份待核验,待核验,论文合作者（身份待核验）,待核验,待核验,待核验,扩散文本生成,未公开,"论文信息汇总.csv 序161：摘要、研究内容、创新点；内容仅据摘要/Introduction归纳。
PDF：港大/Kong, Lingpeng/论文/2025_Beyond Confidence_ Adaptive and Coherent Decoding for Diffusion Language Models.pdf；第1页标题、作者单位与摘要；Introduction在已保存前3页内。
https://arxiv.org/abs/2512.02044；访问2026-09-17；arXiv作者顺序和摘要。
原文摘要依据：“Diffusion Language Models (DLMs) have recently achieved significant success due to their any-order generation capabilities. However, existing inference methods typically rely on local, immediate-step ”。
仅确认论文内原姓名署名；跨论文身份未确认。","身份待核验；按单篇保留，不跨论文合并同名者。达到重点候选筛选阈值；已查可定位来源，身份/历史履历仍未确认。
具体论文问题：P161-C
完整Scholar/DBLP论文列表及CCF/CORE目录未获取；当前公开材料可能漏项。",161
Hui Liu（论文 #173，身份待核验）,2026；论文#173；香港城市大学,待核验,身份待核验,待核验,论文合作者（身份待核验）,待核验,待核验,待核验,扩散文本生成,未公开,"论文信息汇总.csv 序173：摘要、研究内容、创新点；内容仅据摘要/Introduction归纳。
PDF：港大/Kong, Lingpeng/论文/2026_Self-Distilled Trajectory-Aware Boltzmann Modeling_ Bridging the Training-Inference Discrepancy in Diffusion Language Models.pdf；第1页标题、作者单位与摘要；Introduction在已保存前3页内。
https://arxiv.org/abs/2605.11854；访问2026-09-17；arXiv作者顺序和摘要。
原文摘要依据：“Diffusion Language Models (DLMs) have recently emerged as a promising alternative to autoregressive language models, offering stronger global awareness and highly parallel generation. However, post-tr”。
仅确认论文内原姓名署名；跨论文身份未确认。","身份待核验；按单篇保留，不跨论文合并同名者。达到重点候选筛选阈值；已查可定位来源，身份/历史履历仍未确认。
具体论文问题：P173-C
完整Scholar/DBLP论文列表及CCF/CORE目录未获取；当前公开材料可能漏项。",173
Suiyun Zhang（论文 #161，身份待核验）,2025；论文#161；华为研究,待核验,身份待核验,待核验,论文合作者（身份待核验）,待核验,待核验,待核验,扩散文本生成,未公开,"论文信息汇总.csv 序161：摘要、研究内容、创新点；内容仅据摘要/Introduction归纳。
PDF：港大/Kong, Lingpeng/论文/2025_Beyond Confidence_ Adaptive and Coherent Decoding for Diffusion Language Models.pdf；第1页标题、作者单位与摘要；Introduction在已保存前3页内。
https://arxiv.org/abs/2512.02044；访问2026-09-17；arXiv作者顺序和摘要。
原文摘要依据：“Diffusion Language Models (DLMs) have recently achieved significant success due to their any-order generation capabilities. However, existing inference methods typically rely on local, immediate-step ”。
仅确认论文内原姓名署名；跨论文身份未确认。","身份待核验；按单篇保留，不跨论文合并同名者。达到重点候选筛选阈值；已查可定位来源，身份/历史履历仍未确认。
具体论文问题：P161-C
完整Scholar/DBLP论文列表及CCF/CORE目录未获取；当前公开材料可能漏项。",161
Suiyun Zhang（论文 #173，身份待核验）,2026；论文#173；华为研究,待核验,身份待核验,待核验,论文合作者（身份待核验）,待核验,待核验,待核验,扩散文本生成,未公开,"论文信息汇总.csv 序173：摘要、研究内容、创新点；内容仅据摘要/Introduction归纳。
PDF：港大/Kong, Lingpeng/论文/2026_Self-Distilled Trajectory-Aware Boltzmann Modeling_ Bridging the Training-Inference Discrepancy in Diffusion Language Models.pdf；第1页标题、作者单位与摘要；Introduction在已保存前3页内。
https://arxiv.org/abs/2605.11854；访问2026-09-17；arXiv作者顺序和摘要。
原文摘要依据：“Diffusion Language Models (DLMs) have recently emerged as a promising alternative to autoregressive language models, offering stronger global awareness and highly parallel generation. However, post-tr”。
仅确认论文内原姓名署名；跨论文身份未确认。","身份待核验；按单篇保留，不跨论文合并同名者。达到重点候选筛选阈值；已查可定位来源，身份/历史履历仍未确认。
具体论文问题：P173-C
完整Scholar/DBLP论文列表及CCF/CORE目录未获取；当前公开材料可能漏项。",173
Suiyun Zhang（论文 #175，身份待核验）,2026；论文#175；华为研究,待核验,身份待核验,待核验,论文合作者（身份待核验）,待核验,待核验,待核验,推理部署与参数效率,未公开,"论文信息汇总.csv 序175：摘要、研究内容、创新点；内容仅据摘要/Introduction归纳。
PDF：港大/Kong, Lingpeng/论文/2026_SoftSkill_ Behavioral Compression for Contextual Adaptation.pdf；第1页标题、作者单位与摘要；Introduction在已保存前3页内。
https://arxiv.org/abs/2606.20333；访问2026-09-17；arXiv作者顺序和摘要。
原文摘要依据：“Agent skills are commonly deployed as natural-language Markdown files that encode answer policies, evidence-use habits, and task procedures. These files are readable and portable, but they are consume”。
仅确认论文内原姓名署名；跨论文身份未确认。","身份待核验；按单篇保留，不跨论文合并同名者。达到重点候选筛选阈值；已查可定位来源，身份/历史履历仍未确认。
具体论文问题：P175-C
完整Scholar/DBLP论文列表及CCF/CORE目录未获取；当前公开材料可能漏项。",175
Dandan Tu（论文 #161，身份待核验）,2025；论文#161；华为研究,待核验,身份待核验,待核验,论文合作者（身份待核验）,待核验,待核验,待核验,扩散文本生成,未公开,"论文信息汇总.csv 序161：摘要、研究内容、创新点；内容仅据摘要/Introduction归纳。
PDF：港大/Kong, Lingpeng/论文/2025_Beyond Confidence_ Adaptive and Coherent Decoding for Diffusion Language Models.pdf；第1页标题、作者单位与摘要；Introduction在已保存前3页内。
https://arxiv.org/abs/2512.02044；访问2026-09-17；arXiv作者顺序和摘要。
原文摘要依据：“Diffusion Language Models (DLMs) have recently achieved significant success due to their any-order generation capabilities. However, existing inference methods typically rely on local, immediate-step ”。
仅确认论文内原姓名署名；跨论文身份未确认。","身份待核验；按单篇保留，不跨论文合并同名者。达到重点候选筛选阈值；已查可定位来源，身份/历史履历仍未确认。
具体论文问题：P161-C
完整Scholar/DBLP论文列表及CCF/CORE目录未获取；当前公开材料可能漏项。",161
Dandan Tu（论文 #173，身份待核验）,2026；论文#173；华为研究,待核验,身份待核验,待核验,论文合作者（身份待核验）,待核验,待核验,待核验,扩散文本生成,未公开,"论文信息汇总.csv 序173：摘要、研究内容、创新点；内容仅据摘要/Introduction归纳。
PDF：港大/Kong, Lingpeng/论文/2026_Self-Distilled Trajectory-Aware Boltzmann Modeling_ Bridging the Training-Inference Discrepancy in Diffusion Language Models.pdf；第1页标题、作者单位与摘要；Introduction在已保存前3页内。
https://arxiv.org/abs/2605.11854；访问2026-09-17；arXiv作者顺序和摘要。
原文摘要依据：“Diffusion Language Models (DLMs) have recently emerged as a promising alternative to autoregressive language models, offering stronger global awareness and highly parallel generation. However, post-tr”。
仅确认论文内原姓名署名；跨论文身份未确认。","身份待核验；按单篇保留，不跨论文合并同名者。达到重点候选筛选阈值；已查可定位来源，身份/历史履历仍未确认。
具体论文问题：P173-C
完整Scholar/DBLP论文列表及CCF/CORE目录未获取；当前公开材料可能漏项。",173
Haoliang Li（论文 #161，身份待核验）,2025；论文#161；香港城市大学,待核验,身份待核验,待核验,论文合作者（身份待核验）,待核验,待核验,待核验,扩散文本生成,未公开,"论文信息汇总.csv 序161：摘要、研究内容、创新点；内容仅据摘要/Introduction归纳。
PDF：港大/Kong, Lingpeng/论文/2025_Beyond Confidence_ Adaptive and Coherent Decoding for Diffusion Language Models.pdf；第1页标题、作者单位与摘要；Introduction在已保存前3页内。
https://arxiv.org/abs/2512.02044；访问2026-09-17；arXiv作者顺序和摘要。
原文摘要依据：“Diffusion Language Models (DLMs) have recently achieved significant success due to their any-order generation capabilities. However, existing inference methods typically rely on local, immediate-step ”。
仅确认论文内原姓名署名；跨论文身份未确认。","身份待核验；按单篇保留，不跨论文合并同名者。达到重点候选筛选阈值；已查可定位来源，身份/历史履历仍未确认。
具体论文问题：P161-C
完整Scholar/DBLP论文列表及CCF/CORE目录未获取；当前公开材料可能漏项。",161
Haoliang Li（论文 #173，身份待核验）,2026；论文#173；香港城市大学,待核验,身份待核验,待核验,论文合作者（身份待核验）,待核验,待核验,待核验,扩散文本生成,未公开,"论文信息汇总.csv 序173：摘要、研究内容、创新点；内容仅据摘要/Introduction归纳。
PDF：港大/Kong, Lingpeng/论文/2026_Self-Distilled Trajectory-Aware Boltzmann Modeling_ Bridging the Training-Inference Discrepancy in Diffusion Language Models.pdf；第1页标题、作者单位与摘要；Introduction在已保存前3页内。
https://arxiv.org/abs/2605.11854；访问2026-09-17；arXiv作者顺序和摘要。
原文摘要依据：“Diffusion Language Models (DLMs) have recently emerged as a promising alternative to autoregressive language models, offering stronger global awareness and highly parallel generation. However, post-tr”。
仅确认论文内原姓名署名；跨论文身份未确认。","身份待核验；按单篇保留，不跨论文合并同名者。达到重点候选筛选阈值；已查可定位来源，身份/历史履历仍未确认。
具体论文问题：P173-C
完整Scholar/DBLP论文列表及CCF/CORE目录未获取；当前公开材料可能漏项。",173
Junming Fan（论文 #162，身份待核验）,2025；论文#162；华为,待核验,身份待核验,待核验,论文合作者（身份待核验）,待核验,待核验,待核验,扩散视觉与动作生成,未公开,"论文信息汇总.csv 序162：摘要、研究内容、创新点；内容仅据摘要/Introduction归纳。
PDF：港大/Kong, Lingpeng/论文/2025_Dream-VL & Dream-VLA_ Open Vision-Language and Vision-Language-Action Models with Diffusion Language Model Backbone.pdf；第1页标题、作者单位与摘要；Introduction在已保存前3页内。
https://arxiv.org/abs/2512.22615；访问2026-09-17；arXiv作者顺序和摘要。
原文摘要依据：“While autoregressive Large Vision-Language Models (VLMs) have achieved remarkable success, their sequential generation often limits their efficacy in complex visual planning and dynamic robotic contro”。
仅确认论文内原姓名署名；跨论文身份未确认。","身份待核验；按单篇保留，不跨论文合并同名者。待核验（未深查）；原姓名整体未达到重点阈值。
具体论文问题：P162-C
完整Scholar/DBLP论文列表及CCF/CORE目录未获取；当前公开材料可能漏项。",162
Shuang Wu（论文 #162，身份待核验）,2025；论文#162；华为,待核验,身份待核验,待核验,论文合作者（身份待核验）,待核验,待核验,待核验,扩散视觉与动作生成,未公开,"论文信息汇总.csv 序162：摘要、研究内容、创新点；内容仅据摘要/Introduction归纳。
PDF：港大/Kong, Lingpeng/论文/2025_Dream-VL & Dream-VLA_ Open Vision-Language and Vision-Language-Action Models with Diffusion Language Model Backbone.pdf；第1页标题、作者单位与摘要；Introduction在已保存前3页内。
https://arxiv.org/abs/2512.22615；访问2026-09-17；arXiv作者顺序和摘要。
原文摘要依据：“While autoregressive Large Vision-Language Models (VLMs) have achieved remarkable success, their sequential generation often limits their efficacy in complex visual planning and dynamic robotic contro”。
仅确认论文内原姓名署名；跨论文身份未确认。","身份待核验；按单篇保留，不跨论文合并同名者。待核验（未深查）；原姓名整体未达到重点阈值。
具体论文问题：P162-C
完整Scholar/DBLP论文列表及CCF/CORE目录未获取；当前公开材料可能漏项。",162
Qi Han（论文 #163，身份待核验）,2026；论文#163；待核验,待核验,身份待核验,待核验,论文合作者（身份待核验）,待核验,待核验,待核验,形式化定理证明,未公开,"论文信息汇总.csv 序163：摘要、研究内容、创新点；内容仅据摘要/Introduction归纳。
仅取得可靠元数据或摘要；未取得可读全文。
https://arxiv.org/abs/2601.03017；访问2026-09-17；arXiv作者顺序和摘要。
原文摘要依据：“Autoformalization, which translates natural language mathematics into formal statements to enable machine reasoning, faces fundamental challenges in the wild due to the multimodal nature of the physic”。
仅确认论文内原姓名署名；跨论文身份未确认。","身份待核验；按单篇保留，不跨论文合并同名者。待核验（未深查）；原姓名整体未达到重点阈值。
具体论文问题：P163-C;P163-D;P163-A;P163-R
完整Scholar/DBLP论文列表及CCF/CORE目录未获取；当前公开材料可能漏项。",163
Yunta Hsieh（论文 #163，身份待核验）,2026；论文#163；待核验,待核验,身份待核验,待核验,论文合作者（身份待核验）,待核验,待核验,待核验,形式化定理证明,未公开,"论文信息汇总.csv 序163：摘要、研究内容、创新点；内容仅据摘要/Introduction归纳。
仅取得可靠元数据或摘要；未取得可读全文。
https://arxiv.org/abs/2601.03017；访问2026-09-17；arXiv作者顺序和摘要。
原文摘要依据：“Autoformalization, which translates natural language mathematics into formal statements to enable machine reasoning, faces fundamental challenges in the wild due to the multimodal nature of the physic”。
仅确认论文内原姓名署名；跨论文身份未确认。","身份待核验；按单篇保留，不跨论文合并同名者。待核验（未深查）；原姓名整体未达到重点阈值。
具体论文问题：P163-C;P163-D;P163-A;P163-R
完整Scholar/DBLP论文列表及CCF/CORE目录未获取；当前公开材料可能漏项。",163
Huajian Xin（论文 #163，身份待核验）,2026；论文#163；待核验,待核验,身份待核验,待核验,论文合作者（身份待核验）,待核验,待核验,待核验,形式化定理证明,未公开,"论文信息汇总.csv 序163：摘要、研究内容、创新点；内容仅据摘要/Introduction归纳。
仅取得可靠元数据或摘要；未取得可读全文。
https://arxiv.org/abs/2601.03017；访问2026-09-17；arXiv作者顺序和摘要。
原文摘要依据：“Autoformalization, which translates natural language mathematics into formal statements to enable machine reasoning, faces fundamental challenges in the wild due to the multimodal nature of the physic”。
仅确认论文内原姓名署名；跨论文身份未确认。","身份待核验；按单篇保留，不跨论文合并同名者。待核验（未深查）；原姓名整体未达到重点阈值。
具体论文问题：P163-C;P163-D;P163-A;P163-R
完整Scholar/DBLP论文列表及CCF/CORE目录未获取；当前公开材料可能漏项。",163
Hengyuan Zhang（论文 #163，身份待核验）,2026；论文#163；待核验,待核验,身份待核验,待核验,论文合作者（身份待核验）,待核验,待核验,待核验,形式化定理证明,未公开,"论文信息汇总.csv 序163：摘要、研究内容、创新点；内容仅据摘要/Introduction归纳。
仅取得可靠元数据或摘要；未取得可读全文。
https://arxiv.org/abs/2601.03017；访问2026-09-17；arXiv作者顺序和摘要。
原文摘要依据：“Autoformalization, which translates natural language mathematics into formal statements to enable machine reasoning, faces fundamental challenges in the wild due to the multimodal nature of the physic”。
仅确认论文内原姓名署名；跨论文身份未确认。","身份待核验；按单篇保留，不跨论文合并同名者。待核验（未深查）；原姓名整体未达到重点阈值。
具体论文问题：P163-C;P163-D;P163-A;P163-R
完整Scholar/DBLP论文列表及CCF/CORE目录未获取；当前公开材料可能漏项。",163
Zhen Zhang（论文 #163，身份待核验）,2026；论文#163；待核验,待核验,身份待核验,待核验,论文合作者（身份待核验）,待核验,待核验,待核验,形式化定理证明,未公开,"论文信息汇总.csv 序163：摘要、研究内容、创新点；内容仅据摘要/Introduction归纳。
仅取得可靠元数据或摘要；未取得可读全文。
https://arxiv.org/abs/2601.03017；访问2026-09-17；arXiv作者顺序和摘要。
原文摘要依据：“Autoformalization, which translates natural language mathematics into formal statements to enable machine reasoning, faces fundamental challenges in the wild due to the multimodal nature of the physic”。
仅确认论文内原姓名署名；跨论文身份未确认。","身份待核验；按单篇保留，不跨论文合并同名者。待核验（未深查）；原姓名整体未达到重点阈值。
具体论文问题：P163-C;P163-D;P163-A;P163-R
完整Scholar/DBLP论文列表及CCF/CORE目录未获取；当前公开材料可能漏项。",163
Haochen Wang（论文 #163，身份待核验）,2026；论文#163；待核验,待核验,身份待核验,待核验,论文合作者（身份待核验）,待核验,待核验,待核验,形式化定理证明,未公开,"论文信息汇总.csv 序163：摘要、研究内容、创新点；内容仅据摘要/Introduction归纳。
仅取得可靠元数据或摘要；未取得可读全文。
https://arxiv.org/abs/2601.03017；访问2026-09-17；arXiv作者顺序和摘要。
原文摘要依据：“Autoformalization, which translates natural language mathematics into formal statements to enable machine reasoning, faces fundamental challenges in the wild due to the multimodal nature of the physic”。
仅确认论文内原姓名署名；跨论文身份未确认。","身份待核验；按单篇保留，不跨论文合并同名者。待核验（未深查）；原姓名整体未达到重点阈值。
具体论文问题：P163-C;P163-D;P163-A;P163-R
完整Scholar/DBLP论文列表及CCF/CORE目录未获取；当前公开材料可能漏项。",163
Xinyu Li（论文 #164，身份待核验）,2026；论文#164；香港大学,待核验,身份待核验,待核验,论文合作者（身份待核验）,待核验,待核验,待核验,字节级语言建模,未公开,"论文信息汇总.csv 序164：摘要、研究内容、创新点；内容仅据摘要/Introduction归纳。
PDF：港大/Kong, Lingpeng/论文/2026_Proxy Compression for Language Modeling.pdf；第1页标题、作者单位与摘要；Introduction在已保存前3页内。
https://arxiv.org/abs/2602.04289；访问2026-09-17；arXiv作者顺序和摘要。
PDF发表标记：“Proceedings of the 43 International Conference on Machine               trasting it with compressed sequences often derived from that byte”。
原文摘要依据：“Modern language models are trained almost exclusively on token sequences produced by a fixed tokenizer, an external lossless compressor often over UTF-8 byte sequences, thereby coupling the model to t”。
仅确认论文内原姓名署名；跨论文身份未确认。","身份待核验；按单篇保留，不跨论文合并同名者。待核验（未深查）；原姓名整体未达到重点阈值。
具体论文问题：P164-C
完整Scholar/DBLP论文列表及CCF/CORE目录未获取；当前公开材料可能漏项。",164
Xu Wang（论文 #165，身份待核验）,2026；论文#165；待核验,待核验,身份待核验,待核验,论文合作者（身份待核验）,待核验,待核验,待核验,扩散模型可解释性,未公开,"论文信息汇总.csv 序165：摘要、研究内容、创新点；内容仅据摘要/Introduction归纳。
仅取得可靠元数据或摘要；未取得可读全文。
https://arxiv.org/abs/2602.05859；访问2026-09-17；arXiv作者顺序和摘要。
原文摘要依据：“Sparse autoencoders (SAEs) have become a standard tool for mechanistic interpretability in autoregressive large language models (LLMs), enabling researchers to extract sparse, human-interpretable feat”。
仅确认论文内原姓名署名；跨论文身份未确认。","身份待核验；按单篇保留，不跨论文合并同名者。待核验（未深查）；原姓名整体未达到重点阈值。
具体论文问题：P165-C;P165-D;P165-A;P165-R
完整Scholar/DBLP论文列表及CCF/CORE目录未获取；当前公开材料可能漏项。",165
Bingqing Jiang（论文 #165，身份待核验）,2026；论文#165；待核验,待核验,身份待核验,待核验,论文合作者（身份待核验）,待核验,待核验,待核验,扩散模型可解释性,未公开,"论文信息汇总.csv 序165：摘要、研究内容、创新点；内容仅据摘要/Introduction归纳。
仅取得可靠元数据或摘要；未取得可读全文。
https://arxiv.org/abs/2602.05859；访问2026-09-17；arXiv作者顺序和摘要。
原文摘要依据：“Sparse autoencoders (SAEs) have become a standard tool for mechanistic interpretability in autoregressive large language models (LLMs), enabling researchers to extract sparse, human-interpretable feat”。
仅确认论文内原姓名署名；跨论文身份未确认。","身份待核验；按单篇保留，不跨论文合并同名者。待核验（未深查）；原姓名整体未达到重点阈值。
具体论文问题：P165-C;P165-D;P165-A;P165-R
完整Scholar/DBLP论文列表及CCF/CORE目录未获取；当前公开材料可能漏项。",165
Yu Wan（论文 #165，身份待核验）,2026；论文#165；待核验,待核验,身份待核验,待核验,论文合作者（身份待核验）,待核验,待核验,待核验,扩散模型可解释性,未公开,"论文信息汇总.csv 序165：摘要、研究内容、创新点；内容仅据摘要/Introduction归纳。
仅取得可靠元数据或摘要；未取得可读全文。
https://arxiv.org/abs/2602.05859；访问2026-09-17；arXiv作者顺序和摘要。
原文摘要依据：“Sparse autoencoders (SAEs) have become a standard tool for mechanistic interpretability in autoregressive large language models (LLMs), enabling researchers to extract sparse, human-interpretable feat”。
仅确认论文内原姓名署名；跨论文身份未确认。","身份待核验；按单篇保留，不跨论文合并同名者。待核验（未深查）；原姓名整体未达到重点阈值。
具体论文问题：P165-C;P165-D;P165-A;P165-R
完整Scholar/DBLP论文列表及CCF/CORE目录未获取；当前公开材料可能漏项。",165
Baosong Yang（论文 #165，身份待核验）,2026；论文#165；待核验,待核验,身份待核验,待核验,论文合作者（身份待核验）,待核验,待核验,待核验,扩散模型可解释性,未公开,"论文信息汇总.csv 序165：摘要、研究内容、创新点；内容仅据摘要/Introduction归纳。
仅取得可靠元数据或摘要；未取得可读全文。
https://arxiv.org/abs/2602.05859；访问2026-09-17；arXiv作者顺序和摘要。
原文摘要依据：“Sparse autoencoders (SAEs) have become a standard tool for mechanistic interpretability in autoregressive large language models (LLMs), enabling researchers to extract sparse, human-interpretable feat”。
仅确认论文内原姓名署名；跨论文身份未确认。","身份待核验；按单篇保留，不跨论文合并同名者。待核验（未深查）；原姓名整体未达到重点阈值。
具体论文问题：P165-C;P165-D;P165-A;P165-R
完整Scholar/DBLP论文列表及CCF/CORE目录未获取；当前公开材料可能漏项。",165
Difan Zou（论文 #165，身份待核验）,2026；论文#165；待核验,待核验,身份待核验,待核验,论文合作者（身份待核验）,待核验,待核验,待核验,扩散模型可解释性,未公开,"论文信息汇总.csv 序165：摘要、研究内容、创新点；内容仅据摘要/Introduction归纳。
仅取得可靠元数据或摘要；未取得可读全文。
https://arxiv.org/abs/2602.05859；访问2026-09-17；arXiv作者顺序和摘要。
原文摘要依据：“Sparse autoencoders (SAEs) have become a standard tool for mechanistic interpretability in autoregressive large language models (LLMs), enabling researchers to extract sparse, human-interpretable feat”。
仅确认论文内原姓名署名；跨论文身份未确认。","身份待核验；按单篇保留，不跨论文合并同名者。待核验（未深查）；原姓名整体未达到重点阈值。
具体论文问题：P165-C;P165-D;P165-A;P165-R
完整Scholar/DBLP论文列表及CCF/CORE目录未获取；当前公开材料可能漏项。",165
Dezhao Deng（论文 #166，身份待核验）,2026；论文#166；香港大学,待核验,身份待核验,待核验,论文合作者（身份待核验）,待核验,待核验,待核验,工具智能体与任务评测,未公开,"论文信息汇总.csv 序166：摘要、研究内容、创新点；内容仅据摘要/Introduction归纳。
PDF：港大/Kong, Lingpeng/论文/2026_ToolSelf_ Unifying Task Execution and Self-Reconfiguration via Tool-Driven Emergent Adaptation.pdf；第1页标题、作者单位与摘要；Introduction在已保存前3页内。
https://arxiv.org/abs/2602.07883；访问2026-09-17；arXiv作者顺序和摘要。
原文摘要依据：“LLM-powered agentic systems excel at complex long-horizon tasks, but remain constrained by static configurations fixed before execution. Such rigidity forces a trade-off between domain-specific perfor”。
仅确认论文内原姓名署名；跨论文身份未确认。","身份待核验；按单篇保留，不跨论文合并同名者。待核验（未深查）；原姓名整体未达到重点阈值。
具体论文问题：P166-C;P166-R
完整Scholar/DBLP论文列表及CCF/CORE目录未获取；当前公开材料可能漏项。",166
Junwen Lu（论文 #166，身份待核验）,2026；论文#166；香港大学,待核验,身份待核验,待核验,论文合作者（身份待核验）,待核验,待核验,待核验,工具智能体与任务评测,未公开,"论文信息汇总.csv 序166：摘要、研究内容、创新点；内容仅据摘要/Introduction归纳。
PDF：港大/Kong, Lingpeng/论文/2026_ToolSelf_ Unifying Task Execution and Self-Reconfiguration via Tool-Driven Emergent Adaptation.pdf；第1页标题、作者单位与摘要；Introduction在已保存前3页内。
https://arxiv.org/abs/2602.07883；访问2026-09-17；arXiv作者顺序和摘要。
原文摘要依据：“LLM-powered agentic systems excel at complex long-horizon tasks, but remain constrained by static configurations fixed before execution. Such rigidity forces a trade-off between domain-specific perfor”。
仅确认论文内原姓名署名；跨论文身份未确认。","身份待核验；按单篇保留，不跨论文合并同名者。待核验（未深查）；原姓名整体未达到重点阈值。
具体论文问题：P166-C;P166-R
完整Scholar/DBLP论文列表及CCF/CORE目录未获取；当前公开材料可能漏项。",166
Junwei Su（论文 #166，身份待核验）,2026；论文#166；香港大学,待核验,身份待核验,待核验,论文合作者（身份待核验）,待核验,待核验,待核验,工具智能体与任务评测,未公开,"论文信息汇总.csv 序166：摘要、研究内容、创新点；内容仅据摘要/Introduction归纳。
PDF：港大/Kong, Lingpeng/论文/2026_ToolSelf_ Unifying Task Execution and Self-Reconfiguration via Tool-Driven Emergent Adaptation.pdf；第1页标题、作者单位与摘要；Introduction在已保存前3页内。
https://arxiv.org/abs/2602.07883；访问2026-09-17；arXiv作者顺序和摘要。
原文摘要依据：“LLM-powered agentic systems excel at complex long-horizon tasks, but remain constrained by static configurations fixed before execution. Such rigidity forces a trade-off between domain-specific perfor”。
仅确认论文内原姓名署名；跨论文身份未确认。","身份待核验；按单篇保留，不跨论文合并同名者。达到重点候选筛选阈值；已查可定位来源，身份/历史履历仍未确认。
具体论文问题：P166-C;P166-R
完整Scholar/DBLP论文列表及CCF/CORE目录未获取；当前公开材料可能漏项。",166
Junwei Su（论文 #177，身份待核验）,2026；论文#177；中国科学技术大学,待核验,身份待核验,待核验,论文合作者（身份待核验）,待核验,待核验,待核验,模型评价与奖励学习,未公开,"论文信息汇总.csv 序177：摘要、研究内容、创新点；内容仅据摘要/Introduction归纳。
PDF：港大/Kong, Lingpeng/论文/2026_Structuring Semantic Embeddings for Principle Evaluation_ A Prototype-Guided Contrastive Learning Approach.pdf；第1页标题、作者单位与摘要；Introduction在已保存前3页内。
https://arxiv.org/abs/2608.15224；访问2026-09-17；arXiv作者顺序和摘要。
PDF发表标记：“Published in Transactions on Machine Learning Research (08/2026)”。
原文摘要依据：“Reliable post-hoc evaluation asks whether already generated text satisfies a target criterion after generation. In this paper we study a focused frozen-embedding setting using principle-evaluation pro”。
仅确认论文内原姓名署名；跨论文身份未确认。","身份待核验；按单篇保留，不跨论文合并同名者。达到重点候选筛选阈值；已查可定位来源，身份/历史履历仍未确认。
具体论文问题：P177-C;P177-V
完整Scholar/DBLP论文列表及CCF/CORE目录未获取；当前公开材料可能漏项。",177
Hao Wu（论文 #166，身份待核验）,2026；论文#166；香港大学,待核验,身份待核验,待核验,论文合作者（身份待核验）,待核验,待核验,待核验,工具智能体与任务评测,未公开,"论文信息汇总.csv 序166：摘要、研究内容、创新点；内容仅据摘要/Introduction归纳。
PDF：港大/Kong, Lingpeng/论文/2026_ToolSelf_ Unifying Task Execution and Self-Reconfiguration via Tool-Driven Emergent Adaptation.pdf；第1页标题、作者单位与摘要；Introduction在已保存前3页内。
https://arxiv.org/abs/2602.07883；访问2026-09-17；arXiv作者顺序和摘要。
原文摘要依据：“LLM-powered agentic systems excel at complex long-horizon tasks, but remain constrained by static configurations fixed before execution. Such rigidity forces a trade-off between domain-specific perfor”。
仅确认论文内原姓名署名；跨论文身份未确认。","身份待核验；按单篇保留，不跨论文合并同名者。待核验（未深查）；原姓名整体未达到重点阈值。
具体论文问题：P166-C;P166-R
完整Scholar/DBLP论文列表及CCF/CORE目录未获取；当前公开材料可能漏项。",166
Dunhong Jin（论文 #166，身份待核验）,2026；论文#166；香港大学,待核验,身份待核验,待核验,论文合作者（身份待核验）,待核验,待核验,待核验,工具智能体与任务评测,未公开,"论文信息汇总.csv 序166：摘要、研究内容、创新点；内容仅据摘要/Introduction归纳。
PDF：港大/Kong, Lingpeng/论文/2026_ToolSelf_ Unifying Task Execution and Self-Reconfiguration via Tool-Driven Emergent Adaptation.pdf；第1页标题、作者单位与摘要；Introduction在已保存前3页内。
https://arxiv.org/abs/2602.07883；访问2026-09-17；arXiv作者顺序和摘要。
原文摘要依据：“LLM-powered agentic systems excel at complex long-horizon tasks, but remain constrained by static configurations fixed before execution. Such rigidity forces a trade-off between domain-specific perfor”。
仅确认论文内原姓名署名；跨论文身份未确认。","身份待核验；按单篇保留，不跨论文合并同名者。待核验（未深查）；原姓名整体未达到重点阈值。
具体论文问题：P166-C;P166-R
完整Scholar/DBLP论文列表及CCF/CORE目录未获取；当前公开材料可能漏项。",166
Yaojie Zhang（论文 #167，身份待核验）,2026；论文#167；待核验,待核验,身份待核验,待核验,论文合作者（身份待核验）,待核验,待核验,待核验,音视频分割与描述,未公开,"论文信息汇总.csv 序167：摘要、研究内容、创新点；内容仅据摘要/Introduction归纳。
仅取得可靠元数据或摘要；未取得可读全文。
https://arxiv.org/abs/2602.08711；访问2026-09-17；arXiv作者顺序和摘要。
原文摘要依据：“This paper proposes Omni Dense Captioning, a novel task designed to generate continuous, fine-grained, and structured audio-visual narratives with explicit timestamps. To ensure dense semantic coverag”。
仅确认论文内原姓名署名；跨论文身份未确认。","身份待核验；按单篇保留，不跨论文合并同名者。待核验（未深查）；原姓名整体未达到重点阈值。
具体论文问题：P167-C;P167-D;P167-A;P167-R
完整Scholar/DBLP论文列表及CCF/CORE目录未获取；当前公开材料可能漏项。",167
Xinlong Chen（论文 #167，身份待核验）,2026；论文#167；待核验,待核验,身份待核验,待核验,论文合作者（身份待核验）,待核验,待核验,待核验,音视频分割与描述,未公开,"论文信息汇总.csv 序167：摘要、研究内容、创新点；内容仅据摘要/Introduction归纳。
仅取得可靠元数据或摘要；未取得可读全文。
https://arxiv.org/abs/2602.08711；访问2026-09-17；arXiv作者顺序和摘要。
原文摘要依据：“This paper proposes Omni Dense Captioning, a novel task designed to generate continuous, fine-grained, and structured audio-visual narratives with explicit timestamps. To ensure dense semantic coverag”。
仅确认论文内原姓名署名；跨论文身份未确认。","身份待核验；按单篇保留，不跨论文合并同名者。待核验（未深查）；原姓名整体未达到重点阈值。
具体论文问题：P167-C;P167-D;P167-A;P167-R
完整Scholar/DBLP论文列表及CCF/CORE目录未获取；当前公开材料可能漏项。",167
Feifan Song（论文 #167，身份待核验）,2026；论文#167；待核验,待核验,身份待核验,待核验,论文合作者（身份待核验）,待核验,待核验,待核验,音视频分割与描述,未公开,"论文信息汇总.csv 序167：摘要、研究内容、创新点；内容仅据摘要/Introduction归纳。
仅取得可靠元数据或摘要；未取得可读全文。
https://arxiv.org/abs/2602.08711；访问2026-09-17；arXiv作者顺序和摘要。
原文摘要依据：“This paper proposes Omni Dense Captioning, a novel task designed to generate continuous, fine-grained, and structured audio-visual narratives with explicit timestamps. To ensure dense semantic coverag”。
仅确认论文内原姓名署名；跨论文身份未确认。","身份待核验；按单篇保留，不跨论文合并同名者。待核验（未深查）；原姓名整体未达到重点阈值。
具体论文问题：P167-C;P167-D;P167-A;P167-R
完整Scholar/DBLP论文列表及CCF/CORE目录未获取；当前公开材料可能漏项。",167
Ziyue Wang（论文 #167，身份待核验）,2026；论文#167；待核验,待核验,身份待核验,待核验,论文合作者（身份待核验）,待核验,待核验,待核验,音视频分割与描述,未公开,"论文信息汇总.csv 序167：摘要、研究内容、创新点；内容仅据摘要/Introduction归纳。
仅取得可靠元数据或摘要；未取得可读全文。
https://arxiv.org/abs/2602.08711；访问2026-09-17；arXiv作者顺序和摘要。
原文摘要依据：“This paper proposes Omni Dense Captioning, a novel task designed to generate continuous, fine-grained, and structured audio-visual narratives with explicit timestamps. To ensure dense semantic coverag”。
仅确认论文内原姓名署名；跨论文身份未确认。","身份待核验；按单篇保留，不跨论文合并同名者。待核验（未深查）；原姓名整体未达到重点阈值。
具体论文问题：P167-C;P167-D;P167-A;P167-R
完整Scholar/DBLP论文列表及CCF/CORE目录未获取；当前公开材料可能漏项。",167
Pengfei Wan（论文 #167，身份待核验）,2026；论文#167；待核验,待核验,身份待核验,待核验,论文合作者（身份待核验）,待核验,待核验,待核验,音视频分割与描述,未公开,"论文信息汇总.csv 序167：摘要、研究内容、创新点；内容仅据摘要/Introduction归纳。
仅取得可靠元数据或摘要；未取得可读全文。
https://arxiv.org/abs/2602.08711；访问2026-09-17；arXiv作者顺序和摘要。
原文摘要依据：“This paper proposes Omni Dense Captioning, a novel task designed to generate continuous, fine-grained, and structured audio-visual narratives with explicit timestamps. To ensure dense semantic coverag”。
仅确认论文内原姓名署名；跨论文身份未确认。","身份待核验；按单篇保留，不跨论文合并同名者。待核验（未深查）；原姓名整体未达到重点阈值。
具体论文问题：P167-C;P167-D;P167-A;P167-R
完整Scholar/DBLP论文列表及CCF/CORE目录未获取；当前公开材料可能漏项。",167
Kun Gai（论文 #167，身份待核验）,2026；论文#167；待核验,待核验,身份待核验,待核验,论文合作者（身份待核验）,待核验,待核验,待核验,音视频分割与描述,未公开,"论文信息汇总.csv 序167：摘要、研究内容、创新点；内容仅据摘要/Introduction归纳。
仅取得可靠元数据或摘要；未取得可读全文。
https://arxiv.org/abs/2602.08711；访问2026-09-17；arXiv作者顺序和摘要。
原文摘要依据：“This paper proposes Omni Dense Captioning, a novel task designed to generate continuous, fine-grained, and structured audio-visual narratives with explicit timestamps. To ensure dense semantic coverag”。
仅确认论文内原姓名署名；跨论文身份未确认。","身份待核验；按单篇保留，不跨论文合并同名者。待核验（未深查）；原姓名整体未达到重点阈值。
具体论文问题：P167-C;P167-D;P167-A;P167-R
完整Scholar/DBLP论文列表及CCF/CORE目录未获取；当前公开材料可能漏项。",167
Bowen Ye（论文 #168，身份待核验）,2026；论文#168；北京大学,待核验,身份待核验,待核验,论文合作者（身份待核验）,待核验,待核验,待核验,工具智能体与任务评测,未公开,"论文信息汇总.csv 序168：摘要、研究内容、创新点；内容仅据摘要/Introduction归纳。
PDF：港大/Kong, Lingpeng/论文/2026_Claw-Eval_ Towards Trustworthy Evaluation of Autonomous Agents.pdf；第1页标题、作者单位与摘要；Introduction在已保存前3页内。
https://arxiv.org/abs/2604.06132；访问2026-09-17；arXiv作者顺序和摘要。
原文摘要依据：“Large language models are increasingly deployed as autonomous agents for multi-step workflows in real-world software environments. However, existing agent benchmarks are limited by trajectory-opaque g”。
仅确认论文内原姓名署名；跨论文身份未确认。","身份待核验；按单篇保留，不跨论文合并同名者。达到重点候选筛选阈值；已查可定位来源，身份/历史履历仍未确认。
具体论文问题：P168-C;P168-R
完整Scholar/DBLP论文列表及CCF/CORE目录未获取；当前公开材料可能漏项。",168
Bowen Ye（论文 #178，身份待核验）,2026；论文#178；待核验,待核验,身份待核验,待核验,论文合作者（身份待核验）,待核验,待核验,待核验,工具智能体与任务评测,未公开,"论文信息汇总.csv 序178：摘要、研究内容、创新点；内容仅据摘要/Introduction归纳。
仅取得可靠元数据或摘要；未取得可读全文。
https://arxiv.org/abs/2608.28378；访问2026-09-17；arXiv作者顺序和摘要。
原文摘要依据：“Large language models are increasingly used as agentic workflow executors, yet existing training data and benchmarks largely assume informationally complete, single-turn queries. Our analysis of 16K r”。
仅确认论文内原姓名署名；跨论文身份未确认。","身份待核验；按单篇保留，不跨论文合并同名者。达到重点候选筛选阈值；已查可定位来源，身份/历史履历仍未确认。
具体论文问题：P178-C;P178-D;P178-A;P178-R
完整Scholar/DBLP论文列表及CCF/CORE目录未获取；当前公开材料可能漏项。",178
Rang Li（论文 #168，身份待核验）,2026；论文#168；北京大学,待核验,身份待核验,待核验,论文合作者（身份待核验）,待核验,待核验,待核验,工具智能体与任务评测,未公开,"论文信息汇总.csv 序168：摘要、研究内容、创新点；内容仅据摘要/Introduction归纳。
PDF：港大/Kong, Lingpeng/论文/2026_Claw-Eval_ Towards Trustworthy Evaluation of Autonomous Agents.pdf；第1页标题、作者单位与摘要；Introduction在已保存前3页内。
https://arxiv.org/abs/2604.06132；访问2026-09-17；arXiv作者顺序和摘要。
原文摘要依据：“Large language models are increasingly deployed as autonomous agents for multi-step workflows in real-world software environments. However, existing agent benchmarks are limited by trajectory-opaque g”。
仅确认论文内原姓名署名；跨论文身份未确认。","身份待核验；按单篇保留，不跨论文合并同名者。待核验（未深查）；原姓名整体未达到重点阈值。
具体论文问题：P168-C;P168-R
完整Scholar/DBLP论文列表及CCF/CORE目录未获取；当前公开材料可能漏项。",168
Qibin Yang（论文 #168，身份待核验）,2026；论文#168；北京大学,待核验,身份待核验,待核验,论文合作者（身份待核验）,待核验,待核验,待核验,工具智能体与任务评测,未公开,"论文信息汇总.csv 序168：摘要、研究内容、创新点；内容仅据摘要/Introduction归纳。
PDF：港大/Kong, Lingpeng/论文/2026_Claw-Eval_ Towards Trustworthy Evaluation of Autonomous Agents.pdf；第1页标题、作者单位与摘要；Introduction在已保存前3页内。
https://arxiv.org/abs/2604.06132；访问2026-09-17；arXiv作者顺序和摘要。
原文摘要依据：“Large language models are increasingly deployed as autonomous agents for multi-step workflows in real-world software environments. However, existing agent benchmarks are limited by trajectory-opaque g”。
仅确认论文内原姓名署名；跨论文身份未确认。","身份待核验；按单篇保留，不跨论文合并同名者。待核验（未深查）；原姓名整体未达到重点阈值。
具体论文问题：P168-C;P168-R
完整Scholar/DBLP论文列表及CCF/CORE目录未获取；当前公开材料可能漏项。",168
Hanglong Lv（论文 #168，身份待核验）,2026；论文#168；北京大学,待核验,身份待核验,待核验,论文合作者（身份待核验）,待核验,待核验,待核验,工具智能体与任务评测,未公开,"论文信息汇总.csv 序168：摘要、研究内容、创新点；内容仅据摘要/Introduction归纳。
PDF：港大/Kong, Lingpeng/论文/2026_Claw-Eval_ Towards Trustworthy Evaluation of Autonomous Agents.pdf；第1页标题、作者单位与摘要；Introduction在已保存前3页内。
https://arxiv.org/abs/2604.06132；访问2026-09-17；arXiv作者顺序和摘要。
原文摘要依据：“Large language models are increasingly deployed as autonomous agents for multi-step workflows in real-world software environments. However, existing agent benchmarks are limited by trajectory-opaque g”。
仅确认论文内原姓名署名；跨论文身份未确认。","身份待核验；按单篇保留，不跨论文合并同名者。达到重点候选筛选阈值；已查可定位来源，身份/历史履历仍未确认。
具体论文问题：P168-C;P168-R
完整Scholar/DBLP论文列表及CCF/CORE目录未获取；当前公开材料可能漏项。",168
Hanglong Lv（论文 #178，身份待核验）,2026；论文#178；待核验,待核验,身份待核验,待核验,论文合作者（身份待核验）,待核验,待核验,待核验,工具智能体与任务评测,未公开,"论文信息汇总.csv 序178：摘要、研究内容、创新点；内容仅据摘要/Introduction归纳。
仅取得可靠元数据或摘要；未取得可读全文。
https://arxiv.org/abs/2608.28378；访问2026-09-17；arXiv作者顺序和摘要。
原文摘要依据：“Large language models are increasingly used as agentic workflow executors, yet existing training data and benchmarks largely assume informationally complete, single-turn queries. Our analysis of 16K r”。
仅确认论文内原姓名署名；跨论文身份未确认。","身份待核验；按单篇保留，不跨论文合并同名者。达到重点候选筛选阈值；已查可定位来源，身份/历史履历仍未确认。
具体论文问题：P178-C;P178-D;P178-A;P178-R
完整Scholar/DBLP论文列表及CCF/CORE目录未获取；当前公开材料可能漏项。",178
Hanglong Lv（论文 #179，身份待核验）,2026；论文#179；待核验,待核验,身份待核验,待核验,论文合作者（身份待核验）,待核验,待核验,待核验,高效注意力与序列架构,未公开,"论文信息汇总.csv 序179：摘要、研究内容、创新点；内容仅据摘要/Introduction归纳。
仅取得可靠元数据或摘要；未取得可读全文。
https://arxiv.org/abs/2608.28383；访问2026-09-17；arXiv作者顺序和摘要。
原文摘要依据：“Hybrid attention dominates frontier LLMs, yet Vision Transformers (ViTs) in multimodal LLMs lack a satisfactory hybrid design, with no consensus on why certain attention patterns work better. To fill ”。
仅确认论文内原姓名署名；跨论文身份未确认。","身份待核验；按单篇保留，不跨论文合并同名者。达到重点候选筛选阈值；已查可定位来源，身份/历史履历仍未确认。
具体论文问题：P179-C;P179-D;P179-A;P179-R
完整Scholar/DBLP论文列表及CCF/CORE目录未获取；当前公开材料可能漏项。",179
Tong Yang（论文 #168，身份待核验）,2026；论文#168；北京大学,待核验,身份待核验,待核验,论文合作者（身份待核验）,待核验,待核验,待核验,工具智能体与任务评测,未公开,"论文信息汇总.csv 序168：摘要、研究内容、创新点；内容仅据摘要/Introduction归纳。
PDF：港大/Kong, Lingpeng/论文/2026_Claw-Eval_ Towards Trustworthy Evaluation of Autonomous Agents.pdf；第1页标题、作者单位与摘要；Introduction在已保存前3页内。
https://arxiv.org/abs/2604.06132；访问2026-09-17；arXiv作者顺序和摘要。
原文摘要依据：“Large language models are increasingly deployed as autonomous agents for multi-step workflows in real-world software environments. However, existing agent benchmarks are limited by trajectory-opaque g”。
仅确认论文内原姓名署名；跨论文身份未确认。","身份待核验；按单篇保留，不跨论文合并同名者。达到重点候选筛选阈值；已查可定位来源，身份/历史履历仍未确认。
具体论文问题：P168-C;P168-R
完整Scholar/DBLP论文列表及CCF/CORE目录未获取；当前公开材料可能漏项。",168
Tong Yang（论文 #178，身份待核验）,2026；论文#178；待核验,待核验,身份待核验,待核验,论文合作者（身份待核验）,待核验,待核验,待核验,工具智能体与任务评测,未公开,"论文信息汇总.csv 序178：摘要、研究内容、创新点；内容仅据摘要/Introduction归纳。
仅取得可靠元数据或摘要；未取得可读全文。
https://arxiv.org/abs/2608.28378；访问2026-09-17；arXiv作者顺序和摘要。
原文摘要依据：“Large language models are increasingly used as agentic workflow executors, yet existing training data and benchmarks largely assume informationally complete, single-turn queries. Our analysis of 16K r”。
仅确认论文内原姓名署名；跨论文身份未确认。","身份待核验；按单篇保留，不跨论文合并同名者。达到重点候选筛选阈值；已查可定位来源，身份/历史履历仍未确认。
具体论文问题：P178-C;P178-D;P178-A;P178-R
完整Scholar/DBLP论文列表及CCF/CORE目录未获取；当前公开材料可能漏项。",178
Tong Yang（论文 #179，身份待核验）,2026；论文#179；待核验,待核验,身份待核验,待核验,论文合作者（身份待核验）,待核验,待核验,待核验,高效注意力与序列架构,未公开,"论文信息汇总.csv 序179：摘要、研究内容、创新点；内容仅据摘要/Introduction归纳。
仅取得可靠元数据或摘要；未取得可读全文。
https://arxiv.org/abs/2608.28383；访问2026-09-17；arXiv作者顺序和摘要。
原文摘要依据：“Hybrid attention dominates frontier LLMs, yet Vision Transformers (ViTs) in multimodal LLMs lack a satisfactory hybrid design, with no consensus on why certain attention patterns work better. To fill ”。
仅确认论文内原姓名署名；跨论文身份未确认。","身份待核验；按单篇保留，不跨论文合并同名者。达到重点候选筛选阈值；已查可定位来源，身份/历史履历仍未确认。
具体论文问题：P179-C;P179-D;P179-A;P179-R
完整Scholar/DBLP论文列表及CCF/CORE目录未获取；当前公开材料可能漏项。",179
Chonghan Qin（论文 #169，身份待核验）,2026；论文#169；香港大学,待核验,身份待核验,待核验,论文合作者（身份待核验）,待核验,待核验,待核验,语言建模与记忆,未公开,"论文信息汇总.csv 序169：摘要、研究内容、创新点；内容仅据摘要/Introduction归纳。
PDF：港大/Kong, Lingpeng/论文/2026_ImplicitMemBench_ Measuring Unconscious Behavioral Adaptation in Large Language Models.pdf；第1页标题、作者单位与摘要；Introduction在已保存前3页内。
https://aclanthology.org/2026.acl-long.1301/；访问2026-09-17；ACL作者顺序、发表信息与摘要。
PDF发表标记：“Proceedings of the 64th Annual Meeting of the Association for Computational Linguistics (Volume 1: Long Papers), pages 28232–28261”。
原文摘要依据：“Existing memory benchmarks for LLM agents evaluate explicit recall of facts, yet overlook implicit memory where experience becomes automated behavior without conscious retrieval. This gap is critical:”。
仅确认论文内原姓名署名；跨论文身份未确认。https://aclanthology.org/people/chonghan-qin/","身份待核验；按单篇保留，不跨论文合并同名者。达到重点候选筛选阈值；已查可定位来源，身份/历史履历仍未确认。
具体论文问题：P169-C
完整Scholar/DBLP论文列表及CCF/CORE目录未获取；当前公开材料可能漏项。",169
Chonghan Qin（论文 #171，身份待核验）,2026；论文#171；香港大学,待核验,身份待核验,待核验,论文合作者（身份待核验）,待核验,待核验,待核验,社会智能与角色控制,未公开,"论文信息汇总.csv 序171：摘要、研究内容、创新点；内容仅据摘要/Introduction归纳。
PDF：港大/Kong, Lingpeng/论文/2026_SAVOIR_ Learning Social Savoir-Faire via Shapley-based Reward Attribution.pdf；第1页标题、作者单位与摘要；Introduction在已保存前3页内。
https://aclanthology.org/2026.findings-acl.699/；访问2026-09-17；ACL作者顺序、发表信息与摘要。
原文摘要依据：“Social intelligence, the ability to navigate complex interpersonal interactions, presents a fundamental challenge for language agents. Training such agents via reinforcement learning requires solving ”。
仅确认论文内原姓名署名；跨论文身份未确认。https://aclanthology.org/people/chonghan-qin/","身份待核验；按单篇保留，不跨论文合并同名者。达到重点候选筛选阈值；已查可定位来源，身份/历史履历仍未确认。
具体论文问题：P171-C
完整Scholar/DBLP论文列表及CCF/CORE目录未获取；当前公开材料可能漏项。",171
Chonghan Qin（论文 #172，身份待核验）,2026；论文#172；香港大学,待核验,身份待核验,待核验,论文合作者（身份待核验）,待核验,待核验,待核验,社会智能与角色控制,未公开,"论文信息汇总.csv 序172：摘要、研究内容、创新点；内容仅据摘要/Introduction归纳。
PDF：港大/Kong, Lingpeng/论文/2026_The Granularity Axis_ A Micro-to-Macro Latent Direction for Social Roles in Language Models.pdf；第1页标题、作者单位与摘要；Introduction在已保存前3页内。
https://arxiv.org/abs/2605.06196；访问2026-09-17；arXiv作者顺序和摘要。
原文摘要依据：“Large language models (LLMs) are routinely prompted to take on social roles ranging from individuals to institutions, yet it remains unclear whether their internal representations encode the granulari”。
仅确认论文内原姓名署名；跨论文身份未确认。https://aclanthology.org/people/chonghan-qin/","身份待核验；按单篇保留，不跨论文合并同名者。达到重点候选筛选阈值；已查可定位来源，身份/历史履历仍未确认。
具体论文问题：P172-C
完整Scholar/DBLP论文列表及CCF/CORE目录未获取；当前公开材料可能漏项。",172
Deyi Yin（论文 #170，身份待核验）,2026；论文#170；哈尔滨工业大学,待核验,身份待核验,待核验,论文合作者（身份待核验）,待核验,待核验,待核验,推理与决策规划,未公开,"论文信息汇总.csv 序170：摘要、研究内容、创新点；内容仅据摘要/Introduction归纳。
PDF：港大/Kong, Lingpeng/论文/2026_Stratagem_ Learning Transferable Reasoning via Trajectory-Modulated Game Self-Play.pdf；第1页标题、作者单位与摘要；Introduction在已保存前3页内。
https://aclanthology.org/2026.acl-long.897/；访问2026-09-17；ACL作者顺序、发表信息与摘要。
PDF发表标记：“Proceedings of the 64th Annual Meeting of the Association for Computational Linguistics (Volume 1: Long Papers), pages 19595–19614”。
原文摘要依据：“Games offer a compelling paradigm for developing general reasoning capabilities in language models, as they naturally demand strategic planning, probabilistic inference, and adaptive decision-making. ”。
仅确认论文内原姓名署名；跨论文身份未确认。https://aclanthology.org/people/deyi-yin/","身份待核验；按单篇保留，不跨论文合并同名者。达到重点候选筛选阈值；已查可定位来源，身份/历史履历仍未确认。
具体论文问题：P170-C
完整Scholar/DBLP论文列表及CCF/CORE目录未获取；当前公开材料可能漏项。",170
Deyi Yin（论文 #171，身份待核验）,2026；论文#171；哈尔滨工业大学,待核验,身份待核验,待核验,论文合作者（身份待核验）,待核验,待核验,待核验,社会智能与角色控制,未公开,"论文信息汇总.csv 序171：摘要、研究内容、创新点；内容仅据摘要/Introduction归纳。
PDF：港大/Kong, Lingpeng/论文/2026_SAVOIR_ Learning Social Savoir-Faire via Shapley-based Reward Attribution.pdf；第1页标题、作者单位与摘要；Introduction在已保存前3页内。
https://aclanthology.org/2026.findings-acl.699/；访问2026-09-17；ACL作者顺序、发表信息与摘要。
原文摘要依据：“Social intelligence, the ability to navigate complex interpersonal interactions, presents a fundamental challenge for language agents. Training such agents via reinforcement learning requires solving ”。
仅确认论文内原姓名署名；跨论文身份未确认。https://aclanthology.org/people/deyi-yin/","身份待核验；按单篇保留，不跨论文合并同名者。达到重点候选筛选阈值；已查可定位来源，身份/历史履历仍未确认。
具体论文问题：P171-C
完整Scholar/DBLP论文列表及CCF/CORE目录未获取；当前公开材料可能漏项。",171
Yi Jiang（论文 #170，身份待核验）,2026；论文#170；哈尔滨工业大学,待核验,身份待核验,待核验,论文合作者（身份待核验）,待核验,待核验,待核验,推理与决策规划,未公开,"论文信息汇总.csv 序170：摘要、研究内容、创新点；内容仅据摘要/Introduction归纳。
PDF：港大/Kong, Lingpeng/论文/2026_Stratagem_ Learning Transferable Reasoning via Trajectory-Modulated Game Self-Play.pdf；第1页标题、作者单位与摘要；Introduction在已保存前3页内。
https://aclanthology.org/2026.acl-long.897/；访问2026-09-17；ACL作者顺序、发表信息与摘要。
PDF发表标记：“Proceedings of the 64th Annual Meeting of the Association for Computational Linguistics (Volume 1: Long Papers), pages 19595–19614”。
原文摘要依据：“Games offer a compelling paradigm for developing general reasoning capabilities in language models, as they naturally demand strategic planning, probabilistic inference, and adaptive decision-making. ”。
仅确认论文内原姓名署名；跨论文身份未确认。https://aclanthology.org/people/yi-jiang-2393/","身份待核验；按单篇保留，不跨论文合并同名者。达到重点候选筛选阈值；已查可定位来源，身份/历史履历仍未确认。
具体论文问题：P170-C
完整Scholar/DBLP论文列表及CCF/CORE目录未获取；当前公开材料可能漏项。",170
Yi Jiang（论文 #171，身份待核验）,2026；论文#171；哈尔滨工业大学,待核验,身份待核验,待核验,论文合作者（身份待核验）,待核验,待核验,待核验,社会智能与角色控制,未公开,"论文信息汇总.csv 序171：摘要、研究内容、创新点；内容仅据摘要/Introduction归纳。
PDF：港大/Kong, Lingpeng/论文/2026_SAVOIR_ Learning Social Savoir-Faire via Shapley-based Reward Attribution.pdf；第1页标题、作者单位与摘要；Introduction在已保存前3页内。
https://aclanthology.org/2026.findings-acl.699/；访问2026-09-17；ACL作者顺序、发表信息与摘要。
原文摘要依据：“Social intelligence, the ability to navigate complex interpersonal interactions, presents a fundamental challenge for language agents. Training such agents via reinforcement learning requires solving ”。
仅确认论文内原姓名署名；跨论文身份未确认。https://aclanthology.org/people/yi-jiang-2393/","身份待核验；按单篇保留，不跨论文合并同名者。达到重点候选筛选阈值；已查可定位来源，身份/历史履历仍未确认。
具体论文问题：P171-C
完整Scholar/DBLP论文列表及CCF/CORE目录未获取；当前公开材料可能漏项。",171
Libo Qin（论文 #170，身份待核验）,2026；论文#170；哈尔滨工业大学（深圳）,待核验,身份待核验,待核验,论文合作者（身份待核验）,待核验,待核验,待核验,推理与决策规划,未公开,"论文信息汇总.csv 序170：摘要、研究内容、创新点；内容仅据摘要/Introduction归纳。
PDF：港大/Kong, Lingpeng/论文/2026_Stratagem_ Learning Transferable Reasoning via Trajectory-Modulated Game Self-Play.pdf；第1页标题、作者单位与摘要；Introduction在已保存前3页内。
https://aclanthology.org/2026.acl-long.897/；访问2026-09-17；ACL作者顺序、发表信息与摘要。
PDF发表标记：“Proceedings of the 64th Annual Meeting of the Association for Computational Linguistics (Volume 1: Long Papers), pages 19595–19614”。
原文摘要依据：“Games offer a compelling paradigm for developing general reasoning capabilities in language models, as they naturally demand strategic planning, probabilistic inference, and adaptive decision-making. ”。
仅确认论文内原姓名署名；跨论文身份未确认。https://aclanthology.org/people/libo-qin/","身份待核验；按单篇保留，不跨论文合并同名者。达到重点候选筛选阈值；已查可定位来源，身份/历史履历仍未确认。
具体论文问题：P170-C
完整Scholar/DBLP论文列表及CCF/CORE目录未获取；当前公开材料可能漏项。",170
Libo Qin（论文 #171，身份待核验）,2026；论文#171；哈尔滨工业大学（深圳）,待核验,身份待核验,待核验,论文合作者（身份待核验）,待核验,待核验,待核验,社会智能与角色控制,未公开,"论文信息汇总.csv 序171：摘要、研究内容、创新点；内容仅据摘要/Introduction归纳。
PDF：港大/Kong, Lingpeng/论文/2026_SAVOIR_ Learning Social Savoir-Faire via Shapley-based Reward Attribution.pdf；第1页标题、作者单位与摘要；Introduction在已保存前3页内。
https://aclanthology.org/2026.findings-acl.699/；访问2026-09-17；ACL作者顺序、发表信息与摘要。
原文摘要依据：“Social intelligence, the ability to navigate complex interpersonal interactions, presents a fundamental challenge for language agents. Training such agents via reinforcement learning requires solving ”。
仅确认论文内原姓名署名；跨论文身份未确认。https://aclanthology.org/people/libo-qin/","身份待核验；按单篇保留，不跨论文合并同名者。达到重点候选筛选阈值；已查可定位来源，身份/历史履历仍未确认。
具体论文问题：P171-C
完整Scholar/DBLP论文列表及CCF/CORE目录未获取；当前公开材料可能漏项。",171
Qiming Li（论文 #170，身份待核验）,2026；论文#170；哈尔滨工业大学,待核验,身份待核验,待核验,论文合作者（身份待核验）,待核验,待核验,待核验,推理与决策规划,未公开,"论文信息汇总.csv 序170：摘要、研究内容、创新点；内容仅据摘要/Introduction归纳。
PDF：港大/Kong, Lingpeng/论文/2026_Stratagem_ Learning Transferable Reasoning via Trajectory-Modulated Game Self-Play.pdf；第1页标题、作者单位与摘要；Introduction在已保存前3页内。
https://aclanthology.org/2026.acl-long.897/；访问2026-09-17；ACL作者顺序、发表信息与摘要。
PDF发表标记：“Proceedings of the 64th Annual Meeting of the Association for Computational Linguistics (Volume 1: Long Papers), pages 19595–19614”。
原文摘要依据：“Games offer a compelling paradigm for developing general reasoning capabilities in language models, as they naturally demand strategic planning, probabilistic inference, and adaptive decision-making. ”。
仅确认论文内原姓名署名；跨论文身份未确认。","身份待核验；按单篇保留，不跨论文合并同名者。待核验（未深查）；原姓名整体未达到重点阈值。
具体论文问题：P170-C
完整Scholar/DBLP论文列表及CCF/CORE目录未获取；当前公开材料可能漏项。",170
Ziyun Song（论文 #172，身份待核验）,2026；论文#172；哈尔滨工业大学,待核验,身份待核验,待核验,论文合作者（身份待核验）,待核验,待核验,待核验,社会智能与角色控制,未公开,"论文信息汇总.csv 序172：摘要、研究内容、创新点；内容仅据摘要/Introduction归纳。
PDF：港大/Kong, Lingpeng/论文/2026_The Granularity Axis_ A Micro-to-Macro Latent Direction for Social Roles in Language Models.pdf；第1页标题、作者单位与摘要；Introduction在已保存前3页内。
https://arxiv.org/abs/2605.06196；访问2026-09-17；arXiv作者顺序和摘要。
原文摘要依据：“Large language models (LLMs) are routinely prompted to take on social roles ranging from individuals to institutions, yet it remains unclear whether their internal representations encode the granulari”。
仅确认论文内原姓名署名；跨论文身份未确认。","身份待核验；按单篇保留，不跨论文合并同名者。待核验（未深查）；原姓名整体未达到重点阈值。
具体论文问题：P172-C
完整Scholar/DBLP论文列表及CCF/CORE目录未获取；当前公开材料可能漏项。",172
Yibing Liu（论文 #173，身份待核验）,2026；论文#173；香港城市大学,待核验,身份待核验,待核验,论文合作者（身份待核验）,待核验,待核验,待核验,扩散文本生成,未公开,"论文信息汇总.csv 序173：摘要、研究内容、创新点；内容仅据摘要/Introduction归纳。
PDF：港大/Kong, Lingpeng/论文/2026_Self-Distilled Trajectory-Aware Boltzmann Modeling_ Bridging the Training-Inference Discrepancy in Diffusion Language Models.pdf；第1页标题、作者单位与摘要；Introduction在已保存前3页内。
https://arxiv.org/abs/2605.11854；访问2026-09-17；arXiv作者顺序和摘要。
原文摘要依据：“Diffusion Language Models (DLMs) have recently emerged as a promising alternative to autoregressive language models, offering stronger global awareness and highly parallel generation. However, post-tr”。
仅确认论文内原姓名署名；跨论文身份未确认。","身份待核验；按单篇保留，不跨论文合并同名者。待核验（未深查）；原姓名整体未达到重点阈值。
具体论文问题：P173-C
完整Scholar/DBLP论文列表及CCF/CORE目录未获取；当前公开材料可能漏项。",173
Shi Wu（论文 #173，身份待核验）,2026；论文#173；华为研究,待核验,身份待核验,待核验,论文合作者（身份待核验）,待核验,待核验,待核验,扩散文本生成,未公开,"论文信息汇总.csv 序173：摘要、研究内容、创新点；内容仅据摘要/Introduction归纳。
PDF：港大/Kong, Lingpeng/论文/2026_Self-Distilled Trajectory-Aware Boltzmann Modeling_ Bridging the Training-Inference Discrepancy in Diffusion Language Models.pdf；第1页标题、作者单位与摘要；Introduction在已保存前3页内。
https://arxiv.org/abs/2605.11854；访问2026-09-17；arXiv作者顺序和摘要。
原文摘要依据：“Diffusion Language Models (DLMs) have recently emerged as a promising alternative to autoregressive language models, offering stronger global awareness and highly parallel generation. However, post-tr”。
仅确认论文内原姓名署名；跨论文身份未确认。","身份待核验；按单篇保留，不跨论文合并同名者。待核验（未深查）；原姓名整体未达到重点阈值。
具体论文问题：P173-C
完整Scholar/DBLP论文列表及CCF/CORE目录未获取；当前公开材料可能漏项。",173
Yuzhi Zhao（论文 #175，身份待核验）,2026；论文#175；华中科技大学,待核验,身份待核验,待核验,论文合作者（身份待核验）,待核验,待核验,待核验,推理部署与参数效率,未公开,"论文信息汇总.csv 序175：摘要、研究内容、创新点；内容仅据摘要/Introduction归纳。
PDF：港大/Kong, Lingpeng/论文/2026_SoftSkill_ Behavioral Compression for Contextual Adaptation.pdf；第1页标题、作者单位与摘要；Introduction在已保存前3页内。
https://arxiv.org/abs/2606.20333；访问2026-09-17；arXiv作者顺序和摘要。
原文摘要依据：“Agent skills are commonly deployed as natural-language Markdown files that encode answer policies, evidence-use habits, and task procedures. These files are readable and portable, but they are consume”。
仅确认论文内原姓名署名；跨论文身份未确认。","身份待核验；按单篇保留，不跨论文合并同名者。待核验（未深查）；原姓名整体未达到重点阈值。
具体论文问题：P175-C
完整Scholar/DBLP论文列表及CCF/CORE目录未获取；当前公开材料可能漏项。",175
Yian Wang（论文 #176，身份待核验）,2026；论文#176；待核验,待核验,身份待核验,待核验,论文合作者（身份待核验）,待核验,待核验,待核验,工具智能体与任务评测,未公开,"论文信息汇总.csv 序176：摘要、研究内容、创新点；内容仅据摘要/Introduction归纳。
仅取得可靠元数据或摘要；未取得可读全文。
https://arxiv.org/abs/2607.28609；访问2026-09-17；arXiv作者顺序和摘要。
原文摘要依据：“Computer-using agents (CUAs) are advancing rapidly across the digital world. A CUA trajectory records the agent's actions, states, and reasoning. Verifying whether it fulfilled the task instruction is”。
仅确认论文内原姓名署名；跨论文身份未确认。","身份待核验；按单篇保留，不跨论文合并同名者。待核验（未深查）；原姓名整体未达到重点阈值。
具体论文问题：P176-C;P176-D;P176-A;P176-R
完整Scholar/DBLP论文列表及CCF/CORE目录未获取；当前公开材料可能漏项。",176
Bowen Yang（论文 #176，身份待核验）,2026；论文#176；待核验,待核验,身份待核验,待核验,论文合作者（身份待核验）,待核验,待核验,待核验,工具智能体与任务评测,未公开,"论文信息汇总.csv 序176：摘要、研究内容、创新点；内容仅据摘要/Introduction归纳。
仅取得可靠元数据或摘要；未取得可读全文。
https://arxiv.org/abs/2607.28609；访问2026-09-17；arXiv作者顺序和摘要。
原文摘要依据：“Computer-using agents (CUAs) are advancing rapidly across the digital world. A CUA trajectory records the agent's actions, states, and reasoning. Verifying whether it fulfilled the task instruction is”。
仅确认论文内原姓名署名；跨论文身份未确认。","身份待核验；按单篇保留，不跨论文合并同名者。待核验（未深查）；原姓名整体未达到重点阈值。
具体论文问题：P176-C;P176-D;P176-A;P176-R
完整Scholar/DBLP论文列表及CCF/CORE目录未获取；当前公开材料可能漏项。",176
Hang Yan（论文 #176，身份待核验）,2026；论文#176；待核验,待核验,身份待核验,待核验,论文合作者（身份待核验）,待核验,待核验,待核验,工具智能体与任务评测,未公开,"论文信息汇总.csv 序176：摘要、研究内容、创新点；内容仅据摘要/Introduction归纳。
仅取得可靠元数据或摘要；未取得可读全文。
https://arxiv.org/abs/2607.28609；访问2026-09-17；arXiv作者顺序和摘要。
原文摘要依据：“Computer-using agents (CUAs) are advancing rapidly across the digital world. A CUA trajectory records the agent's actions, states, and reasoning. Verifying whether it fulfilled the task instruction is”。
仅确认论文内原姓名署名；跨论文身份未确认。","身份待核验；按单篇保留，不跨论文合并同名者。待核验（未深查）；原姓名整体未达到重点阈值。
具体论文问题：P176-C;P176-D;P176-A;P176-R
完整Scholar/DBLP论文列表及CCF/CORE目录未获取；当前公开材料可能漏项。",176
Nuo Chen（论文 #176，身份待核验）,2026；论文#176；待核验,待核验,身份待核验,待核验,论文合作者（身份待核验）,待核验,待核验,待核验,工具智能体与任务评测,未公开,"论文信息汇总.csv 序176：摘要、研究内容、创新点；内容仅据摘要/Introduction归纳。
仅取得可靠元数据或摘要；未取得可读全文。
https://arxiv.org/abs/2607.28609；访问2026-09-17；arXiv作者顺序和摘要。
原文摘要依据：“Computer-using agents (CUAs) are advancing rapidly across the digital world. A CUA trajectory records the agent's actions, states, and reasoning. Verifying whether it fulfilled the task instruction is”。
仅确认论文内原姓名署名；跨论文身份未确认。","身份待核验；按单篇保留，不跨论文合并同名者。待核验（未深查）；原姓名整体未达到重点阈值。
具体论文问题：P176-C;P176-D;P176-A;P176-R
完整Scholar/DBLP论文列表及CCF/CORE目录未获取；当前公开材料可能漏项。",176
Jialin Cao（论文 #176，身份待核验）,2026；论文#176；待核验,待核验,身份待核验,待核验,论文合作者（身份待核验）,待核验,待核验,待核验,工具智能体与任务评测,未公开,"论文信息汇总.csv 序176：摘要、研究内容、创新点；内容仅据摘要/Introduction归纳。
仅取得可靠元数据或摘要；未取得可读全文。
https://arxiv.org/abs/2607.28609；访问2026-09-17；arXiv作者顺序和摘要。
原文摘要依据：“Computer-using agents (CUAs) are advancing rapidly across the digital world. A CUA trajectory records the agent's actions, states, and reasoning. Verifying whether it fulfilled the task instruction is”。
仅确认论文内原姓名署名；跨论文身份未确认。","身份待核验；按单篇保留，不跨论文合并同名者。待核验（未深查）；原姓名整体未达到重点阈值。
具体论文问题：P176-C;P176-D;P176-A;P176-R
完整Scholar/DBLP论文列表及CCF/CORE目录未获取；当前公开材料可能漏项。",176
Xingdong Gong（论文 #176，身份待核验）,2026；论文#176；待核验,待核验,身份待核验,待核验,论文合作者（身份待核验）,待核验,待核验,待核验,工具智能体与任务评测,未公开,"论文信息汇总.csv 序176：摘要、研究内容、创新点；内容仅据摘要/Introduction归纳。
仅取得可靠元数据或摘要；未取得可读全文。
https://arxiv.org/abs/2607.28609；访问2026-09-17；arXiv作者顺序和摘要。
原文摘要依据：“Computer-using agents (CUAs) are advancing rapidly across the digital world. A CUA trajectory records the agent's actions, states, and reasoning. Verifying whether it fulfilled the task instruction is”。
仅确认论文内原姓名署名；跨论文身份未确认。","身份待核验；按单篇保留，不跨论文合并同名者。待核验（未深查）；原姓名整体未达到重点阈值。
具体论文问题：P176-C;P176-D;P176-A;P176-R
完整Scholar/DBLP论文列表及CCF/CORE目录未获取；当前公开材料可能漏项。",176
Kaiming Jin（论文 #176，身份待核验）,2026；论文#176；待核验,待核验,身份待核验,待核验,论文合作者（身份待核验）,待核验,待核验,待核验,工具智能体与任务评测,未公开,"论文信息汇总.csv 序176：摘要、研究内容、创新点；内容仅据摘要/Introduction归纳。
仅取得可靠元数据或摘要；未取得可读全文。
https://arxiv.org/abs/2607.28609；访问2026-09-17；arXiv作者顺序和摘要。
原文摘要依据：“Computer-using agents (CUAs) are advancing rapidly across the digital world. A CUA trajectory records the agent's actions, states, and reasoning. Verifying whether it fulfilled the task instruction is”。
仅确认论文内原姓名署名；跨论文身份未确认。","身份待核验；按单篇保留，不跨论文合并同名者。待核验（未深查）；原姓名整体未达到重点阈值。
具体论文问题：P176-C;P176-D;P176-A;P176-R
完整Scholar/DBLP论文列表及CCF/CORE目录未获取；当前公开材料可能漏项。",176
Xinfeng Yuan（论文 #176，身份待核验）,2026；论文#176；待核验,待核验,身份待核验,待核验,论文合作者（身份待核验）,待核验,待核验,待核验,工具智能体与任务评测,未公开,"论文信息汇总.csv 序176：摘要、研究内容、创新点；内容仅据摘要/Introduction归纳。
仅取得可靠元数据或摘要；未取得可读全文。
https://arxiv.org/abs/2607.28609；访问2026-09-17；arXiv作者顺序和摘要。
原文摘要依据：“Computer-using agents (CUAs) are advancing rapidly across the digital world. A CUA trajectory records the agent's actions, states, and reasoning. Verifying whether it fulfilled the task instruction is”。
仅确认论文内原姓名署名；跨论文身份未确认。","身份待核验；按单篇保留，不跨论文合并同名者。待核验（未深查）；原姓名整体未达到重点阈值。
具体论文问题：P176-C;P176-D;P176-A;P176-R
完整Scholar/DBLP论文列表及CCF/CORE目录未获取；当前公开材料可能漏项。",176
Jingyang Gong（论文 #176，身份待核验）,2026；论文#176；待核验,待核验,身份待核验,待核验,论文合作者（身份待核验）,待核验,待核验,待核验,工具智能体与任务评测,未公开,"论文信息汇总.csv 序176：摘要、研究内容、创新点；内容仅据摘要/Introduction归纳。
仅取得可靠元数据或摘要；未取得可读全文。
https://arxiv.org/abs/2607.28609；访问2026-09-17；arXiv作者顺序和摘要。
原文摘要依据：“Computer-using agents (CUAs) are advancing rapidly across the digital world. A CUA trajectory records the agent's actions, states, and reasoning. Verifying whether it fulfilled the task instruction is”。
仅确认论文内原姓名署名；跨论文身份未确认。","身份待核验；按单篇保留，不跨论文合并同名者。待核验（未深查）；原姓名整体未达到重点阈值。
具体论文问题：P176-C;P176-D;P176-A;P176-R
完整Scholar/DBLP论文列表及CCF/CORE目录未获取；当前公开材料可能漏项。",176
Jianbing Zhang（论文 #176，身份待核验）,2026；论文#176；待核验,待核验,身份待核验,待核验,论文合作者（身份待核验）,待核验,待核验,待核验,工具智能体与任务评测,未公开,"论文信息汇总.csv 序176：摘要、研究内容、创新点；内容仅据摘要/Introduction归纳。
仅取得可靠元数据或摘要；未取得可读全文。
https://arxiv.org/abs/2607.28609；访问2026-09-17；arXiv作者顺序和摘要。
原文摘要依据：“Computer-using agents (CUAs) are advancing rapidly across the digital world. A CUA trajectory records the agent's actions, states, and reasoning. Verifying whether it fulfilled the task instruction is”。
仅确认论文内原姓名署名；跨论文身份未确认。","身份待核验；按单篇保留，不跨论文合并同名者。待核验（未深查）；原姓名整体未达到重点阈值。
具体论文问题：P176-C;P176-D;P176-A;P176-R
完整Scholar/DBLP论文列表及CCF/CORE目录未获取；当前公开材料可能漏项。",176
Che Shen（论文 #177，身份待核验）,2026；论文#177；香港大学,待核验,身份待核验,待核验,论文合作者（身份待核验）,待核验,待核验,待核验,模型评价与奖励学习,未公开,"论文信息汇总.csv 序177：摘要、研究内容、创新点；内容仅据摘要/Introduction归纳。
PDF：港大/Kong, Lingpeng/论文/2026_Structuring Semantic Embeddings for Principle Evaluation_ A Prototype-Guided Contrastive Learning Approach.pdf；第1页标题、作者单位与摘要；Introduction在已保存前3页内。
https://arxiv.org/abs/2608.15224；访问2026-09-17；arXiv作者顺序和摘要。
PDF发表标记：“Published in Transactions on Machine Learning Research (08/2026)”。
原文摘要依据：“Reliable post-hoc evaluation asks whether already generated text satisfies a target criterion after generation. In this paper we study a focused frozen-embedding setting using principle-evaluation pro”。
仅确认论文内原姓名署名；跨论文身份未确认。","身份待核验；按单篇保留，不跨论文合并同名者。待核验（未深查）；原姓名整体未达到重点阈值。
具体论文问题：P177-C;P177-V
完整Scholar/DBLP论文列表及CCF/CORE目录未获取；当前公开材料可能漏项。",177
Huaqiu Liu（论文 #178，身份待核验）,2026；论文#178；待核验,待核验,身份待核验,待核验,论文合作者（身份待核验）,待核验,待核验,待核验,工具智能体与任务评测,未公开,"论文信息汇总.csv 序178：摘要、研究内容、创新点；内容仅据摘要/Introduction归纳。
仅取得可靠元数据或摘要；未取得可读全文。
https://arxiv.org/abs/2608.28378；访问2026-09-17；arXiv作者顺序和摘要。
原文摘要依据：“Large language models are increasingly used as agentic workflow executors, yet existing training data and benchmarks largely assume informationally complete, single-turn queries. Our analysis of 16K r”。
仅确认论文内原姓名署名；跨论文身份未确认。","身份待核验；按单篇保留，不跨论文合并同名者。待核验（未深查）；原姓名整体未达到重点阈值。
具体论文问题：P178-C;P178-D;P178-A;P178-R
完整Scholar/DBLP论文列表及CCF/CORE目录未获取；当前公开材料可能漏项。",178
Bofei Gao（论文 #178，身份待核验）,2026；论文#178；待核验,待核验,身份待核验,待核验,论文合作者（身份待核验）,待核验,待核验,待核验,工具智能体与任务评测,未公开,"论文信息汇总.csv 序178：摘要、研究内容、创新点；内容仅据摘要/Introduction归纳。
仅取得可靠元数据或摘要；未取得可读全文。
https://arxiv.org/abs/2608.28378；访问2026-09-17；arXiv作者顺序和摘要。
原文摘要依据：“Large language models are increasingly used as agentic workflow executors, yet existing training data and benchmarks largely assume informationally complete, single-turn queries. Our analysis of 16K r”。
仅确认论文内原姓名署名；跨论文身份未确认。","身份待核验；按单篇保留，不跨论文合并同名者。待核验（未深查）；原姓名整体未达到重点阈值。
具体论文问题：P178-C;P178-D;P178-A;P178-R
完整Scholar/DBLP论文列表及CCF/CORE目录未获取；当前公开材料可能漏项。",178
Weimin Xiong（论文 #178，身份待核验）,2026；论文#178；待核验,待核验,身份待核验,待核验,论文合作者（身份待核验）,待核验,待核验,待核验,工具智能体与任务评测,未公开,"论文信息汇总.csv 序178：摘要、研究内容、创新点；内容仅据摘要/Introduction归纳。
仅取得可靠元数据或摘要；未取得可读全文。
https://arxiv.org/abs/2608.28378；访问2026-09-17；arXiv作者顺序和摘要。
原文摘要依据：“Large language models are increasingly used as agentic workflow executors, yet existing training data and benchmarks largely assume informationally complete, single-turn queries. Our analysis of 16K r”。
仅确认论文内原姓名署名；跨论文身份未确认。","身份待核验；按单篇保留，不跨论文合并同名者。待核验（未深查）；原姓名整体未达到重点阈值。
具体论文问题：P178-C;P178-D;P178-A;P178-R
完整Scholar/DBLP论文列表及CCF/CORE目录未获取；当前公开材料可能漏项。",178
Jinhao Dong（论文 #178，身份待核验）,2026；论文#178；待核验,待核验,身份待核验,待核验,论文合作者（身份待核验）,待核验,待核验,待核验,工具智能体与任务评测,未公开,"论文信息汇总.csv 序178：摘要、研究内容、创新点；内容仅据摘要/Introduction归纳。
仅取得可靠元数据或摘要；未取得可读全文。
https://arxiv.org/abs/2608.28378；访问2026-09-17；arXiv作者顺序和摘要。
原文摘要依据：“Large language models are increasingly used as agentic workflow executors, yet existing training data and benchmarks largely assume informationally complete, single-turn queries. Our analysis of 16K r”。
仅确认论文内原姓名署名；跨论文身份未确认。","身份待核验；按单篇保留，不跨论文合并同名者。待核验（未深查）；原姓名整体未达到重点阈值。
具体论文问题：P178-C;P178-D;P178-A;P178-R
完整Scholar/DBLP论文列表及CCF/CORE目录未获取；当前公开材料可能漏项。",178
Chenhong He（论文 #178，身份待核验）,2026；论文#178；待核验,待核验,身份待核验,待核验,论文合作者（身份待核验）,待核验,待核验,待核验,工具智能体与任务评测,未公开,"论文信息汇总.csv 序178：摘要、研究内容、创新点；内容仅据摘要/Introduction归纳。
仅取得可靠元数据或摘要；未取得可读全文。
https://arxiv.org/abs/2608.28378；访问2026-09-17；arXiv作者顺序和摘要。
原文摘要依据：“Large language models are increasingly used as agentic workflow executors, yet existing training data and benchmarks largely assume informationally complete, single-turn queries. Our analysis of 16K r”。
仅确认论文内原姓名署名；跨论文身份未确认。","身份待核验；按单篇保留，不跨论文合并同名者。达到重点候选筛选阈值；已查可定位来源，身份/历史履历仍未确认。
具体论文问题：P178-C;P178-D;P178-A;P178-R
完整Scholar/DBLP论文列表及CCF/CORE目录未获取；当前公开材料可能漏项。",178
Chenhong He（论文 #179，身份待核验）,2026；论文#179；待核验,待核验,身份待核验,待核验,论文合作者（身份待核验）,待核验,待核验,待核验,高效注意力与序列架构,未公开,"论文信息汇总.csv 序179：摘要、研究内容、创新点；内容仅据摘要/Introduction归纳。
仅取得可靠元数据或摘要；未取得可读全文。
https://arxiv.org/abs/2608.28383；访问2026-09-17；arXiv作者顺序和摘要。
原文摘要依据：“Hybrid attention dominates frontier LLMs, yet Vision Transformers (ViTs) in multimodal LLMs lack a satisfactory hybrid design, with no consensus on why certain attention patterns work better. To fill ”。
仅确认论文内原姓名署名；跨论文身份未确认。","身份待核验；按单篇保留，不跨论文合并同名者。达到重点候选筛选阈值；已查可定位来源，身份/历史履历仍未确认。
具体论文问题：P179-C;P179-D;P179-A;P179-R
完整Scholar/DBLP论文列表及CCF/CORE目录未获取；当前公开材料可能漏项。",179
Fuli Luo（论文 #178，身份待核验）,2026；论文#178；待核验,待核验,身份待核验,待核验,论文合作者（身份待核验）,待核验,待核验,待核验,工具智能体与任务评测,未公开,"论文信息汇总.csv 序178：摘要、研究内容、创新点；内容仅据摘要/Introduction归纳。
仅取得可靠元数据或摘要；未取得可读全文。
https://arxiv.org/abs/2608.28378；访问2026-09-17；arXiv作者顺序和摘要。
原文摘要依据：“Large language models are increasingly used as agentic workflow executors, yet existing training data and benchmarks largely assume informationally complete, single-turn queries. Our analysis of 16K r”。
仅确认论文内原姓名署名；跨论文身份未确认。","身份待核验；按单篇保留，不跨论文合并同名者。待核验（未深查）；原姓名整体未达到重点阈值。
具体论文问题：P178-C;P178-D;P178-A;P178-R
完整Scholar/DBLP论文列表及CCF/CORE目录未获取；当前公开材料可能漏项。",178
