合作者姓名,论文序号,导师是否末位,导师是否通讯,证据位置
Dani Yogatama,122,否,待核验,"论文信息汇总.csv 序122：摘要、研究内容、创新点；内容仅据摘要/Introduction归纳。
PDF：港大/Kong, Lingpeng/论文/2015_Bayesian Optimization of Text Representations.pdf；第1页标题、作者单位与摘要；Introduction在已保存前3页内。
https://aclanthology.org/D15-1251/；访问2026-09-17；ACL作者顺序、发表信息与摘要。
CV：https://ikekonglp.github.io/lingpenk_cv.pdf；第12页；版本2026-01-27。
PDF发表标记：“Proceedings of the 2015 Conference on Empirical Methods in Natural Language Processing, pages 2100–2105,”。
原文摘要依据：“When applying machine learning to problems in NLP, there are many choices to make about how to represent input texts. They can have a big effect on performance, but they are often uninteresting to res”。"
Dani Yogatama,1,否,待核验,"论文信息汇总.csv 序1：摘要、研究内容、创新点；内容仅据摘要/Introduction归纳。
PDF：港大/Kong, Lingpeng/论文/2019_Learning and Evaluating General Linguistic Intelligence.pdf；第1页标题、作者单位与摘要；Introduction在已保存前3页内。
https://arxiv.org/abs/1901.11373；访问2026-09-17；arXiv作者顺序和摘要。
CV：https://ikekonglp.github.io/lingpenk_cv.pdf；第3页；版本2026-01-27。
原文摘要依据：“We define general linguistic intelligence as the ability to reuse previously acquired knowledge about a language's lexicon, syntax, semantics, and pragmatic conventions to adapt to new tasks quickly. ”。"
Dani Yogatama,115,否,待核验,"论文信息汇总.csv 序115：摘要、研究内容、创新点；内容仅据摘要/Introduction归纳。
仅取得可靠元数据或摘要；未取得可读全文。
https://arxiv.org/abs/1906.01076；访问2026-09-17；arXiv作者顺序和摘要。
CV：https://ikekonglp.github.io/lingpenk_cv.pdf；第11页；版本2026-01-27。
原文摘要依据：“We introduce a lifelong language learning setup where a model needs to learn from a stream of text examples without any dataset identifier. We propose an episodic memory model that performs sparse exp”。"
Dani Yogatama,116,否,待核验,"论文信息汇总.csv 序116：摘要、研究内容、创新点；内容仅据摘要/Introduction归纳。
PDF：港大/Kong, Lingpeng/论文/2019_Variational Smoothing in Recurrent Neural Network Language Models.pdf；第1页标题、作者单位与摘要；Introduction在已保存前3页内。
https://arxiv.org/abs/1901.09296；访问2026-09-17；arXiv作者顺序和摘要。
CV：https://ikekonglp.github.io/lingpenk_cv.pdf；第12页；版本2026-01-27。
PDF发表标记：“Published as a conference paper at ICLR 2019”。
原文摘要依据：“We present a new theoretical perspective of data noising in recurrent neural network language models (Xie et al., 2017). We show that each variant of data noising is an instance of Bayesian recurrent ”。"
Dani Yogatama,13,否,待核验,"论文信息汇总.csv 序13：摘要、研究内容、创新点；内容仅据摘要/Introduction归纳。
PDF：港大/Kong, Lingpeng/论文/2020_Syntactic Structure Distillation Pretraining for Bidirectional Encoders.pdf；第1页标题、作者单位与摘要；Introduction在已保存前3页内。
https://aclanthology.org/2020.tacl-1.50/；访问2026-09-17；ACL作者顺序、发表信息与摘要。
CV：https://ikekonglp.github.io/lingpenk_cv.pdf；第4页；版本2026-01-27。
原文摘要依据：“Textual representation learners trained on large amounts of data have achieved notable success on downstream tasks; intriguingly, they have also performed well on challenging tests of syntactic compet”。"
Dani Yogatama,114,否,待核验,"论文信息汇总.csv 序114：摘要、研究内容、创新点；内容仅据摘要/Introduction归纳。
PDF：港大/Kong, Lingpeng/论文/2020_A Mutual Information Maximization Perspective of Language Representation Learning.pdf；第1页标题、作者单位与摘要；Introduction在已保存前3页内。
https://arxiv.org/abs/1910.08350；访问2026-09-17；arXiv作者顺序和摘要。
CV：https://ikekonglp.github.io/lingpenk_cv.pdf；第11页；版本2026-01-27。
原文摘要依据：“We show state-of-the-art word representation learning methods maximize an objective function that is a lower bound on the mutual information between different parts of a word sequence (i.e., a sentenc”。"
Dani Yogatama,12,是,待核验,"论文信息汇总.csv 序12：摘要、研究内容、创新点；内容仅据摘要/Introduction归纳。
PDF：港大/Kong, Lingpeng/论文/2021_Adaptive Semiparametric Language Models.pdf；第1页标题、作者单位与摘要；Introduction在已保存前3页内。
https://aclanthology.org/2021.tacl-1.22/；访问2026-09-17；ACL作者顺序、发表信息与摘要。
CV：https://ikekonglp.github.io/lingpenk_cv.pdf；第4页；版本2026-01-27。
原文摘要依据：“We present a language model that combines a large parametric neural network (i.e., a transformer) with a non-parametric episodic memory component in an integrated architecture. Our model uses extended”。"
Dani Yogatama,113,是,待核验,"论文信息汇总.csv 序113：摘要、研究内容、创新点；内容仅据摘要/Introduction归纳。
PDF：港大/Kong, Lingpeng/论文/2021_Random Feature Attention.pdf；第1页标题、作者单位与摘要；Introduction在已保存前3页内。
https://arxiv.org/abs/2103.02143；访问2026-09-17；arXiv作者顺序和摘要。
CV：https://ikekonglp.github.io/lingpenk_cv.pdf；第11页；版本2026-01-27。
PDF发表标记：“Published as a conference paper at ICLR 2021”。
原文摘要依据：“Transformers are state-of-the-art models for a variety of sequence modeling tasks. At their core is an attention function which models pairwise interactions between the inputs at every timestep. While”。"
Dani Yogatama,101,否,待核验,"论文信息汇总.csv 序101：摘要、研究内容、创新点；内容仅据摘要/Introduction归纳。
PDF：港大/Kong, Lingpeng/论文/2022_A Contrastive Framework for Neural Text Generation.pdf；第1页标题、作者单位与摘要；Introduction在已保存前3页内。
https://arxiv.org/abs/2202.06417；访问2026-09-17；arXiv作者顺序和摘要。
CV：https://ikekonglp.github.io/lingpenk_cv.pdf；第11页；版本2026-01-27。
原文摘要依据：“Text generation is of great importance to many natural language processing applications. However, maximization-based decoding methods (e.g. beam search) of neural language models often lead to degener”。"
Dani Yogatama,108,否,待核验,"论文信息汇总.csv 序108：摘要、研究内容、创新点；内容仅据摘要/Introduction归纳。
PDF：港大/Kong, Lingpeng/论文/2022_ABC_ Attention with Bounded-memory Control.pdf；第1页标题、作者单位与摘要；Introduction在已保存前3页内。
https://aclanthology.org/2022.acl-long.515/；访问2026-09-17；ACL作者顺序、发表信息与摘要。
CV：https://ikekonglp.github.io/lingpenk_cv.pdf；第11页；版本2026-01-27。
PDF发表标记：“Proceedings of the 60th Annual Meeting of the Association for Computational Linguistics”。
原文摘要依据：“Transformer architectures have achieved state- of-the-art results on a variety of natural language processing (NLP) tasks. However, their attention mechanism comes with a quadratic complexity in seque”。"
Dani Yogatama,132,否,待核验,"论文信息汇总.csv 序132：摘要、研究内容、创新点；内容仅据摘要/Introduction归纳。
仅取得可靠元数据或摘要；未取得可读全文。
https://arxiv.org/abs/2205.02655；访问2026-09-17；arXiv作者顺序和摘要。
原文摘要依据：“Generative language models (LMs) such as GPT-2/3 can be prompted to generate text with remarkable quality. While they are designed for text-prompted generation, it remains an open question how the gen”。"
Cyprien de Masson d’Autume（论文 #1，身份待核验）,1,否,待核验,"论文信息汇总.csv 序1：摘要、研究内容、创新点；内容仅据摘要/Introduction归纳。
PDF：港大/Kong, Lingpeng/论文/2019_Learning and Evaluating General Linguistic Intelligence.pdf；第1页标题、作者单位与摘要；Introduction在已保存前3页内。
https://arxiv.org/abs/1901.11373；访问2026-09-17；arXiv作者顺序和摘要。
CV：https://ikekonglp.github.io/lingpenk_cv.pdf；第3页；版本2026-01-27。
原文摘要依据：“We define general linguistic intelligence as the ability to reuse previously acquired knowledge about a language's lexicon, syntax, semantics, and pragmatic conventions to adapt to new tasks quickly. ”。"
Cyprien de Masson d’Autume（论文 #3，身份待核验）,3,否,待核验,"论文信息汇总.csv 序3：摘要、研究内容、创新点；内容仅据摘要/Introduction归纳。
PDF：港大/Kong, Lingpeng/论文/2018_Sentence Encoding with Tree-constrained Relation Networks.pdf；第1页标题、作者单位与摘要；Introduction在已保存前3页内。
https://arxiv.org/abs/1811.10475；访问2026-09-17；arXiv作者顺序和摘要。
CV：https://ikekonglp.github.io/lingpenk_cv.pdf；第3页；版本2026-01-27。
原文摘要依据：“The meaning of a sentence is a function of the relations that hold between its words. We instantiate this relational view of semantics in a series of neural models based on variants of relation networ”。"
Cyprien de Masson d’Autume（论文 #12，身份待核验）,12,是,待核验,"论文信息汇总.csv 序12：摘要、研究内容、创新点；内容仅据摘要/Introduction归纳。
PDF：港大/Kong, Lingpeng/论文/2021_Adaptive Semiparametric Language Models.pdf；第1页标题、作者单位与摘要；Introduction在已保存前3页内。
https://aclanthology.org/2021.tacl-1.22/；访问2026-09-17；ACL作者顺序、发表信息与摘要。
CV：https://ikekonglp.github.io/lingpenk_cv.pdf；第4页；版本2026-01-27。
原文摘要依据：“We present a language model that combines a large parametric neural network (i.e., a transformer) with a non-parametric episodic memory component in an integrated architecture. Our model uses extended”。"
Cyprien de Masson d’Autume（论文 #114，身份待核验）,114,否,待核验,"论文信息汇总.csv 序114：摘要、研究内容、创新点；内容仅据摘要/Introduction归纳。
PDF：港大/Kong, Lingpeng/论文/2020_A Mutual Information Maximization Perspective of Language Representation Learning.pdf；第1页标题、作者单位与摘要；Introduction在已保存前3页内。
https://arxiv.org/abs/1910.08350；访问2026-09-17；arXiv作者顺序和摘要。
CV：https://ikekonglp.github.io/lingpenk_cv.pdf；第11页；版本2026-01-27。
原文摘要依据：“We show state-of-the-art word representation learning methods maximize an objective function that is a lower bound on the mutual information between different parts of a word sequence (i.e., a sentenc”。"
Cyprien de Masson d’Autume（论文 #115，身份待核验）,115,否,待核验,"论文信息汇总.csv 序115：摘要、研究内容、创新点；内容仅据摘要/Introduction归纳。
仅取得可靠元数据或摘要；未取得可读全文。
https://arxiv.org/abs/1906.01076；访问2026-09-17；arXiv作者顺序和摘要。
CV：https://ikekonglp.github.io/lingpenk_cv.pdf；第11页；版本2026-01-27。
原文摘要依据：“We introduce a lifelong language learning setup where a model needs to learn from a stream of text examples without any dataset identifier. We propose an episodic memory model that performs sparse exp”。"
Wang Ling（论文 #1，身份待核验）,1,否,待核验,"论文信息汇总.csv 序1：摘要、研究内容、创新点；内容仅据摘要/Introduction归纳。
PDF：港大/Kong, Lingpeng/论文/2019_Learning and Evaluating General Linguistic Intelligence.pdf；第1页标题、作者单位与摘要；Introduction在已保存前3页内。
https://arxiv.org/abs/1901.11373；访问2026-09-17；arXiv作者顺序和摘要。
CV：https://ikekonglp.github.io/lingpenk_cv.pdf；第3页；版本2026-01-27。
原文摘要依据：“We define general linguistic intelligence as the ability to reuse previously acquired knowledge about a language's lexicon, syntax, semantics, and pragmatic conventions to adapt to new tasks quickly. ”。"
Wang Ling（论文 #3，身份待核验）,3,否,待核验,"论文信息汇总.csv 序3：摘要、研究内容、创新点；内容仅据摘要/Introduction归纳。
PDF：港大/Kong, Lingpeng/论文/2018_Sentence Encoding with Tree-constrained Relation Networks.pdf；第1页标题、作者单位与摘要；Introduction在已保存前3页内。
https://arxiv.org/abs/1811.10475；访问2026-09-17；arXiv作者顺序和摘要。
CV：https://ikekonglp.github.io/lingpenk_cv.pdf；第3页；版本2026-01-27。
原文摘要依据：“The meaning of a sentence is a function of the relations that hold between its words. We instantiate this relational view of semantics in a series of neural models based on variants of relation networ”。"
Wang Ling（论文 #14，身份待核验）,14,否,待核验,"论文信息汇总.csv 序14：摘要、研究内容、创新点；内容仅据摘要/Introduction归纳。
PDF：港大/Kong, Lingpeng/论文/2020_Better Document-Level Machine Translation with Bayes’ Rule.pdf；第1页标题、作者单位与摘要；Introduction在已保存前3页内。
https://aclanthology.org/2020.tacl-1.23/；访问2026-09-17；ACL作者顺序、发表信息与摘要。
CV：https://ikekonglp.github.io/lingpenk_cv.pdf；第4页；版本2026-01-27。
原文摘要依据：“We show that Bayes’ rule provides an effective mechanism for creating document translation models that can be learned from only parallel sentences and monolingual documents a compelling benefit becaus”。"
Wang Ling（论文 #114，身份待核验）,114,否,待核验,"论文信息汇总.csv 序114：摘要、研究内容、创新点；内容仅据摘要/Introduction归纳。
PDF：港大/Kong, Lingpeng/论文/2020_A Mutual Information Maximization Perspective of Language Representation Learning.pdf；第1页标题、作者单位与摘要；Introduction在已保存前3页内。
https://arxiv.org/abs/1910.08350；访问2026-09-17；arXiv作者顺序和摘要。
CV：https://ikekonglp.github.io/lingpenk_cv.pdf；第11页；版本2026-01-27。
原文摘要依据：“We show state-of-the-art word representation learning methods maximize an objective function that is a lower bound on the mutual information between different parts of a word sequence (i.e., a sentenc”。"
Wang Ling（论文 #116，身份待核验）,116,否,待核验,"论文信息汇总.csv 序116：摘要、研究内容、创新点；内容仅据摘要/Introduction归纳。
PDF：港大/Kong, Lingpeng/论文/2019_Variational Smoothing in Recurrent Neural Network Language Models.pdf；第1页标题、作者单位与摘要；Introduction在已保存前3页内。
https://arxiv.org/abs/1901.09296；访问2026-09-17；arXiv作者顺序和摘要。
CV：https://ikekonglp.github.io/lingpenk_cv.pdf；第12页；版本2026-01-27。
PDF发表标记：“Published as a conference paper at ICLR 2019”。
原文摘要依据：“We present a new theoretical perspective of data noising in recurrent neural network language models (Xie et al., 2017). We show that each variant of data noising is an instance of Bayesian recurrent ”。"
Lei Yu（论文 #1，身份待核验）,1,否,待核验,"论文信息汇总.csv 序1：摘要、研究内容、创新点；内容仅据摘要/Introduction归纳。
PDF：港大/Kong, Lingpeng/论文/2019_Learning and Evaluating General Linguistic Intelligence.pdf；第1页标题、作者单位与摘要；Introduction在已保存前3页内。
https://arxiv.org/abs/1901.11373；访问2026-09-17；arXiv作者顺序和摘要。
CV：https://ikekonglp.github.io/lingpenk_cv.pdf；第3页；版本2026-01-27。
原文摘要依据：“We define general linguistic intelligence as the ability to reuse previously acquired knowledge about a language's lexicon, syntax, semantics, and pragmatic conventions to adapt to new tasks quickly. ”。"
Lei Yu（论文 #3，身份待核验）,3,否,待核验,"论文信息汇总.csv 序3：摘要、研究内容、创新点；内容仅据摘要/Introduction归纳。
PDF：港大/Kong, Lingpeng/论文/2018_Sentence Encoding with Tree-constrained Relation Networks.pdf；第1页标题、作者单位与摘要；Introduction在已保存前3页内。
https://arxiv.org/abs/1811.10475；访问2026-09-17；arXiv作者顺序和摘要。
CV：https://ikekonglp.github.io/lingpenk_cv.pdf；第3页；版本2026-01-27。
原文摘要依据：“The meaning of a sentence is a function of the relations that hold between its words. We instantiate this relational view of semantics in a series of neural models based on variants of relation networ”。"
Lei Yu（论文 #14，身份待核验）,14,否,待核验,"论文信息汇总.csv 序14：摘要、研究内容、创新点；内容仅据摘要/Introduction归纳。
PDF：港大/Kong, Lingpeng/论文/2020_Better Document-Level Machine Translation with Bayes’ Rule.pdf；第1页标题、作者单位与摘要；Introduction在已保存前3页内。
https://aclanthology.org/2020.tacl-1.23/；访问2026-09-17；ACL作者顺序、发表信息与摘要。
CV：https://ikekonglp.github.io/lingpenk_cv.pdf；第4页；版本2026-01-27。
原文摘要依据：“We show that Bayes’ rule provides an effective mechanism for creating document translation models that can be learned from only parallel sentences and monolingual documents a compelling benefit becaus”。"
Lei Yu（论文 #59，身份待核验）,59,是,待核验,"论文信息汇总.csv 序59：摘要、研究内容、创新点；内容仅据摘要/Introduction归纳。
PDF：港大/Kong, Lingpeng/论文/2024_A Reparameterized Discrete Diffusion Model for Text Generation.pdf；第1页标题、作者单位与摘要；Introduction在已保存前3页内。
https://arxiv.org/abs/2302.05737；访问2026-09-17；arXiv作者顺序和摘要。
CV：https://ikekonglp.github.io/lingpenk_cv.pdf；第7页；版本2026-01-27。
原文摘要依据：“This work studies discrete diffusion probabilistic models with applications to natural language generation. We derive an alternative yet equivalent formulation of the sampling from discrete diffusion ”。"
Lei Yu（论文 #114，身份待核验）,114,否,待核验,"论文信息汇总.csv 序114：摘要、研究内容、创新点；内容仅据摘要/Introduction归纳。
PDF：港大/Kong, Lingpeng/论文/2020_A Mutual Information Maximization Perspective of Language Representation Learning.pdf；第1页标题、作者单位与摘要；Introduction在已保存前3页内。
https://arxiv.org/abs/1910.08350；访问2026-09-17；arXiv作者顺序和摘要。
CV：https://ikekonglp.github.io/lingpenk_cv.pdf；第11页；版本2026-01-27。
原文摘要依据：“We show state-of-the-art word representation learning methods maximize an objective function that is a lower bound on the mutual information between different parts of a word sequence (i.e., a sentenc”。"
Lei Yu（论文 #116，身份待核验）,116,否,待核验,"论文信息汇总.csv 序116：摘要、研究内容、创新点；内容仅据摘要/Introduction归纳。
PDF：港大/Kong, Lingpeng/论文/2019_Variational Smoothing in Recurrent Neural Network Language Models.pdf；第1页标题、作者单位与摘要；Introduction在已保存前3页内。
https://arxiv.org/abs/1901.09296；访问2026-09-17；arXiv作者顺序和摘要。
CV：https://ikekonglp.github.io/lingpenk_cv.pdf；第12页；版本2026-01-27。
PDF发表标记：“Published as a conference paper at ICLR 2019”。
原文摘要依据：“We present a new theoretical perspective of data noising in recurrent neural network language models (Xie et al., 2017). We show that each variant of data noising is an instance of Bayesian recurrent ”。"
Chris Dyer,124,否,待核验,"论文信息汇总.csv 序124：摘要、研究内容、创新点；内容仅据摘要/Introduction归纳。
PDF：港大/Kong, Lingpeng/论文/2014_A Dependency Parser for Tweets.pdf；第1页标题、作者单位与摘要；Introduction在已保存前3页内。
https://aclanthology.org/D14-1108/；访问2026-09-17；ACL作者顺序、发表信息与摘要。
CV：https://ikekonglp.github.io/lingpenk_cv.pdf；第12页；版本2026-01-27。
PDF发表标记：“Proceedings of the 2014 Conference on Empirical Methods in Natural Language Processing (EMNLP), pages 1001–1012,”。
原文摘要依据：“We describe a new dependency parser for English tweets, TWEEBOPARSER. The parser builds on several contributions: new syntactic annotations for a corpus of tweets (TWEEBANK), with conventions informed”。"
Chris Dyer,119,否,待核验,"论文信息汇总.csv 序119：摘要、研究内容、创新点；内容仅据摘要/Introduction归纳。
PDF：港大/Kong, Lingpeng/论文/2016_Segmental Recurrent Neural Networks for End-to-end Speech Recognition.pdf；第1页标题、作者单位与摘要；Introduction在已保存前3页内。
https://arxiv.org/abs/1603.00223；访问2026-09-17；arXiv作者顺序和摘要。
CV：https://ikekonglp.github.io/lingpenk_cv.pdf；第12页；版本2026-01-27。
原文摘要依据：“We study the segmental recurrent neural network for end-to-end acoustic modelling. This model connects the segmental conditional random field (CRF) with a recurrent neural network (RNN) used for featu”。"
Chris Dyer,120,否,待核验,"论文信息汇总.csv 序120：摘要、研究内容、创新点；内容仅据摘要/Introduction归纳。
PDF：港大/Kong, Lingpeng/论文/2016_Distilling an Ensemble of Greedy Dependency Parsers into One MST Parser.pdf；第1页标题、作者单位与摘要；Introduction在已保存前3页内。
https://aclanthology.org/D16-1180/；访问2026-09-17；ACL作者顺序、发表信息与摘要。
CV：https://ikekonglp.github.io/lingpenk_cv.pdf；第12页；版本2026-01-27。
PDF发表标记：“Proceedings of the 2016 Conference on Empirical Methods in Natural Language Processing, pages 1744–1753,”。
原文摘要依据：“We introduce two first-order graph-based dependency parsers achieving a new state of the art. The first is a consensus parser built from an ensemble of independently trained greedy LSTM transition-bas”。"
Chris Dyer,121,否,待核验,"论文信息汇总.csv 序121：摘要、研究内容、创新点；内容仅据摘要/Introduction归纳。
PDF：港大/Kong, Lingpeng/论文/2016_Segmental Recurrent Neural Networks.pdf；第1页标题、作者单位与摘要；Introduction在已保存前3页内。
https://arxiv.org/abs/1511.06018；访问2026-09-17；arXiv作者顺序和摘要。
CV：https://ikekonglp.github.io/lingpenk_cv.pdf；第12页；版本2026-01-27。
PDF发表标记：“Published as a conference paper at ICLR 2016”。
原文摘要依据：“We introduce segmental recurrent neural networks (SRNNs) which define, given an input sequence, a joint probability distribution over segmentations of the input and labelings of the segments. Represen”。"
Chris Dyer,129,否,待核验,"论文信息汇总.csv 序129：摘要、研究内容、创新点；内容仅据摘要/Introduction归纳。
PDF：港大/Kong, Lingpeng/论文/2016_Document Context Language Models.pdf；第1页标题、作者单位与摘要；Introduction在已保存前3页内。
https://arxiv.org/abs/1511.03962；访问2026-09-17；arXiv作者顺序和摘要。
CV：https://ikekonglp.github.io/lingpenk_cv.pdf；第13页；版本2026-01-27。
PDF发表标记：“Workshop track - ICLR 2016”。
原文摘要依据：“Text documents are structured on multiple levels of detail: individual words are related by syntax, but larger units of text are related by discourse structure. Existing language models generally fail”。"
Chris Dyer,6,否,待核验,"论文信息汇总.csv 序6：摘要、研究内容、创新点；内容仅据摘要/Introduction归纳。
PDF：港大/Kong, Lingpeng/论文/2017_DyNet_ The Dynamic Neural Network Toolkit.pdf；第1页标题、作者单位与摘要；Introduction在已保存前3页内。
https://arxiv.org/abs/1701.03980；访问2026-09-17；arXiv作者顺序和摘要。
CV：https://ikekonglp.github.io/lingpenk_cv.pdf；第3页；版本2026-01-27。
原文摘要依据：“We describe DyNet, a toolkit for implementing neural network models based on dynamic declaration of network structure. In the static declaration strategy that is used in toolkits like Theano, CNTK, an”。"
Chris Dyer,15,否,待核验,"论文信息汇总.csv 序15：摘要、研究内容、创新点；内容仅据摘要/Introduction归纳。
PDF：港大/Kong, Lingpeng/论文/2017_End-to-End Neural Segmental Models for Speech Recognition.pdf；第1页标题、作者单位与摘要；Introduction在已保存前3页内。
https://arxiv.org/abs/1708.00531；访问2026-09-17；arXiv作者顺序和摘要。
CV：https://ikekonglp.github.io/lingpenk_cv.pdf；第4页；版本2026-01-27。
原文摘要依据：“Segmental models are an alternative to frame-based models for sequence prediction, where hypothesized path weights are based on entire segment scores rather than a single frame at a time. Neural segme”。"
Chris Dyer,117,否,待核验,"论文信息汇总.csv 序117：摘要、研究内容、创新点；内容仅据摘要/Introduction归纳。
PDF：港大/Kong, Lingpeng/论文/2017_Multi-task Learning with CTC and Segmental CRF for Speech Recognition.pdf；第1页标题、作者单位与摘要；Introduction在已保存前3页内。
https://arxiv.org/abs/1702.06378；访问2026-09-17；arXiv作者顺序和摘要。
CV：https://ikekonglp.github.io/lingpenk_cv.pdf；第12页；版本2026-01-27。
原文摘要依据：“Segmental conditional random fields (SCRFs) and connectionist temporal classification (CTC) are two sequence labeling methods used for end-to-end training of speech recognition models. Both models def”。"
Chris Dyer,118,否,待核验,"论文信息汇总.csv 序118：摘要、研究内容、创新点；内容仅据摘要/Introduction归纳。
PDF：港大/Kong, Lingpeng/论文/2017_What Do Recurrent Neural Network Grammars Learn About Syntax_.pdf；第1页标题、作者单位与摘要；Introduction在已保存前3页内。
https://aclanthology.org/E17-1117/；访问2026-09-17；ACL作者顺序、发表信息与摘要。
CV：https://ikekonglp.github.io/lingpenk_cv.pdf；第12页；版本2026-01-27。
PDF发表标记：“Proceedings of the 15th Conference of the European Chapter of the Association for Computational Linguistics: Volume 1, Long Papers, pages 1249–1258,”。
原文摘要依据：“Recurrent neural network grammars (RNNG) are a recently proposed probablistic generative modeling family for natural language. They show state-of-the-art language modeling and parsing performance. We ”。"
Chris Dyer,3,否,待核验,"论文信息汇总.csv 序3：摘要、研究内容、创新点；内容仅据摘要/Introduction归纳。
PDF：港大/Kong, Lingpeng/论文/2018_Sentence Encoding with Tree-constrained Relation Networks.pdf；第1页标题、作者单位与摘要；Introduction在已保存前3页内。
https://arxiv.org/abs/1811.10475；访问2026-09-17；arXiv作者顺序和摘要。
CV：https://ikekonglp.github.io/lingpenk_cv.pdf；第3页；版本2026-01-27。
原文摘要依据：“The meaning of a sentence is a function of the relations that hold between its words. We instantiate this relational view of semantics in a series of neural models based on variants of relation networ”。"
Chris Dyer,1,否,待核验,"论文信息汇总.csv 序1：摘要、研究内容、创新点；内容仅据摘要/Introduction归纳。
PDF：港大/Kong, Lingpeng/论文/2019_Learning and Evaluating General Linguistic Intelligence.pdf；第1页标题、作者单位与摘要；Introduction在已保存前3页内。
https://arxiv.org/abs/1901.11373；访问2026-09-17；arXiv作者顺序和摘要。
CV：https://ikekonglp.github.io/lingpenk_cv.pdf；第3页；版本2026-01-27。
原文摘要依据：“We define general linguistic intelligence as the ability to reuse previously acquired knowledge about a language's lexicon, syntax, semantics, and pragmatic conventions to adapt to new tasks quickly. ”。"
Chris Dyer,13,否,待核验,"论文信息汇总.csv 序13：摘要、研究内容、创新点；内容仅据摘要/Introduction归纳。
PDF：港大/Kong, Lingpeng/论文/2020_Syntactic Structure Distillation Pretraining for Bidirectional Encoders.pdf；第1页标题、作者单位与摘要；Introduction在已保存前3页内。
https://aclanthology.org/2020.tacl-1.50/；访问2026-09-17；ACL作者顺序、发表信息与摘要。
CV：https://ikekonglp.github.io/lingpenk_cv.pdf；第4页；版本2026-01-27。
原文摘要依据：“Textual representation learners trained on large amounts of data have achieved notable success on downstream tasks; intriguingly, they have also performed well on challenging tests of syntactic compet”。"
Chris Dyer,14,否,待核验,"论文信息汇总.csv 序14：摘要、研究内容、创新点；内容仅据摘要/Introduction归纳。
PDF：港大/Kong, Lingpeng/论文/2020_Better Document-Level Machine Translation with Bayes’ Rule.pdf；第1页标题、作者单位与摘要；Introduction在已保存前3页内。
https://aclanthology.org/2020.tacl-1.23/；访问2026-09-17；ACL作者顺序、发表信息与摘要。
CV：https://ikekonglp.github.io/lingpenk_cv.pdf；第4页；版本2026-01-27。
原文摘要依据：“We show that Bayes’ rule provides an effective mechanism for creating document translation models that can be learned from only parallel sentences and monolingual documents a compelling benefit becaus”。"
Phil Blunsom（论文 #1，身份待核验）,1,否,待核验,"论文信息汇总.csv 序1：摘要、研究内容、创新点；内容仅据摘要/Introduction归纳。
PDF：港大/Kong, Lingpeng/论文/2019_Learning and Evaluating General Linguistic Intelligence.pdf；第1页标题、作者单位与摘要；Introduction在已保存前3页内。
https://arxiv.org/abs/1901.11373；访问2026-09-17；arXiv作者顺序和摘要。
CV：https://ikekonglp.github.io/lingpenk_cv.pdf；第3页；版本2026-01-27。
原文摘要依据：“We define general linguistic intelligence as the ability to reuse previously acquired knowledge about a language's lexicon, syntax, semantics, and pragmatic conventions to adapt to new tasks quickly. ”。"
Phil Blunsom（论文 #3，身份待核验）,3,否,待核验,"论文信息汇总.csv 序3：摘要、研究内容、创新点；内容仅据摘要/Introduction归纳。
PDF：港大/Kong, Lingpeng/论文/2018_Sentence Encoding with Tree-constrained Relation Networks.pdf；第1页标题、作者单位与摘要；Introduction在已保存前3页内。
https://arxiv.org/abs/1811.10475；访问2026-09-17；arXiv作者顺序和摘要。
CV：https://ikekonglp.github.io/lingpenk_cv.pdf；第3页；版本2026-01-27。
原文摘要依据：“The meaning of a sentence is a function of the relations that hold between its words. We instantiate this relational view of semantics in a series of neural models based on variants of relation networ”。"
Phil Blunsom（论文 #13，身份待核验）,13,否,待核验,"论文信息汇总.csv 序13：摘要、研究内容、创新点；内容仅据摘要/Introduction归纳。
PDF：港大/Kong, Lingpeng/论文/2020_Syntactic Structure Distillation Pretraining for Bidirectional Encoders.pdf；第1页标题、作者单位与摘要；Introduction在已保存前3页内。
https://aclanthology.org/2020.tacl-1.50/；访问2026-09-17；ACL作者顺序、发表信息与摘要。
CV：https://ikekonglp.github.io/lingpenk_cv.pdf；第4页；版本2026-01-27。
原文摘要依据：“Textual representation learners trained on large amounts of data have achieved notable success on downstream tasks; intriguingly, they have also performed well on challenging tests of syntactic compet”。"
Phil Blunsom（论文 #14，身份待核验）,14,否,待核验,"论文信息汇总.csv 序14：摘要、研究内容、创新点；内容仅据摘要/Introduction归纳。
PDF：港大/Kong, Lingpeng/论文/2020_Better Document-Level Machine Translation with Bayes’ Rule.pdf；第1页标题、作者单位与摘要；Introduction在已保存前3页内。
https://aclanthology.org/2020.tacl-1.23/；访问2026-09-17；ACL作者顺序、发表信息与摘要。
CV：https://ikekonglp.github.io/lingpenk_cv.pdf；第4页；版本2026-01-27。
原文摘要依据：“We show that Bayes’ rule provides an effective mechanism for creating document translation models that can be learned from only parallel sentences and monolingual documents a compelling benefit becaus”。"
Jiangtao Feng,2,否,待核验,"论文信息汇总.csv 序2：摘要、研究内容、创新点；内容仅据摘要/Introduction归纳。
PDF：港大/Kong, Lingpeng/论文/2018_Neural Phrase-to-Phrase Machine Translation.pdf；第1页标题、作者单位与摘要；Introduction在已保存前3页内。
https://arxiv.org/abs/1811.02172；访问2026-09-17；arXiv作者顺序和摘要。
CV：https://ikekonglp.github.io/lingpenk_cv.pdf；第3页；版本2026-01-27。
原文摘要依据：“In this paper, we propose Neural Phrase-to-Phrase Machine Translation (NP$^2$MT). Our model uses a phrase attention mechanism to discover relevant input (source) segments that are used by a decoder to”。"
Jiangtao Feng,95,是,待核验,"论文信息汇总.csv 序95：摘要、研究内容、创新点；内容仅据摘要/Introduction归纳。
PDF：港大/Kong, Lingpeng/论文/2022_ProGen_ Progressive Zero-shot Dataset Generation via In-context Feedback.pdf；第1页标题、作者单位与摘要；Introduction在已保存前3页内。
https://aclanthology.org/2022.findings-emnlp.269/；访问2026-09-17；ACL作者顺序、发表信息与摘要。
CV：https://ikekonglp.github.io/lingpenk_cv.pdf；第10页；版本2026-01-27。
原文摘要依据：“Recently, dataset-generation-based zero-shot learning has shown promising results by training a task-specific model with a dataset synthesized from large pre-trained language models (PLMs). The final ”。"
Jiangtao Feng,96,是,待核验,"论文信息汇总.csv 序96：摘要、研究内容、创新点；内容仅据摘要/Introduction归纳。
PDF：港大/Kong, Lingpeng/论文/2022_ZeroGen_ Efficient Zero-shot Learning via Dataset Generation.pdf；第1页标题、作者单位与摘要；Introduction在已保存前3页内。
https://aclanthology.org/2022.emnlp-main.801/；访问2026-09-17；ACL作者顺序、发表信息与摘要。
CV：https://ikekonglp.github.io/lingpenk_cv.pdf；第10页；版本2026-01-27。
PDF发表标记：“Proceedings of the 2022 Conference on Empirical Methods in Natural Language Processing, pages 11653–11669”。
原文摘要依据：“There is a growing interest in dataset generation recently due to the superior generative capacity of large pre-trained language models (PLMs). In this paper, we study a flexible and efficient zero-sh”。"
Jiangtao Feng,100,否,待核验,"论文信息汇总.csv 序100：摘要、研究内容、创新点；内容仅据摘要/Introduction归纳。
PDF：港大/Kong, Lingpeng/论文/2022_CoNT_ Contrastive Neural Text Generation.pdf；第1页标题、作者单位与摘要；Introduction在已保存前3页内。
https://arxiv.org/abs/2205.14690；访问2026-09-17；arXiv作者顺序和摘要。
CV：https://ikekonglp.github.io/lingpenk_cv.pdf；第10页；版本2026-01-27。
原文摘要依据：“Recently, contrastive learning attracts increasing interests in neural text generation as a new solution to alleviate the exposure bias problem. It introduces a sequence-level training signal which is”。"
Jiangtao Feng,77,是,待核验,"论文信息汇总.csv 序77：摘要、研究内容、创新点；内容仅据摘要/Introduction归纳。
PDF：港大/Kong, Lingpeng/论文/2023_DiffuSeq-v2_ Bridging Discrete and Continuous Text Spaces for Accelerated Seq2Seq Diffusion Models.pdf；第1页标题、作者单位与摘要；Introduction在已保存前3页内。
https://aclanthology.org/2023.findings-emnlp.660/；访问2026-09-17；ACL作者顺序、发表信息与摘要。
CV：https://ikekonglp.github.io/lingpenk_cv.pdf；第9页；版本2026-01-27。
原文摘要依据：“Diffusion models have gained prominence in generating high-quality sequences of text. Nevertheless, current approaches predominantly represent discrete text within a continuous diffusion space, which ”。"
Jiangtao Feng,80,是,待核验,"论文信息汇总.csv 序80：摘要、研究内容、创新点；内容仅据摘要/Introduction归纳。
仅取得可靠元数据或摘要；未取得可读全文。
https://arxiv.org/abs/2310.09512；访问2026-09-17；arXiv作者顺序和摘要。
CV：https://ikekonglp.github.io/lingpenk_cv.pdf；第9页；版本2026-01-27。
原文摘要依据：“Autoregressive~(AR) generation almost dominates sequence generation for its efficacy. Recently, non-autoregressive~(NAR) generation gains increasing popularity for its efficiency and growing efficacy.”。"
Jiangtao Feng,87,是,否,"论文信息汇总.csv 序87：摘要、研究内容、创新点；内容仅据摘要/Introduction归纳。
PDF：港大/Kong, Lingpeng/论文/2023_Compositional Exemplars for In-context Learning.pdf；第1页标题、作者单位与摘要；Introduction在已保存前3页内。
https://arxiv.org/abs/2302.05698；访问2026-09-17；arXiv作者顺序和摘要。
CV：https://ikekonglp.github.io/lingpenk_cv.pdf；第9页；版本2026-01-27。
PDF发表标记：“Proceedings of the 40 th International Conference on Machine       7 distinct tasks, including sentiment analysis, paraphrase”。
原文摘要依据：“Large pretrained language models (LMs) have shown impressive In-Context Learning (ICL) ability, where the model learns to do an unseen task via a prompt consisting of input-output examples as the demo”。"
Jiangtao Feng,88,是,是,"论文信息汇总.csv 序88：摘要、研究内容、创新点；内容仅据摘要/Introduction归纳。
PDF：港大/Kong, Lingpeng/论文/2023_CAB_ Comprehensive Attention Benchmarking on Long Sequence Modeling.pdf；第1页标题、作者单位与摘要；Introduction在已保存前3页内。
https://arxiv.org/abs/2210.07661；访问2026-09-17；arXiv作者顺序和摘要。
CV：https://ikekonglp.github.io/lingpenk_cv.pdf；第10页；版本2026-01-27。
PDF发表标记：“Proceedings of the 40 th International Conference on Machine           causality modeling. We present four patterns of attentions,”。
原文摘要依据：“Transformer has achieved remarkable success in language, image, and speech processing. Recently, various efficient attention architectures have been proposed to improve transformer's efficiency while ”。"
Jiangtao Feng,93,是,待核验,"论文信息汇总.csv 序93：摘要、研究内容、创新点；内容仅据摘要/Introduction归纳。
PDF：港大/Kong, Lingpeng/论文/2023_DiffuSeq_ Sequence to Sequence Text Generation with Diffusion Models.pdf；第1页标题、作者单位与摘要；Introduction在已保存前3页内。
https://arxiv.org/abs/2210.08933；访问2026-09-17；arXiv作者顺序和摘要。
CV：https://ikekonglp.github.io/lingpenk_cv.pdf；第10页；版本2026-01-27。
PDF发表标记：“Published as a conference paper at ICLR 2023”。
原文摘要依据：“Recently, diffusion models have emerged as a new paradigm for generative models. Despite the success in domains using continuous signals such as vision and audio, adapting diffusion models to natural ”。"
Jiangtao Feng,134,是,是,"论文信息汇总.csv 序134：摘要、研究内容、创新点；内容仅据摘要/Introduction归纳。
PDF：港大/Kong, Lingpeng/论文/2023_In-Context Learning with Many Demonstration Examples.pdf；第1页标题、作者单位与摘要；Introduction在已保存前3页内。
https://arxiv.org/abs/2302.04931；访问2026-09-17；arXiv作者顺序和摘要。
原文摘要依据：“Large pre-training language models (PLMs) have shown promising in-context learning abilities. However, due to the backbone transformer architecture, existing PLMs are bottlenecked by the memory and co”。"
Jiangtao Feng,136,是,待核验,"论文信息汇总.csv 序136：摘要、研究内容、创新点；内容仅据摘要/Introduction归纳。
PDF：港大/Kong, Lingpeng/论文/2023_Optimizing Non-Autoregressive Transformers with Contrastive Learning.pdf；第1页标题、作者单位与摘要；Introduction在已保存前3页内。
https://arxiv.org/abs/2305.13667；访问2026-09-17；arXiv作者顺序和摘要。
原文摘要依据：“Non-autoregressive Transformers (NATs) reduce the inference latency of Autoregressive Transformers (ATs) by predicting words all at once rather than in sequential order. They have achieved remarkable ”。"
Jiangtao Feng,142,是,待核验,"论文信息汇总.csv 序142：摘要、研究内容、创新点；内容仅据摘要/Introduction归纳。
仅取得可靠元数据或摘要；未取得可读全文。
https://arxiv.org/abs/2312.11135；访问2026-09-17；arXiv作者顺序和摘要。
原文摘要依据：“Efficient attentions have greatly improved the computational efficiency of Transformers. However, most existing linear attention mechanisms suffer from an \emph{efficiency degradation} problem, leadin”。"
Chong Wang（论文 #2，身份待核验）,2,否,待核验,"论文信息汇总.csv 序2：摘要、研究内容、创新点；内容仅据摘要/Introduction归纳。
PDF：港大/Kong, Lingpeng/论文/2018_Neural Phrase-to-Phrase Machine Translation.pdf；第1页标题、作者单位与摘要；Introduction在已保存前3页内。
https://arxiv.org/abs/1811.02172；访问2026-09-17；arXiv作者顺序和摘要。
CV：https://ikekonglp.github.io/lingpenk_cv.pdf；第3页；版本2026-01-27。
原文摘要依据：“In this paper, we propose Neural Phrase-to-Phrase Machine Translation (NP$^2$MT). Our model uses a phrase attention mechanism to discover relevant input (source) segments that are used by a decoder to”。"
Chong Wang（论文 #90，身份待核验）,90,是,待核验,"论文信息汇总.csv 序90：摘要、研究内容、创新点；内容仅据摘要/Introduction归纳。
PDF：港大/Kong, Lingpeng/论文/2023_Efficient Attention via Control Variates.pdf；第1页标题、作者单位与摘要；Introduction在已保存前3页内。
https://arxiv.org/abs/2302.04542；访问2026-09-17；arXiv作者顺序和摘要。
CV：https://ikekonglp.github.io/lingpenk_cv.pdf；第10页；版本2026-01-27。
PDF发表标记：“Published as a conference paper at ICLR 2023”。
原文摘要依据：“Random-feature-based attention (RFA) is an efficient approximation of softmax attention with linear runtime and space complexity. However, the approximation gap between RFA and conventional softmax at”。"
Chong Wang（论文 #103，身份待核验）,103,是,否,"论文信息汇总.csv 序103：摘要、研究内容、创新点；内容仅据摘要/Introduction归纳。
PDF：港大/Kong, Lingpeng/论文/2022_Linear Complexity Randomized Self-attention Mechanism.pdf；第1页标题、作者单位与摘要；Introduction在已保存前3页内。
https://arxiv.org/abs/2204.04667；访问2026-09-17；arXiv作者顺序和摘要。
CV：https://ikekonglp.github.io/lingpenk_cv.pdf；第11页；版本2026-01-27。
PDF发表标记：“Proceedings of the 39 th International Conference on Machine        the estimator is still consistent, the bias in question is elusive and”。
原文摘要依据：“Recently, random feature attentions (RFAs) are proposed to approximate the softmax attention in linear time and space complexity by linearizing the exponential kernel. In this paper, we first propose ”。"
Miguel Ballesteros（论文 #6，身份待核验）,6,否,待核验,"论文信息汇总.csv 序6：摘要、研究内容、创新点；内容仅据摘要/Introduction归纳。
PDF：港大/Kong, Lingpeng/论文/2017_DyNet_ The Dynamic Neural Network Toolkit.pdf；第1页标题、作者单位与摘要；Introduction在已保存前3页内。
https://arxiv.org/abs/1701.03980；访问2026-09-17；arXiv作者顺序和摘要。
CV：https://ikekonglp.github.io/lingpenk_cv.pdf；第3页；版本2026-01-27。
原文摘要依据：“We describe DyNet, a toolkit for implementing neural network models based on dynamic declaration of network structure. In the static declaration strategy that is used in toolkits like Theano, CNTK, an”。"
Miguel Ballesteros（论文 #118，身份待核验）,118,否,待核验,"论文信息汇总.csv 序118：摘要、研究内容、创新点；内容仅据摘要/Introduction归纳。
PDF：港大/Kong, Lingpeng/论文/2017_What Do Recurrent Neural Network Grammars Learn About Syntax_.pdf；第1页标题、作者单位与摘要；Introduction在已保存前3页内。
https://aclanthology.org/E17-1117/；访问2026-09-17；ACL作者顺序、发表信息与摘要。
CV：https://ikekonglp.github.io/lingpenk_cv.pdf；第12页；版本2026-01-27。
PDF发表标记：“Proceedings of the 15th Conference of the European Chapter of the Association for Computational Linguistics: Volume 1, Long Papers, pages 1249–1258,”。
原文摘要依据：“Recurrent neural network grammars (RNNG) are a recently proposed probablistic generative modeling family for natural language. They show state-of-the-art language modeling and parsing performance. We ”。"
Miguel Ballesteros（论文 #120，身份待核验）,120,否,待核验,"论文信息汇总.csv 序120：摘要、研究内容、创新点；内容仅据摘要/Introduction归纳。
PDF：港大/Kong, Lingpeng/论文/2016_Distilling an Ensemble of Greedy Dependency Parsers into One MST Parser.pdf；第1页标题、作者单位与摘要；Introduction在已保存前3页内。
https://aclanthology.org/D16-1180/；访问2026-09-17；ACL作者顺序、发表信息与摘要。
CV：https://ikekonglp.github.io/lingpenk_cv.pdf；第12页；版本2026-01-27。
PDF发表标记：“Proceedings of the 2016 Conference on Empirical Methods in Natural Language Processing, pages 1744–1753,”。
原文摘要依据：“We introduce two first-order graph-based dependency parsers achieving a new state of the art. The first is a consensus parser built from an ensemble of independently trained greedy LSTM transition-bas”。"
Adhiguna Kuncoro（论文 #6，身份待核验）,6,否,待核验,"论文信息汇总.csv 序6：摘要、研究内容、创新点；内容仅据摘要/Introduction归纳。
PDF：港大/Kong, Lingpeng/论文/2017_DyNet_ The Dynamic Neural Network Toolkit.pdf；第1页标题、作者单位与摘要；Introduction在已保存前3页内。
https://arxiv.org/abs/1701.03980；访问2026-09-17；arXiv作者顺序和摘要。
CV：https://ikekonglp.github.io/lingpenk_cv.pdf；第3页；版本2026-01-27。
原文摘要依据：“We describe DyNet, a toolkit for implementing neural network models based on dynamic declaration of network structure. In the static declaration strategy that is used in toolkits like Theano, CNTK, an”。"
Adhiguna Kuncoro（论文 #13，身份待核验）,13,否,待核验,"论文信息汇总.csv 序13：摘要、研究内容、创新点；内容仅据摘要/Introduction归纳。
PDF：港大/Kong, Lingpeng/论文/2020_Syntactic Structure Distillation Pretraining for Bidirectional Encoders.pdf；第1页标题、作者单位与摘要；Introduction在已保存前3页内。
https://aclanthology.org/2020.tacl-1.50/；访问2026-09-17；ACL作者顺序、发表信息与摘要。
CV：https://ikekonglp.github.io/lingpenk_cv.pdf；第4页；版本2026-01-27。
原文摘要依据：“Textual representation learners trained on large amounts of data have achieved notable success on downstream tasks; intriguingly, they have also performed well on challenging tests of syntactic compet”。"
Adhiguna Kuncoro（论文 #118，身份待核验）,118,否,待核验,"论文信息汇总.csv 序118：摘要、研究内容、创新点；内容仅据摘要/Introduction归纳。
PDF：港大/Kong, Lingpeng/论文/2017_What Do Recurrent Neural Network Grammars Learn About Syntax_.pdf；第1页标题、作者单位与摘要；Introduction在已保存前3页内。
https://aclanthology.org/E17-1117/；访问2026-09-17；ACL作者顺序、发表信息与摘要。
CV：https://ikekonglp.github.io/lingpenk_cv.pdf；第12页；版本2026-01-27。
PDF发表标记：“Proceedings of the 15th Conference of the European Chapter of the Association for Computational Linguistics: Volume 1, Long Papers, pages 1249–1258,”。
原文摘要依据：“Recurrent neural network grammars (RNNG) are a recently proposed probablistic generative modeling family for natural language. They show state-of-the-art language modeling and parsing performance. We ”。"
Adhiguna Kuncoro（论文 #120，身份待核验）,120,否,待核验,"论文信息汇总.csv 序120：摘要、研究内容、创新点；内容仅据摘要/Introduction归纳。
PDF：港大/Kong, Lingpeng/论文/2016_Distilling an Ensemble of Greedy Dependency Parsers into One MST Parser.pdf；第1页标题、作者单位与摘要；Introduction在已保存前3页内。
https://aclanthology.org/D16-1180/；访问2026-09-17；ACL作者顺序、发表信息与摘要。
CV：https://ikekonglp.github.io/lingpenk_cv.pdf；第12页；版本2026-01-27。
PDF发表标记：“Proceedings of the 2016 Conference on Empirical Methods in Natural Language Processing, pages 1744–1753,”。
原文摘要依据：“We introduce two first-order graph-based dependency parsers achieving a new state of the art. The first is a consensus parser built from an ensemble of independently trained greedy LSTM transition-bas”。"
Pengcheng Yin（论文 #6，身份待核验）,6,否,待核验,"论文信息汇总.csv 序6：摘要、研究内容、创新点；内容仅据摘要/Introduction归纳。
PDF：港大/Kong, Lingpeng/论文/2017_DyNet_ The Dynamic Neural Network Toolkit.pdf；第1页标题、作者单位与摘要；Introduction在已保存前3页内。
https://arxiv.org/abs/1701.03980；访问2026-09-17；arXiv作者顺序和摘要。
CV：https://ikekonglp.github.io/lingpenk_cv.pdf；第3页；版本2026-01-27。
原文摘要依据：“We describe DyNet, a toolkit for implementing neural network models based on dynamic declaration of network structure. In the static declaration strategy that is used in toolkits like Theano, CNTK, an”。"
Pengcheng Yin（论文 #97，身份待核验）,97,否,待核验,"论文信息汇总.csv 序97：摘要、研究内容、创新点；内容仅据摘要/Introduction归纳。
仅取得可靠元数据或摘要；未取得可读全文。
https://aclanthology.org/2022.emnlp-main.39/；访问2026-09-17；ACL作者顺序、发表信息与摘要。
CV：https://ikekonglp.github.io/lingpenk_cv.pdf；第10页；版本2026-01-27。
原文摘要依据：“Structured knowledge grounding (SKG) leverages structured knowledge to complete user requests, such as semantic parsing over databases and question answering over knowledge bases. Since the inputs and”。"
Pengcheng Yin（论文 #144，身份待核验）,144,否,待核验,"论文信息汇总.csv 序144：摘要、研究内容、创新点；内容仅据摘要/Introduction归纳。
仅取得可靠元数据或摘要；未取得可读全文。
https://arxiv.org/abs/2403.14734；访问2026-09-17；arXiv作者顺序和摘要。
原文摘要依据：“Neural Code Intelligence -- leveraging deep learning to understand, generate, and optimize code -- holds immense potential for transformative impacts on the whole society. Bridging the gap between Nat”。"
Noah A. Smith,7,否,待核验,"论文信息汇总.csv 序7：摘要、研究内容、创新点；内容仅据摘要/Introduction归纳。
PDF：港大/Kong, Lingpeng/论文/2014_An Empirical Comparison of Parsing Methods for Stanford Dependencies.pdf；第1页标题、作者单位与摘要；Introduction在已保存前3页内。
https://arxiv.org/abs/1404.4314；访问2026-09-17；arXiv作者顺序和摘要。
CV：https://ikekonglp.github.io/lingpenk_cv.pdf；第3页；版本2026-01-27。
原文摘要依据：“Stanford typed dependencies are a widely desired representation of natural language sentences, but parsing is one of the major computational bottlenecks in text analysis systems. In light of the evolv”。"
Noah A. Smith,124,否,待核验,"论文信息汇总.csv 序124：摘要、研究内容、创新点；内容仅据摘要/Introduction归纳。
PDF：港大/Kong, Lingpeng/论文/2014_A Dependency Parser for Tweets.pdf；第1页标题、作者单位与摘要；Introduction在已保存前3页内。
https://aclanthology.org/D14-1108/；访问2026-09-17；ACL作者顺序、发表信息与摘要。
CV：https://ikekonglp.github.io/lingpenk_cv.pdf；第12页；版本2026-01-27。
PDF发表标记：“Proceedings of the 2014 Conference on Empirical Methods in Natural Language Processing (EMNLP), pages 1001–1012,”。
原文摘要依据：“We describe a new dependency parser for English tweets, TWEEBOPARSER. The parser builds on several contributions: new syntactic annotations for a corpus of tweets (TWEEBANK), with conventions informed”。"
Noah A. Smith,122,否,待核验,"论文信息汇总.csv 序122：摘要、研究内容、创新点；内容仅据摘要/Introduction归纳。
PDF：港大/Kong, Lingpeng/论文/2015_Bayesian Optimization of Text Representations.pdf；第1页标题、作者单位与摘要；Introduction在已保存前3页内。
https://aclanthology.org/D15-1251/；访问2026-09-17；ACL作者顺序、发表信息与摘要。
CV：https://ikekonglp.github.io/lingpenk_cv.pdf；第12页；版本2026-01-27。
PDF发表标记：“Proceedings of the 2015 Conference on Empirical Methods in Natural Language Processing, pages 2100–2105,”。
原文摘要依据：“When applying machine learning to problems in NLP, there are many choices to make about how to represent input texts. They can have a big effect on performance, but they are often uninteresting to res”。"
Noah A. Smith,123,否,待核验,"论文信息汇总.csv 序123：摘要、研究内容、创新点；内容仅据摘要/Introduction归纳。
PDF：港大/Kong, Lingpeng/论文/2015_Transforming Dependencies into Phrase Structures.pdf；第1页标题、作者单位与摘要；Introduction在已保存前3页内。
https://aclanthology.org/N15-1080/；访问2026-09-17；ACL作者顺序、发表信息与摘要。
CV：https://ikekonglp.github.io/lingpenk_cv.pdf；第12页；版本2026-01-27。
原文摘要依据：“We present a new algorithm for transforming dependency parse trees into phrase-structure parse trees. We cast the problem as structured prediction and learn a statistical model. Our algorithm is faste”。"
Noah A. Smith,119,否,待核验,"论文信息汇总.csv 序119：摘要、研究内容、创新点；内容仅据摘要/Introduction归纳。
PDF：港大/Kong, Lingpeng/论文/2016_Segmental Recurrent Neural Networks for End-to-end Speech Recognition.pdf；第1页标题、作者单位与摘要；Introduction在已保存前3页内。
https://arxiv.org/abs/1603.00223；访问2026-09-17；arXiv作者顺序和摘要。
CV：https://ikekonglp.github.io/lingpenk_cv.pdf；第12页；版本2026-01-27。
原文摘要依据：“We study the segmental recurrent neural network for end-to-end acoustic modelling. This model connects the segmental conditional random field (CRF) with a recurrent neural network (RNN) used for featu”。"
Noah A. Smith,120,否,待核验,"论文信息汇总.csv 序120：摘要、研究内容、创新点；内容仅据摘要/Introduction归纳。
PDF：港大/Kong, Lingpeng/论文/2016_Distilling an Ensemble of Greedy Dependency Parsers into One MST Parser.pdf；第1页标题、作者单位与摘要；Introduction在已保存前3页内。
https://aclanthology.org/D16-1180/；访问2026-09-17；ACL作者顺序、发表信息与摘要。
CV：https://ikekonglp.github.io/lingpenk_cv.pdf；第12页；版本2026-01-27。
PDF发表标记：“Proceedings of the 2016 Conference on Empirical Methods in Natural Language Processing, pages 1744–1753,”。
原文摘要依据：“We introduce two first-order graph-based dependency parsers achieving a new state of the art. The first is a consensus parser built from an ensemble of independently trained greedy LSTM transition-bas”。"
Noah A. Smith,121,否,待核验,"论文信息汇总.csv 序121：摘要、研究内容、创新点；内容仅据摘要/Introduction归纳。
PDF：港大/Kong, Lingpeng/论文/2016_Segmental Recurrent Neural Networks.pdf；第1页标题、作者单位与摘要；Introduction在已保存前3页内。
https://arxiv.org/abs/1511.06018；访问2026-09-17；arXiv作者顺序和摘要。
CV：https://ikekonglp.github.io/lingpenk_cv.pdf；第12页；版本2026-01-27。
PDF发表标记：“Published as a conference paper at ICLR 2016”。
原文摘要依据：“We introduce segmental recurrent neural networks (SRNNs) which define, given an input sequence, a joint probability distribution over segmentations of the input and labelings of the segments. Represen”。"
Noah A. Smith,15,否,待核验,"论文信息汇总.csv 序15：摘要、研究内容、创新点；内容仅据摘要/Introduction归纳。
PDF：港大/Kong, Lingpeng/论文/2017_End-to-End Neural Segmental Models for Speech Recognition.pdf；第1页标题、作者单位与摘要；Introduction在已保存前3页内。
https://arxiv.org/abs/1708.00531；访问2026-09-17；arXiv作者顺序和摘要。
CV：https://ikekonglp.github.io/lingpenk_cv.pdf；第4页；版本2026-01-27。
原文摘要依据：“Segmental models are an alternative to frame-based models for sequence prediction, where hypothesized path weights are based on entire segment scores rather than a single frame at a time. Neural segme”。"
Noah A. Smith,117,否,待核验,"论文信息汇总.csv 序117：摘要、研究内容、创新点；内容仅据摘要/Introduction归纳。
PDF：港大/Kong, Lingpeng/论文/2017_Multi-task Learning with CTC and Segmental CRF for Speech Recognition.pdf；第1页标题、作者单位与摘要；Introduction在已保存前3页内。
https://arxiv.org/abs/1702.06378；访问2026-09-17；arXiv作者顺序和摘要。
CV：https://ikekonglp.github.io/lingpenk_cv.pdf；第12页；版本2026-01-27。
原文摘要依据：“Segmental conditional random fields (SCRFs) and connectionist temporal classification (CTC) are two sequence labeling methods used for end-to-end training of speech recognition models. Both models def”。"
Noah A. Smith,118,否,待核验,"论文信息汇总.csv 序118：摘要、研究内容、创新点；内容仅据摘要/Introduction归纳。
PDF：港大/Kong, Lingpeng/论文/2017_What Do Recurrent Neural Network Grammars Learn About Syntax_.pdf；第1页标题、作者单位与摘要；Introduction在已保存前3页内。
https://aclanthology.org/E17-1117/；访问2026-09-17；ACL作者顺序、发表信息与摘要。
CV：https://ikekonglp.github.io/lingpenk_cv.pdf；第12页；版本2026-01-27。
PDF发表标记：“Proceedings of the 15th Conference of the European Chapter of the Association for Computational Linguistics: Volume 1, Long Papers, pages 1249–1258,”。
原文摘要依据：“Recurrent neural network grammars (RNNG) are a recently proposed probablistic generative modeling family for natural language. They show state-of-the-art language modeling and parsing performance. We ”。"
Noah A. Smith,97,否,待核验,"论文信息汇总.csv 序97：摘要、研究内容、创新点；内容仅据摘要/Introduction归纳。
仅取得可靠元数据或摘要；未取得可读全文。
https://aclanthology.org/2022.emnlp-main.39/；访问2026-09-17；ACL作者顺序、发表信息与摘要。
CV：https://ikekonglp.github.io/lingpenk_cv.pdf；第10页；版本2026-01-27。
原文摘要依据：“Structured knowledge grounding (SKG) leverages structured knowledge to complete user requests, such as semantic parsing over databases and question answering over knowledge bases. Since the inputs and”。"
Noah A. Smith,108,否,待核验,"论文信息汇总.csv 序108：摘要、研究内容、创新点；内容仅据摘要/Introduction归纳。
PDF：港大/Kong, Lingpeng/论文/2022_ABC_ Attention with Bounded-memory Control.pdf；第1页标题、作者单位与摘要；Introduction在已保存前3页内。
https://aclanthology.org/2022.acl-long.515/；访问2026-09-17；ACL作者顺序、发表信息与摘要。
CV：https://ikekonglp.github.io/lingpenk_cv.pdf；第11页；版本2026-01-27。
PDF发表标记：“Proceedings of the 60th Annual Meeting of the Association for Computational Linguistics”。
原文摘要依据：“Transformer architectures have achieved state- of-the-art results on a variety of natural language processing (NLP) tasks. However, their attention mechanism comes with a quadratic complexity in seque”。"
Xiachong Feng,60,否,待核验,"论文信息汇总.csv 序60：摘要、研究内容、创新点；内容仅据摘要/Introduction归纳。
仅取得可靠元数据或摘要；未取得可读全文。
https://aclanthology.org/2024.acl-long.775/；访问2026-09-17；ACL作者顺序、发表信息与摘要。
CV：https://ikekonglp.github.io/lingpenk_cv.pdf；第7页；版本2026-01-27。
原文摘要依据：“Large vision-language models (LVLMs) excel across diverse tasks involving concrete images from natural scenes. However, their ability to interpret abstract figures, such as geometry shapes and scienti”。"
Xiachong Feng,148,是,待核验,"论文信息汇总.csv 序148：摘要、研究内容、创新点；内容仅据摘要/Introduction归纳。
仅取得可靠元数据或摘要；未取得可读全文。
https://arxiv.org/abs/2410.10479；访问2026-09-17；arXiv作者顺序和摘要。
原文摘要依据：“The rapid advancement of large language models has accelerated their application in reasoning, with strategic reasoning drawing increasing attention. To evaluate the strategic reasoning capabilities o”。"
Xiachong Feng,149,否,是,"论文信息汇总.csv 序149：摘要、研究内容、创新点；内容仅据摘要/Introduction归纳。
PDF：港大/Kong, Lingpeng/论文/2024_Understanding the Role of LLMs in Multimodal Evaluation Benchmarks.pdf；第1页标题、作者单位与摘要；Introduction在已保存前3页内。
https://arxiv.org/abs/2410.12329；访问2026-09-17；arXiv作者顺序和摘要。
原文摘要依据：“The rapid advancement of Multimodal Large Language Models (MLLMs) has been accompanied by the development of various benchmarks to evaluate their capabilities. However, the true nature of these evalua”。"
Xiachong Feng,8,是,待核验,"论文信息汇总.csv 序8：摘要、研究内容、创新点；内容仅据摘要/Introduction归纳。
PDF：港大/Kong, Lingpeng/论文/2025_A Survey on Large Language Model-Based Social Agents in Game-Theoretic Scenarios.pdf；第1页标题、作者单位与摘要；Introduction在已保存前3页内。
https://arxiv.org/abs/2412.03920；访问2026-09-17；arXiv作者顺序和摘要。
CV：https://ikekonglp.github.io/lingpenk_cv.pdf；第3页；版本2026-01-27。
PDF发表标记：“Published in Transactions on Machine Learning Research (05/2025)”。
原文摘要依据：“Game-theoretic scenarios have become pivotal in evaluating the social intelligence of Large Language Model (LLM)-based social agents. While numerous studies have explored these agents in such settings”。"
Xiachong Feng,33,是,是,"论文信息汇总.csv 序33：摘要、研究内容、创新点；内容仅据摘要/Introduction归纳。
PDF：港大/Kong, Lingpeng/论文/2025_Reasoning Does Not Necessarily Improve Role-Playing Ability.pdf；第1页标题、作者单位与摘要；Introduction在已保存前3页内。
https://aclanthology.org/2025.findings-acl.537/；访问2026-09-17；ACL作者顺序、发表信息与摘要。
CV：https://ikekonglp.github.io/lingpenk_cv.pdf；第5页；版本2026-01-27。
原文摘要依据：“The application of role-playing large language models (LLMs) is rapidly expanding in both academic and commercial domains, driving an increasing demand for high-precision role-playing models. Simultan”。"
Xiachong Feng,35,否,否,"论文信息汇总.csv 序35：摘要、研究内容、创新点；内容仅据摘要/Introduction归纳。
PDF：港大/Kong, Lingpeng/论文/2025_Alleviating Hallucinations from Knowledge Misalignment in Large Language Models via Selective Abstention Learning.pdf；第1页标题、作者单位与摘要；Introduction在已保存前3页内。
https://aclanthology.org/2025.acl-long.1199/；访问2026-09-17；ACL作者顺序、发表信息与摘要。
CV：https://ikekonglp.github.io/lingpenk_cv.pdf；第6页；版本2026-01-27。
PDF发表标记：“Proceedings of the 63rd Annual Meeting of the Association for Computational Linguistics (Volume 1: Long Papers), pages 24564–24579”。
原文摘要依据：“Large language models (LLMs) are known to suffer from severe hallucination issues. One of the main causes lies in the knowledge misalignment between the pre-training stage and the supervised fine-tuni”。"
Xiachong Feng,16,是,待核验,"论文信息汇总.csv 序16：摘要、研究内容、创新点；内容仅据摘要/Introduction归纳。
仅取得可靠元数据或摘要；未取得可读全文。
https://arxiv.org/abs/2505.19897；访问2026-09-17；arXiv作者顺序和摘要。
CV：https://ikekonglp.github.io/lingpenk_cv.pdf；第4页；版本2026-01-27。
原文摘要依据：“Large Language Models (LLMs) have extended their impact beyond Natural Language Processing, substantially fostering the development of interdisciplinary research. Recently, various LLM-based agents ha”。"
Xiachong Feng,18,否,是,"论文信息汇总.csv 序18：摘要、研究内容、创新点；内容仅据摘要/Introduction归纳。
PDF：港大/Kong, Lingpeng/论文/2026_PERSONA_ Dynamic and Compositional Inference-Time Personality Control via Activation Vector Algebra.pdf；第1页标题、作者单位与摘要；Introduction在已保存前3页内。
https://arxiv.org/abs/2602.15669；访问2026-09-17；arXiv作者顺序和摘要。
CV：https://ikekonglp.github.io/lingpenk_cv.pdf；第4页；版本2026-01-27。
PDF发表标记：“Published as a conference paper at ICLR 2026”。
原文摘要依据：“Current methods for personality control in Large Language Models rely on static prompting or expensive fine-tuning, failing to capture the dynamic and compositional nature of human traits. We introduc”。"
Xiachong Feng,164,是,否,"论文信息汇总.csv 序164：摘要、研究内容、创新点；内容仅据摘要/Introduction归纳。
PDF：港大/Kong, Lingpeng/论文/2026_Proxy Compression for Language Modeling.pdf；第1页标题、作者单位与摘要；Introduction在已保存前3页内。
https://arxiv.org/abs/2602.04289；访问2026-09-17；arXiv作者顺序和摘要。
PDF发表标记：“Proceedings of the 43 International Conference on Machine               trasting it with compressed sequences often derived from that byte”。
原文摘要依据：“Modern language models are trained almost exclusively on token sequences produced by a fixed tokenizer, an external lossless compressor often over UTF-8 byte sequences, thereby coupling the model to t”。"
Xiachong Feng,169,是,否,"论文信息汇总.csv 序169：摘要、研究内容、创新点；内容仅据摘要/Introduction归纳。
PDF：港大/Kong, Lingpeng/论文/2026_ImplicitMemBench_ Measuring Unconscious Behavioral Adaptation in Large Language Models.pdf；第1页标题、作者单位与摘要；Introduction在已保存前3页内。
https://aclanthology.org/2026.acl-long.1301/；访问2026-09-17；ACL作者顺序、发表信息与摘要。
PDF发表标记：“Proceedings of the 64th Annual Meeting of the Association for Computational Linguistics (Volume 1: Long Papers), pages 28232–28261”。
原文摘要依据：“Existing memory benchmarks for LLM agents evaluate explicit recall of facts, yet overlook implicit memory where experience becomes automated behavior without conscious retrieval. This gap is critical:”。"
Xiachong Feng,170,是,是,"论文信息汇总.csv 序170：摘要、研究内容、创新点；内容仅据摘要/Introduction归纳。
PDF：港大/Kong, Lingpeng/论文/2026_Stratagem_ Learning Transferable Reasoning via Trajectory-Modulated Game Self-Play.pdf；第1页标题、作者单位与摘要；Introduction在已保存前3页内。
https://aclanthology.org/2026.acl-long.897/；访问2026-09-17；ACL作者顺序、发表信息与摘要。
PDF发表标记：“Proceedings of the 64th Annual Meeting of the Association for Computational Linguistics (Volume 1: Long Papers), pages 19595–19614”。
原文摘要依据：“Games offer a compelling paradigm for developing general reasoning capabilities in language models, as they naturally demand strategic planning, probabilistic inference, and adaptive decision-making. ”。"
Xiachong Feng,171,是,是,"论文信息汇总.csv 序171：摘要、研究内容、创新点；内容仅据摘要/Introduction归纳。
PDF：港大/Kong, Lingpeng/论文/2026_SAVOIR_ Learning Social Savoir-Faire via Shapley-based Reward Attribution.pdf；第1页标题、作者单位与摘要；Introduction在已保存前3页内。
https://aclanthology.org/2026.findings-acl.699/；访问2026-09-17；ACL作者顺序、发表信息与摘要。
原文摘要依据：“Social intelligence, the ability to navigate complex interpersonal interactions, presents a fundamental challenge for language agents. Training such agents via reinforcement learning requires solving ”。"
Xiachong Feng,172,是,否,"论文信息汇总.csv 序172：摘要、研究内容、创新点；内容仅据摘要/Introduction归纳。
PDF：港大/Kong, Lingpeng/论文/2026_The Granularity Axis_ A Micro-to-Macro Latent Direction for Social Roles in Language Models.pdf；第1页标题、作者单位与摘要；Introduction在已保存前3页内。
https://arxiv.org/abs/2605.06196；访问2026-09-17；arXiv作者顺序和摘要。
原文摘要依据：“Large language models (LLMs) are routinely prompted to take on social roles ranging from individuals to institutions, yet it remains unclear whether their internal representations encode the granulari”。"
Longxu Dou（论文 #8，身份待核验）,8,是,待核验,"论文信息汇总.csv 序8：摘要、研究内容、创新点；内容仅据摘要/Introduction归纳。
PDF：港大/Kong, Lingpeng/论文/2025_A Survey on Large Language Model-Based Social Agents in Game-Theoretic Scenarios.pdf；第1页标题、作者单位与摘要；Introduction在已保存前3页内。
https://arxiv.org/abs/2412.03920；访问2026-09-17；arXiv作者顺序和摘要。
CV：https://ikekonglp.github.io/lingpenk_cv.pdf；第3页；版本2026-01-27。
PDF发表标记：“Published in Transactions on Machine Learning Research (05/2025)”。
原文摘要依据：“Game-theoretic scenarios have become pivotal in evaluating the social intelligence of Large Language Model (LLM)-based social agents. While numerous studies have explored these agents in such settings”。"
Longxu Dou（论文 #33，身份待核验）,33,是,是,"论文信息汇总.csv 序33：摘要、研究内容、创新点；内容仅据摘要/Introduction归纳。
PDF：港大/Kong, Lingpeng/论文/2025_Reasoning Does Not Necessarily Improve Role-Playing Ability.pdf；第1页标题、作者单位与摘要；Introduction在已保存前3页内。
https://aclanthology.org/2025.findings-acl.537/；访问2026-09-17；ACL作者顺序、发表信息与摘要。
CV：https://ikekonglp.github.io/lingpenk_cv.pdf；第5页；版本2026-01-27。
原文摘要依据：“The application of role-playing large language models (LLMs) is rapidly expanding in both academic and commercial domains, driving an increasing demand for high-precision role-playing models. Simultan”。"
Yu Guo（论文 #8，身份待核验）,8,是,待核验,"论文信息汇总.csv 序8：摘要、研究内容、创新点；内容仅据摘要/Introduction归纳。
PDF：港大/Kong, Lingpeng/论文/2025_A Survey on Large Language Model-Based Social Agents in Game-Theoretic Scenarios.pdf；第1页标题、作者单位与摘要；Introduction在已保存前3页内。
https://arxiv.org/abs/2412.03920；访问2026-09-17；arXiv作者顺序和摘要。
CV：https://ikekonglp.github.io/lingpenk_cv.pdf；第3页；版本2026-01-27。
PDF发表标记：“Published in Transactions on Machine Learning Research (05/2025)”。
原文摘要依据：“Game-theoretic scenarios have become pivotal in evaluating the social intelligence of Large Language Model (LLM)-based social agents. While numerous studies have explored these agents in such settings”。"
Yu Guo（论文 #148，身份待核验）,148,是,待核验,"论文信息汇总.csv 序148：摘要、研究内容、创新点；内容仅据摘要/Introduction归纳。
仅取得可靠元数据或摘要；未取得可读全文。
https://arxiv.org/abs/2410.10479；访问2026-09-17；arXiv作者顺序和摘要。
原文摘要依据：“The rapid advancement of large language models has accelerated their application in reasoning, with strategic reasoning drawing increasing attention. To evaluate the strategic reasoning capabilities o”。"
Haochuan Wang（论文 #8，身份待核验）,8,是,待核验,"论文信息汇总.csv 序8：摘要、研究内容、创新点；内容仅据摘要/Introduction归纳。
PDF：港大/Kong, Lingpeng/论文/2025_A Survey on Large Language Model-Based Social Agents in Game-Theoretic Scenarios.pdf；第1页标题、作者单位与摘要；Introduction在已保存前3页内。
https://arxiv.org/abs/2412.03920；访问2026-09-17；arXiv作者顺序和摘要。
CV：https://ikekonglp.github.io/lingpenk_cv.pdf；第3页；版本2026-01-27。
PDF发表标记：“Published in Transactions on Machine Learning Research (05/2025)”。
原文摘要依据：“Game-theoretic scenarios have become pivotal in evaluating the social intelligence of Large Language Model (LLM)-based social agents. While numerous studies have explored these agents in such settings”。"
Haochuan Wang（论文 #148，身份待核验）,148,是,待核验,"论文信息汇总.csv 序148：摘要、研究内容、创新点；内容仅据摘要/Introduction归纳。
仅取得可靠元数据或摘要；未取得可读全文。
https://arxiv.org/abs/2410.10479；访问2026-09-17；arXiv作者顺序和摘要。
原文摘要依据：“The rapid advancement of large language models has accelerated their application in reasoning, with strategic reasoning drawing increasing attention. To evaluate the strategic reasoning capabilities o”。"
Chang Ma,78,否,待核验,"论文信息汇总.csv 序78：摘要、研究内容、创新点；内容仅据摘要/Introduction归纳。
仅取得可靠元数据或摘要；未取得可读全文。
https://arxiv.org/abs/2306.13089；访问2026-09-17；arXiv作者顺序和摘要。
CV：https://ikekonglp.github.io/lingpenk_cv.pdf；第9页；版本2026-01-27。
原文摘要依据：“Molecule property prediction has gained significant attention in recent years. The main bottleneck is the label insufficiency caused by expensive lab experiments. In order to alleviate this issue and ”。"
Chang Ma,53,否,待核验,"论文信息汇总.csv 序53：摘要、研究内容、创新点；内容仅据摘要/Introduction归纳。
仅取得可靠元数据或摘要；未取得可读全文。
https://arxiv.org/abs/2401.13178；访问2026-09-17；arXiv作者顺序和摘要。
CV：https://ikekonglp.github.io/lingpenk_cv.pdf；第7页；版本2026-01-27。
原文摘要依据：“Evaluating Large Language Models (LLMs) as general-purpose agents is essential for understanding their capabilities and facilitating their integration into practical applications. However, the evaluat”。"
Chang Ma,54,是,待核验,"论文信息汇总.csv 序54：摘要、研究内容、创新点；内容仅据摘要/Introduction归纳。
PDF：港大/Kong, Lingpeng/论文/2024_Retrieved Sequence Augmentation for Protein Representation Learning.pdf；第1页标题、作者单位与摘要；Introduction在已保存前3页内。
https://aclanthology.org/2024.emnlp-main.104/；访问2026-09-17；ACL作者顺序、发表信息与摘要。
CV：https://ikekonglp.github.io/lingpenk_cv.pdf；第7页；版本2026-01-27。
原文摘要依据：“Protein Language Models traditionally depend on Multiple Sequence Alignments (MSA) to incorporate evolutionary knowledge. However, MSA-based approaches suffer from substantial computational overhead a”。"
Chang Ma,56,否,待核验,"论文信息汇总.csv 序56：摘要、研究内容、创新点；内容仅据摘要/Introduction归纳。
PDF：港大/Kong, Lingpeng/论文/2024_Empowering Large Language Model Agents through Action Learning.pdf；第1页标题、作者单位与摘要；Introduction在已保存前3页内。
https://arxiv.org/abs/2402.15809；访问2026-09-17；arXiv作者顺序和摘要。
CV：https://ikekonglp.github.io/lingpenk_cv.pdf；第7页；版本2026-01-27。
原文摘要依据：“Large Language Model (LLM) Agents have recently garnered increasing interest yet they are limited in their ability to learn from trial and error, a key element of intelligent behavior. In this work, w”。"
Chang Ma,65,否,待核验,"论文信息汇总.csv 序65：摘要、研究内容、创新点；内容仅据摘要/Introduction归纳。
仅取得可靠元数据或摘要；未取得可读全文。
https://aclanthology.org/2024.findings-acl.123/；访问2026-09-17；ACL作者顺序、发表信息与摘要。
CV：https://ikekonglp.github.io/lingpenk_cv.pdf；第8页；版本2026-01-27。
原文摘要依据：“With promising yet saturated results in high-resource settings, low-resource datasets have gradually become crucial benchmarks (e.g., BigBench Hard, superGLUE) for evaluating the learning ability of a”。"
Chang Ma,144,否,待核验,"论文信息汇总.csv 序144：摘要、研究内容、创新点；内容仅据摘要/Introduction归纳。
仅取得可靠元数据或摘要；未取得可读全文。
https://arxiv.org/abs/2403.14734；访问2026-09-17；arXiv作者顺序和摘要。
原文摘要依据：“Neural Code Intelligence -- leveraging deep learning to understand, generate, and optimize code -- holds immense potential for transformative impacts on the whole society. Bridging the gap between Nat”。"
Chang Ma,8,是,待核验,"论文信息汇总.csv 序8：摘要、研究内容、创新点；内容仅据摘要/Introduction归纳。
PDF：港大/Kong, Lingpeng/论文/2025_A Survey on Large Language Model-Based Social Agents in Game-Theoretic Scenarios.pdf；第1页标题、作者单位与摘要；Introduction在已保存前3页内。
https://arxiv.org/abs/2412.03920；访问2026-09-17；arXiv作者顺序和摘要。
CV：https://ikekonglp.github.io/lingpenk_cv.pdf；第3页；版本2026-01-27。
PDF发表标记：“Published in Transactions on Machine Learning Research (05/2025)”。
原文摘要依据：“Game-theoretic scenarios have become pivotal in evaluating the social intelligence of Large Language Model (LLM)-based social agents. While numerous studies have explored these agents in such settings”。"
Chang Ma,42,是,待核验,"论文信息汇总.csv 序42：摘要、研究内容、创新点；内容仅据摘要/Introduction归纳。
PDF：港大/Kong, Lingpeng/论文/2025_Language Model Non-Myopic Generation for Reasoning and Planning.pdf；第1页标题、作者单位与摘要；Introduction在已保存前3页内。
https://arxiv.org/abs/2410.17195；访问2026-09-17；arXiv作者顺序和摘要。
CV：https://ikekonglp.github.io/lingpenk_cv.pdf；第6页；版本2026-01-27。
原文摘要依据：“Large Language Models have demonstrated remarkable abilities in reasoning and planning by breaking down complex problems into sequential steps. Despite their success in various domains like mathematic”。"
Chang Ma,151,否,待核验,"论文信息汇总.csv 序151：摘要、研究内容、创新点；内容仅据摘要/Introduction归纳。
PDF：港大/Kong, Lingpeng/论文/2025_BioMaze_ Benchmarking and Enhancing Large Language Models for Biological Pathway Reasoning.pdf；第1页标题、作者单位与摘要；Introduction在已保存前3页内。
https://arxiv.org/abs/2502.16660；访问2026-09-17；arXiv作者顺序和摘要。
原文摘要依据：“The applications of large language models (LLMs) in various biological domains have been explored recently, but their reasoning ability in complex biological systems, such as pathways, remains underex”。"
Chang Ma,16,是,待核验,"论文信息汇总.csv 序16：摘要、研究内容、创新点；内容仅据摘要/Introduction归纳。
仅取得可靠元数据或摘要；未取得可读全文。
https://arxiv.org/abs/2505.19897；访问2026-09-17；arXiv作者顺序和摘要。
CV：https://ikekonglp.github.io/lingpenk_cv.pdf；第4页；版本2026-01-27。
原文摘要依据：“Large Language Models (LLMs) have extended their impact beyond Natural Language Processing, substantially fostering the development of interdisciplinary research. Recently, various LLM-based agents ha”。"
Jing Xiong,147,否,否,"论文信息汇总.csv 序147：摘要、研究内容、创新点；内容仅据摘要/Introduction归纳。
PDF：港大/Kong, Lingpeng/论文/2024_UncertaintyRAG_ Span-Level Uncertainty Enhanced Long-Context Modeling for Retrieval-Augmented Generation.pdf；第1页标题、作者单位与摘要；Introduction在已保存前3页内。
https://arxiv.org/abs/2410.02719；访问2026-09-17；arXiv作者顺序和摘要。
原文摘要依据：“We present UncertaintyRAG, a novel approach for long-context Retrieval-Augmented Generation (RAG) that utilizes Signal-to-Noise Ratio (SNR)-based span uncertainty to estimate similarity between text c”。"
Jing Xiong,9,否,否,"论文信息汇总.csv 序9：摘要、研究内容、创新点；内容仅据摘要/Introduction归纳。
PDF：港大/Kong, Lingpeng/论文/2025_Autoregressive Models in Vision_ A Survey.pdf；第1页标题、作者单位与摘要；Introduction在已保存前3页内。
https://arxiv.org/abs/2411.05902；访问2026-09-17；arXiv作者顺序和摘要。
CV：https://ikekonglp.github.io/lingpenk_cv.pdf；第4页；版本2026-01-27。
PDF发表标记：“Published in Transactions on Machine Learning Research (03/2025)”。
原文摘要依据：“Autoregressive modeling has been a huge success in the field of natural language processing (NLP). Recently, autoregressive models have emerged as a significant area of focus in computer vision, where”。"
Jing Xiong,29,否,否,"论文信息汇总.csv 序29：摘要、研究内容、创新点；内容仅据摘要/Introduction归纳。
PDF：港大/Kong, Lingpeng/论文/2025_UNComp_ Can Matrix Entropy Uncover Sparsity_ — A Compressor Design from an Uncertainty-Aware Perspective.pdf；第1页标题、作者单位与摘要；Introduction在已保存前3页内。
https://aclanthology.org/2025.emnlp-main.209/；访问2026-09-17；ACL作者顺序、发表信息与摘要。
CV：https://ikekonglp.github.io/lingpenk_cv.pdf；第5页；版本2026-01-27。
PDF发表标记：“Proceedings of the 2025 Conference on Empirical Methods in Natural Language Processing, pages 4179–4199”。
原文摘要依据：“Deploying large language models (LLMs) for long-context inference remains challenging due to their substantial memory and computational demands. While techniques such as Key-Value (KV) cache compressi”。"
Jing Xiong,37,否,待核验,"论文信息汇总.csv 序37：摘要、研究内容、创新点；内容仅据摘要/Introduction归纳。
仅取得可靠元数据或摘要；未取得可读全文。
https://arxiv.org/abs/2502.14317；访问2026-09-17；arXiv作者顺序和摘要。
CV：https://ikekonglp.github.io/lingpenk_cv.pdf；第6页；版本2026-01-27。
原文摘要依据：“Extrapolating ultra-long contexts (text length >128K) remains a major challenge for large language models (LLMs), as most training-free extrapolation methods are not only severely limited by memory bo”。"
Jing Xiong,156,否,待核验,"论文信息汇总.csv 序156：摘要、研究内容、创新点；内容仅据摘要/Introduction归纳。
仅取得可靠元数据或摘要；未取得可读全文。
https://arxiv.org/abs/2509.07403；访问2026-09-17；arXiv作者顺序和摘要。
原文摘要依据：“Large language models (LLMs) have made significant progress in Emotional Intelligence (EI) and long-context modeling. However, existing benchmarks often overlook the fact that emotional information pr”。"
Jing Xiong,160,否,否,"论文信息汇总.csv 序160：摘要、研究内容、创新点；内容仅据摘要/Introduction归纳。
PDF：港大/Kong, Lingpeng/论文/2025_DoPE_ Denoising Rotary Position Embedding.pdf；第1页标题、作者单位与摘要；Introduction在已保存前3页内。
https://arxiv.org/abs/2511.09146；访问2026-09-17；arXiv作者顺序和摘要。
原文摘要依据：“Positional encoding is essential for large language models (LLMs) to represent sequence order, yet recent studies show that Rotary Position Embedding (RoPE) can induce massive activation. We investiga”。"
Jing Xiong,17,否,待核验,"论文信息汇总.csv 序17：摘要、研究内容、创新点；内容仅据摘要/Introduction归纳。
PDF：港大/Kong, Lingpeng/论文/2026_SwingArena_ Adversarial Programming Arena for Long-Context GitHub Issue Solving.pdf；第1页标题、作者单位与摘要；Introduction在已保存前3页内。
https://arxiv.org/abs/2505.23932；访问2026-09-17；arXiv作者顺序和摘要。
CV：https://ikekonglp.github.io/lingpenk_cv.pdf；第4页；版本2026-01-27。
PDF发表标记：“Published as a conference paper at ICLR 2026”。
原文摘要依据：“We present SwingArena, a competitive evaluation framework for Large Language Models (LLMs) that closely mirrors real-world software development workflows. Unlike traditional static benchmarks, SwingAr”。"
Jing Xiong,19,否,待核验,"论文信息汇总.csv 序19：摘要、研究内容、创新点；内容仅据摘要/Introduction归纳。
PDF：港大/Kong, Lingpeng/论文/2026_ATTS_ Asynchronous Test-Time Scaling via Conformal Prediction.pdf；第1页标题、作者单位与摘要；Introduction在已保存前3页内。
https://arxiv.org/abs/2509.15148；访问2026-09-17；arXiv作者顺序和摘要。
CV：https://ikekonglp.github.io/lingpenk_cv.pdf；第4页；版本2026-01-27。
PDF发表标记：“Published as a conference paper at ICLR 2026”。
原文摘要依据：“Large language models (LLMs) benefit from test-time scaling but are often hampered by high inference latency. Speculative decoding is a natural way to accelerate the scaling process; however, scaling ”。"
Jing Xiong,163,否,待核验,"论文信息汇总.csv 序163：摘要、研究内容、创新点；内容仅据摘要/Introduction归纳。
仅取得可靠元数据或摘要；未取得可读全文。
https://arxiv.org/abs/2601.03017；访问2026-09-17；arXiv作者顺序和摘要。
原文摘要依据：“Autoformalization, which translates natural language mathematics into formal statements to enable machine reasoning, faces fundamental challenges in the wild due to the multimodal nature of the physic”。"
Jing Xiong,172,是,否,"论文信息汇总.csv 序172：摘要、研究内容、创新点；内容仅据摘要/Introduction归纳。
PDF：港大/Kong, Lingpeng/论文/2026_The Granularity Axis_ A Micro-to-Macro Latent Direction for Social Roles in Language Models.pdf；第1页标题、作者单位与摘要；Introduction在已保存前3页内。
https://arxiv.org/abs/2605.06196；访问2026-09-17；arXiv作者顺序和摘要。
原文摘要依据：“Large language models (LLMs) are routinely prompted to take on social roles ranging from individuals to institutions, yet it remains unclear whether their internal representations encode the granulari”。"
Taiqiang Wu（论文 #9，身份待核验）,9,否,否,"论文信息汇总.csv 序9：摘要、研究内容、创新点；内容仅据摘要/Introduction归纳。
PDF：港大/Kong, Lingpeng/论文/2025_Autoregressive Models in Vision_ A Survey.pdf；第1页标题、作者单位与摘要；Introduction在已保存前3页内。
https://arxiv.org/abs/2411.05902；访问2026-09-17；arXiv作者顺序和摘要。
CV：https://ikekonglp.github.io/lingpenk_cv.pdf；第4页；版本2026-01-27。
PDF发表标记：“Published in Transactions on Machine Learning Research (03/2025)”。
原文摘要依据：“Autoregressive modeling has been a huge success in the field of natural language processing (NLP). Recently, autoregressive models have emerged as a significant area of focus in computer vision, where”。"
Taiqiang Wu（论文 #17，身份待核验）,17,否,待核验,"论文信息汇总.csv 序17：摘要、研究内容、创新点；内容仅据摘要/Introduction归纳。
PDF：港大/Kong, Lingpeng/论文/2026_SwingArena_ Adversarial Programming Arena for Long-Context GitHub Issue Solving.pdf；第1页标题、作者单位与摘要；Introduction在已保存前3页内。
https://arxiv.org/abs/2505.23932；访问2026-09-17；arXiv作者顺序和摘要。
CV：https://ikekonglp.github.io/lingpenk_cv.pdf；第4页；版本2026-01-27。
PDF发表标记：“Published as a conference paper at ICLR 2026”。
原文摘要依据：“We present SwingArena, a competitive evaluation framework for Large Language Models (LLMs) that closely mirrors real-world software development workflows. Unlike traditional static benchmarks, SwingAr”。"
Taiqiang Wu（论文 #163，身份待核验）,163,否,待核验,"论文信息汇总.csv 序163：摘要、研究内容、创新点；内容仅据摘要/Introduction归纳。
仅取得可靠元数据或摘要；未取得可读全文。
https://arxiv.org/abs/2601.03017；访问2026-09-17；arXiv作者顺序和摘要。
原文摘要依据：“Autoformalization, which translates natural language mathematics into formal statements to enable machine reasoning, faces fundamental challenges in the wild due to the multimodal nature of the physic”。"
Hui Shen（论文 #9，身份待核验）,9,否,否,"论文信息汇总.csv 序9：摘要、研究内容、创新点；内容仅据摘要/Introduction归纳。
PDF：港大/Kong, Lingpeng/论文/2025_Autoregressive Models in Vision_ A Survey.pdf；第1页标题、作者单位与摘要；Introduction在已保存前3页内。
https://arxiv.org/abs/2411.05902；访问2026-09-17；arXiv作者顺序和摘要。
CV：https://ikekonglp.github.io/lingpenk_cv.pdf；第4页；版本2026-01-27。
PDF发表标记：“Published in Transactions on Machine Learning Research (03/2025)”。
原文摘要依据：“Autoregressive modeling has been a huge success in the field of natural language processing (NLP). Recently, autoregressive models have emerged as a significant area of focus in computer vision, where”。"
Hui Shen（论文 #17，身份待核验）,17,否,待核验,"论文信息汇总.csv 序17：摘要、研究内容、创新点；内容仅据摘要/Introduction归纳。
PDF：港大/Kong, Lingpeng/论文/2026_SwingArena_ Adversarial Programming Arena for Long-Context GitHub Issue Solving.pdf；第1页标题、作者单位与摘要；Introduction在已保存前3页内。
https://arxiv.org/abs/2505.23932；访问2026-09-17；arXiv作者顺序和摘要。
CV：https://ikekonglp.github.io/lingpenk_cv.pdf；第4页；版本2026-01-27。
PDF发表标记：“Published as a conference paper at ICLR 2026”。
原文摘要依据：“We present SwingArena, a competitive evaluation framework for Large Language Models (LLMs) that closely mirrors real-world software development workflows. Unlike traditional static benchmarks, SwingAr”。"
Hui Shen（论文 #19，身份待核验）,19,否,待核验,"论文信息汇总.csv 序19：摘要、研究内容、创新点；内容仅据摘要/Introduction归纳。
PDF：港大/Kong, Lingpeng/论文/2026_ATTS_ Asynchronous Test-Time Scaling via Conformal Prediction.pdf；第1页标题、作者单位与摘要；Introduction在已保存前3页内。
https://arxiv.org/abs/2509.15148；访问2026-09-17；arXiv作者顺序和摘要。
CV：https://ikekonglp.github.io/lingpenk_cv.pdf；第4页；版本2026-01-27。
PDF发表标记：“Published as a conference paper at ICLR 2026”。
原文摘要依据：“Large language models (LLMs) benefit from test-time scaling but are often hampered by high inference latency. Speculative decoding is a natural way to accelerate the scaling process; however, scaling ”。"
Hui Shen（论文 #156，身份待核验）,156,否,待核验,"论文信息汇总.csv 序156：摘要、研究内容、创新点；内容仅据摘要/Introduction归纳。
仅取得可靠元数据或摘要；未取得可读全文。
https://arxiv.org/abs/2509.07403；访问2026-09-17；arXiv作者顺序和摘要。
原文摘要依据：“Large language models (LLMs) have made significant progress in Emotional Intelligence (EI) and long-context modeling. However, existing benchmarks often overlook the fact that emotional information pr”。"
Hui Shen（论文 #160，身份待核验）,160,否,否,"论文信息汇总.csv 序160：摘要、研究内容、创新点；内容仅据摘要/Introduction归纳。
PDF：港大/Kong, Lingpeng/论文/2025_DoPE_ Denoising Rotary Position Embedding.pdf；第1页标题、作者单位与摘要；Introduction在已保存前3页内。
https://arxiv.org/abs/2511.09146；访问2026-09-17；arXiv作者顺序和摘要。
原文摘要依据：“Positional encoding is essential for large language models (LLMs) to represent sequence order, yet recent studies show that Rotary Position Embedding (RoPE) can induce massive activation. We investiga”。"
Hui Shen（论文 #163，身份待核验）,163,否,待核验,"论文信息汇总.csv 序163：摘要、研究内容、创新点；内容仅据摘要/Introduction归纳。
仅取得可靠元数据或摘要；未取得可读全文。
https://arxiv.org/abs/2601.03017；访问2026-09-17；arXiv作者顺序和摘要。
原文摘要依据：“Autoformalization, which translates natural language mathematics into formal statements to enable machine reasoning, faces fundamental challenges in the wild due to the multimodal nature of the physic”。"
Zhongwei Wan（论文 #9，身份待核验）,9,否,否,"论文信息汇总.csv 序9：摘要、研究内容、创新点；内容仅据摘要/Introduction归纳。
PDF：港大/Kong, Lingpeng/论文/2025_Autoregressive Models in Vision_ A Survey.pdf；第1页标题、作者单位与摘要；Introduction在已保存前3页内。
https://arxiv.org/abs/2411.05902；访问2026-09-17；arXiv作者顺序和摘要。
CV：https://ikekonglp.github.io/lingpenk_cv.pdf；第4页；版本2026-01-27。
PDF发表标记：“Published in Transactions on Machine Learning Research (03/2025)”。
原文摘要依据：“Autoregressive modeling has been a huge success in the field of natural language processing (NLP). Recently, autoregressive models have emerged as a significant area of focus in computer vision, where”。"
Zhongwei Wan（论文 #17，身份待核验）,17,否,待核验,"论文信息汇总.csv 序17：摘要、研究内容、创新点；内容仅据摘要/Introduction归纳。
PDF：港大/Kong, Lingpeng/论文/2026_SwingArena_ Adversarial Programming Arena for Long-Context GitHub Issue Solving.pdf；第1页标题、作者单位与摘要；Introduction在已保存前3页内。
https://arxiv.org/abs/2505.23932；访问2026-09-17；arXiv作者顺序和摘要。
CV：https://ikekonglp.github.io/lingpenk_cv.pdf；第4页；版本2026-01-27。
PDF发表标记：“Published as a conference paper at ICLR 2026”。
原文摘要依据：“We present SwingArena, a competitive evaluation framework for Large Language Models (LLMs) that closely mirrors real-world software development workflows. Unlike traditional static benchmarks, SwingAr”。"
Zhongwei Wan（论文 #19，身份待核验）,19,否,待核验,"论文信息汇总.csv 序19：摘要、研究内容、创新点；内容仅据摘要/Introduction归纳。
PDF：港大/Kong, Lingpeng/论文/2026_ATTS_ Asynchronous Test-Time Scaling via Conformal Prediction.pdf；第1页标题、作者单位与摘要；Introduction在已保存前3页内。
https://arxiv.org/abs/2509.15148；访问2026-09-17；arXiv作者顺序和摘要。
CV：https://ikekonglp.github.io/lingpenk_cv.pdf；第4页；版本2026-01-27。
PDF发表标记：“Published as a conference paper at ICLR 2026”。
原文摘要依据：“Large language models (LLMs) benefit from test-time scaling but are often hampered by high inference latency. Speculative decoding is a natural way to accelerate the scaling process; however, scaling ”。"
Zhongwei Wan（论文 #29，身份待核验）,29,否,否,"论文信息汇总.csv 序29：摘要、研究内容、创新点；内容仅据摘要/Introduction归纳。
PDF：港大/Kong, Lingpeng/论文/2025_UNComp_ Can Matrix Entropy Uncover Sparsity_ — A Compressor Design from an Uncertainty-Aware Perspective.pdf；第1页标题、作者单位与摘要；Introduction在已保存前3页内。
https://aclanthology.org/2025.emnlp-main.209/；访问2026-09-17；ACL作者顺序、发表信息与摘要。
CV：https://ikekonglp.github.io/lingpenk_cv.pdf；第5页；版本2026-01-27。
PDF发表标记：“Proceedings of the 2025 Conference on Empirical Methods in Natural Language Processing, pages 4179–4199”。
原文摘要依据：“Deploying large language models (LLMs) for long-context inference remains challenging due to their substantial memory and computational demands. While techniques such as Key-Value (KV) cache compressi”。"
Zhongwei Wan（论文 #37，身份待核验）,37,否,待核验,"论文信息汇总.csv 序37：摘要、研究内容、创新点；内容仅据摘要/Introduction归纳。
仅取得可靠元数据或摘要；未取得可读全文。
https://arxiv.org/abs/2502.14317；访问2026-09-17；arXiv作者顺序和摘要。
CV：https://ikekonglp.github.io/lingpenk_cv.pdf；第6页；版本2026-01-27。
原文摘要依据：“Extrapolating ultra-long contexts (text length >128K) remains a major challenge for large language models (LLMs), as most training-free extrapolation methods are not only severely limited by memory bo”。"
Zhongwei Wan（论文 #147，身份待核验）,147,否,否,"论文信息汇总.csv 序147：摘要、研究内容、创新点；内容仅据摘要/Introduction归纳。
PDF：港大/Kong, Lingpeng/论文/2024_UncertaintyRAG_ Span-Level Uncertainty Enhanced Long-Context Modeling for Retrieval-Augmented Generation.pdf；第1页标题、作者单位与摘要；Introduction在已保存前3页内。
https://arxiv.org/abs/2410.02719；访问2026-09-17；arXiv作者顺序和摘要。
原文摘要依据：“We present UncertaintyRAG, a novel approach for long-context Retrieval-Augmented Generation (RAG) that utilizes Signal-to-Noise Ratio (SNR)-based span uncertainty to estimate similarity between text c”。"
Zhongwei Wan（论文 #163，身份待核验）,163,否,待核验,"论文信息汇总.csv 序163：摘要、研究内容、创新点；内容仅据摘要/Introduction归纳。
仅取得可靠元数据或摘要；未取得可读全文。
https://arxiv.org/abs/2601.03017；访问2026-09-17；arXiv作者顺序和摘要。
原文摘要依据：“Autoformalization, which translates natural language mathematics into formal statements to enable machine reasoning, faces fundamental challenges in the wild due to the multimodal nature of the physic”。"
Chaofan Tao（论文 #9，身份待核验）,9,否,否,"论文信息汇总.csv 序9：摘要、研究内容、创新点；内容仅据摘要/Introduction归纳。
PDF：港大/Kong, Lingpeng/论文/2025_Autoregressive Models in Vision_ A Survey.pdf；第1页标题、作者单位与摘要；Introduction在已保存前3页内。
https://arxiv.org/abs/2411.05902；访问2026-09-17；arXiv作者顺序和摘要。
CV：https://ikekonglp.github.io/lingpenk_cv.pdf；第4页；版本2026-01-27。
PDF发表标记：“Published in Transactions on Machine Learning Research (03/2025)”。
原文摘要依据：“Autoregressive modeling has been a huge success in the field of natural language processing (NLP). Recently, autoregressive models have emerged as a significant area of focus in computer vision, where”。"
Chaofan Tao（论文 #17，身份待核验）,17,否,待核验,"论文信息汇总.csv 序17：摘要、研究内容、创新点；内容仅据摘要/Introduction归纳。
PDF：港大/Kong, Lingpeng/论文/2026_SwingArena_ Adversarial Programming Arena for Long-Context GitHub Issue Solving.pdf；第1页标题、作者单位与摘要；Introduction在已保存前3页内。
https://arxiv.org/abs/2505.23932；访问2026-09-17；arXiv作者顺序和摘要。
CV：https://ikekonglp.github.io/lingpenk_cv.pdf；第4页；版本2026-01-27。
PDF发表标记：“Published as a conference paper at ICLR 2026”。
原文摘要依据：“We present SwingArena, a competitive evaluation framework for Large Language Models (LLMs) that closely mirrors real-world software development workflows. Unlike traditional static benchmarks, SwingAr”。"
Chaofan Tao（论文 #19，身份待核验）,19,否,待核验,"论文信息汇总.csv 序19：摘要、研究内容、创新点；内容仅据摘要/Introduction归纳。
PDF：港大/Kong, Lingpeng/论文/2026_ATTS_ Asynchronous Test-Time Scaling via Conformal Prediction.pdf；第1页标题、作者单位与摘要；Introduction在已保存前3页内。
https://arxiv.org/abs/2509.15148；访问2026-09-17；arXiv作者顺序和摘要。
CV：https://ikekonglp.github.io/lingpenk_cv.pdf；第4页；版本2026-01-27。
PDF发表标记：“Published as a conference paper at ICLR 2026”。
原文摘要依据：“Large language models (LLMs) benefit from test-time scaling but are often hampered by high inference latency. Speculative decoding is a natural way to accelerate the scaling process; however, scaling ”。"
Chaofan Tao（论文 #21，身份待核验）,21,是,待核验,"论文信息汇总.csv 序21：摘要、研究内容、创新点；内容仅据摘要/Introduction归纳。
仅取得可靠元数据或摘要；未取得可读全文。
https://arxiv.org/abs/2508.21475；访问2026-09-17；arXiv作者顺序和摘要。
CV：https://ikekonglp.github.io/lingpenk_cv.pdf；第4页；版本2026-01-27。
原文摘要依据：“Existing multimodal browsing benchmarks often fail to require genuine multimodal reasoning, as many tasks can be solved with text-only heuristics without vision-in-the-loop verification. We introduce ”。"
Chaofan Tao（论文 #29，身份待核验）,29,否,否,"论文信息汇总.csv 序29：摘要、研究内容、创新点；内容仅据摘要/Introduction归纳。
PDF：港大/Kong, Lingpeng/论文/2025_UNComp_ Can Matrix Entropy Uncover Sparsity_ — A Compressor Design from an Uncertainty-Aware Perspective.pdf；第1页标题、作者单位与摘要；Introduction在已保存前3页内。
https://aclanthology.org/2025.emnlp-main.209/；访问2026-09-17；ACL作者顺序、发表信息与摘要。
CV：https://ikekonglp.github.io/lingpenk_cv.pdf；第5页；版本2026-01-27。
PDF发表标记：“Proceedings of the 2025 Conference on Empirical Methods in Natural Language Processing, pages 4179–4199”。
原文摘要依据：“Deploying large language models (LLMs) for long-context inference remains challenging due to their substantial memory and computational demands. While techniques such as Key-Value (KV) cache compressi”。"
Chaofan Tao（论文 #156，身份待核验）,156,否,待核验,"论文信息汇总.csv 序156：摘要、研究内容、创新点；内容仅据摘要/Introduction归纳。
仅取得可靠元数据或摘要；未取得可读全文。
https://arxiv.org/abs/2509.07403；访问2026-09-17；arXiv作者顺序和摘要。
原文摘要依据：“Large language models (LLMs) have made significant progress in Emotional Intelligence (EI) and long-context modeling. However, existing benchmarks often overlook the fact that emotional information pr”。"
Chaofan Tao（论文 #163，身份待核验）,163,否,待核验,"论文信息汇总.csv 序163：摘要、研究内容、创新点；内容仅据摘要/Introduction归纳。
仅取得可靠元数据或摘要；未取得可读全文。
https://arxiv.org/abs/2601.03017；访问2026-09-17；arXiv作者顺序和摘要。
原文摘要依据：“Autoformalization, which translates natural language mathematics into formal statements to enable machine reasoning, faces fundamental challenges in the wild due to the multimodal nature of the physic”。"
Hongxia Yang（论文 #9，身份待核验）,9,否,否,"论文信息汇总.csv 序9：摘要、研究内容、创新点；内容仅据摘要/Introduction归纳。
PDF：港大/Kong, Lingpeng/论文/2025_Autoregressive Models in Vision_ A Survey.pdf；第1页标题、作者单位与摘要；Introduction在已保存前3页内。
https://arxiv.org/abs/2411.05902；访问2026-09-17；arXiv作者顺序和摘要。
CV：https://ikekonglp.github.io/lingpenk_cv.pdf；第4页；版本2026-01-27。
PDF发表标记：“Published in Transactions on Machine Learning Research (03/2025)”。
原文摘要依据：“Autoregressive modeling has been a huge success in the field of natural language processing (NLP). Recently, autoregressive models have emerged as a significant area of focus in computer vision, where”。"
Hongxia Yang（论文 #17，身份待核验）,17,否,待核验,"论文信息汇总.csv 序17：摘要、研究内容、创新点；内容仅据摘要/Introduction归纳。
PDF：港大/Kong, Lingpeng/论文/2026_SwingArena_ Adversarial Programming Arena for Long-Context GitHub Issue Solving.pdf；第1页标题、作者单位与摘要；Introduction在已保存前3页内。
https://arxiv.org/abs/2505.23932；访问2026-09-17；arXiv作者顺序和摘要。
CV：https://ikekonglp.github.io/lingpenk_cv.pdf；第4页；版本2026-01-27。
PDF发表标记：“Published as a conference paper at ICLR 2026”。
原文摘要依据：“We present SwingArena, a competitive evaluation framework for Large Language Models (LLMs) that closely mirrors real-world software development workflows. Unlike traditional static benchmarks, SwingAr”。"
Hongxia Yang（论文 #37，身份待核验）,37,否,待核验,"论文信息汇总.csv 序37：摘要、研究内容、创新点；内容仅据摘要/Introduction归纳。
仅取得可靠元数据或摘要；未取得可读全文。
https://arxiv.org/abs/2502.14317；访问2026-09-17；arXiv作者顺序和摘要。
CV：https://ikekonglp.github.io/lingpenk_cv.pdf；第6页；版本2026-01-27。
原文摘要依据：“Extrapolating ultra-long contexts (text length >128K) remains a major challenge for large language models (LLMs), as most training-free extrapolation methods are not only severely limited by memory bo”。"
Hongxia Yang（论文 #56，身份待核验）,56,否,待核验,"论文信息汇总.csv 序56：摘要、研究内容、创新点；内容仅据摘要/Introduction归纳。
PDF：港大/Kong, Lingpeng/论文/2024_Empowering Large Language Model Agents through Action Learning.pdf；第1页标题、作者单位与摘要；Introduction在已保存前3页内。
https://arxiv.org/abs/2402.15809；访问2026-09-17；arXiv作者顺序和摘要。
CV：https://ikekonglp.github.io/lingpenk_cv.pdf；第7页；版本2026-01-27。
原文摘要依据：“Large Language Model (LLM) Agents have recently garnered increasing interest yet they are limited in their ability to learn from trial and error, a key element of intelligent behavior. In this work, w”。"
Hongxia Yang（论文 #69，身份待核验）,69,是,待核验,"论文信息汇总.csv 序69：摘要、研究内容、创新点；内容仅据摘要/Introduction归纳。
PDF：港大/Kong, Lingpeng/论文/2024_Self-Infilling Code Generation.pdf；第1页标题、作者单位与摘要；Introduction在已保存前3页内。
https://arxiv.org/abs/2311.17972；访问2026-09-17；arXiv作者顺序和摘要。
CV：https://ikekonglp.github.io/lingpenk_cv.pdf；第8页；版本2026-01-27。
PDF发表标记：“Proceedings of the 41 st International Conference on Machine          terruption point to infill the bypassed context (Figure 1c).”。
原文摘要依据：“This work introduces self-infilling code generation, a general framework that incorporates infilling operations into auto-regressive decoding. Our approach capitalizes on the observation that recent i”。"
Ngai Wong（论文 #9，身份待核验）,9,否,否,"论文信息汇总.csv 序9：摘要、研究内容、创新点；内容仅据摘要/Introduction归纳。
PDF：港大/Kong, Lingpeng/论文/2025_Autoregressive Models in Vision_ A Survey.pdf；第1页标题、作者单位与摘要；Introduction在已保存前3页内。
https://arxiv.org/abs/2411.05902；访问2026-09-17；arXiv作者顺序和摘要。
CV：https://ikekonglp.github.io/lingpenk_cv.pdf；第4页；版本2026-01-27。
PDF发表标记：“Published in Transactions on Machine Learning Research (03/2025)”。
原文摘要依据：“Autoregressive modeling has been a huge success in the field of natural language processing (NLP). Recently, autoregressive models have emerged as a significant area of focus in computer vision, where”。"
Ngai Wong（论文 #17，身份待核验）,17,否,待核验,"论文信息汇总.csv 序17：摘要、研究内容、创新点；内容仅据摘要/Introduction归纳。
PDF：港大/Kong, Lingpeng/论文/2026_SwingArena_ Adversarial Programming Arena for Long-Context GitHub Issue Solving.pdf；第1页标题、作者单位与摘要；Introduction在已保存前3页内。
https://arxiv.org/abs/2505.23932；访问2026-09-17；arXiv作者顺序和摘要。
CV：https://ikekonglp.github.io/lingpenk_cv.pdf；第4页；版本2026-01-27。
PDF发表标记：“Published as a conference paper at ICLR 2026”。
原文摘要依据：“We present SwingArena, a competitive evaluation framework for Large Language Models (LLMs) that closely mirrors real-world software development workflows. Unlike traditional static benchmarks, SwingAr”。"
Ngai Wong（论文 #19，身份待核验）,19,否,待核验,"论文信息汇总.csv 序19：摘要、研究内容、创新点；内容仅据摘要/Introduction归纳。
PDF：港大/Kong, Lingpeng/论文/2026_ATTS_ Asynchronous Test-Time Scaling via Conformal Prediction.pdf；第1页标题、作者单位与摘要；Introduction在已保存前3页内。
https://arxiv.org/abs/2509.15148；访问2026-09-17；arXiv作者顺序和摘要。
CV：https://ikekonglp.github.io/lingpenk_cv.pdf；第4页；版本2026-01-27。
PDF发表标记：“Published as a conference paper at ICLR 2026”。
原文摘要依据：“Large language models (LLMs) benefit from test-time scaling but are often hampered by high inference latency. Speculative decoding is a natural way to accelerate the scaling process; however, scaling ”。"
Ngai Wong（论文 #29，身份待核验）,29,否,否,"论文信息汇总.csv 序29：摘要、研究内容、创新点；内容仅据摘要/Introduction归纳。
PDF：港大/Kong, Lingpeng/论文/2025_UNComp_ Can Matrix Entropy Uncover Sparsity_ — A Compressor Design from an Uncertainty-Aware Perspective.pdf；第1页标题、作者单位与摘要；Introduction在已保存前3页内。
https://aclanthology.org/2025.emnlp-main.209/；访问2026-09-17；ACL作者顺序、发表信息与摘要。
CV：https://ikekonglp.github.io/lingpenk_cv.pdf；第5页；版本2026-01-27。
PDF发表标记：“Proceedings of the 2025 Conference on Empirical Methods in Natural Language Processing, pages 4179–4199”。
原文摘要依据：“Deploying large language models (LLMs) for long-context inference remains challenging due to their substantial memory and computational demands. While techniques such as Key-Value (KV) cache compressi”。"
Ngai Wong（论文 #37，身份待核验）,37,否,待核验,"论文信息汇总.csv 序37：摘要、研究内容、创新点；内容仅据摘要/Introduction归纳。
仅取得可靠元数据或摘要；未取得可读全文。
https://arxiv.org/abs/2502.14317；访问2026-09-17；arXiv作者顺序和摘要。
CV：https://ikekonglp.github.io/lingpenk_cv.pdf；第6页；版本2026-01-27。
原文摘要依据：“Extrapolating ultra-long contexts (text length >128K) remains a major challenge for large language models (LLMs), as most training-free extrapolation methods are not only severely limited by memory bo”。"
Ngai Wong（论文 #147，身份待核验）,147,否,否,"论文信息汇总.csv 序147：摘要、研究内容、创新点；内容仅据摘要/Introduction归纳。
PDF：港大/Kong, Lingpeng/论文/2024_UncertaintyRAG_ Span-Level Uncertainty Enhanced Long-Context Modeling for Retrieval-Augmented Generation.pdf；第1页标题、作者单位与摘要；Introduction在已保存前3页内。
https://arxiv.org/abs/2410.02719；访问2026-09-17；arXiv作者顺序和摘要。
原文摘要依据：“We present UncertaintyRAG, a novel approach for long-context Retrieval-Augmented Generation (RAG) that utilizes Signal-to-Noise Ratio (SNR)-based span uncertainty to estimate similarity between text c”。"
Ngai Wong（论文 #156，身份待核验）,156,否,待核验,"论文信息汇总.csv 序156：摘要、研究内容、创新点；内容仅据摘要/Introduction归纳。
仅取得可靠元数据或摘要；未取得可读全文。
https://arxiv.org/abs/2509.07403；访问2026-09-17；arXiv作者顺序和摘要。
原文摘要依据：“Large language models (LLMs) have made significant progress in Emotional Intelligence (EI) and long-context modeling. However, existing benchmarks often overlook the fact that emotional information pr”。"
Ngai Wong（论文 #160，身份待核验）,160,否,否,"论文信息汇总.csv 序160：摘要、研究内容、创新点；内容仅据摘要/Introduction归纳。
PDF：港大/Kong, Lingpeng/论文/2025_DoPE_ Denoising Rotary Position Embedding.pdf；第1页标题、作者单位与摘要；Introduction在已保存前3页内。
https://arxiv.org/abs/2511.09146；访问2026-09-17；arXiv作者顺序和摘要。
原文摘要依据：“Positional encoding is essential for large language models (LLMs) to represent sequence order, yet recent studies show that Rotary Position Embedding (RoPE) can induce massive activation. We investiga”。"
Ngai Wong（论文 #163，身份待核验）,163,否,待核验,"论文信息汇总.csv 序163：摘要、研究内容、创新点；内容仅据摘要/Introduction归纳。
仅取得可靠元数据或摘要；未取得可读全文。
https://arxiv.org/abs/2601.03017；访问2026-09-17；arXiv作者顺序和摘要。
原文摘要依据：“Autoformalization, which translates natural language mathematics into formal statements to enable machine reasoning, faces fundamental challenges in the wild due to the multimodal nature of the physic”。"
Zhen Qin（论文 #10，身份待核验）,10,否,否,"论文信息汇总.csv 序10：摘要、研究内容、创新点；内容仅据摘要/Introduction归纳。
PDF：港大/Kong, Lingpeng/论文/2023_Linearized Relative Positional Encoding.pdf；第1页标题、作者单位与摘要；Introduction在已保存前3页内。
https://arxiv.org/abs/2307.09270；访问2026-09-17；arXiv作者顺序和摘要。
CV：https://ikekonglp.github.io/lingpenk_cv.pdf；第4页；版本2026-01-27。
原文摘要依据：“Relative positional encoding is widely used in vanilla and linear transformers to represent positional information. However, existing encoding methods of a vanilla transformer are not always directly ”。"
Zhen Qin（论文 #11，身份待核验）,11,否,待核验,"论文信息汇总.csv 序11：摘要、研究内容、创新点；内容仅据摘要/Introduction归纳。
仅取得可靠元数据或摘要；未取得可读全文。
https://arxiv.org/abs/2206.10552；访问2026-09-17；arXiv作者顺序和摘要。
CV：https://ikekonglp.github.io/lingpenk_cv.pdf；第4页；版本2026-01-27。
原文摘要依据：“Vision transformers have shown great success on numerous computer vision tasks. However, its central component, softmax attention, prohibits vision transformers from scaling up to high-resolution imag”。"
Zhen Qin（论文 #89，身份待核验）,89,否,待核验,"论文信息汇总.csv 序89：摘要、研究内容、创新点；内容仅据摘要/Introduction归纳。
仅取得可靠元数据或摘要；未取得可读全文。
https://arxiv.org/abs/2303.15616；访问2026-09-17；arXiv作者顺序和摘要。
CV：https://ikekonglp.github.io/lingpenk_cv.pdf；第10页；版本2026-01-27。
原文摘要依据：“We explore a new task for audio-visual-language modeling called fine-grained audible video description (FAVD). It aims to provide detailed textual descriptions for the given audible videos, including ”。"
Zhen Qin（论文 #92，身份待核验）,92,否,否,"论文信息汇总.csv 序92：摘要、研究内容、创新点；内容仅据摘要/Introduction归纳。
PDF：港大/Kong, Lingpeng/论文/2023_Toeplitz Neural Network for Sequence Modeling.pdf；第1页标题、作者单位与摘要；Introduction在已保存前3页内。
https://arxiv.org/abs/2305.04749；访问2026-09-17；arXiv作者顺序和摘要。
CV：https://ikekonglp.github.io/lingpenk_cv.pdf；第10页；版本2026-01-27。
PDF发表标记：“Published as a conference paper at ICLR 2023”。
原文摘要依据：“Sequence modeling has important applications in natural language processing and computer vision. Recently, the transformer-based models have shown strong performance on various sequence modeling tasks”。"
Zhen Qin（论文 #98，身份待核验）,98,否,否,"论文信息汇总.csv 序98：摘要、研究内容、创新点；内容仅据摘要/Introduction归纳。
PDF：港大/Kong, Lingpeng/论文/2022_The Devil in Linear Transformer.pdf；第1页标题、作者单位与摘要；Introduction在已保存前3页内。
https://aclanthology.org/2022.emnlp-main.473/；访问2026-09-17；ACL作者顺序、发表信息与摘要。
CV：https://ikekonglp.github.io/lingpenk_cv.pdf；第10页；版本2026-01-27。
原文摘要依据：“Linear transformers aim to reduce the quadratic space-time complexity of vanilla transformers. However, they usually suffer from degraded performances on various tasks and corpus. In this paper, we ex”。"
Zhen Qin（论文 #109，身份待核验）,109,否,否,"论文信息汇总.csv 序109：摘要、研究内容、创新点；内容仅据摘要/Introduction归纳。
PDF：港大/Kong, Lingpeng/论文/2022_cosFormer_ Rethinking Softmax In Attention.pdf；第1页标题、作者单位与摘要；Introduction在已保存前3页内。
https://arxiv.org/abs/2202.08791；访问2026-09-17；arXiv作者顺序和摘要。
CV：https://ikekonglp.github.io/lingpenk_cv.pdf；第11页；版本2026-01-27。
PDF发表标记：“Published as a conference paper at ICLR 2022”。
原文摘要依据：“Transformer has shown great successes in natural language processing, computer vision, and audio processing. As one of its core components, the softmax attention helps to capture long-range dependenci”。"
Weixuan Sun（论文 #10，身份待核验）,10,否,否,"论文信息汇总.csv 序10：摘要、研究内容、创新点；内容仅据摘要/Introduction归纳。
PDF：港大/Kong, Lingpeng/论文/2023_Linearized Relative Positional Encoding.pdf；第1页标题、作者单位与摘要；Introduction在已保存前3页内。
https://arxiv.org/abs/2307.09270；访问2026-09-17；arXiv作者顺序和摘要。
CV：https://ikekonglp.github.io/lingpenk_cv.pdf；第4页；版本2026-01-27。
原文摘要依据：“Relative positional encoding is widely used in vanilla and linear transformers to represent positional information. However, existing encoding methods of a vanilla transformer are not always directly ”。"
Weixuan Sun（论文 #11，身份待核验）,11,否,待核验,"论文信息汇总.csv 序11：摘要、研究内容、创新点；内容仅据摘要/Introduction归纳。
仅取得可靠元数据或摘要；未取得可读全文。
https://arxiv.org/abs/2206.10552；访问2026-09-17；arXiv作者顺序和摘要。
CV：https://ikekonglp.github.io/lingpenk_cv.pdf；第4页；版本2026-01-27。
原文摘要依据：“Vision transformers have shown great success on numerous computer vision tasks. However, its central component, softmax attention, prohibits vision transformers from scaling up to high-resolution imag”。"
Weixuan Sun（论文 #92，身份待核验）,92,否,否,"论文信息汇总.csv 序92：摘要、研究内容、创新点；内容仅据摘要/Introduction归纳。
PDF：港大/Kong, Lingpeng/论文/2023_Toeplitz Neural Network for Sequence Modeling.pdf；第1页标题、作者单位与摘要；Introduction在已保存前3页内。
https://arxiv.org/abs/2305.04749；访问2026-09-17；arXiv作者顺序和摘要。
CV：https://ikekonglp.github.io/lingpenk_cv.pdf；第10页；版本2026-01-27。
PDF发表标记：“Published as a conference paper at ICLR 2023”。
原文摘要依据：“Sequence modeling has important applications in natural language processing and computer vision. Recently, the transformer-based models have shown strong performance on various sequence modeling tasks”。"
Weixuan Sun（论文 #98，身份待核验）,98,否,否,"论文信息汇总.csv 序98：摘要、研究内容、创新点；内容仅据摘要/Introduction归纳。
PDF：港大/Kong, Lingpeng/论文/2022_The Devil in Linear Transformer.pdf；第1页标题、作者单位与摘要；Introduction在已保存前3页内。
https://aclanthology.org/2022.emnlp-main.473/；访问2026-09-17；ACL作者顺序、发表信息与摘要。
CV：https://ikekonglp.github.io/lingpenk_cv.pdf；第10页；版本2026-01-27。
原文摘要依据：“Linear transformers aim to reduce the quadratic space-time complexity of vanilla transformers. However, they usually suffer from degraded performances on various tasks and corpus. In this paper, we ex”。"
Weixuan Sun（论文 #102，身份待核验）,102,否,待核验,"论文信息汇总.csv 序102：摘要、研究内容、创新点；内容仅据摘要/Introduction归纳。
仅取得可靠元数据或摘要；未取得可读全文。
https://arxiv.org/abs/2207.05042；访问2026-09-17；arXiv作者顺序和摘要。
CV：https://ikekonglp.github.io/lingpenk_cv.pdf；第11页；版本2026-01-27。
原文摘要依据：“We propose to explore a new problem called audio-visual segmentation (AVS), in which the goal is to output a pixel-level map of the object(s) that produce sound at the time of the image frame. To faci”。"
Weixuan Sun（论文 #109，身份待核验）,109,否,否,"论文信息汇总.csv 序109：摘要、研究内容、创新点；内容仅据摘要/Introduction归纳。
PDF：港大/Kong, Lingpeng/论文/2022_cosFormer_ Rethinking Softmax In Attention.pdf；第1页标题、作者单位与摘要；Introduction在已保存前3页内。
https://arxiv.org/abs/2202.08791；访问2026-09-17；arXiv作者顺序和摘要。
CV：https://ikekonglp.github.io/lingpenk_cv.pdf；第11页；版本2026-01-27。
PDF发表标记：“Published as a conference paper at ICLR 2022”。
原文摘要依据：“Transformer has shown great successes in natural language processing, computer vision, and audio processing. As one of its core components, the softmax attention helps to capture long-range dependenci”。"
Weixuan Sun（论文 #133，身份待核验）,133,否,待核验,"论文信息汇总.csv 序133：摘要、研究内容、创新点；内容仅据摘要/Introduction归纳。
仅取得可靠元数据或摘要；未取得可读全文。
https://arxiv.org/abs/2301.13190；访问2026-09-17；arXiv作者顺序和摘要。
原文摘要依据：“We propose a new problem called audio-visual segmentation (AVS), in which the goal is to output a pixel-level map of the object(s) that produce sound at the time of the image frame. To facilitate this”。"
Dongxu Li（论文 #10，身份待核验）,10,否,否,"论文信息汇总.csv 序10：摘要、研究内容、创新点；内容仅据摘要/Introduction归纳。
PDF：港大/Kong, Lingpeng/论文/2023_Linearized Relative Positional Encoding.pdf；第1页标题、作者单位与摘要；Introduction在已保存前3页内。
https://arxiv.org/abs/2307.09270；访问2026-09-17；arXiv作者顺序和摘要。
CV：https://ikekonglp.github.io/lingpenk_cv.pdf；第4页；版本2026-01-27。
原文摘要依据：“Relative positional encoding is widely used in vanilla and linear transformers to represent positional information. However, existing encoding methods of a vanilla transformer are not always directly ”。"
Dongxu Li（论文 #92，身份待核验）,92,否,否,"论文信息汇总.csv 序92：摘要、研究内容、创新点；内容仅据摘要/Introduction归纳。
PDF：港大/Kong, Lingpeng/论文/2023_Toeplitz Neural Network for Sequence Modeling.pdf；第1页标题、作者单位与摘要；Introduction在已保存前3页内。
https://arxiv.org/abs/2305.04749；访问2026-09-17；arXiv作者顺序和摘要。
CV：https://ikekonglp.github.io/lingpenk_cv.pdf；第10页；版本2026-01-27。
PDF发表标记：“Published as a conference paper at ICLR 2023”。
原文摘要依据：“Sequence modeling has important applications in natural language processing and computer vision. Recently, the transformer-based models have shown strong performance on various sequence modeling tasks”。"
Dongxu Li（论文 #98，身份待核验）,98,否,否,"论文信息汇总.csv 序98：摘要、研究内容、创新点；内容仅据摘要/Introduction归纳。
PDF：港大/Kong, Lingpeng/论文/2022_The Devil in Linear Transformer.pdf；第1页标题、作者单位与摘要；Introduction在已保存前3页内。
https://aclanthology.org/2022.emnlp-main.473/；访问2026-09-17；ACL作者顺序、发表信息与摘要。
CV：https://ikekonglp.github.io/lingpenk_cv.pdf；第10页；版本2026-01-27。
原文摘要依据：“Linear transformers aim to reduce the quadratic space-time complexity of vanilla transformers. However, they usually suffer from degraded performances on various tasks and corpus. In this paper, we ex”。"
Dongxu Li（论文 #109，身份待核验）,109,否,否,"论文信息汇总.csv 序109：摘要、研究内容、创新点；内容仅据摘要/Introduction归纳。
PDF：港大/Kong, Lingpeng/论文/2022_cosFormer_ Rethinking Softmax In Attention.pdf；第1页标题、作者单位与摘要；Introduction在已保存前3页内。
https://arxiv.org/abs/2202.08791；访问2026-09-17；arXiv作者顺序和摘要。
CV：https://ikekonglp.github.io/lingpenk_cv.pdf；第11页；版本2026-01-27。
PDF发表标记：“Published as a conference paper at ICLR 2022”。
原文摘要依据：“Transformer has shown great successes in natural language processing, computer vision, and audio processing. As one of its core components, the softmax attention helps to capture long-range dependenci”。"
Xiaodong Han（论文 #10，身份待核验）,10,否,否,"论文信息汇总.csv 序10：摘要、研究内容、创新点；内容仅据摘要/Introduction归纳。
PDF：港大/Kong, Lingpeng/论文/2023_Linearized Relative Positional Encoding.pdf；第1页标题、作者单位与摘要；Introduction在已保存前3页内。
https://arxiv.org/abs/2307.09270；访问2026-09-17；arXiv作者顺序和摘要。
CV：https://ikekonglp.github.io/lingpenk_cv.pdf；第4页；版本2026-01-27。
原文摘要依据：“Relative positional encoding is widely used in vanilla and linear transformers to represent positional information. However, existing encoding methods of a vanilla transformer are not always directly ”。"
Xiaodong Han（论文 #89，身份待核验）,89,否,待核验,"论文信息汇总.csv 序89：摘要、研究内容、创新点；内容仅据摘要/Introduction归纳。
仅取得可靠元数据或摘要；未取得可读全文。
https://arxiv.org/abs/2303.15616；访问2026-09-17；arXiv作者顺序和摘要。
CV：https://ikekonglp.github.io/lingpenk_cv.pdf；第10页；版本2026-01-27。
原文摘要依据：“We explore a new task for audio-visual-language modeling called fine-grained audible video description (FAVD). It aims to provide detailed textual descriptions for the given audible videos, including ”。"
Xiaodong Han（论文 #92，身份待核验）,92,否,否,"论文信息汇总.csv 序92：摘要、研究内容、创新点；内容仅据摘要/Introduction归纳。
PDF：港大/Kong, Lingpeng/论文/2023_Toeplitz Neural Network for Sequence Modeling.pdf；第1页标题、作者单位与摘要；Introduction在已保存前3页内。
https://arxiv.org/abs/2305.04749；访问2026-09-17；arXiv作者顺序和摘要。
CV：https://ikekonglp.github.io/lingpenk_cv.pdf；第10页；版本2026-01-27。
PDF发表标记：“Published as a conference paper at ICLR 2023”。
原文摘要依据：“Sequence modeling has important applications in natural language processing and computer vision. Recently, the transformer-based models have shown strong performance on various sequence modeling tasks”。"
Xiaodong Han（论文 #98，身份待核验）,98,否,否,"论文信息汇总.csv 序98：摘要、研究内容、创新点；内容仅据摘要/Introduction归纳。
PDF：港大/Kong, Lingpeng/论文/2022_The Devil in Linear Transformer.pdf；第1页标题、作者单位与摘要；Introduction在已保存前3页内。
https://aclanthology.org/2022.emnlp-main.473/；访问2026-09-17；ACL作者顺序、发表信息与摘要。
CV：https://ikekonglp.github.io/lingpenk_cv.pdf；第10页；版本2026-01-27。
原文摘要依据：“Linear transformers aim to reduce the quadratic space-time complexity of vanilla transformers. However, they usually suffer from degraded performances on various tasks and corpus. In this paper, we ex”。"
Yuchao Dai（论文 #10，身份待核验）,10,否,否,"论文信息汇总.csv 序10：摘要、研究内容、创新点；内容仅据摘要/Introduction归纳。
PDF：港大/Kong, Lingpeng/论文/2023_Linearized Relative Positional Encoding.pdf；第1页标题、作者单位与摘要；Introduction在已保存前3页内。
https://arxiv.org/abs/2307.09270；访问2026-09-17；arXiv作者顺序和摘要。
CV：https://ikekonglp.github.io/lingpenk_cv.pdf；第4页；版本2026-01-27。
原文摘要依据：“Relative positional encoding is widely used in vanilla and linear transformers to represent positional information. However, existing encoding methods of a vanilla transformer are not always directly ”。"
Yuchao Dai（论文 #89，身份待核验）,89,否,待核验,"论文信息汇总.csv 序89：摘要、研究内容、创新点；内容仅据摘要/Introduction归纳。
仅取得可靠元数据或摘要；未取得可读全文。
https://arxiv.org/abs/2303.15616；访问2026-09-17；arXiv作者顺序和摘要。
CV：https://ikekonglp.github.io/lingpenk_cv.pdf；第10页；版本2026-01-27。
原文摘要依据：“We explore a new task for audio-visual-language modeling called fine-grained audible video description (FAVD). It aims to provide detailed textual descriptions for the given audible videos, including ”。"
Yuchao Dai（论文 #92，身份待核验）,92,否,否,"论文信息汇总.csv 序92：摘要、研究内容、创新点；内容仅据摘要/Introduction归纳。
PDF：港大/Kong, Lingpeng/论文/2023_Toeplitz Neural Network for Sequence Modeling.pdf；第1页标题、作者单位与摘要；Introduction在已保存前3页内。
https://arxiv.org/abs/2305.04749；访问2026-09-17；arXiv作者顺序和摘要。
CV：https://ikekonglp.github.io/lingpenk_cv.pdf；第10页；版本2026-01-27。
PDF发表标记：“Published as a conference paper at ICLR 2023”。
原文摘要依据：“Sequence modeling has important applications in natural language processing and computer vision. Recently, the transformer-based models have shown strong performance on various sequence modeling tasks”。"
Yiran Zhong（论文 #10，身份待核验）,10,否,否,"论文信息汇总.csv 序10：摘要、研究内容、创新点；内容仅据摘要/Introduction归纳。
PDF：港大/Kong, Lingpeng/论文/2023_Linearized Relative Positional Encoding.pdf；第1页标题、作者单位与摘要；Introduction在已保存前3页内。
https://arxiv.org/abs/2307.09270；访问2026-09-17；arXiv作者顺序和摘要。
CV：https://ikekonglp.github.io/lingpenk_cv.pdf；第4页；版本2026-01-27。
原文摘要依据：“Relative positional encoding is widely used in vanilla and linear transformers to represent positional information. However, existing encoding methods of a vanilla transformer are not always directly ”。"
Yiran Zhong（论文 #11，身份待核验）,11,否,待核验,"论文信息汇总.csv 序11：摘要、研究内容、创新点；内容仅据摘要/Introduction归纳。
仅取得可靠元数据或摘要；未取得可读全文。
https://arxiv.org/abs/2206.10552；访问2026-09-17；arXiv作者顺序和摘要。
CV：https://ikekonglp.github.io/lingpenk_cv.pdf；第4页；版本2026-01-27。
原文摘要依据：“Vision transformers have shown great success on numerous computer vision tasks. However, its central component, softmax attention, prohibits vision transformers from scaling up to high-resolution imag”。"
Yiran Zhong（论文 #89，身份待核验）,89,否,待核验,"论文信息汇总.csv 序89：摘要、研究内容、创新点；内容仅据摘要/Introduction归纳。
仅取得可靠元数据或摘要；未取得可读全文。
https://arxiv.org/abs/2303.15616；访问2026-09-17；arXiv作者顺序和摘要。
CV：https://ikekonglp.github.io/lingpenk_cv.pdf；第10页；版本2026-01-27。
原文摘要依据：“We explore a new task for audio-visual-language modeling called fine-grained audible video description (FAVD). It aims to provide detailed textual descriptions for the given audible videos, including ”。"
Yiran Zhong（论文 #92，身份待核验）,92,否,否,"论文信息汇总.csv 序92：摘要、研究内容、创新点；内容仅据摘要/Introduction归纳。
PDF：港大/Kong, Lingpeng/论文/2023_Toeplitz Neural Network for Sequence Modeling.pdf；第1页标题、作者单位与摘要；Introduction在已保存前3页内。
https://arxiv.org/abs/2305.04749；访问2026-09-17；arXiv作者顺序和摘要。
CV：https://ikekonglp.github.io/lingpenk_cv.pdf；第10页；版本2026-01-27。
PDF发表标记：“Published as a conference paper at ICLR 2023”。
原文摘要依据：“Sequence modeling has important applications in natural language processing and computer vision. Recently, the transformer-based models have shown strong performance on various sequence modeling tasks”。"
Yiran Zhong（论文 #98，身份待核验）,98,否,否,"论文信息汇总.csv 序98：摘要、研究内容、创新点；内容仅据摘要/Introduction归纳。
PDF：港大/Kong, Lingpeng/论文/2022_The Devil in Linear Transformer.pdf；第1页标题、作者单位与摘要；Introduction在已保存前3页内。
https://aclanthology.org/2022.emnlp-main.473/；访问2026-09-17；ACL作者顺序、发表信息与摘要。
CV：https://ikekonglp.github.io/lingpenk_cv.pdf；第10页；版本2026-01-27。
原文摘要依据：“Linear transformers aim to reduce the quadratic space-time complexity of vanilla transformers. However, they usually suffer from degraded performances on various tasks and corpus. In this paper, we ex”。"
Yiran Zhong（论文 #102，身份待核验）,102,否,待核验,"论文信息汇总.csv 序102：摘要、研究内容、创新点；内容仅据摘要/Introduction归纳。
仅取得可靠元数据或摘要；未取得可读全文。
https://arxiv.org/abs/2207.05042；访问2026-09-17；arXiv作者顺序和摘要。
CV：https://ikekonglp.github.io/lingpenk_cv.pdf；第11页；版本2026-01-27。
原文摘要依据：“We propose to explore a new problem called audio-visual segmentation (AVS), in which the goal is to output a pixel-level map of the object(s) that produce sound at the time of the image frame. To faci”。"
Yiran Zhong（论文 #109，身份待核验）,109,否,否,"论文信息汇总.csv 序109：摘要、研究内容、创新点；内容仅据摘要/Introduction归纳。
PDF：港大/Kong, Lingpeng/论文/2022_cosFormer_ Rethinking Softmax In Attention.pdf；第1页标题、作者单位与摘要；Introduction在已保存前3页内。
https://arxiv.org/abs/2202.08791；访问2026-09-17；arXiv作者顺序和摘要。
CV：https://ikekonglp.github.io/lingpenk_cv.pdf；第11页；版本2026-01-27。
PDF发表标记：“Published as a conference paper at ICLR 2022”。
原文摘要依据：“Transformer has shown great successes in natural language processing, computer vision, and audio processing. As one of its core components, the softmax attention helps to capture long-range dependenci”。"
Yiran Zhong（论文 #133，身份待核验）,133,否,待核验,"论文信息汇总.csv 序133：摘要、研究内容、创新点；内容仅据摘要/Introduction归纳。
仅取得可靠元数据或摘要；未取得可读全文。
https://arxiv.org/abs/2301.13190；访问2026-09-17；arXiv作者顺序和摘要。
原文摘要依据：“We propose a new problem called audio-visual segmentation (AVS), in which the goal is to output a pixel-level map of the object(s) that produce sound at the time of the image frame. To facilitate this”。"
Hui Deng（论文 #11，身份待核验）,11,否,待核验,"论文信息汇总.csv 序11：摘要、研究内容、创新点；内容仅据摘要/Introduction归纳。
仅取得可靠元数据或摘要；未取得可读全文。
https://arxiv.org/abs/2206.10552；访问2026-09-17；arXiv作者顺序和摘要。
CV：https://ikekonglp.github.io/lingpenk_cv.pdf；第4页；版本2026-01-27。
原文摘要依据：“Vision transformers have shown great success on numerous computer vision tasks. However, its central component, softmax attention, prohibits vision transformers from scaling up to high-resolution imag”。"
Hui Deng（论文 #109，身份待核验）,109,否,否,"论文信息汇总.csv 序109：摘要、研究内容、创新点；内容仅据摘要/Introduction归纳。
PDF：港大/Kong, Lingpeng/论文/2022_cosFormer_ Rethinking Softmax In Attention.pdf；第1页标题、作者单位与摘要；Introduction在已保存前3页内。
https://arxiv.org/abs/2202.08791；访问2026-09-17；arXiv作者顺序和摘要。
CV：https://ikekonglp.github.io/lingpenk_cv.pdf；第11页；版本2026-01-27。
PDF发表标记：“Published as a conference paper at ICLR 2022”。
原文摘要依据：“Transformer has shown great successes in natural language processing, computer vision, and audio processing. As one of its core components, the softmax attention helps to capture long-range dependenci”。"
Jianyuan Wang（论文 #11，身份待核验）,11,否,待核验,"论文信息汇总.csv 序11：摘要、研究内容、创新点；内容仅据摘要/Introduction归纳。
仅取得可靠元数据或摘要；未取得可读全文。
https://arxiv.org/abs/2206.10552；访问2026-09-17；arXiv作者顺序和摘要。
CV：https://ikekonglp.github.io/lingpenk_cv.pdf；第4页；版本2026-01-27。
原文摘要依据：“Vision transformers have shown great success on numerous computer vision tasks. However, its central component, softmax attention, prohibits vision transformers from scaling up to high-resolution imag”。"
Jianyuan Wang（论文 #102，身份待核验）,102,否,待核验,"论文信息汇总.csv 序102：摘要、研究内容、创新点；内容仅据摘要/Introduction归纳。
仅取得可靠元数据或摘要；未取得可读全文。
https://arxiv.org/abs/2207.05042；访问2026-09-17；arXiv作者顺序和摘要。
CV：https://ikekonglp.github.io/lingpenk_cv.pdf；第11页；版本2026-01-27。
原文摘要依据：“We propose to explore a new problem called audio-visual segmentation (AVS), in which the goal is to output a pixel-level map of the object(s) that produce sound at the time of the image frame. To faci”。"
Jianyuan Wang（论文 #133，身份待核验）,133,否,待核验,"论文信息汇总.csv 序133：摘要、研究内容、创新点；内容仅据摘要/Introduction归纳。
仅取得可靠元数据或摘要；未取得可读全文。
https://arxiv.org/abs/2301.13190；访问2026-09-17；arXiv作者顺序和摘要。
原文摘要依据：“We propose a new problem called audio-visual segmentation (AVS), in which the goal is to output a pixel-level map of the object(s) that produce sound at the time of the image frame. To facilitate this”。"
Nick Barnes（论文 #11，身份待核验）,11,否,待核验,"论文信息汇总.csv 序11：摘要、研究内容、创新点；内容仅据摘要/Introduction归纳。
仅取得可靠元数据或摘要；未取得可读全文。
https://arxiv.org/abs/2206.10552；访问2026-09-17；arXiv作者顺序和摘要。
CV：https://ikekonglp.github.io/lingpenk_cv.pdf；第4页；版本2026-01-27。
原文摘要依据：“Vision transformers have shown great success on numerous computer vision tasks. However, its central component, softmax attention, prohibits vision transformers from scaling up to high-resolution imag”。"
Nick Barnes（论文 #98，身份待核验）,98,否,否,"论文信息汇总.csv 序98：摘要、研究内容、创新点；内容仅据摘要/Introduction归纳。
PDF：港大/Kong, Lingpeng/论文/2022_The Devil in Linear Transformer.pdf；第1页标题、作者单位与摘要；Introduction在已保存前3页内。
https://aclanthology.org/2022.emnlp-main.473/；访问2026-09-17；ACL作者顺序、发表信息与摘要。
CV：https://ikekonglp.github.io/lingpenk_cv.pdf；第10页；版本2026-01-27。
原文摘要依据：“Linear transformers aim to reduce the quadratic space-time complexity of vanilla transformers. However, they usually suffer from degraded performances on various tasks and corpus. In this paper, we ex”。"
Stan Birchfield（论文 #11，身份待核验）,11,否,待核验,"论文信息汇总.csv 序11：摘要、研究内容、创新点；内容仅据摘要/Introduction归纳。
仅取得可靠元数据或摘要；未取得可读全文。
https://arxiv.org/abs/2206.10552；访问2026-09-17；arXiv作者顺序和摘要。
CV：https://ikekonglp.github.io/lingpenk_cv.pdf；第4页；版本2026-01-27。
原文摘要依据：“Vision transformers have shown great success on numerous computer vision tasks. However, its central component, softmax attention, prohibits vision transformers from scaling up to high-resolution imag”。"
Stan Birchfield（论文 #102，身份待核验）,102,否,待核验,"论文信息汇总.csv 序102：摘要、研究内容、创新点；内容仅据摘要/Introduction归纳。
仅取得可靠元数据或摘要；未取得可读全文。
https://arxiv.org/abs/2207.05042；访问2026-09-17；arXiv作者顺序和摘要。
CV：https://ikekonglp.github.io/lingpenk_cv.pdf；第11页；版本2026-01-27。
原文摘要依据：“We propose to explore a new problem called audio-visual segmentation (AVS), in which the goal is to output a pixel-level map of the object(s) that produce sound at the time of the image frame. To faci”。"
Stan Birchfield（论文 #133，身份待核验）,133,否,待核验,"论文信息汇总.csv 序133：摘要、研究内容、创新点；内容仅据摘要/Introduction归纳。
仅取得可靠元数据或摘要；未取得可读全文。
https://arxiv.org/abs/2301.13190；访问2026-09-17；arXiv作者顺序和摘要。
原文摘要依据：“We propose a new problem called audio-visual segmentation (AVS), in which the goal is to output a pixel-level map of the object(s) that produce sound at the time of the image frame. To facilitate this”。"
Liang Lu（论文 #15，身份待核验）,15,否,待核验,"论文信息汇总.csv 序15：摘要、研究内容、创新点；内容仅据摘要/Introduction归纳。
PDF：港大/Kong, Lingpeng/论文/2017_End-to-End Neural Segmental Models for Speech Recognition.pdf；第1页标题、作者单位与摘要；Introduction在已保存前3页内。
https://arxiv.org/abs/1708.00531；访问2026-09-17；arXiv作者顺序和摘要。
CV：https://ikekonglp.github.io/lingpenk_cv.pdf；第4页；版本2026-01-27。
原文摘要依据：“Segmental models are an alternative to frame-based models for sequence prediction, where hypothesized path weights are based on entire segment scores rather than a single frame at a time. Neural segme”。"
Liang Lu（论文 #117，身份待核验）,117,否,待核验,"论文信息汇总.csv 序117：摘要、研究内容、创新点；内容仅据摘要/Introduction归纳。
PDF：港大/Kong, Lingpeng/论文/2017_Multi-task Learning with CTC and Segmental CRF for Speech Recognition.pdf；第1页标题、作者单位与摘要；Introduction在已保存前3页内。
https://arxiv.org/abs/1702.06378；访问2026-09-17；arXiv作者顺序和摘要。
CV：https://ikekonglp.github.io/lingpenk_cv.pdf；第12页；版本2026-01-27。
原文摘要依据：“Segmental conditional random fields (SCRFs) and connectionist temporal classification (CTC) are two sequence labeling methods used for end-to-end training of speech recognition models. Both models def”。"
Liang Lu（论文 #119，身份待核验）,119,否,待核验,"论文信息汇总.csv 序119：摘要、研究内容、创新点；内容仅据摘要/Introduction归纳。
PDF：港大/Kong, Lingpeng/论文/2016_Segmental Recurrent Neural Networks for End-to-end Speech Recognition.pdf；第1页标题、作者单位与摘要；Introduction在已保存前3页内。
https://arxiv.org/abs/1603.00223；访问2026-09-17；arXiv作者顺序和摘要。
CV：https://ikekonglp.github.io/lingpenk_cv.pdf；第12页；版本2026-01-27。
原文摘要依据：“We study the segmental recurrent neural network for end-to-end acoustic modelling. This model connects the segmental conditional random field (CRF) with a recurrent neural network (RNN) used for featu”。"
Qiushi Sun（论文 #16，身份待核验）,16,是,待核验,"论文信息汇总.csv 序16：摘要、研究内容、创新点；内容仅据摘要/Introduction归纳。
仅取得可靠元数据或摘要；未取得可读全文。
https://arxiv.org/abs/2505.19897；访问2026-09-17；arXiv作者顺序和摘要。
CV：https://ikekonglp.github.io/lingpenk_cv.pdf；第4页；版本2026-01-27。
原文摘要依据：“Large Language Models (LLMs) have extended their impact beyond Natural Language Processing, substantially fostering the development of interdisciplinary research. Recently, various LLM-based agents ha”。"
Qiushi Sun（论文 #57，身份待核验）,57,是,待核验,"论文信息汇总.csv 序57：摘要、研究内容、创新点；内容仅据摘要/Introduction归纳。
仅取得可靠元数据或摘要；未取得可读全文。
https://arxiv.org/abs/2310.00280；访问2026-09-17；arXiv作者顺序和摘要。
CV：https://ikekonglp.github.io/lingpenk_cv.pdf；第7页；版本2026-01-27。
原文摘要依据：“Large Language Models (LLMs) are evolving at an unprecedented pace and have exhibited considerable capability in the realm of natural language processing (NLP) with world knowledge. Benefiting from ul”。"
Qiushi Sun（论文 #144，身份待核验）,144,否,待核验,"论文信息汇总.csv 序144：摘要、研究内容、创新点；内容仅据摘要/Introduction归纳。
仅取得可靠元数据或摘要；未取得可读全文。
https://arxiv.org/abs/2403.14734；访问2026-09-17；arXiv作者顺序和摘要。
原文摘要依据：“Neural Code Intelligence -- leveraging deep learning to understand, generate, and optimize code -- holds immense potential for transformative impacts on the whole society. Bridging the gap between Nat”。"
Qiushi Sun（论文 #158，身份待核验）,158,是,待核验,"论文信息汇总.csv 序158：摘要、研究内容、创新点；内容仅据摘要/Introduction归纳。
仅取得可靠元数据或摘要；未取得可读全文。
https://aclanthology.org/2026.acl-long.431/；访问2026-09-17；ACL作者顺序、发表信息与摘要。
原文摘要依据：“Computer-using agents powered by Vision-Language Models (VLMs) have demonstrated human-like capabilities in operating digital environments like mobile platforms. While these agents hold great promise ”。"
Qiushi Sun（论文 #176，身份待核验）,176,是,待核验,"论文信息汇总.csv 序176：摘要、研究内容、创新点；内容仅据摘要/Introduction归纳。
仅取得可靠元数据或摘要；未取得可读全文。
https://arxiv.org/abs/2607.28609；访问2026-09-17；arXiv作者顺序和摘要。
原文摘要依据：“Computer-using agents (CUAs) are advancing rapidly across the digital world. A CUA trajectory records the agent's actions, states, and reasoning. Verifying whether it fulfilled the task instruction is”。"
Zhoumianze Liu（论文 #16，身份待核验）,16,是,待核验,"论文信息汇总.csv 序16：摘要、研究内容、创新点；内容仅据摘要/Introduction归纳。
仅取得可靠元数据或摘要；未取得可读全文。
https://arxiv.org/abs/2505.19897；访问2026-09-17；arXiv作者顺序和摘要。
CV：https://ikekonglp.github.io/lingpenk_cv.pdf；第4页；版本2026-01-27。
原文摘要依据：“Large Language Models (LLMs) have extended their impact beyond Natural Language Processing, substantially fostering the development of interdisciplinary research. Recently, various LLM-based agents ha”。"
Zhoumianze Liu（论文 #143，身份待核验）,143,是,待核验,"论文信息汇总.csv 序143：摘要、研究内容、创新点；内容仅据摘要/Introduction归纳。
仅取得可靠元数据或摘要；未取得可读全文。
https://arxiv.org/abs/2402.07456；访问2026-09-17；arXiv作者顺序和摘要。
原文摘要依据：“Autonomous interaction with the computer has been a longstanding challenge with great potential, and the recent proliferation of large language models (LLMs) has markedly accelerated progress in build”。"
Zhoumianze Liu（论文 #158，身份待核验）,158,是,待核验,"论文信息汇总.csv 序158：摘要、研究内容、创新点；内容仅据摘要/Introduction归纳。
仅取得可靠元数据或摘要；未取得可读全文。
https://aclanthology.org/2026.acl-long.431/；访问2026-09-17；ACL作者顺序、发表信息与摘要。
原文摘要依据：“Computer-using agents powered by Vision-Language Models (VLMs) have demonstrated human-like capabilities in operating digital environments like mobile platforms. While these agents hold great promise ”。"
Zhoumianze Liu（论文 #176，身份待核验）,176,是,待核验,"论文信息汇总.csv 序176：摘要、研究内容、创新点；内容仅据摘要/Introduction归纳。
仅取得可靠元数据或摘要；未取得可读全文。
https://arxiv.org/abs/2607.28609；访问2026-09-17；arXiv作者顺序和摘要。
原文摘要依据：“Computer-using agents (CUAs) are advancing rapidly across the digital world. A CUA trajectory records the agent's actions, states, and reasoning. Verifying whether it fulfilled the task instruction is”。"
Zichen Ding（论文 #16，身份待核验）,16,是,待核验,"论文信息汇总.csv 序16：摘要、研究内容、创新点；内容仅据摘要/Introduction归纳。
仅取得可靠元数据或摘要；未取得可读全文。
https://arxiv.org/abs/2505.19897；访问2026-09-17；arXiv作者顺序和摘要。
CV：https://ikekonglp.github.io/lingpenk_cv.pdf；第4页；版本2026-01-27。
原文摘要依据：“Large Language Models (LLMs) have extended their impact beyond Natural Language Processing, substantially fostering the development of interdisciplinary research. Recently, various LLM-based agents ha”。"
Zichen Ding（论文 #143，身份待核验）,143,是,待核验,"论文信息汇总.csv 序143：摘要、研究内容、创新点；内容仅据摘要/Introduction归纳。
仅取得可靠元数据或摘要；未取得可读全文。
https://arxiv.org/abs/2402.07456；访问2026-09-17；arXiv作者顺序和摘要。
原文摘要依据：“Autonomous interaction with the computer has been a longstanding challenge with great potential, and the recent proliferation of large language models (LLMs) has markedly accelerated progress in build”。"
Zichen Ding（论文 #158，身份待核验）,158,是,待核验,"论文信息汇总.csv 序158：摘要、研究内容、创新点；内容仅据摘要/Introduction归纳。
仅取得可靠元数据或摘要；未取得可读全文。
https://aclanthology.org/2026.acl-long.431/；访问2026-09-17；ACL作者顺序、发表信息与摘要。
原文摘要依据：“Computer-using agents powered by Vision-Language Models (VLMs) have demonstrated human-like capabilities in operating digital environments like mobile platforms. While these agents hold great promise ”。"
Zichen Ding（论文 #176，身份待核验）,176,是,待核验,"论文信息汇总.csv 序176：摘要、研究内容、创新点；内容仅据摘要/Introduction归纳。
仅取得可靠元数据或摘要；未取得可读全文。
https://arxiv.org/abs/2607.28609；访问2026-09-17；arXiv作者顺序和摘要。
原文摘要依据：“Computer-using agents (CUAs) are advancing rapidly across the digital world. A CUA trajectory records the agent's actions, states, and reasoning. Verifying whether it fulfilled the task instruction is”。"
Fangzhi Xu（论文 #16，身份待核验）,16,是,待核验,"论文信息汇总.csv 序16：摘要、研究内容、创新点；内容仅据摘要/Introduction归纳。
仅取得可靠元数据或摘要；未取得可读全文。
https://arxiv.org/abs/2505.19897；访问2026-09-17；arXiv作者顺序和摘要。
CV：https://ikekonglp.github.io/lingpenk_cv.pdf；第4页；版本2026-01-27。
原文摘要依据：“Large Language Models (LLMs) have extended their impact beyond Natural Language Processing, substantially fostering the development of interdisciplinary research. Recently, various LLM-based agents ha”。"
Fangzhi Xu（论文 #144，身份待核验）,144,否,待核验,"论文信息汇总.csv 序144：摘要、研究内容、创新点；内容仅据摘要/Introduction归纳。
仅取得可靠元数据或摘要；未取得可读全文。
https://arxiv.org/abs/2403.14734；访问2026-09-17；arXiv作者顺序和摘要。
原文摘要依据：“Neural Code Intelligence -- leveraging deep learning to understand, generate, and optimize code -- holds immense potential for transformative impacts on the whole society. Bridging the gap between Nat”。"
Fangzhi Xu（论文 #151，身份待核验）,151,否,待核验,"论文信息汇总.csv 序151：摘要、研究内容、创新点；内容仅据摘要/Introduction归纳。
PDF：港大/Kong, Lingpeng/论文/2025_BioMaze_ Benchmarking and Enhancing Large Language Models for Biological Pathway Reasoning.pdf；第1页标题、作者单位与摘要；Introduction在已保存前3页内。
https://arxiv.org/abs/2502.16660；访问2026-09-17；arXiv作者顺序和摘要。
原文摘要依据：“The applications of large language models (LLMs) in various biological domains have been explored recently, but their reasoning ability in complex biological systems, such as pathways, remains underex”。"
Fangzhi Xu（论文 #158，身份待核验）,158,是,待核验,"论文信息汇总.csv 序158：摘要、研究内容、创新点；内容仅据摘要/Introduction归纳。
仅取得可靠元数据或摘要；未取得可读全文。
https://aclanthology.org/2026.acl-long.431/；访问2026-09-17；ACL作者顺序、发表信息与摘要。
原文摘要依据：“Computer-using agents powered by Vision-Language Models (VLMs) have demonstrated human-like capabilities in operating digital environments like mobile platforms. While these agents hold great promise ”。"
Fangzhi Xu（论文 #176，身份待核验）,176,是,待核验,"论文信息汇总.csv 序176：摘要、研究内容、创新点；内容仅据摘要/Introduction归纳。
仅取得可靠元数据或摘要；未取得可读全文。
https://arxiv.org/abs/2607.28609；访问2026-09-17；arXiv作者顺序和摘要。
原文摘要依据：“Computer-using agents (CUAs) are advancing rapidly across the digital world. A CUA trajectory records the agent's actions, states, and reasoning. Verifying whether it fulfilled the task instruction is”。"
Zhangyue Yin（论文 #16，身份待核验）,16,是,待核验,"论文信息汇总.csv 序16：摘要、研究内容、创新点；内容仅据摘要/Introduction归纳。
仅取得可靠元数据或摘要；未取得可读全文。
https://arxiv.org/abs/2505.19897；访问2026-09-17；arXiv作者顺序和摘要。
CV：https://ikekonglp.github.io/lingpenk_cv.pdf；第4页；版本2026-01-27。
原文摘要依据：“Large Language Models (LLMs) have extended their impact beyond Natural Language Processing, substantially fostering the development of interdisciplinary research. Recently, various LLM-based agents ha”。"
Zhangyue Yin（论文 #57，身份待核验）,57,是,待核验,"论文信息汇总.csv 序57：摘要、研究内容、创新点；内容仅据摘要/Introduction归纳。
仅取得可靠元数据或摘要；未取得可读全文。
https://arxiv.org/abs/2310.00280；访问2026-09-17；arXiv作者顺序和摘要。
CV：https://ikekonglp.github.io/lingpenk_cv.pdf；第7页；版本2026-01-27。
原文摘要依据：“Large Language Models (LLMs) are evolving at an unprecedented pace and have exhibited considerable capability in the realm of natural language processing (NLP) with world knowledge. Benefiting from ul”。"
Zhangyue Yin（论文 #144，身份待核验）,144,否,待核验,"论文信息汇总.csv 序144：摘要、研究内容、创新点；内容仅据摘要/Introduction归纳。
仅取得可靠元数据或摘要；未取得可读全文。
https://arxiv.org/abs/2403.14734；访问2026-09-17；arXiv作者顺序和摘要。
原文摘要依据：“Neural Code Intelligence -- leveraging deep learning to understand, generate, and optimize code -- holds immense potential for transformative impacts on the whole society. Bridging the gap between Nat”。"
Zhangyue Yin（论文 #158，身份待核验）,158,是,待核验,"论文信息汇总.csv 序158：摘要、研究内容、创新点；内容仅据摘要/Introduction归纳。
仅取得可靠元数据或摘要；未取得可读全文。
https://aclanthology.org/2026.acl-long.431/；访问2026-09-17；ACL作者顺序、发表信息与摘要。
原文摘要依据：“Computer-using agents powered by Vision-Language Models (VLMs) have demonstrated human-like capabilities in operating digital environments like mobile platforms. While these agents hold great promise ”。"
Zhangyue Yin（论文 #176，身份待核验）,176,是,待核验,"论文信息汇总.csv 序176：摘要、研究内容、创新点；内容仅据摘要/Introduction归纳。
仅取得可靠元数据或摘要；未取得可读全文。
https://arxiv.org/abs/2607.28609；访问2026-09-17；arXiv作者顺序和摘要。
原文摘要依据：“Computer-using agents (CUAs) are advancing rapidly across the digital world. A CUA trajectory records the agent's actions, states, and reasoning. Verifying whether it fulfilled the task instruction is”。"
Haiteng Zhao,78,否,待核验,"论文信息汇总.csv 序78：摘要、研究内容、创新点；内容仅据摘要/Introduction归纳。
仅取得可靠元数据或摘要；未取得可读全文。
https://arxiv.org/abs/2306.13089；访问2026-09-17；arXiv作者顺序和摘要。
CV：https://ikekonglp.github.io/lingpenk_cv.pdf；第9页；版本2026-01-27。
原文摘要依据：“Molecule property prediction has gained significant attention in recent years. The main bottleneck is the label insufficiency caused by expensive lab experiments. In order to alleviate this issue and ”。"
Haiteng Zhao,54,是,待核验,"论文信息汇总.csv 序54：摘要、研究内容、创新点；内容仅据摘要/Introduction归纳。
PDF：港大/Kong, Lingpeng/论文/2024_Retrieved Sequence Augmentation for Protein Representation Learning.pdf；第1页标题、作者单位与摘要；Introduction在已保存前3页内。
https://aclanthology.org/2024.emnlp-main.104/；访问2026-09-17；ACL作者顺序、发表信息与摘要。
CV：https://ikekonglp.github.io/lingpenk_cv.pdf；第7页；版本2026-01-27。
原文摘要依据：“Protein Language Models traditionally depend on Multiple Sequence Alignments (MSA) to incorporate evolutionary knowledge. However, MSA-based approaches suffer from substantial computational overhead a”。"
Haiteng Zhao,56,否,待核验,"论文信息汇总.csv 序56：摘要、研究内容、创新点；内容仅据摘要/Introduction归纳。
PDF：港大/Kong, Lingpeng/论文/2024_Empowering Large Language Model Agents through Action Learning.pdf；第1页标题、作者单位与摘要；Introduction在已保存前3页内。
https://arxiv.org/abs/2402.15809；访问2026-09-17；arXiv作者顺序和摘要。
CV：https://ikekonglp.github.io/lingpenk_cv.pdf；第7页；版本2026-01-27。
原文摘要依据：“Large Language Model (LLM) Agents have recently garnered increasing interest yet they are limited in their ability to learn from trial and error, a key element of intelligent behavior. In this work, w”。"
Haiteng Zhao,42,是,待核验,"论文信息汇总.csv 序42：摘要、研究内容、创新点；内容仅据摘要/Introduction归纳。
PDF：港大/Kong, Lingpeng/论文/2025_Language Model Non-Myopic Generation for Reasoning and Planning.pdf；第1页标题、作者单位与摘要；Introduction在已保存前3页内。
https://arxiv.org/abs/2410.17195；访问2026-09-17；arXiv作者顺序和摘要。
CV：https://ikekonglp.github.io/lingpenk_cv.pdf；第6页；版本2026-01-27。
原文摘要依据：“Large Language Models have demonstrated remarkable abilities in reasoning and planning by breaking down complex problems into sequential steps. Despite their success in various domains like mathematic”。"
Haiteng Zhao,151,否,待核验,"论文信息汇总.csv 序151：摘要、研究内容、创新点；内容仅据摘要/Introduction归纳。
PDF：港大/Kong, Lingpeng/论文/2025_BioMaze_ Benchmarking and Enhancing Large Language Models for Biological Pathway Reasoning.pdf；第1页标题、作者单位与摘要；Introduction在已保存前3页内。
https://arxiv.org/abs/2502.16660；访问2026-09-17；arXiv作者顺序和摘要。
原文摘要依据：“The applications of large language models (LLMs) in various biological domains have been explored recently, but their reasoning ability in complex biological systems, such as pathways, remains underex”。"
Haiteng Zhao,16,是,待核验,"论文信息汇总.csv 序16：摘要、研究内容、创新点；内容仅据摘要/Introduction归纳。
仅取得可靠元数据或摘要；未取得可读全文。
https://arxiv.org/abs/2505.19897；访问2026-09-17；arXiv作者顺序和摘要。
CV：https://ikekonglp.github.io/lingpenk_cv.pdf；第4页；版本2026-01-27。
原文摘要依据：“Large Language Models (LLMs) have extended their impact beyond Natural Language Processing, substantially fostering the development of interdisciplinary research. Recently, various LLM-based agents ha”。"
Zhenyu Wu,44,是,待核验,"论文信息汇总.csv 序44：摘要、研究内容、创新点；内容仅据摘要/Introduction归纳。
仅取得可靠元数据或摘要；未取得可读全文。
https://arxiv.org/abs/2502.19805；访问2026-09-17；arXiv作者顺序和摘要。
CV：https://ikekonglp.github.io/lingpenk_cv.pdf；第6页；版本2026-01-27。
原文摘要依据：“In the post-AlphaGo era, there has been a renewed interest in search techniques such as Monte Carlo Tree Search (MCTS), particularly in their application to Large Language Models (LLMs). This renewed ”。"
Zhenyu Wu,16,是,待核验,"论文信息汇总.csv 序16：摘要、研究内容、创新点；内容仅据摘要/Introduction归纳。
仅取得可靠元数据或摘要；未取得可读全文。
https://arxiv.org/abs/2505.19897；访问2026-09-17；arXiv作者顺序和摘要。
CV：https://ikekonglp.github.io/lingpenk_cv.pdf；第4页；版本2026-01-27。
原文摘要依据：“Large Language Models (LLMs) have extended their impact beyond Natural Language Processing, substantially fostering the development of interdisciplinary research. Recently, various LLM-based agents ha”。"
Kanzhi Cheng（论文 #16，身份待核验）,16,是,待核验,"论文信息汇总.csv 序16：摘要、研究内容、创新点；内容仅据摘要/Introduction归纳。
仅取得可靠元数据或摘要；未取得可读全文。
https://arxiv.org/abs/2505.19897；访问2026-09-17；arXiv作者顺序和摘要。
CV：https://ikekonglp.github.io/lingpenk_cv.pdf；第4页；版本2026-01-27。
原文摘要依据：“Large Language Models (LLMs) have extended their impact beyond Natural Language Processing, substantially fostering the development of interdisciplinary research. Recently, various LLM-based agents ha”。"
Kanzhi Cheng（论文 #144，身份待核验）,144,否,待核验,"论文信息汇总.csv 序144：摘要、研究内容、创新点；内容仅据摘要/Introduction归纳。
仅取得可靠元数据或摘要；未取得可读全文。
https://arxiv.org/abs/2403.14734；访问2026-09-17；arXiv作者顺序和摘要。
原文摘要依据：“Neural Code Intelligence -- leveraging deep learning to understand, generate, and optimize code -- holds immense potential for transformative impacts on the whole society. Bridging the gap between Nat”。"
Kanzhi Cheng（论文 #158，身份待核验）,158,是,待核验,"论文信息汇总.csv 序158：摘要、研究内容、创新点；内容仅据摘要/Introduction归纳。
仅取得可靠元数据或摘要；未取得可读全文。
https://aclanthology.org/2026.acl-long.431/；访问2026-09-17；ACL作者顺序、发表信息与摘要。
原文摘要依据：“Computer-using agents powered by Vision-Language Models (VLMs) have demonstrated human-like capabilities in operating digital environments like mobile platforms. While these agents hold great promise ”。"
Kanzhi Cheng（论文 #176，身份待核验）,176,是,待核验,"论文信息汇总.csv 序176：摘要、研究内容、创新点；内容仅据摘要/Introduction归纳。
仅取得可靠元数据或摘要；未取得可读全文。
https://arxiv.org/abs/2607.28609；访问2026-09-17；arXiv作者顺序和摘要。
原文摘要依据：“Computer-using agents (CUAs) are advancing rapidly across the digital world. A CUA trajectory records the agent's actions, states, and reasoning. Verifying whether it fulfilled the task instruction is”。"
Jianing Wang（论文 #16，身份待核验）,16,是,待核验,"论文信息汇总.csv 序16：摘要、研究内容、创新点；内容仅据摘要/Introduction归纳。
仅取得可靠元数据或摘要；未取得可读全文。
https://arxiv.org/abs/2505.19897；访问2026-09-17；arXiv作者顺序和摘要。
CV：https://ikekonglp.github.io/lingpenk_cv.pdf；第4页；版本2026-01-27。
原文摘要依据：“Large Language Models (LLMs) have extended their impact beyond Natural Language Processing, substantially fostering the development of interdisciplinary research. Recently, various LLM-based agents ha”。"
Jianing Wang（论文 #144，身份待核验）,144,否,待核验,"论文信息汇总.csv 序144：摘要、研究内容、创新点；内容仅据摘要/Introduction归纳。
仅取得可靠元数据或摘要；未取得可读全文。
https://arxiv.org/abs/2403.14734；访问2026-09-17；arXiv作者顺序和摘要。
原文摘要依据：“Neural Code Intelligence -- leveraging deep learning to understand, generate, and optimize code -- holds immense potential for transformative impacts on the whole society. Bridging the gap between Nat”。"
Qintong Li,96,是,待核验,"论文信息汇总.csv 序96：摘要、研究内容、创新点；内容仅据摘要/Introduction归纳。
PDF：港大/Kong, Lingpeng/论文/2022_ZeroGen_ Efficient Zero-shot Learning via Dataset Generation.pdf；第1页标题、作者单位与摘要；Introduction在已保存前3页内。
https://aclanthology.org/2022.emnlp-main.801/；访问2026-09-17；ACL作者顺序、发表信息与摘要。
CV：https://ikekonglp.github.io/lingpenk_cv.pdf；第10页；版本2026-01-27。
PDF发表标记：“Proceedings of the 2022 Conference on Empirical Methods in Natural Language Processing, pages 11653–11669”。
原文摘要依据：“There is a growing interest in dataset generation recently due to the superior generative capacity of large pre-trained language models (PLMs). In this paper, we study a flexible and efficient zero-sh”。"
Qintong Li,106,是,否,"论文信息汇总.csv 序106：摘要、研究内容、创新点；内容仅据摘要/Introduction归纳。
PDF：港大/Kong, Lingpeng/论文/2022_Event Transition Planning for Open-ended Text Generation.pdf；第1页标题、作者单位与摘要；Introduction在已保存前3页内。
https://aclanthology.org/2022.findings-acl.269/；访问2026-09-17；ACL作者顺序、发表信息与摘要。
CV：https://ikekonglp.github.io/lingpenk_cv.pdf；第11页；版本2026-01-27。
原文摘要依据：“Open-ended text generation tasks, such as dialogue generation and story completion, require models to generate a coherent continuation given limited preceding context. The open-ended nature of these t”。"
Qintong Li,82,否,待核验,"论文信息汇总.csv 序82：摘要、研究内容、创新点；内容仅据摘要/Introduction归纳。
仅取得可靠元数据或摘要；未取得可读全文。
https://aclanthology.org/2023.findings-acl.765/；访问2026-09-17；ACL作者顺序、发表信息与摘要。
CV：https://ikekonglp.github.io/lingpenk_cv.pdf；第9页；版本2026-01-27。
原文摘要依据：“Explaining the black-box predictions of NLP models naturally and accurately is an important open problem in natural language generation. These free-text explanations are expected to contain sufficient”。"
Qintong Li,85,否,待核验,"论文信息汇总.csv 序85：摘要、研究内容、创新点；内容仅据摘要/Introduction归纳。
PDF：港大/Kong, Lingpeng/论文/2023_A Cognitive Stimulation Dialogue System with Multi-source Knowledge Fusion for Elders with Cognitive Impairment.pdf；第1页标题、作者单位与摘要；Introduction在已保存前3页内。
https://aclanthology.org/2023.acl-long.593/；访问2026-09-17；ACL作者顺序、发表信息与摘要。
CV：https://ikekonglp.github.io/lingpenk_cv.pdf；第9页；版本2026-01-27。
PDF发表标记：“Proceedings of the 61st Annual Meeting of the Association for Computational Linguistics”。
原文摘要依据：“When communicating with elders with cognitive impairment, cognitive stimulation (CS) help to maintain the cognitive health of elders. Data sparsity is the main challenge in building CS-based dialogue ”。"
Qintong Li,54,是,待核验,"论文信息汇总.csv 序54：摘要、研究内容、创新点；内容仅据摘要/Introduction归纳。
PDF：港大/Kong, Lingpeng/论文/2024_Retrieved Sequence Augmentation for Protein Representation Learning.pdf；第1页标题、作者单位与摘要；Introduction在已保存前3页内。
https://aclanthology.org/2024.emnlp-main.104/；访问2026-09-17；ACL作者顺序、发表信息与摘要。
CV：https://ikekonglp.github.io/lingpenk_cv.pdf；第7页；版本2026-01-27。
原文摘要依据：“Protein Language Models traditionally depend on Multiple Sequence Alignments (MSA) to incorporate evolutionary knowledge. However, MSA-based approaches suffer from substantial computational overhead a”。"
Qintong Li,63,否,是,"论文信息汇总.csv 序63：摘要、研究内容、创新点；内容仅据摘要/Introduction归纳。
PDF：港大/Kong, Lingpeng/论文/2024_GSM-Plus_ A Comprehensive Benchmark for Evaluating the Robustness of LLMs as Mathematical Problem Solvers.pdf；第1页标题、作者单位与摘要；Introduction在已保存前3页内。
https://aclanthology.org/2024.acl-long.163/；访问2026-09-17；ACL作者顺序、发表信息与摘要。
CV：https://ikekonglp.github.io/lingpenk_cv.pdf；第8页；版本2026-01-27。
PDF发表标记：“Proceedings of the 62nd Annual Meeting of the Association for Computational Linguistics (Volume 1: Long Papers), pages 2961–2984”。
原文摘要依据：“Large language models (LLMs) have achieved impressive performance across various mathematical reasoning benchmarks. However, there are increasing debates regarding whether these models truly understan”。"
Qintong Li,67,是,待核验,"论文信息汇总.csv 序67：摘要、研究内容、创新点；内容仅据摘要/Introduction归纳。
PDF：港大/Kong, Lingpeng/论文/2024_BBA_ Bi-Modal Behavioral Alignment for Reasoning with Large Vision-Language Models.pdf；第1页标题、作者单位与摘要；Introduction在已保存前3页内。
https://aclanthology.org/2024.findings-acl.433/；访问2026-09-17；ACL作者顺序、发表信息与摘要。
CV：https://ikekonglp.github.io/lingpenk_cv.pdf；第8页；版本2026-01-27。
原文摘要依据：“Multimodal reasoning stands as a pivotal capability for large vision-language models (LVLMs). The integration with Domain-Specific Languages (DSL), offering precise visual representations, equips thes”。"
Qintong Li,24,否,待核验,"论文信息汇总.csv 序24：摘要、研究内容、创新点；内容仅据摘要/Introduction归纳。
仅取得可靠元数据或摘要；未取得可读全文。
https://arxiv.org/abs/2503.17195；访问2026-09-17；arXiv作者顺序和摘要。
CV：https://ikekonglp.github.io/lingpenk_cv.pdf；第5页；版本2026-01-27。
原文摘要依据：“Model customization necessitates high-quality and diverse datasets, but acquiring such data remains time-consuming and labor-intensive. Despite the great potential of large language models (LLMs) for ”。"
Qintong Li,25,是,是,"论文信息汇总.csv 序25：摘要、研究内容、创新点；内容仅据摘要/Introduction归纳。
PDF：港大/Kong, Lingpeng/论文/2025_DynaAct_ Large Language Model Reasoning with Dynamic Action Spaces.pdf；第1页标题、作者单位与摘要；Introduction在已保存前3页内。
https://arxiv.org/abs/2511.08043；访问2026-09-17；arXiv作者顺序和摘要。
CV：https://ikekonglp.github.io/lingpenk_cv.pdf；第5页；版本2026-01-27。
原文摘要依据：“In modern sequential decision-making systems, the construction of an optimal candidate action space is critical to efficient inference. However, existing approaches either rely on manually defined act”。"
Qintong Li,48,是,是,"论文信息汇总.csv 序48：摘要、研究内容、创新点；内容仅据摘要/Introduction归纳。
PDF：港大/Kong, Lingpeng/论文/2025_Forewarned is Forearmed_ Harnessing LLMs for Data Synthesis via Failure-induced Exploration.pdf；第1页标题、作者单位与摘要；Introduction在已保存前3页内。
https://arxiv.org/abs/2410.16736；访问2026-09-17；arXiv作者顺序和摘要。
CV：https://ikekonglp.github.io/lingpenk_cv.pdf；第7页；版本2026-01-27。
原文摘要依据：“Large language models (LLMs) have significantly benefited from training on diverse, high-quality task-specific data, leading to impressive performance across a range of downstream applications. Curren”。"
Qintong Li,140,否,待核验,"论文信息汇总.csv 序140：摘要、研究内容、创新点；内容仅据摘要/Introduction归纳。
PDF：港大/Kong, Lingpeng/论文/2025_Exploring the Reliability of Large Language Models as Customized Evaluators for Diverse NLP Tasks.pdf；第1页标题、作者单位与摘要；Introduction在已保存前3页内。
https://aclanthology.org/2025.coling-main.688/；访问2026-09-17；ACL作者顺序、发表信息与摘要。
原文摘要依据：“Previous work adopts large language models (LLMs) as evaluators to evaluate natural language process (NLP) tasks. However, certain shortcomings, e.g., fairness, scope, and accuracy, persist for curren”。"
Qintong Li,16,是,待核验,"论文信息汇总.csv 序16：摘要、研究内容、创新点；内容仅据摘要/Introduction归纳。
仅取得可靠元数据或摘要；未取得可读全文。
https://arxiv.org/abs/2505.19897；访问2026-09-17；arXiv作者顺序和摘要。
CV：https://ikekonglp.github.io/lingpenk_cv.pdf；第4页；版本2026-01-27。
原文摘要依据：“Large Language Models (LLMs) have extended their impact beyond Natural Language Processing, substantially fostering the development of interdisciplinary research. Recently, various LLM-based agents ha”。"
Qintong Li,166,否,待核验,"论文信息汇总.csv 序166：摘要、研究内容、创新点；内容仅据摘要/Introduction归纳。
PDF：港大/Kong, Lingpeng/论文/2026_ToolSelf_ Unifying Task Execution and Self-Reconfiguration via Tool-Driven Emergent Adaptation.pdf；第1页标题、作者单位与摘要；Introduction在已保存前3页内。
https://arxiv.org/abs/2602.07883；访问2026-09-17；arXiv作者顺序和摘要。
原文摘要依据：“LLM-powered agentic systems excel at complex long-horizon tasks, but remain constrained by static configurations fixed before execution. Such rigidity forces a trade-off between domain-specific perfor”。"
Tianbao Xie（论文 #16，身份待核验）,16,是,待核验,"论文信息汇总.csv 序16：摘要、研究内容、创新点；内容仅据摘要/Introduction归纳。
仅取得可靠元数据或摘要；未取得可读全文。
https://arxiv.org/abs/2505.19897；访问2026-09-17；arXiv作者顺序和摘要。
CV：https://ikekonglp.github.io/lingpenk_cv.pdf；第4页；版本2026-01-27。
原文摘要依据：“Large Language Models (LLMs) have extended their impact beyond Natural Language Processing, substantially fostering the development of interdisciplinary research. Recently, various LLM-based agents ha”。"
Tianbao Xie（论文 #73，身份待核验）,73,否,待核验,"论文信息汇总.csv 序73：摘要、研究内容、创新点；内容仅据摘要/Introduction归纳。
PDF：港大/Kong, Lingpeng/论文/2024_Lemur_ Harmonizing Natural Language and Code for Language Agents.pdf；第1页标题、作者单位与摘要；Introduction在已保存前3页内。
https://arxiv.org/abs/2310.06830；访问2026-09-17；arXiv作者顺序和摘要。
CV：https://ikekonglp.github.io/lingpenk_cv.pdf；第8页；版本2026-01-27。
PDF发表标记：“Published as a conference paper at ICLR 2024”。
原文摘要依据：“We introduce Lemur and Lemur-Chat, openly accessible language models optimized for both natural language and coding capabilities to serve as the backbone of versatile language agents. The evolution fr”。"
Tianbao Xie（论文 #97，身份待核验）,97,否,待核验,"论文信息汇总.csv 序97：摘要、研究内容、创新点；内容仅据摘要/Introduction归纳。
仅取得可靠元数据或摘要；未取得可读全文。
https://aclanthology.org/2022.emnlp-main.39/；访问2026-09-17；ACL作者顺序、发表信息与摘要。
CV：https://ikekonglp.github.io/lingpenk_cv.pdf；第10页；版本2026-01-27。
原文摘要依据：“Structured knowledge grounding (SKG) leverages structured knowledge to complete user requests, such as semantic parsing over databases and question answering over knowledge bases. Since the inputs and”。"
Tianbao Xie（论文 #176，身份待核验）,176,是,待核验,"论文信息汇总.csv 序176：摘要、研究内容、创新点；内容仅据摘要/Introduction归纳。
仅取得可靠元数据或摘要；未取得可读全文。
https://arxiv.org/abs/2607.28609；访问2026-09-17；arXiv作者顺序和摘要。
原文摘要依据：“Computer-using agents (CUAs) are advancing rapidly across the digital world. A CUA trajectory records the agent's actions, states, and reasoning. Verifying whether it fulfilled the task instruction is”。"
Wendong Xu（论文 #17，身份待核验）,17,否,待核验,"论文信息汇总.csv 序17：摘要、研究内容、创新点；内容仅据摘要/Introduction归纳。
PDF：港大/Kong, Lingpeng/论文/2026_SwingArena_ Adversarial Programming Arena for Long-Context GitHub Issue Solving.pdf；第1页标题、作者单位与摘要；Introduction在已保存前3页内。
https://arxiv.org/abs/2505.23932；访问2026-09-17；arXiv作者顺序和摘要。
CV：https://ikekonglp.github.io/lingpenk_cv.pdf；第4页；版本2026-01-27。
PDF发表标记：“Published as a conference paper at ICLR 2026”。
原文摘要依据：“We present SwingArena, a competitive evaluation framework for Large Language Models (LLMs) that closely mirrors real-world software development workflows. Unlike traditional static benchmarks, SwingAr”。"
Wendong Xu（论文 #156，身份待核验）,156,否,待核验,"论文信息汇总.csv 序156：摘要、研究内容、创新点；内容仅据摘要/Introduction归纳。
仅取得可靠元数据或摘要；未取得可读全文。
https://arxiv.org/abs/2509.07403；访问2026-09-17；arXiv作者顺序和摘要。
原文摘要依据：“Large language models (LLMs) have made significant progress in Emotional Intelligence (EI) and long-context modeling. However, existing benchmarks often overlook the fact that emotional information pr”。"
Chenyang Zhao（论文 #17，身份待核验）,17,否,待核验,"论文信息汇总.csv 序17：摘要、研究内容、创新点；内容仅据摘要/Introduction归纳。
PDF：港大/Kong, Lingpeng/论文/2026_SwingArena_ Adversarial Programming Arena for Long-Context GitHub Issue Solving.pdf；第1页标题、作者单位与摘要；Introduction在已保存前3页内。
https://arxiv.org/abs/2505.23932；访问2026-09-17；arXiv作者顺序和摘要。
CV：https://ikekonglp.github.io/lingpenk_cv.pdf；第4页；版本2026-01-27。
PDF发表标记：“Published as a conference paper at ICLR 2026”。
原文摘要依据：“We present SwingArena, a competitive evaluation framework for Large Language Models (LLMs) that closely mirrors real-world software development workflows. Unlike traditional static benchmarks, SwingAr”。"
Chenyang Zhao（论文 #19，身份待核验）,19,否,待核验,"论文信息汇总.csv 序19：摘要、研究内容、创新点；内容仅据摘要/Introduction归纳。
PDF：港大/Kong, Lingpeng/论文/2026_ATTS_ Asynchronous Test-Time Scaling via Conformal Prediction.pdf；第1页标题、作者单位与摘要；Introduction在已保存前3页内。
https://arxiv.org/abs/2509.15148；访问2026-09-17；arXiv作者顺序和摘要。
CV：https://ikekonglp.github.io/lingpenk_cv.pdf；第4页；版本2026-01-27。
PDF发表标记：“Published as a conference paper at ICLR 2026”。
原文摘要依据：“Large language models (LLMs) benefit from test-time scaling but are often hampered by high inference latency. Speculative decoding is a natural way to accelerate the scaling process; however, scaling ”。"
Chenyang Zhao（论文 #37，身份待核验）,37,否,待核验,"论文信息汇总.csv 序37：摘要、研究内容、创新点；内容仅据摘要/Introduction归纳。
仅取得可靠元数据或摘要；未取得可读全文。
https://arxiv.org/abs/2502.14317；访问2026-09-17；arXiv作者顺序和摘要。
CV：https://ikekonglp.github.io/lingpenk_cv.pdf；第6页；版本2026-01-27。
原文摘要依据：“Extrapolating ultra-long contexts (text length >128K) remains a major challenge for large language models (LLMs), as most training-free extrapolation methods are not only severely limited by memory bo”。"
Chenyang Zhao（论文 #163，身份待核验）,163,否,待核验,"论文信息汇总.csv 序163：摘要、研究内容、创新点；内容仅据摘要/Introduction归纳。
仅取得可靠元数据或摘要；未取得可读全文。
https://arxiv.org/abs/2601.03017；访问2026-09-17；arXiv作者顺序和摘要。
原文摘要依据：“Autoformalization, which translates natural language mathematics into formal statements to enable machine reasoning, faces fundamental challenges in the wild due to the multimodal nature of the physic”。"
Qiujiang Chen（论文 #17，身份待核验）,17,否,待核验,"论文信息汇总.csv 序17：摘要、研究内容、创新点；内容仅据摘要/Introduction归纳。
PDF：港大/Kong, Lingpeng/论文/2026_SwingArena_ Adversarial Programming Arena for Long-Context GitHub Issue Solving.pdf；第1页标题、作者单位与摘要；Introduction在已保存前3页内。
https://arxiv.org/abs/2505.23932；访问2026-09-17；arXiv作者顺序和摘要。
CV：https://ikekonglp.github.io/lingpenk_cv.pdf；第4页；版本2026-01-27。
PDF发表标记：“Published as a conference paper at ICLR 2026”。
原文摘要依据：“We present SwingArena, a competitive evaluation framework for Large Language Models (LLMs) that closely mirrors real-world software development workflows. Unlike traditional static benchmarks, SwingAr”。"
Qiujiang Chen（论文 #19，身份待核验）,19,否,待核验,"论文信息汇总.csv 序19：摘要、研究内容、创新点；内容仅据摘要/Introduction归纳。
PDF：港大/Kong, Lingpeng/论文/2026_ATTS_ Asynchronous Test-Time Scaling via Conformal Prediction.pdf；第1页标题、作者单位与摘要；Introduction在已保存前3页内。
https://arxiv.org/abs/2509.15148；访问2026-09-17；arXiv作者顺序和摘要。
CV：https://ikekonglp.github.io/lingpenk_cv.pdf；第4页；版本2026-01-27。
PDF发表标记：“Published as a conference paper at ICLR 2026”。
原文摘要依据：“Large language models (LLMs) benefit from test-time scaling but are often hampered by high inference latency. Speculative decoding is a natural way to accelerate the scaling process; however, scaling ”。"
Zhijiang Guo（论文 #17，身份待核验）,17,否,待核验,"论文信息汇总.csv 序17：摘要、研究内容、创新点；内容仅据摘要/Introduction归纳。
PDF：港大/Kong, Lingpeng/论文/2026_SwingArena_ Adversarial Programming Arena for Long-Context GitHub Issue Solving.pdf；第1页标题、作者单位与摘要；Introduction在已保存前3页内。
https://arxiv.org/abs/2505.23932；访问2026-09-17；arXiv作者顺序和摘要。
CV：https://ikekonglp.github.io/lingpenk_cv.pdf；第4页；版本2026-01-27。
PDF发表标记：“Published as a conference paper at ICLR 2026”。
原文摘要依据：“We present SwingArena, a competitive evaluation framework for Large Language Models (LLMs) that closely mirrors real-world software development workflows. Unlike traditional static benchmarks, SwingAr”。"
Zhijiang Guo（论文 #29，身份待核验）,29,否,否,"论文信息汇总.csv 序29：摘要、研究内容、创新点；内容仅据摘要/Introduction归纳。
PDF：港大/Kong, Lingpeng/论文/2025_UNComp_ Can Matrix Entropy Uncover Sparsity_ — A Compressor Design from an Uncertainty-Aware Perspective.pdf；第1页标题、作者单位与摘要；Introduction在已保存前3页内。
https://aclanthology.org/2025.emnlp-main.209/；访问2026-09-17；ACL作者顺序、发表信息与摘要。
CV：https://ikekonglp.github.io/lingpenk_cv.pdf；第5页；版本2026-01-27。
PDF发表标记：“Proceedings of the 2025 Conference on Empirical Methods in Natural Language Processing, pages 4179–4199”。
原文摘要依据：“Deploying large language models (LLMs) for long-context inference remains challenging due to their substantial memory and computational demands. While techniques such as Key-Value (KV) cache compressi”。"
Liang Zhao（论文 #18，身份待核验）,18,否,是,"论文信息汇总.csv 序18：摘要、研究内容、创新点；内容仅据摘要/Introduction归纳。
PDF：港大/Kong, Lingpeng/论文/2026_PERSONA_ Dynamic and Compositional Inference-Time Personality Control via Activation Vector Algebra.pdf；第1页标题、作者单位与摘要；Introduction在已保存前3页内。
https://arxiv.org/abs/2602.15669；访问2026-09-17；arXiv作者顺序和摘要。
CV：https://ikekonglp.github.io/lingpenk_cv.pdf；第4页；版本2026-01-27。
PDF发表标记：“Published as a conference paper at ICLR 2026”。
原文摘要依据：“Current methods for personality control in Large Language Models rely on static prompting or expensive fine-tuning, failing to capture the dynamic and compositional nature of human traits. We introduc”。"
Liang Zhao（论文 #35，身份待核验）,35,否,否,"论文信息汇总.csv 序35：摘要、研究内容、创新点；内容仅据摘要/Introduction归纳。
PDF：港大/Kong, Lingpeng/论文/2025_Alleviating Hallucinations from Knowledge Misalignment in Large Language Models via Selective Abstention Learning.pdf；第1页标题、作者单位与摘要；Introduction在已保存前3页内。
https://aclanthology.org/2025.acl-long.1199/；访问2026-09-17；ACL作者顺序、发表信息与摘要。
CV：https://ikekonglp.github.io/lingpenk_cv.pdf；第6页；版本2026-01-27。
PDF发表标记：“Proceedings of the 63rd Annual Meeting of the Association for Computational Linguistics (Volume 1: Long Papers), pages 24564–24579”。
原文摘要依据：“Large language models (LLMs) are known to suffer from severe hallucination issues. One of the main causes lies in the knowledge misalignment between the pre-training stage and the supervised fine-tuni”。"
Weihong Zhong（论文 #18，身份待核验）,18,否,是,"论文信息汇总.csv 序18：摘要、研究内容、创新点；内容仅据摘要/Introduction归纳。
PDF：港大/Kong, Lingpeng/论文/2026_PERSONA_ Dynamic and Compositional Inference-Time Personality Control via Activation Vector Algebra.pdf；第1页标题、作者单位与摘要；Introduction在已保存前3页内。
https://arxiv.org/abs/2602.15669；访问2026-09-17；arXiv作者顺序和摘要。
CV：https://ikekonglp.github.io/lingpenk_cv.pdf；第4页；版本2026-01-27。
PDF发表标记：“Published as a conference paper at ICLR 2026”。
原文摘要依据：“Current methods for personality control in Large Language Models rely on static prompting or expensive fine-tuning, failing to capture the dynamic and compositional nature of human traits. We introduc”。"
Weihong Zhong（论文 #35，身份待核验）,35,否,否,"论文信息汇总.csv 序35：摘要、研究内容、创新点；内容仅据摘要/Introduction归纳。
PDF：港大/Kong, Lingpeng/论文/2025_Alleviating Hallucinations from Knowledge Misalignment in Large Language Models via Selective Abstention Learning.pdf；第1页标题、作者单位与摘要；Introduction在已保存前3页内。
https://aclanthology.org/2025.acl-long.1199/；访问2026-09-17；ACL作者顺序、发表信息与摘要。
CV：https://ikekonglp.github.io/lingpenk_cv.pdf；第6页；版本2026-01-27。
PDF发表标记：“Proceedings of the 63rd Annual Meeting of the Association for Computational Linguistics (Volume 1: Long Papers), pages 24564–24579”。
原文摘要依据：“Large language models (LLMs) are known to suffer from severe hallucination issues. One of the main causes lies in the knowledge misalignment between the pre-training stage and the supervised fine-tuni”。"
Yuxuan Gu（论文 #18，身份待核验）,18,否,是,"论文信息汇总.csv 序18：摘要、研究内容、创新点；内容仅据摘要/Introduction归纳。
PDF：港大/Kong, Lingpeng/论文/2026_PERSONA_ Dynamic and Compositional Inference-Time Personality Control via Activation Vector Algebra.pdf；第1页标题、作者单位与摘要；Introduction在已保存前3页内。
https://arxiv.org/abs/2602.15669；访问2026-09-17；arXiv作者顺序和摘要。
CV：https://ikekonglp.github.io/lingpenk_cv.pdf；第4页；版本2026-01-27。
PDF发表标记：“Published as a conference paper at ICLR 2026”。
原文摘要依据：“Current methods for personality control in Large Language Models rely on static prompting or expensive fine-tuning, failing to capture the dynamic and compositional nature of human traits. We introduc”。"
Yuxuan Gu（论文 #35，身份待核验）,35,否,否,"论文信息汇总.csv 序35：摘要、研究内容、创新点；内容仅据摘要/Introduction归纳。
PDF：港大/Kong, Lingpeng/论文/2025_Alleviating Hallucinations from Knowledge Misalignment in Large Language Models via Selective Abstention Learning.pdf；第1页标题、作者单位与摘要；Introduction在已保存前3页内。
https://aclanthology.org/2025.acl-long.1199/；访问2026-09-17；ACL作者顺序、发表信息与摘要。
CV：https://ikekonglp.github.io/lingpenk_cv.pdf；第6页；版本2026-01-27。
PDF发表标记：“Proceedings of the 63rd Annual Meeting of the Association for Computational Linguistics (Volume 1: Long Papers), pages 24564–24579”。
原文摘要依据：“Large language models (LLMs) are known to suffer from severe hallucination issues. One of the main causes lies in the knowledge misalignment between the pre-training stage and the supervised fine-tuni”。"
Yuxuan Gu（论文 #170，身份待核验）,170,是,是,"论文信息汇总.csv 序170：摘要、研究内容、创新点；内容仅据摘要/Introduction归纳。
PDF：港大/Kong, Lingpeng/论文/2026_Stratagem_ Learning Transferable Reasoning via Trajectory-Modulated Game Self-Play.pdf；第1页标题、作者单位与摘要；Introduction在已保存前3页内。
https://aclanthology.org/2026.acl-long.897/；访问2026-09-17；ACL作者顺序、发表信息与摘要。
PDF发表标记：“Proceedings of the 64th Annual Meeting of the Association for Computational Linguistics (Volume 1: Long Papers), pages 19595–19614”。
原文摘要依据：“Games offer a compelling paradigm for developing general reasoning capabilities in language models, as they naturally demand strategic planning, probabilistic inference, and adaptive decision-making. ”。"
Yuxuan Gu（论文 #171，身份待核验）,171,是,是,"论文信息汇总.csv 序171：摘要、研究内容、创新点；内容仅据摘要/Introduction归纳。
PDF：港大/Kong, Lingpeng/论文/2026_SAVOIR_ Learning Social Savoir-Faire via Shapley-based Reward Attribution.pdf；第1页标题、作者单位与摘要；Introduction在已保存前3页内。
https://aclanthology.org/2026.findings-acl.699/；访问2026-09-17；ACL作者顺序、发表信息与摘要。
原文摘要依据：“Social intelligence, the ability to navigate complex interpersonal interactions, presents a fundamental challenge for language agents. Training such agents via reinforcement learning requires solving ”。"
Xiaocheng Feng（论文 #18，身份待核验）,18,否,是,"论文信息汇总.csv 序18：摘要、研究内容、创新点；内容仅据摘要/Introduction归纳。
PDF：港大/Kong, Lingpeng/论文/2026_PERSONA_ Dynamic and Compositional Inference-Time Personality Control via Activation Vector Algebra.pdf；第1页标题、作者单位与摘要；Introduction在已保存前3页内。
https://arxiv.org/abs/2602.15669；访问2026-09-17；arXiv作者顺序和摘要。
CV：https://ikekonglp.github.io/lingpenk_cv.pdf；第4页；版本2026-01-27。
PDF发表标记：“Published as a conference paper at ICLR 2026”。
原文摘要依据：“Current methods for personality control in Large Language Models rely on static prompting or expensive fine-tuning, failing to capture the dynamic and compositional nature of human traits. We introduc”。"
Xiaocheng Feng（论文 #35，身份待核验）,35,否,否,"论文信息汇总.csv 序35：摘要、研究内容、创新点；内容仅据摘要/Introduction归纳。
PDF：港大/Kong, Lingpeng/论文/2025_Alleviating Hallucinations from Knowledge Misalignment in Large Language Models via Selective Abstention Learning.pdf；第1页标题、作者单位与摘要；Introduction在已保存前3页内。
https://aclanthology.org/2025.acl-long.1199/；访问2026-09-17；ACL作者顺序、发表信息与摘要。
CV：https://ikekonglp.github.io/lingpenk_cv.pdf；第6页；版本2026-01-27。
PDF发表标记：“Proceedings of the 63rd Annual Meeting of the Association for Computational Linguistics (Volume 1: Long Papers), pages 24564–24579”。
原文摘要依据：“Large language models (LLMs) are known to suffer from severe hallucination issues. One of the main causes lies in the knowledge misalignment between the pre-training stage and the supervised fine-tuni”。"
Xiaocheng Feng（论文 #169，身份待核验）,169,是,否,"论文信息汇总.csv 序169：摘要、研究内容、创新点；内容仅据摘要/Introduction归纳。
PDF：港大/Kong, Lingpeng/论文/2026_ImplicitMemBench_ Measuring Unconscious Behavioral Adaptation in Large Language Models.pdf；第1页标题、作者单位与摘要；Introduction在已保存前3页内。
https://aclanthology.org/2026.acl-long.1301/；访问2026-09-17；ACL作者顺序、发表信息与摘要。
PDF发表标记：“Proceedings of the 64th Annual Meeting of the Association for Computational Linguistics (Volume 1: Long Papers), pages 28232–28261”。
原文摘要依据：“Existing memory benchmarks for LLM agents evaluate explicit recall of facts, yet overlook implicit memory where experience becomes automated behavior without conscious retrieval. This gap is critical:”。"
Xiaocheng Feng（论文 #170，身份待核验）,170,是,是,"论文信息汇总.csv 序170：摘要、研究内容、创新点；内容仅据摘要/Introduction归纳。
PDF：港大/Kong, Lingpeng/论文/2026_Stratagem_ Learning Transferable Reasoning via Trajectory-Modulated Game Self-Play.pdf；第1页标题、作者单位与摘要；Introduction在已保存前3页内。
https://aclanthology.org/2026.acl-long.897/；访问2026-09-17；ACL作者顺序、发表信息与摘要。
PDF发表标记：“Proceedings of the 64th Annual Meeting of the Association for Computational Linguistics (Volume 1: Long Papers), pages 19595–19614”。
原文摘要依据：“Games offer a compelling paradigm for developing general reasoning capabilities in language models, as they naturally demand strategic planning, probabilistic inference, and adaptive decision-making. ”。"
Xiaocheng Feng（论文 #171，身份待核验）,171,是,是,"论文信息汇总.csv 序171：摘要、研究内容、创新点；内容仅据摘要/Introduction归纳。
PDF：港大/Kong, Lingpeng/论文/2026_SAVOIR_ Learning Social Savoir-Faire via Shapley-based Reward Attribution.pdf；第1页标题、作者单位与摘要；Introduction在已保存前3页内。
https://aclanthology.org/2026.findings-acl.699/；访问2026-09-17；ACL作者顺序、发表信息与摘要。
原文摘要依据：“Social intelligence, the ability to navigate complex interpersonal interactions, presents a fundamental challenge for language agents. Training such agents via reinforcement learning requires solving ”。"
Xiaocheng Feng（论文 #172，身份待核验）,172,是,否,"论文信息汇总.csv 序172：摘要、研究内容、创新点；内容仅据摘要/Introduction归纳。
PDF：港大/Kong, Lingpeng/论文/2026_The Granularity Axis_ A Micro-to-Macro Latent Direction for Social Roles in Language Models.pdf；第1页标题、作者单位与摘要；Introduction在已保存前3页内。
https://arxiv.org/abs/2605.06196；访问2026-09-17；arXiv作者顺序和摘要。
原文摘要依据：“Large language models (LLMs) are routinely prompted to take on social roles ranging from individuals to institutions, yet it remains unclear whether their internal representations encode the granulari”。"
Bing Qin（论文 #18，身份待核验）,18,否,是,"论文信息汇总.csv 序18：摘要、研究内容、创新点；内容仅据摘要/Introduction归纳。
PDF：港大/Kong, Lingpeng/论文/2026_PERSONA_ Dynamic and Compositional Inference-Time Personality Control via Activation Vector Algebra.pdf；第1页标题、作者单位与摘要；Introduction在已保存前3页内。
https://arxiv.org/abs/2602.15669；访问2026-09-17；arXiv作者顺序和摘要。
CV：https://ikekonglp.github.io/lingpenk_cv.pdf；第4页；版本2026-01-27。
PDF发表标记：“Published as a conference paper at ICLR 2026”。
原文摘要依据：“Current methods for personality control in Large Language Models rely on static prompting or expensive fine-tuning, failing to capture the dynamic and compositional nature of human traits. We introduc”。"
Bing Qin（论文 #35，身份待核验）,35,否,否,"论文信息汇总.csv 序35：摘要、研究内容、创新点；内容仅据摘要/Introduction归纳。
PDF：港大/Kong, Lingpeng/论文/2025_Alleviating Hallucinations from Knowledge Misalignment in Large Language Models via Selective Abstention Learning.pdf；第1页标题、作者单位与摘要；Introduction在已保存前3页内。
https://aclanthology.org/2025.acl-long.1199/；访问2026-09-17；ACL作者顺序、发表信息与摘要。
CV：https://ikekonglp.github.io/lingpenk_cv.pdf；第6页；版本2026-01-27。
PDF发表标记：“Proceedings of the 63rd Annual Meeting of the Association for Computational Linguistics (Volume 1: Long Papers), pages 24564–24579”。
原文摘要依据：“Large language models (LLMs) are known to suffer from severe hallucination issues. One of the main causes lies in the knowledge misalignment between the pre-training stage and the supervised fine-tuni”。"
Bing Qin（论文 #170，身份待核验）,170,是,是,"论文信息汇总.csv 序170：摘要、研究内容、创新点；内容仅据摘要/Introduction归纳。
PDF：港大/Kong, Lingpeng/论文/2026_Stratagem_ Learning Transferable Reasoning via Trajectory-Modulated Game Self-Play.pdf；第1页标题、作者单位与摘要；Introduction在已保存前3页内。
https://aclanthology.org/2026.acl-long.897/；访问2026-09-17；ACL作者顺序、发表信息与摘要。
PDF发表标记：“Proceedings of the 64th Annual Meeting of the Association for Computational Linguistics (Volume 1: Long Papers), pages 19595–19614”。
原文摘要依据：“Games offer a compelling paradigm for developing general reasoning capabilities in language models, as they naturally demand strategic planning, probabilistic inference, and adaptive decision-making. ”。"
Bing Qin（论文 #171，身份待核验）,171,是,是,"论文信息汇总.csv 序171：摘要、研究内容、创新点；内容仅据摘要/Introduction归纳。
PDF：港大/Kong, Lingpeng/论文/2026_SAVOIR_ Learning Social Savoir-Faire via Shapley-based Reward Attribution.pdf；第1页标题、作者单位与摘要；Introduction在已保存前3页内。
https://aclanthology.org/2026.findings-acl.699/；访问2026-09-17；ACL作者顺序、发表信息与摘要。
原文摘要依据：“Social intelligence, the ability to navigate complex interpersonal interactions, presents a fundamental challenge for language agents. Training such agents via reinforcement learning requires solving ”。"
Fanghua Ye（论文 #19，身份待核验）,19,否,待核验,"论文信息汇总.csv 序19：摘要、研究内容、创新点；内容仅据摘要/Introduction归纳。
PDF：港大/Kong, Lingpeng/论文/2026_ATTS_ Asynchronous Test-Time Scaling via Conformal Prediction.pdf；第1页标题、作者单位与摘要；Introduction在已保存前3页内。
https://arxiv.org/abs/2509.15148；访问2026-09-17；arXiv作者顺序和摘要。
CV：https://ikekonglp.github.io/lingpenk_cv.pdf；第4页；版本2026-01-27。
PDF发表标记：“Published as a conference paper at ICLR 2026”。
原文摘要依据：“Large language models (LLMs) benefit from test-time scaling but are often hampered by high inference latency. Speculative decoding is a natural way to accelerate the scaling process; however, scaling ”。"
Fanghua Ye（论文 #29，身份待核验）,29,否,否,"论文信息汇总.csv 序29：摘要、研究内容、创新点；内容仅据摘要/Introduction归纳。
PDF：港大/Kong, Lingpeng/论文/2025_UNComp_ Can Matrix Entropy Uncover Sparsity_ — A Compressor Design from an Uncertainty-Aware Perspective.pdf；第1页标题、作者单位与摘要；Introduction在已保存前3页内。
https://aclanthology.org/2025.emnlp-main.209/；访问2026-09-17；ACL作者顺序、发表信息与摘要。
CV：https://ikekonglp.github.io/lingpenk_cv.pdf；第5页；版本2026-01-27。
PDF发表标记：“Proceedings of the 2025 Conference on Empirical Methods in Natural Language Processing, pages 4179–4199”。
原文摘要依据：“Deploying large language models (LLMs) for long-context inference remains challenging due to their substantial memory and computational demands. While techniques such as Key-Value (KV) cache compressi”。"
Fanghua Ye（论文 #37，身份待核验）,37,否,待核验,"论文信息汇总.csv 序37：摘要、研究内容、创新点；内容仅据摘要/Introduction归纳。
仅取得可靠元数据或摘要；未取得可读全文。
https://arxiv.org/abs/2502.14317；访问2026-09-17；arXiv作者顺序和摘要。
CV：https://ikekonglp.github.io/lingpenk_cv.pdf；第6页；版本2026-01-27。
原文摘要依据：“Extrapolating ultra-long contexts (text length >128K) remains a major challenge for large language models (LLMs), as most training-free extrapolation methods are not only severely limited by memory bo”。"
Fanghua Ye（论文 #147，身份待核验）,147,否,否,"论文信息汇总.csv 序147：摘要、研究内容、创新点；内容仅据摘要/Introduction归纳。
PDF：港大/Kong, Lingpeng/论文/2024_UncertaintyRAG_ Span-Level Uncertainty Enhanced Long-Context Modeling for Retrieval-Augmented Generation.pdf；第1页标题、作者单位与摘要；Introduction在已保存前3页内。
https://arxiv.org/abs/2410.02719；访问2026-09-17；arXiv作者顺序和摘要。
原文摘要依据：“We present UncertaintyRAG, a novel approach for long-context Retrieval-Augmented Generation (RAG) that utilizes Signal-to-Noise Ratio (SNR)-based span uncertainty to estimate similarity between text c”。"
Chuanyang Zheng（论文 #19，身份待核验）,19,否,待核验,"论文信息汇总.csv 序19：摘要、研究内容、创新点；内容仅据摘要/Introduction归纳。
PDF：港大/Kong, Lingpeng/论文/2026_ATTS_ Asynchronous Test-Time Scaling via Conformal Prediction.pdf；第1页标题、作者单位与摘要；Introduction在已保存前3页内。
https://arxiv.org/abs/2509.15148；访问2026-09-17；arXiv作者顺序和摘要。
CV：https://ikekonglp.github.io/lingpenk_cv.pdf；第4页；版本2026-01-27。
PDF发表标记：“Published as a conference paper at ICLR 2026”。
原文摘要依据：“Large language models (LLMs) benefit from test-time scaling but are often hampered by high inference latency. Speculative decoding is a natural way to accelerate the scaling process; however, scaling ”。"
Chuanyang Zheng（论文 #29，身份待核验）,29,否,否,"论文信息汇总.csv 序29：摘要、研究内容、创新点；内容仅据摘要/Introduction归纳。
PDF：港大/Kong, Lingpeng/论文/2025_UNComp_ Can Matrix Entropy Uncover Sparsity_ — A Compressor Design from an Uncertainty-Aware Perspective.pdf；第1页标题、作者单位与摘要；Introduction在已保存前3页内。
https://aclanthology.org/2025.emnlp-main.209/；访问2026-09-17；ACL作者顺序、发表信息与摘要。
CV：https://ikekonglp.github.io/lingpenk_cv.pdf；第5页；版本2026-01-27。
PDF发表标记：“Proceedings of the 2025 Conference on Empirical Methods in Natural Language Processing, pages 4179–4199”。
原文摘要依据：“Deploying large language models (LLMs) for long-context inference remains challenging due to their substantial memory and computational demands. While techniques such as Key-Value (KV) cache compressi”。"
Chuanyang Zheng（论文 #37，身份待核验）,37,否,待核验,"论文信息汇总.csv 序37：摘要、研究内容、创新点；内容仅据摘要/Introduction归纳。
仅取得可靠元数据或摘要；未取得可读全文。
https://arxiv.org/abs/2502.14317；访问2026-09-17；arXiv作者顺序和摘要。
CV：https://ikekonglp.github.io/lingpenk_cv.pdf；第6页；版本2026-01-27。
原文摘要依据：“Extrapolating ultra-long contexts (text length >128K) remains a major challenge for large language models (LLMs), as most training-free extrapolation methods are not only severely limited by memory bo”。"
Chuanyang Zheng（论文 #147，身份待核验）,147,否,否,"论文信息汇总.csv 序147：摘要、研究内容、创新点；内容仅据摘要/Introduction归纳。
PDF：港大/Kong, Lingpeng/论文/2024_UncertaintyRAG_ Span-Level Uncertainty Enhanced Long-Context Modeling for Retrieval-Augmented Generation.pdf；第1页标题、作者单位与摘要；Introduction在已保存前3页内。
https://arxiv.org/abs/2410.02719；访问2026-09-17；arXiv作者顺序和摘要。
原文摘要依据：“We present UncertaintyRAG, a novel approach for long-context Retrieval-Augmented Generation (RAG) that utilizes Signal-to-Noise Ratio (SNR)-based span uncertainty to estimate similarity between text c”。"
Haoli Bai（论文 #19，身份待核验）,19,否,待核验,"论文信息汇总.csv 序19：摘要、研究内容、创新点；内容仅据摘要/Introduction归纳。
PDF：港大/Kong, Lingpeng/论文/2026_ATTS_ Asynchronous Test-Time Scaling via Conformal Prediction.pdf；第1页标题、作者单位与摘要；Introduction在已保存前3页内。
https://arxiv.org/abs/2509.15148；访问2026-09-17；arXiv作者顺序和摘要。
CV：https://ikekonglp.github.io/lingpenk_cv.pdf；第4页；版本2026-01-27。
PDF发表标记：“Published as a conference paper at ICLR 2026”。
原文摘要依据：“Large language models (LLMs) benefit from test-time scaling but are often hampered by high inference latency. Speculative decoding is a natural way to accelerate the scaling process; however, scaling ”。"
Haoli Bai（论文 #21，身份待核验）,21,是,待核验,"论文信息汇总.csv 序21：摘要、研究内容、创新点；内容仅据摘要/Introduction归纳。
仅取得可靠元数据或摘要；未取得可读全文。
https://arxiv.org/abs/2508.21475；访问2026-09-17；arXiv作者顺序和摘要。
CV：https://ikekonglp.github.io/lingpenk_cv.pdf；第4页；版本2026-01-27。
原文摘要依据：“Existing multimodal browsing benchmarks often fail to require genuine multimodal reasoning, as many tasks can be solved with text-only heuristics without vision-in-the-loop verification. We introduce ”。"
Haoli Bai（论文 #162，身份待核验）,162,是,是,"论文信息汇总.csv 序162：摘要、研究内容、创新点；内容仅据摘要/Introduction归纳。
PDF：港大/Kong, Lingpeng/论文/2025_Dream-VL & Dream-VLA_ Open Vision-Language and Vision-Language-Action Models with Diffusion Language Model Backbone.pdf；第1页标题、作者单位与摘要；Introduction在已保存前3页内。
https://arxiv.org/abs/2512.22615；访问2026-09-17；arXiv作者顺序和摘要。
原文摘要依据：“While autoregressive Large Vision-Language Models (VLMs) have achieved remarkable success, their sequential generation often limits their efficacy in complex visual planning and dynamic robotic contro”。"
Lifeng Shang（论文 #19，身份待核验）,19,否,待核验,"论文信息汇总.csv 序19：摘要、研究内容、创新点；内容仅据摘要/Introduction归纳。
PDF：港大/Kong, Lingpeng/论文/2026_ATTS_ Asynchronous Test-Time Scaling via Conformal Prediction.pdf；第1页标题、作者单位与摘要；Introduction在已保存前3页内。
https://arxiv.org/abs/2509.15148；访问2026-09-17；arXiv作者顺序和摘要。
CV：https://ikekonglp.github.io/lingpenk_cv.pdf；第4页；版本2026-01-27。
PDF发表标记：“Published as a conference paper at ICLR 2026”。
原文摘要依据：“Large language models (LLMs) benefit from test-time scaling but are often hampered by high inference latency. Speculative decoding is a natural way to accelerate the scaling process; however, scaling ”。"
Lifeng Shang（论文 #162，身份待核验）,162,是,是,"论文信息汇总.csv 序162：摘要、研究内容、创新点；内容仅据摘要/Introduction归纳。
PDF：港大/Kong, Lingpeng/论文/2025_Dream-VL & Dream-VLA_ Open Vision-Language and Vision-Language-Action Models with Diffusion Language Model Backbone.pdf；第1页标题、作者单位与摘要；Introduction在已保存前3页内。
https://arxiv.org/abs/2512.22615；访问2026-09-17；arXiv作者顺序和摘要。
原文摘要依据：“While autoregressive Large Vision-Language Models (VLMs) have achieved remarkable success, their sequential generation often limits their efficacy in complex visual planning and dynamic robotic contro”。"
Shansan Gong,77,是,待核验,"论文信息汇总.csv 序77：摘要、研究内容、创新点；内容仅据摘要/Introduction归纳。
PDF：港大/Kong, Lingpeng/论文/2023_DiffuSeq-v2_ Bridging Discrete and Continuous Text Spaces for Accelerated Seq2Seq Diffusion Models.pdf；第1页标题、作者单位与摘要；Introduction在已保存前3页内。
https://aclanthology.org/2023.findings-emnlp.660/；访问2026-09-17；ACL作者顺序、发表信息与摘要。
CV：https://ikekonglp.github.io/lingpenk_cv.pdf；第9页；版本2026-01-27。
原文摘要依据：“Diffusion models have gained prominence in generating high-quality sequences of text. Nevertheless, current approaches predominantly represent discrete text within a continuous diffusion space, which ”。"
Shansan Gong,93,是,待核验,"论文信息汇总.csv 序93：摘要、研究内容、创新点；内容仅据摘要/Introduction归纳。
PDF：港大/Kong, Lingpeng/论文/2023_DiffuSeq_ Sequence to Sequence Text Generation with Diffusion Models.pdf；第1页标题、作者单位与摘要；Introduction在已保存前3页内。
https://arxiv.org/abs/2210.08933；访问2026-09-17；arXiv作者顺序和摘要。
CV：https://ikekonglp.github.io/lingpenk_cv.pdf；第10页；版本2026-01-27。
PDF发表标记：“Published as a conference paper at ICLR 2023”。
原文摘要依据：“Recently, diffusion models have emerged as a new paradigm for generative models. Despite the success in domains using continuous signals such as vision and audio, adapting diffusion models to natural ”。"
Shansan Gong,134,是,是,"论文信息汇总.csv 序134：摘要、研究内容、创新点；内容仅据摘要/Introduction归纳。
PDF：港大/Kong, Lingpeng/论文/2023_In-Context Learning with Many Demonstration Examples.pdf；第1页标题、作者单位与摘要；Introduction在已保存前3页内。
https://arxiv.org/abs/2302.04931；访问2026-09-17；arXiv作者顺序和摘要。
原文摘要依据：“Large pre-training language models (PLMs) have shown promising in-context learning abilities. However, due to the backbone transformer architecture, existing PLMs are bottlenecked by the memory and co”。"
Shansan Gong,52,是,待核验,"论文信息汇总.csv 序52：摘要、研究内容、创新点；内容仅据摘要/Introduction归纳。
PDF：港大/Kong, Lingpeng/论文/2024_Diffusion of Thought_ Chain-of-Thought Reasoning in Diffusion Language Models.pdf；第1页标题、作者单位与摘要；Introduction在已保存前3页内。
https://arxiv.org/abs/2402.07754；访问2026-09-17；arXiv作者顺序和摘要。
CV：https://ikekonglp.github.io/lingpenk_cv.pdf；第7页；版本2026-01-27。
原文摘要依据：“Recently, diffusion models have garnered significant interest in the field of text processing due to their many potential advantages compared to conventional autoregressive models. In this work, we pr”。"
Shansan Gong,61,否,待核验,"论文信息汇总.csv 序61：摘要、研究内容、创新点；内容仅据摘要/Introduction归纳。
PDF：港大/Kong, Lingpeng/论文/2024_L-Eval_ Instituting Standardized Evaluation for Long Context Language Models.pdf；第1页标题、作者单位与摘要；Introduction在已保存前3页内。
https://aclanthology.org/2024.acl-long.776/；访问2026-09-17；ACL作者顺序、发表信息与摘要。
CV：https://ikekonglp.github.io/lingpenk_cv.pdf；第8页；版本2026-01-27。
PDF发表标记：“Proceedings of the 62nd Annual Meeting of the Association for Computational Linguistics (Volume 1: Long Papers), pages 14388–14411”。
原文摘要依据：“Recently, there has been growing interest in long-context scaling of large language models (LLMs). To facilitate research in this field, we propose L-Eval to institute a more standardized evaluation f”。"
Shansan Gong,67,是,待核验,"论文信息汇总.csv 序67：摘要、研究内容、创新点；内容仅据摘要/Introduction归纳。
PDF：港大/Kong, Lingpeng/论文/2024_BBA_ Bi-Modal Behavioral Alignment for Reasoning with Large Vision-Language Models.pdf；第1页标题、作者单位与摘要；Introduction在已保存前3页内。
https://aclanthology.org/2024.findings-acl.433/；访问2026-09-17；ACL作者顺序、发表信息与摘要。
CV：https://ikekonglp.github.io/lingpenk_cv.pdf；第8页；版本2026-01-27。
原文摘要依据：“Multimodal reasoning stands as a pivotal capability for large vision-language models (LVLMs). The integration with Domain-Specific Languages (DSL), offering precise visual representations, equips thes”。"
Shansan Gong,70,是,待核验,"论文信息汇总.csv 序70：摘要、研究内容、创新点；内容仅据摘要/Introduction归纳。
PDF：港大/Kong, Lingpeng/论文/2024_Training- Free Long-Context Scaling of Large Language Models.pdf；第1页标题、作者单位与摘要；Introduction在已保存前3页内。
https://arxiv.org/abs/2402.17463；访问2026-09-17；arXiv作者顺序和摘要。
CV：https://ikekonglp.github.io/lingpenk_cv.pdf；第8页；版本2026-01-27。
PDF发表标记：“Proceedings of the 41 st International Conference on Machine            tion indices or increasing the base frequency in RoPE (Su”。
原文摘要依据：“The ability of Large Language Models (LLMs) to process and generate coherent text is markedly weakened when the number of input tokens exceeds their pretraining length. Given the expensive overhead of”。"
Shansan Gong,26,是,待核验,"论文信息汇总.csv 序26：摘要、研究内容、创新点；内容仅据摘要/Introduction归纳。
仅取得可靠元数据或摘要；未取得可读全文。
https://aclanthology.org/2025.emnlp-main.1751/；访问2026-09-17；ACL作者顺序、发表信息与摘要。
CV：https://ikekonglp.github.io/lingpenk_cv.pdf；第5页；版本2026-01-27。
原文摘要依据：“Reasoning models have demonstrated remarkable performance on complex tasks by generating long reasoning traces prior to producing final answers. However, previous research on long-context scaling in l”。"
Shansan Gong,43,是,待核验,"论文信息汇总.csv 序43：摘要、研究内容、创新点；内容仅据摘要/Introduction归纳。
PDF：港大/Kong, Lingpeng/论文/2025_Beyond Autoregression_ Discrete Diffusion for Complex Reasoning and Planning.pdf；第1页标题、作者单位与摘要；Introduction在已保存前3页内。
https://arxiv.org/abs/2410.14157；访问2026-09-17；arXiv作者顺序和摘要。
CV：https://ikekonglp.github.io/lingpenk_cv.pdf；第6页；版本2026-01-27。
PDF发表标记：“Published as a conference paper at ICLR 2025”。
原文摘要依据：“Autoregressive language models, despite their impressive capabilities, struggle with complex reasoning and long-term planning tasks. We introduce discrete diffusion models as a novel solution to these”。"
Shansan Gong,46,是,待核验,"论文信息汇总.csv 序46：摘要、研究内容、创新点；内容仅据摘要/Introduction归纳。
PDF：港大/Kong, Lingpeng/论文/2025_Why Does the Effective Context Length of LLMs Fall Short_.pdf；第1页标题、作者单位与摘要；Introduction在已保存前3页内。
https://arxiv.org/abs/2410.18745；访问2026-09-17；arXiv作者顺序和摘要。
CV：https://ikekonglp.github.io/lingpenk_cv.pdf；第6页；版本2026-01-27。
原文摘要依据：“Advancements in distributed training and efficient attention mechanisms have significantly expanded the context window sizes of large language models (LLMs). However, recent work reveals that the effe”。"
Shansan Gong,47,是,待核验,"论文信息汇总.csv 序47：摘要、研究内容、创新点；内容仅据摘要/Introduction归纳。
PDF：港大/Kong, Lingpeng/论文/2025_Scaling Diffusion Language Models via Adaptation from Autoregressive Models.pdf；第1页标题、作者单位与摘要；Introduction在已保存前3页内。
https://arxiv.org/abs/2410.17891；访问2026-09-17；arXiv作者顺序和摘要。
CV：https://ikekonglp.github.io/lingpenk_cv.pdf；第6页；版本2026-01-27。
PDF发表标记：“Published as a conference paper at ICLR 2025”。
原文摘要依据：“Diffusion Language Models (DLMs) have emerged as a promising new paradigm for text generative modeling, potentially addressing limitations of autoregressive (AR) models. However, current DLMs have bee”。"
Shansan Gong,155,是,待核验,"论文信息汇总.csv 序155：摘要、研究内容、创新点；内容仅据摘要/Introduction归纳。
PDF：港大/Kong, Lingpeng/论文/2025_Dream-Coder 7B_ An Open Diffusion Language Model for Code.pdf；第1页标题、作者单位与摘要；Introduction在已保存前3页内。
https://arxiv.org/abs/2509.01142；访问2026-09-17；arXiv作者顺序和摘要。
原文摘要依据：“We present Dream-Coder 7B, an open-source discrete diffusion language model for code generation that exhibits emergent any-order generation capabilities. Unlike traditional autoregressive (AR) models ”。"
Shansan Gong,162,是,是,"论文信息汇总.csv 序162：摘要、研究内容、创新点；内容仅据摘要/Introduction归纳。
PDF：港大/Kong, Lingpeng/论文/2025_Dream-VL & Dream-VLA_ Open Vision-Language and Vision-Language-Action Models with Diffusion Language Model Backbone.pdf；第1页标题、作者单位与摘要；Introduction在已保存前3页内。
https://arxiv.org/abs/2512.22615；访问2026-09-17；arXiv作者顺序和摘要。
原文摘要依据：“While autoregressive Large Vision-Language Models (VLMs) have achieved remarkable success, their sequential generation often limits their efficacy in complex visual planning and dynamic robotic contro”。"
Shansan Gong,20,否,待核验,"论文信息汇总.csv 序20：摘要、研究内容、创新点；内容仅据摘要/Introduction归纳。
仅取得可靠元数据或摘要；未取得可读全文。
https://arxiv.org/abs/2506.20639；访问2026-09-17；arXiv作者顺序和摘要。
CV：https://ikekonglp.github.io/lingpenk_cv.pdf；第4页；版本2026-01-27。
原文摘要依据：“Diffusion large language models (dLLMs) are compelling alternatives to autoregressive (AR) models because their denoising models operate over the entire sequence. The global planning and iterative ref”。"
Shansan Gong,22,是,是,"论文信息汇总.csv 序22：摘要、研究内容、创新点；内容仅据摘要/Introduction归纳。
PDF：港大/Kong, Lingpeng/论文/2026_DreamOn_ Diffusion Language Models For Code Infilling Beyond Fixed-size Canvas.pdf；第1页标题、作者单位与摘要；Introduction在已保存前3页内。
https://arxiv.org/abs/2602.01326；访问2026-09-17；arXiv作者顺序和摘要。
CV：https://ikekonglp.github.io/lingpenk_cv.pdf；第5页；版本2026-01-27。
PDF发表标记：“Published as a conference paper at ICLR 2026”。
原文摘要依据：“Diffusion Language Models (DLMs) present a compelling alternative to autoregressive models, offering flexible, any-order infilling without specialized prompting design. However, their practical utilit”。"
Shansan Gong,174,是,是,"论文信息汇总.csv 序174：摘要、研究内容、创新点；内容仅据摘要/Introduction归纳。
PDF：港大/Kong, Lingpeng/论文/2026_DreamReasoner-8B_ Block-Size Curriculum Learning for Diffusion Reasoning Models.pdf；第1页标题、作者单位与摘要；Introduction在已保存前3页内。
https://arxiv.org/abs/2606.19257；访问2026-09-17；arXiv作者顺序和摘要。
原文摘要依据：“Block diffusion language models accelerate decoding through parallel block-wise denoising, yet whether they can be reliably scaled for long chain-of-thought (CoT) reasoning remains unresolved. To this”。"
Yizhe Zhang（论文 #20，身份待核验）,20,否,待核验,"论文信息汇总.csv 序20：摘要、研究内容、创新点；内容仅据摘要/Introduction归纳。
仅取得可靠元数据或摘要；未取得可读全文。
https://arxiv.org/abs/2506.20639；访问2026-09-17；arXiv作者顺序和摘要。
CV：https://ikekonglp.github.io/lingpenk_cv.pdf；第4页；版本2026-01-27。
原文摘要依据：“Diffusion large language models (dLLMs) are compelling alternatives to autoregressive (AR) models because their denoising models operate over the entire sequence. The global planning and iterative ref”。"
Yizhe Zhang（论文 #47，身份待核验）,47,是,待核验,"论文信息汇总.csv 序47：摘要、研究内容、创新点；内容仅据摘要/Introduction归纳。
PDF：港大/Kong, Lingpeng/论文/2025_Scaling Diffusion Language Models via Adaptation from Autoregressive Models.pdf；第1页标题、作者单位与摘要；Introduction在已保存前3页内。
https://arxiv.org/abs/2410.17891；访问2026-09-17；arXiv作者顺序和摘要。
CV：https://ikekonglp.github.io/lingpenk_cv.pdf；第6页；版本2026-01-27。
PDF发表标记：“Published as a conference paper at ICLR 2025”。
原文摘要依据：“Diffusion Language Models (DLMs) have emerged as a promising new paradigm for text generative modeling, potentially addressing limitations of autoregressive (AR) models. However, current DLMs have bee”。"
Xijia Tao,138,是,待核验,"论文信息汇总.csv 序138：摘要、研究内容、创新点；内容仅据摘要/Introduction归纳。
PDF：港大/Kong, Lingpeng/论文/2023_Language Versatilists vs. Specialists_ An Empirical Revisiting on Multilingual Transfer Ability.pdf；第1页标题、作者单位与摘要；Introduction在已保存前3页内。
https://arxiv.org/abs/2306.06688；访问2026-09-17；arXiv作者顺序和摘要。
原文摘要依据：“Multilingual transfer ability, which reflects how well the models fine-tuned on one source language can be applied to other languages, has been well studied in multilingual pre-trained models (e.g., B”。"
Xijia Tao,49,是,待核验,"论文信息汇总.csv 序49：摘要、研究内容、创新点；内容仅据摘要/Introduction归纳。
PDF：港大/Kong, Lingpeng/论文/2025_ImgTrojan_ Jailbreaking Vision-Language Models with ONE Image.pdf；第1页标题、作者单位与摘要；Introduction在已保存前3页内。
https://aclanthology.org/2025.naacl-long.360/；访问2026-09-17；ACL作者顺序、发表信息与摘要。
CV：https://ikekonglp.github.io/lingpenk_cv.pdf；第7页；版本2026-01-27。
原文摘要依据：“There has been an increasing interest in the alignment of large language models (LLMs) with human values. However, the safety issues of their integration with a vision module, or vision language model”。"
Xijia Tao,161,否,否,"论文信息汇总.csv 序161：摘要、研究内容、创新点；内容仅据摘要/Introduction归纳。
PDF：港大/Kong, Lingpeng/论文/2025_Beyond Confidence_ Adaptive and Coherent Decoding for Diffusion Language Models.pdf；第1页标题、作者单位与摘要；Introduction在已保存前3页内。
https://arxiv.org/abs/2512.02044；访问2026-09-17；arXiv作者顺序和摘要。
原文摘要依据：“Diffusion Language Models (DLMs) have recently achieved significant success due to their any-order generation capabilities. However, existing inference methods typically rely on local, immediate-step ”。"
Xijia Tao,21,是,待核验,"论文信息汇总.csv 序21：摘要、研究内容、创新点；内容仅据摘要/Introduction归纳。
仅取得可靠元数据或摘要；未取得可读全文。
https://arxiv.org/abs/2508.21475；访问2026-09-17；arXiv作者顺序和摘要。
CV：https://ikekonglp.github.io/lingpenk_cv.pdf；第4页；版本2026-01-27。
原文摘要依据：“Existing multimodal browsing benchmarks often fail to require genuine multimodal reasoning, as many tasks can be solved with text-only heuristics without vision-in-the-loop verification. We introduce ”。"
Xijia Tao,173,否,否,"论文信息汇总.csv 序173：摘要、研究内容、创新点；内容仅据摘要/Introduction归纳。
PDF：港大/Kong, Lingpeng/论文/2026_Self-Distilled Trajectory-Aware Boltzmann Modeling_ Bridging the Training-Inference Discrepancy in Diffusion Language Models.pdf；第1页标题、作者单位与摘要；Introduction在已保存前3页内。
https://arxiv.org/abs/2605.11854；访问2026-09-17；arXiv作者顺序和摘要。
原文摘要依据：“Diffusion Language Models (DLMs) have recently emerged as a promising alternative to autoregressive language models, offering stronger global awareness and highly parallel generation. However, post-tr”。"
Xijia Tao,175,是,是,"论文信息汇总.csv 序175：摘要、研究内容、创新点；内容仅据摘要/Introduction归纳。
PDF：港大/Kong, Lingpeng/论文/2026_SoftSkill_ Behavioral Compression for Contextual Adaptation.pdf；第1页标题、作者单位与摘要；Introduction在已保存前3页内。
https://arxiv.org/abs/2606.20333；访问2026-09-17；arXiv作者顺序和摘要。
原文摘要依据：“Agent skills are commonly deployed as natural-language Markdown files that encode answer policies, evidence-use habits, and task procedures. These files are readable and portable, but they are consume”。"
Yihua Teng（论文 #21，身份待核验）,21,是,待核验,"论文信息汇总.csv 序21：摘要、研究内容、创新点；内容仅据摘要/Introduction归纳。
仅取得可靠元数据或摘要；未取得可读全文。
https://arxiv.org/abs/2508.21475；访问2026-09-17；arXiv作者顺序和摘要。
CV：https://ikekonglp.github.io/lingpenk_cv.pdf；第4页；版本2026-01-27。
原文摘要依据：“Existing multimodal browsing benchmarks often fail to require genuine multimodal reasoning, as many tasks can be solved with text-only heuristics without vision-in-the-loop verification. We introduce ”。"
Yihua Teng（论文 #175，身份待核验）,175,是,是,"论文信息汇总.csv 序175：摘要、研究内容、创新点；内容仅据摘要/Introduction归纳。
PDF：港大/Kong, Lingpeng/论文/2026_SoftSkill_ Behavioral Compression for Contextual Adaptation.pdf；第1页标题、作者单位与摘要；Introduction在已保存前3页内。
https://arxiv.org/abs/2606.20333；访问2026-09-17；arXiv作者顺序和摘要。
原文摘要依据：“Agent skills are commonly deployed as natural-language Markdown files that encode answer policies, evidence-use habits, and task procedures. These files are readable and portable, but they are consume”。"
Xinyu Fu（论文 #21，身份待核验）,21,是,待核验,"论文信息汇总.csv 序21：摘要、研究内容、创新点；内容仅据摘要/Introduction归纳。
仅取得可靠元数据或摘要；未取得可读全文。
https://arxiv.org/abs/2508.21475；访问2026-09-17；arXiv作者顺序和摘要。
CV：https://ikekonglp.github.io/lingpenk_cv.pdf；第4页；版本2026-01-27。
原文摘要依据：“Existing multimodal browsing benchmarks often fail to require genuine multimodal reasoning, as many tasks can be solved with text-only heuristics without vision-in-the-loop verification. We introduce ”。"
Xinyu Fu（论文 #161，身份待核验）,161,否,否,"论文信息汇总.csv 序161：摘要、研究内容、创新点；内容仅据摘要/Introduction归纳。
PDF：港大/Kong, Lingpeng/论文/2025_Beyond Confidence_ Adaptive and Coherent Decoding for Diffusion Language Models.pdf；第1页标题、作者单位与摘要；Introduction在已保存前3页内。
https://arxiv.org/abs/2512.02044；访问2026-09-17；arXiv作者顺序和摘要。
原文摘要依据：“Diffusion Language Models (DLMs) have recently achieved significant success due to their any-order generation capabilities. However, existing inference methods typically rely on local, immediate-step ”。"
Xinyu Fu（论文 #173，身份待核验）,173,否,否,"论文信息汇总.csv 序173：摘要、研究内容、创新点；内容仅据摘要/Introduction归纳。
PDF：港大/Kong, Lingpeng/论文/2026_Self-Distilled Trajectory-Aware Boltzmann Modeling_ Bridging the Training-Inference Discrepancy in Diffusion Language Models.pdf；第1页标题、作者单位与摘要；Introduction在已保存前3页内。
https://arxiv.org/abs/2605.11854；访问2026-09-17；arXiv作者顺序和摘要。
原文摘要依据：“Diffusion Language Models (DLMs) have recently emerged as a promising alternative to autoregressive language models, offering stronger global awareness and highly parallel generation. However, post-tr”。"
Xinyu Fu（论文 #175，身份待核验）,175,是,是,"论文信息汇总.csv 序175：摘要、研究内容、创新点；内容仅据摘要/Introduction归纳。
PDF：港大/Kong, Lingpeng/论文/2026_SoftSkill_ Behavioral Compression for Contextual Adaptation.pdf；第1页标题、作者单位与摘要；Introduction在已保存前3页内。
https://arxiv.org/abs/2606.20333；访问2026-09-17；arXiv作者顺序和摘要。
原文摘要依据：“Agent skills are commonly deployed as natural-language Markdown files that encode answer policies, evidence-use habits, and task procedures. These files are readable and portable, but they are consume”。"
Ziru Liu（论文 #21，身份待核验）,21,是,待核验,"论文信息汇总.csv 序21：摘要、研究内容、创新点；内容仅据摘要/Introduction归纳。
仅取得可靠元数据或摘要；未取得可读全文。
https://arxiv.org/abs/2508.21475；访问2026-09-17；arXiv作者顺序和摘要。
CV：https://ikekonglp.github.io/lingpenk_cv.pdf；第4页；版本2026-01-27。
原文摘要依据：“Existing multimodal browsing benchmarks often fail to require genuine multimodal reasoning, as many tasks can be solved with text-only heuristics without vision-in-the-loop verification. We introduce ”。"
Ziru Liu（论文 #161，身份待核验）,161,否,否,"论文信息汇总.csv 序161：摘要、研究内容、创新点；内容仅据摘要/Introduction归纳。
PDF：港大/Kong, Lingpeng/论文/2025_Beyond Confidence_ Adaptive and Coherent Decoding for Diffusion Language Models.pdf；第1页标题、作者单位与摘要；Introduction在已保存前3页内。
https://arxiv.org/abs/2512.02044；访问2026-09-17；arXiv作者顺序和摘要。
原文摘要依据：“Diffusion Language Models (DLMs) have recently achieved significant success due to their any-order generation capabilities. However, existing inference methods typically rely on local, immediate-step ”。"
Ziru Liu（论文 #173，身份待核验）,173,否,否,"论文信息汇总.csv 序173：摘要、研究内容、创新点；内容仅据摘要/Introduction归纳。
PDF：港大/Kong, Lingpeng/论文/2026_Self-Distilled Trajectory-Aware Boltzmann Modeling_ Bridging the Training-Inference Discrepancy in Diffusion Language Models.pdf；第1页标题、作者单位与摘要；Introduction在已保存前3页内。
https://arxiv.org/abs/2605.11854；访问2026-09-17；arXiv作者顺序和摘要。
原文摘要依据：“Diffusion Language Models (DLMs) have recently emerged as a promising alternative to autoregressive language models, offering stronger global awareness and highly parallel generation. However, post-tr”。"
Ziru Liu（论文 #175，身份待核验）,175,是,是,"论文信息汇总.csv 序175：摘要、研究内容、创新点；内容仅据摘要/Introduction归纳。
PDF：港大/Kong, Lingpeng/论文/2026_SoftSkill_ Behavioral Compression for Contextual Adaptation.pdf；第1页标题、作者单位与摘要；Introduction在已保存前3页内。
https://arxiv.org/abs/2606.20333；访问2026-09-17；arXiv作者顺序和摘要。
原文摘要依据：“Agent skills are commonly deployed as natural-language Markdown files that encode answer policies, evidence-use habits, and task procedures. These files are readable and portable, but they are consume”。"
Rui Liu（论文 #21，身份待核验）,21,是,待核验,"论文信息汇总.csv 序21：摘要、研究内容、创新点；内容仅据摘要/Introduction归纳。
仅取得可靠元数据或摘要；未取得可读全文。
https://arxiv.org/abs/2508.21475；访问2026-09-17；arXiv作者顺序和摘要。
CV：https://ikekonglp.github.io/lingpenk_cv.pdf；第4页；版本2026-01-27。
原文摘要依据：“Existing multimodal browsing benchmarks often fail to require genuine multimodal reasoning, as many tasks can be solved with text-only heuristics without vision-in-the-loop verification. We introduce ”。"
Rui Liu（论文 #161，身份待核验）,161,否,否,"论文信息汇总.csv 序161：摘要、研究内容、创新点；内容仅据摘要/Introduction归纳。
PDF：港大/Kong, Lingpeng/论文/2025_Beyond Confidence_ Adaptive and Coherent Decoding for Diffusion Language Models.pdf；第1页标题、作者单位与摘要；Introduction在已保存前3页内。
https://arxiv.org/abs/2512.02044；访问2026-09-17；arXiv作者顺序和摘要。
原文摘要依据：“Diffusion Language Models (DLMs) have recently achieved significant success due to their any-order generation capabilities. However, existing inference methods typically rely on local, immediate-step ”。"
Rui Liu（论文 #173，身份待核验）,173,否,否,"论文信息汇总.csv 序173：摘要、研究内容、创新点；内容仅据摘要/Introduction归纳。
PDF：港大/Kong, Lingpeng/论文/2026_Self-Distilled Trajectory-Aware Boltzmann Modeling_ Bridging the Training-Inference Discrepancy in Diffusion Language Models.pdf；第1页标题、作者单位与摘要；Introduction在已保存前3页内。
https://arxiv.org/abs/2605.11854；访问2026-09-17；arXiv作者顺序和摘要。
原文摘要依据：“Diffusion Language Models (DLMs) have recently emerged as a promising alternative to autoregressive language models, offering stronger global awareness and highly parallel generation. However, post-tr”。"
Rui Liu（论文 #175，身份待核验）,175,是,是,"论文信息汇总.csv 序175：摘要、研究内容、创新点；内容仅据摘要/Introduction归纳。
PDF：港大/Kong, Lingpeng/论文/2026_SoftSkill_ Behavioral Compression for Contextual Adaptation.pdf；第1页标题、作者单位与摘要；Introduction在已保存前3页内。
https://arxiv.org/abs/2606.20333；访问2026-09-17；arXiv作者顺序和摘要。
原文摘要依据：“Agent skills are commonly deployed as natural-language Markdown files that encode answer policies, evidence-use habits, and task procedures. These files are readable and portable, but they are consume”。"
Zirui Wu（论文 #22，身份待核验）,22,是,是,"论文信息汇总.csv 序22：摘要、研究内容、创新点；内容仅据摘要/Introduction归纳。
PDF：港大/Kong, Lingpeng/论文/2026_DreamOn_ Diffusion Language Models For Code Infilling Beyond Fixed-size Canvas.pdf；第1页标题、作者单位与摘要；Introduction在已保存前3页内。
https://arxiv.org/abs/2602.01326；访问2026-09-17；arXiv作者顺序和摘要。
CV：https://ikekonglp.github.io/lingpenk_cv.pdf；第5页；版本2026-01-27。
PDF发表标记：“Published as a conference paper at ICLR 2026”。
原文摘要依据：“Diffusion Language Models (DLMs) present a compelling alternative to autoregressive models, offering flexible, any-order infilling without specialized prompting design. However, their practical utilit”。"
Zirui Wu（论文 #31，身份待核验）,31,否,否,"论文信息汇总.csv 序31：摘要、研究内容、创新点；内容仅据摘要/Introduction归纳。
PDF：港大/Kong, Lingpeng/论文/2025_Recipe2Plan_ Evaluating Planning Abilities of LLMs for Efficient and Feasible Multitasking with Time Constraints Between Actions.pdf；第1页标题、作者单位与摘要；Introduction在已保存前3页内。
https://aclanthology.org/2025.findings-emnlp.229/；访问2026-09-17；ACL作者顺序、发表信息与摘要。
CV：https://ikekonglp.github.io/lingpenk_cv.pdf；第5页；版本2026-01-27。
原文摘要依据：“While Large Language Model-based agents have demonstrated substantial progress in task completion, existing evaluation benchmarks tend to overemphasize single-task performance, with insufficient atten”。"
Zirui Wu（论文 #154，身份待核验）,154,是,待核验,"论文信息汇总.csv 序154：摘要、研究内容、创新点；内容仅据摘要/Introduction归纳。
PDF：港大/Kong, Lingpeng/论文/2025_Dream 7B_ Diffusion Large Language Models.pdf；第1页标题、作者单位与摘要；Introduction在已保存前3页内。
https://arxiv.org/abs/2508.15487；访问2026-09-17；arXiv作者顺序和摘要。
原文摘要依据：“We introduce Dream 7B, the most powerful open diffusion large language model to date. Unlike autoregressive (AR) models that generate tokens sequentially, Dream 7B employs discrete diffusion modeling ”。"
Zirui Wu（论文 #155，身份待核验）,155,是,待核验,"论文信息汇总.csv 序155：摘要、研究内容、创新点；内容仅据摘要/Introduction归纳。
PDF：港大/Kong, Lingpeng/论文/2025_Dream-Coder 7B_ An Open Diffusion Language Model for Code.pdf；第1页标题、作者单位与摘要；Introduction在已保存前3页内。
https://arxiv.org/abs/2509.01142；访问2026-09-17；arXiv作者顺序和摘要。
原文摘要依据：“We present Dream-Coder 7B, an open-source discrete diffusion language model for code generation that exhibits emergent any-order generation capabilities. Unlike traditional autoregressive (AR) models ”。"
Zirui Wu（论文 #174，身份待核验）,174,是,是,"论文信息汇总.csv 序174：摘要、研究内容、创新点；内容仅据摘要/Introduction归纳。
PDF：港大/Kong, Lingpeng/论文/2026_DreamReasoner-8B_ Block-Size Curriculum Learning for Diffusion Reasoning Models.pdf；第1页标题、作者单位与摘要；Introduction在已保存前3页内。
https://arxiv.org/abs/2606.19257；访问2026-09-17；arXiv作者顺序和摘要。
原文摘要依据：“Block diffusion language models accelerate decoding through parallel block-wise denoising, yet whether they can be reliably scaled for long chain-of-thought (CoT) reasoning remains unresolved. To this”。"
Lin Zheng,111,是,待核验,"论文信息汇总.csv 序111：摘要、研究内容、创新点；内容仅据摘要/Introduction归纳。
PDF：港大/Kong, Lingpeng/论文/2021_Cascaded Head-colliding Attention.pdf；第1页标题、作者单位与摘要；Introduction在已保存前3页内。
https://aclanthology.org/2021.acl-long.45/；访问2026-09-17；ACL作者顺序、发表信息与摘要。
CV：https://ikekonglp.github.io/lingpenk_cv.pdf；第11页；版本2026-01-27。
PDF发表标记：“Proceedings of the 59th Annual Meeting of the Association for Computational Linguistics”。
原文摘要依据：“Transformers have advanced the field of natural language processing (NLP) on a variety of important tasks. At the cornerstone of the Transformer architecture is the multi-head attention (MHA) mechanis”。"
Lin Zheng,103,是,否,"论文信息汇总.csv 序103：摘要、研究内容、创新点；内容仅据摘要/Introduction归纳。
PDF：港大/Kong, Lingpeng/论文/2022_Linear Complexity Randomized Self-attention Mechanism.pdf；第1页标题、作者单位与摘要；Introduction在已保存前3页内。
https://arxiv.org/abs/2204.04667；访问2026-09-17；arXiv作者顺序和摘要。
CV：https://ikekonglp.github.io/lingpenk_cv.pdf；第11页；版本2026-01-27。
PDF发表标记：“Proceedings of the 39 th International Conference on Machine        the estimator is still consistent, the bias in question is elusive and”。
原文摘要依据：“Recently, random feature attentions (RFAs) are proposed to approximate the softmax attention in linear time and space complexity by linearizing the exponential kernel. In this paper, we first propose ”。"
Lin Zheng,104,是,否,"论文信息汇总.csv 序104：摘要、研究内容、创新点；内容仅据摘要/Introduction归纳。
PDF：港大/Kong, Lingpeng/论文/2022_Ripple Attention for Visual Perception with Sub-quadratic Complexity.pdf；第1页标题、作者单位与摘要；Introduction在已保存前3页内。
https://arxiv.org/abs/2110.02453；访问2026-09-17；arXiv作者顺序和摘要。
CV：https://ikekonglp.github.io/lingpenk_cv.pdf；第11页；版本2026-01-27。
PDF发表标记：“Proceedings of the 39 th International Conference on Machine     table technique (§3.3).”。
原文摘要依据：“Transformer architectures are now central to sequence modeling tasks. At its heart is the attention mechanism, which enables effective modeling of long-term dependencies in a sequence. Recently, trans”。"
Lin Zheng,80,是,待核验,"论文信息汇总.csv 序80：摘要、研究内容、创新点；内容仅据摘要/Introduction归纳。
仅取得可靠元数据或摘要；未取得可读全文。
https://arxiv.org/abs/2310.09512；访问2026-09-17；arXiv作者顺序和摘要。
CV：https://ikekonglp.github.io/lingpenk_cv.pdf；第9页；版本2026-01-27。
原文摘要依据：“Autoregressive~(AR) generation almost dominates sequence generation for its efficacy. Recently, non-autoregressive~(NAR) generation gains increasing popularity for its efficiency and growing efficacy.”。"
Lin Zheng,88,是,是,"论文信息汇总.csv 序88：摘要、研究内容、创新点；内容仅据摘要/Introduction归纳。
PDF：港大/Kong, Lingpeng/论文/2023_CAB_ Comprehensive Attention Benchmarking on Long Sequence Modeling.pdf；第1页标题、作者单位与摘要；Introduction在已保存前3页内。
https://arxiv.org/abs/2210.07661；访问2026-09-17；arXiv作者顺序和摘要。
CV：https://ikekonglp.github.io/lingpenk_cv.pdf；第10页；版本2026-01-27。
PDF发表标记：“Proceedings of the 40 th International Conference on Machine           causality modeling. We present four patterns of attentions,”。
原文摘要依据：“Transformer has achieved remarkable success in language, image, and speech processing. Recently, various efficient attention architectures have been proposed to improve transformer's efficiency while ”。"
Lin Zheng,90,是,待核验,"论文信息汇总.csv 序90：摘要、研究内容、创新点；内容仅据摘要/Introduction归纳。
PDF：港大/Kong, Lingpeng/论文/2023_Efficient Attention via Control Variates.pdf；第1页标题、作者单位与摘要；Introduction在已保存前3页内。
https://arxiv.org/abs/2302.04542；访问2026-09-17；arXiv作者顺序和摘要。
CV：https://ikekonglp.github.io/lingpenk_cv.pdf；第10页；版本2026-01-27。
PDF发表标记：“Published as a conference paper at ICLR 2023”。
原文摘要依据：“Random-feature-based attention (RFA) is an efficient approximation of softmax attention with linear runtime and space complexity. However, the approximation gap between RFA and conventional softmax at”。"
Lin Zheng,142,是,待核验,"论文信息汇总.csv 序142：摘要、研究内容、创新点；内容仅据摘要/Introduction归纳。
仅取得可靠元数据或摘要；未取得可读全文。
https://arxiv.org/abs/2312.11135；访问2026-09-17；arXiv作者顺序和摘要。
原文摘要依据：“Efficient attentions have greatly improved the computational efficiency of Transformers. However, most existing linear attention mechanisms suffer from an \emph{efficiency degradation} problem, leadin”。"
Lin Zheng,52,是,待核验,"论文信息汇总.csv 序52：摘要、研究内容、创新点；内容仅据摘要/Introduction归纳。
PDF：港大/Kong, Lingpeng/论文/2024_Diffusion of Thought_ Chain-of-Thought Reasoning in Diffusion Language Models.pdf；第1页标题、作者单位与摘要；Introduction在已保存前3页内。
https://arxiv.org/abs/2402.07754；访问2026-09-17；arXiv作者顺序和摘要。
CV：https://ikekonglp.github.io/lingpenk_cv.pdf；第7页；版本2026-01-27。
原文摘要依据：“Recently, diffusion models have garnered significant interest in the field of text processing due to their many potential advantages compared to conventional autoregressive models. In this work, we pr”。"
Lin Zheng,54,是,待核验,"论文信息汇总.csv 序54：摘要、研究内容、创新点；内容仅据摘要/Introduction归纳。
PDF：港大/Kong, Lingpeng/论文/2024_Retrieved Sequence Augmentation for Protein Representation Learning.pdf；第1页标题、作者单位与摘要；Introduction在已保存前3页内。
https://aclanthology.org/2024.emnlp-main.104/；访问2026-09-17；ACL作者顺序、发表信息与摘要。
CV：https://ikekonglp.github.io/lingpenk_cv.pdf；第7页；版本2026-01-27。
原文摘要依据：“Protein Language Models traditionally depend on Multiple Sequence Alignments (MSA) to incorporate evolutionary knowledge. However, MSA-based approaches suffer from substantial computational overhead a”。"
Lin Zheng,59,是,待核验,"论文信息汇总.csv 序59：摘要、研究内容、创新点；内容仅据摘要/Introduction归纳。
PDF：港大/Kong, Lingpeng/论文/2024_A Reparameterized Discrete Diffusion Model for Text Generation.pdf；第1页标题、作者单位与摘要；Introduction在已保存前3页内。
https://arxiv.org/abs/2302.05737；访问2026-09-17；arXiv作者顺序和摘要。
CV：https://ikekonglp.github.io/lingpenk_cv.pdf；第7页；版本2026-01-27。
原文摘要依据：“This work studies discrete diffusion probabilistic models with applications to natural language generation. We derive an alternative yet equivalent formulation of the sampling from discrete diffusion ”。"
Lin Zheng,69,是,待核验,"论文信息汇总.csv 序69：摘要、研究内容、创新点；内容仅据摘要/Introduction归纳。
PDF：港大/Kong, Lingpeng/论文/2024_Self-Infilling Code Generation.pdf；第1页标题、作者单位与摘要；Introduction在已保存前3页内。
https://arxiv.org/abs/2311.17972；访问2026-09-17；arXiv作者顺序和摘要。
CV：https://ikekonglp.github.io/lingpenk_cv.pdf；第8页；版本2026-01-27。
PDF发表标记：“Proceedings of the 41 st International Conference on Machine          terruption point to infill the bypassed context (Figure 1c).”。
原文摘要依据：“This work introduces self-infilling code generation, a general framework that incorporates infilling operations into auto-regressive decoding. Our approach capitalizes on the observation that recent i”。"
Lin Zheng,146,是,否,"论文信息汇总.csv 序146：摘要、研究内容、创新点；内容仅据摘要/Introduction归纳。
PDF：港大/Kong, Lingpeng/论文/2024_SubgoalXL_ Subgoal-based Expert Learning for Theorem Proving.pdf；第1页标题、作者单位与摘要；Introduction在已保存前3页内。
https://arxiv.org/abs/2408.11172；访问2026-09-17；arXiv作者顺序和摘要。
原文摘要依据：“Formal theorem proving, a field at the intersection of mathematics and computer science, has seen renewed interest with advancements in large language models (LLMs). This paper introduces SubgoalXL, a”。"
Lin Zheng,43,是,待核验,"论文信息汇总.csv 序43：摘要、研究内容、创新点；内容仅据摘要/Introduction归纳。
PDF：港大/Kong, Lingpeng/论文/2025_Beyond Autoregression_ Discrete Diffusion for Complex Reasoning and Planning.pdf；第1页标题、作者单位与摘要；Introduction在已保存前3页内。
https://arxiv.org/abs/2410.14157；访问2026-09-17；arXiv作者顺序和摘要。
CV：https://ikekonglp.github.io/lingpenk_cv.pdf；第6页；版本2026-01-27。
PDF发表标记：“Published as a conference paper at ICLR 2025”。
原文摘要依据：“Autoregressive language models, despite their impressive capabilities, struggle with complex reasoning and long-term planning tasks. We introduce discrete diffusion models as a novel solution to these”。"
Lin Zheng,47,是,待核验,"论文信息汇总.csv 序47：摘要、研究内容、创新点；内容仅据摘要/Introduction归纳。
PDF：港大/Kong, Lingpeng/论文/2025_Scaling Diffusion Language Models via Adaptation from Autoregressive Models.pdf；第1页标题、作者单位与摘要；Introduction在已保存前3页内。
https://arxiv.org/abs/2410.17891；访问2026-09-17；arXiv作者顺序和摘要。
CV：https://ikekonglp.github.io/lingpenk_cv.pdf；第6页；版本2026-01-27。
PDF发表标记：“Published as a conference paper at ICLR 2025”。
原文摘要依据：“Diffusion Language Models (DLMs) have emerged as a promising new paradigm for text generative modeling, potentially addressing limitations of autoregressive (AR) models. However, current DLMs have bee”。"
Lin Zheng,154,是,待核验,"论文信息汇总.csv 序154：摘要、研究内容、创新点；内容仅据摘要/Introduction归纳。
PDF：港大/Kong, Lingpeng/论文/2025_Dream 7B_ Diffusion Large Language Models.pdf；第1页标题、作者单位与摘要；Introduction在已保存前3页内。
https://arxiv.org/abs/2508.15487；访问2026-09-17；arXiv作者顺序和摘要。
原文摘要依据：“We introduce Dream 7B, the most powerful open diffusion large language model to date. Unlike autoregressive (AR) models that generate tokens sequentially, Dream 7B employs discrete diffusion modeling ”。"
Lin Zheng,155,是,待核验,"论文信息汇总.csv 序155：摘要、研究内容、创新点；内容仅据摘要/Introduction归纳。
PDF：港大/Kong, Lingpeng/论文/2025_Dream-Coder 7B_ An Open Diffusion Language Model for Code.pdf；第1页标题、作者单位与摘要；Introduction在已保存前3页内。
https://arxiv.org/abs/2509.01142；访问2026-09-17；arXiv作者顺序和摘要。
原文摘要依据：“We present Dream-Coder 7B, an open-source discrete diffusion language model for code generation that exhibits emergent any-order generation capabilities. Unlike traditional autoregressive (AR) models ”。"
Lin Zheng,22,是,是,"论文信息汇总.csv 序22：摘要、研究内容、创新点；内容仅据摘要/Introduction归纳。
PDF：港大/Kong, Lingpeng/论文/2026_DreamOn_ Diffusion Language Models For Code Infilling Beyond Fixed-size Canvas.pdf；第1页标题、作者单位与摘要；Introduction在已保存前3页内。
https://arxiv.org/abs/2602.01326；访问2026-09-17；arXiv作者顺序和摘要。
CV：https://ikekonglp.github.io/lingpenk_cv.pdf；第5页；版本2026-01-27。
PDF发表标记：“Published as a conference paper at ICLR 2026”。
原文摘要依据：“Diffusion Language Models (DLMs) present a compelling alternative to autoregressive models, offering flexible, any-order infilling without specialized prompting design. However, their practical utilit”。"
Lin Zheng,164,是,否,"论文信息汇总.csv 序164：摘要、研究内容、创新点；内容仅据摘要/Introduction归纳。
PDF：港大/Kong, Lingpeng/论文/2026_Proxy Compression for Language Modeling.pdf；第1页标题、作者单位与摘要；Introduction在已保存前3页内。
https://arxiv.org/abs/2602.04289；访问2026-09-17；arXiv作者顺序和摘要。
PDF发表标记：“Proceedings of the 43 International Conference on Machine               trasting it with compressed sequences often derived from that byte”。
原文摘要依据：“Modern language models are trained almost exclusively on token sequences produced by a fixed tokenizer, an external lossless compressor often over UTF-8 byte sequences, thereby coupling the model to t”。"
Lin Zheng,174,是,是,"论文信息汇总.csv 序174：摘要、研究内容、创新点；内容仅据摘要/Introduction归纳。
PDF：港大/Kong, Lingpeng/论文/2026_DreamReasoner-8B_ Block-Size Curriculum Learning for Diffusion Reasoning Models.pdf；第1页标题、作者单位与摘要；Introduction在已保存前3页内。
https://arxiv.org/abs/2606.19257；访问2026-09-17；arXiv作者顺序和摘要。
原文摘要依据：“Block diffusion language models accelerate decoding through parallel block-wise denoising, yet whether they can be reliably scaled for long chain-of-thought (CoT) reasoning remains unresolved. To this”。"
Zhihui Xie,55,否,待核验,"论文信息汇总.csv 序55：摘要、研究内容、创新点；内容仅据摘要/Introduction归纳。
PDF：港大/Kong, Lingpeng/论文/2024_VLFeedback_ A Large-Scale AI Feedback Dataset for Large Vision-Language Models Alignment.pdf；第1页标题、作者单位与摘要；Introduction在已保存前3页内。
https://aclanthology.org/2024.emnlp-main.358/；访问2026-09-17；ACL作者顺序、发表信息与摘要。
CV：https://ikekonglp.github.io/lingpenk_cv.pdf；第7页；版本2026-01-27。
原文摘要依据：“As large vision-language models (LVLMs) evolve rapidly, the demand for high-quality and diverse data to align these models becomes increasingly crucial. However, the creation of such data with human s”。"
Zhihui Xie,26,是,待核验,"论文信息汇总.csv 序26：摘要、研究内容、创新点；内容仅据摘要/Introduction归纳。
仅取得可靠元数据或摘要；未取得可读全文。
https://aclanthology.org/2025.emnlp-main.1751/；访问2026-09-17；ACL作者顺序、发表信息与摘要。
CV：https://ikekonglp.github.io/lingpenk_cv.pdf；第5页；版本2026-01-27。
原文摘要依据：“Reasoning models have demonstrated remarkable performance on complex tasks by generating long reasoning traces prior to producing final answers. However, previous research on long-context scaling in l”。"
Zhihui Xie,36,是,否,"论文信息汇总.csv 序36：摘要、研究内容、创新点；内容仅据摘要/Introduction归纳。
PDF：港大/Kong, Lingpeng/论文/2025_Teaching Language Models to Critique via Reinforcement Learning.pdf；第1页标题、作者单位与摘要；Introduction在已保存前3页内。
https://arxiv.org/abs/2502.03492；访问2026-09-17；arXiv作者顺序和摘要。
CV：https://ikekonglp.github.io/lingpenk_cv.pdf；第6页；版本2026-01-27。
PDF发表标记：“Proceedings of the 42 nd International Conference on Machine           ward optimal solution generation through iterative critique-”。
原文摘要依据：“Teaching large language models (LLMs) to critique and refine their outputs is crucial for building systems that can iteratively improve, yet it is fundamentally limited by the ability to provide accur”。"
Zhihui Xie,38,否,待核验,"论文信息汇总.csv 序38：摘要、研究内容、创新点；内容仅据摘要/Introduction归纳。
PDF：港大/Kong, Lingpeng/论文/2025_VL-RewardBench_ A Challenging Benchmark for Vision-Language Generative Reward Models.pdf；第1页标题、作者单位与摘要；Introduction在已保存前3页内。
https://arxiv.org/abs/2411.17451；访问2026-09-17；arXiv作者顺序和摘要。
CV：https://ikekonglp.github.io/lingpenk_cv.pdf；第6页；版本2026-01-27。
原文摘要依据：“Vision-language generative reward models (VL-GenRMs) play a crucial role in aligning and evaluating multimodal AI systems, yet their own evaluation remains under-explored. Current assessment methods p”。"
Zhihui Xie,39,是,是,"论文信息汇总.csv 序39：摘要、研究内容、创新点；内容仅据摘要/Introduction归纳。
PDF：港大/Kong, Lingpeng/论文/2025_Jailbreaking as a Reward Misspecification Problem.pdf；第1页标题、作者单位与摘要；Introduction在已保存前3页内。
https://arxiv.org/abs/2406.14393；访问2026-09-17；arXiv作者顺序和摘要。
CV：https://ikekonglp.github.io/lingpenk_cv.pdf；第6页；版本2026-01-27。
PDF发表标记：“Published as a conference paper at ICLR 2025”。
原文摘要依据：“The widespread adoption of large language models (LLMs) has raised concerns about their safety and reliability, particularly regarding their vulnerability to adversarial attacks. In this paper, we pro”。"
Zhihui Xie,154,是,待核验,"论文信息汇总.csv 序154：摘要、研究内容、创新点；内容仅据摘要/Introduction归纳。
PDF：港大/Kong, Lingpeng/论文/2025_Dream 7B_ Diffusion Large Language Models.pdf；第1页标题、作者单位与摘要；Introduction在已保存前3页内。
https://arxiv.org/abs/2508.15487；访问2026-09-17；arXiv作者顺序和摘要。
原文摘要依据：“We introduce Dream 7B, the most powerful open diffusion large language model to date. Unlike autoregressive (AR) models that generate tokens sequentially, Dream 7B employs discrete diffusion modeling ”。"
Zhihui Xie,155,是,待核验,"论文信息汇总.csv 序155：摘要、研究内容、创新点；内容仅据摘要/Introduction归纳。
PDF：港大/Kong, Lingpeng/论文/2025_Dream-Coder 7B_ An Open Diffusion Language Model for Code.pdf；第1页标题、作者单位与摘要；Introduction在已保存前3页内。
https://arxiv.org/abs/2509.01142；访问2026-09-17；arXiv作者顺序和摘要。
原文摘要依据：“We present Dream-Coder 7B, an open-source discrete diffusion language model for code generation that exhibits emergent any-order generation capabilities. Unlike traditional autoregressive (AR) models ”。"
Zhihui Xie,22,是,是,"论文信息汇总.csv 序22：摘要、研究内容、创新点；内容仅据摘要/Introduction归纳。
PDF：港大/Kong, Lingpeng/论文/2026_DreamOn_ Diffusion Language Models For Code Infilling Beyond Fixed-size Canvas.pdf；第1页标题、作者单位与摘要；Introduction在已保存前3页内。
https://arxiv.org/abs/2602.01326；访问2026-09-17；arXiv作者顺序和摘要。
CV：https://ikekonglp.github.io/lingpenk_cv.pdf；第5页；版本2026-01-27。
PDF发表标记：“Published as a conference paper at ICLR 2026”。
原文摘要依据：“Diffusion Language Models (DLMs) present a compelling alternative to autoregressive models, offering flexible, any-order infilling without specialized prompting design. However, their practical utilit”。"
Zhihui Xie,158,是,待核验,"论文信息汇总.csv 序158：摘要、研究内容、创新点；内容仅据摘要/Introduction归纳。
仅取得可靠元数据或摘要；未取得可读全文。
https://aclanthology.org/2026.acl-long.431/；访问2026-09-17；ACL作者顺序、发表信息与摘要。
原文摘要依据：“Computer-using agents powered by Vision-Language Models (VLMs) have demonstrated human-like capabilities in operating digital environments like mobile platforms. While these agents hold great promise ”。"
Zhihui Xie,168,否,待核验,"论文信息汇总.csv 序168：摘要、研究内容、创新点；内容仅据摘要/Introduction归纳。
PDF：港大/Kong, Lingpeng/论文/2026_Claw-Eval_ Towards Trustworthy Evaluation of Autonomous Agents.pdf；第1页标题、作者单位与摘要；Introduction在已保存前3页内。
https://arxiv.org/abs/2604.06132；访问2026-09-17；arXiv作者顺序和摘要。
原文摘要依据：“Large language models are increasingly deployed as autonomous agents for multi-step workflows in real-world software environments. However, existing agent benchmarks are limited by trajectory-opaque g”。"
Jiacheng Ye,95,是,待核验,"论文信息汇总.csv 序95：摘要、研究内容、创新点；内容仅据摘要/Introduction归纳。
PDF：港大/Kong, Lingpeng/论文/2022_ProGen_ Progressive Zero-shot Dataset Generation via In-context Feedback.pdf；第1页标题、作者单位与摘要；Introduction在已保存前3页内。
https://aclanthology.org/2022.findings-emnlp.269/；访问2026-09-17；ACL作者顺序、发表信息与摘要。
CV：https://ikekonglp.github.io/lingpenk_cv.pdf；第10页；版本2026-01-27。
原文摘要依据：“Recently, dataset-generation-based zero-shot learning has shown promising results by training a task-specific model with a dataset synthesized from large pre-trained language models (PLMs). The final ”。"
Jiacheng Ye,96,是,待核验,"论文信息汇总.csv 序96：摘要、研究内容、创新点；内容仅据摘要/Introduction归纳。
PDF：港大/Kong, Lingpeng/论文/2022_ZeroGen_ Efficient Zero-shot Learning via Dataset Generation.pdf；第1页标题、作者单位与摘要；Introduction在已保存前3页内。
https://aclanthology.org/2022.emnlp-main.801/；访问2026-09-17；ACL作者顺序、发表信息与摘要。
CV：https://ikekonglp.github.io/lingpenk_cv.pdf；第10页；版本2026-01-27。
PDF发表标记：“Proceedings of the 2022 Conference on Empirical Methods in Natural Language Processing, pages 11653–11669”。
原文摘要依据：“There is a growing interest in dataset generation recently due to the superior generative capacity of large pre-trained language models (PLMs). In this paper, we study a flexible and efficient zero-sh”。"
Jiacheng Ye,76,否,待核验,"论文信息汇总.csv 序76：摘要、研究内容、创新点；内容仅据摘要/Introduction归纳。
PDF：港大/Kong, Lingpeng/论文/2023_Generating Data for Symbolic Language with Large Language Models.pdf；第1页标题、作者单位与摘要；Introduction在已保存前3页内。
https://aclanthology.org/2023.emnlp-main.523/；访问2026-09-17；ACL作者顺序、发表信息与摘要。
CV：https://ikekonglp.github.io/lingpenk_cv.pdf；第9页；版本2026-01-27。
PDF发表标记：“Proceedings of the 2023 Conference on Empirical Methods in Natural Language Processing, pages 8418–8443”。
原文摘要依据：“While large language models (LLMs) bring not only performance but also complexity, recent work has started to turn LLMs into data generators rather than task inferencers, where another affordable task”。"
Jiacheng Ye,81,是,待核验,"论文信息汇总.csv 序81：摘要、研究内容、创新点；内容仅据摘要/Introduction归纳。
PDF：港大/Kong, Lingpeng/论文/2023_Self-Adaptive In-Context Learning_ An Information Compression Perspective for In-Context Example Selection and Ordering.pdf；第1页标题、作者单位与摘要；Introduction在已保存前3页内。
https://aclanthology.org/2023.acl-long.79/；访问2026-09-17；ACL作者顺序、发表信息与摘要。
CV：https://ikekonglp.github.io/lingpenk_cv.pdf；第9页；版本2026-01-27。
PDF发表标记：“Proceedings of the 61st Annual Meeting of the Association for Computational Linguistics”。
原文摘要依据：“Despite the surprising few-shot performance of in-context learning (ICL), it is still a common practice to randomly sample examples to serve as context. This paper advocates a new principle for ICL: s”。"
Jiacheng Ye,87,是,否,"论文信息汇总.csv 序87：摘要、研究内容、创新点；内容仅据摘要/Introduction归纳。
PDF：港大/Kong, Lingpeng/论文/2023_Compositional Exemplars for In-context Learning.pdf；第1页标题、作者单位与摘要；Introduction在已保存前3页内。
https://arxiv.org/abs/2302.05698；访问2026-09-17；arXiv作者顺序和摘要。
CV：https://ikekonglp.github.io/lingpenk_cv.pdf；第9页；版本2026-01-27。
PDF发表标记：“Proceedings of the 40 th International Conference on Machine       7 distinct tasks, including sentiment analysis, paraphrase”。
原文摘要依据：“Large pretrained language models (LMs) have shown impressive In-Context Learning (ICL) ability, where the model learns to do an unseen task via a prompt consisting of input-output examples as the demo”。"
Jiacheng Ye,91,是,待核验,"论文信息汇总.csv 序91：摘要、研究内容、创新点；内容仅据摘要/Introduction归纳。
仅取得可靠元数据或摘要；未取得可读全文。
https://arxiv.org/abs/2205.12679；访问2026-09-17；arXiv作者顺序和摘要。
CV：https://ikekonglp.github.io/lingpenk_cv.pdf；第10页；版本2026-01-27。
原文摘要依据：“There is a rising interest in further exploring the zero-shot learning potential of large pre-trained language models (PLMs). A new paradigm called data-generation-based zero-shot learning has achieve”。"
Jiacheng Ye,138,是,待核验,"论文信息汇总.csv 序138：摘要、研究内容、创新点；内容仅据摘要/Introduction归纳。
PDF：港大/Kong, Lingpeng/论文/2023_Language Versatilists vs. Specialists_ An Empirical Revisiting on Multilingual Transfer Ability.pdf；第1页标题、作者单位与摘要；Introduction在已保存前3页内。
https://arxiv.org/abs/2306.06688；访问2026-09-17；arXiv作者顺序和摘要。
原文摘要依据：“Multilingual transfer ability, which reflects how well the models fine-tuned on one source language can be applied to other languages, has been well studied in multilingual pre-trained models (e.g., B”。"
Jiacheng Ye,52,是,待核验,"论文信息汇总.csv 序52：摘要、研究内容、创新点；内容仅据摘要/Introduction归纳。
PDF：港大/Kong, Lingpeng/论文/2024_Diffusion of Thought_ Chain-of-Thought Reasoning in Diffusion Language Models.pdf；第1页标题、作者单位与摘要；Introduction在已保存前3页内。
https://arxiv.org/abs/2402.07754；访问2026-09-17；arXiv作者顺序和摘要。
CV：https://ikekonglp.github.io/lingpenk_cv.pdf；第7页；版本2026-01-27。
原文摘要依据：“Recently, diffusion models have garnered significant interest in the field of text processing due to their many potential advantages compared to conventional autoregressive models. In this work, we pr”。"
Jiacheng Ye,62,否,待核验,"论文信息汇总.csv 序62：摘要、研究内容、创新点；内容仅据摘要/Introduction归纳。
PDF：港大/Kong, Lingpeng/论文/2024_PRoLoRA_ Partial Rotation Empowers More Parameter-Efficient LoRA.pdf；第1页标题、作者单位与摘要；Introduction在已保存前3页内。
https://aclanthology.org/2024.acl-long.156/；访问2026-09-17；ACL作者顺序、发表信息与摘要。
CV：https://ikekonglp.github.io/lingpenk_cv.pdf；第8页；版本2026-01-27。
PDF发表标记：“Proceedings of the 62nd Annual Meeting of the Association for Computational Linguistics (Volume 1: Long Papers), pages 2829–2841”。
原文摘要依据：“With the rapid scaling of large language models (LLMs), serving numerouslow-rank adaptations (LoRAs) concurrently has become increasingly impractical,leading to unaffordable costs and necessitating mo”。"
Jiacheng Ye,43,是,待核验,"论文信息汇总.csv 序43：摘要、研究内容、创新点；内容仅据摘要/Introduction归纳。
PDF：港大/Kong, Lingpeng/论文/2025_Beyond Autoregression_ Discrete Diffusion for Complex Reasoning and Planning.pdf；第1页标题、作者单位与摘要；Introduction在已保存前3页内。
https://arxiv.org/abs/2410.14157；访问2026-09-17；arXiv作者顺序和摘要。
CV：https://ikekonglp.github.io/lingpenk_cv.pdf；第6页；版本2026-01-27。
PDF发表标记：“Published as a conference paper at ICLR 2025”。
原文摘要依据：“Autoregressive language models, despite their impressive capabilities, struggle with complex reasoning and long-term planning tasks. We introduce discrete diffusion models as a novel solution to these”。"
Jiacheng Ye,44,是,待核验,"论文信息汇总.csv 序44：摘要、研究内容、创新点；内容仅据摘要/Introduction归纳。
仅取得可靠元数据或摘要；未取得可读全文。
https://arxiv.org/abs/2502.19805；访问2026-09-17；arXiv作者顺序和摘要。
CV：https://ikekonglp.github.io/lingpenk_cv.pdf；第6页；版本2026-01-27。
原文摘要依据：“In the post-AlphaGo era, there has been a renewed interest in search techniques such as Monte Carlo Tree Search (MCTS), particularly in their application to Large Language Models (LLMs). This renewed ”。"
Jiacheng Ye,45,是,待核验,"论文信息汇总.csv 序45：摘要、研究内容、创新点；内容仅据摘要/Introduction归纳。
仅取得可靠元数据或摘要；未取得可读全文。
https://arxiv.org/abs/2312.11370；访问2026-09-17；arXiv作者顺序和摘要。
CV：https://ikekonglp.github.io/lingpenk_cv.pdf；第6页；版本2026-01-27。
原文摘要依据：“Large language models (LLMs) have shown remarkable proficiency in human-level reasoning and generation capabilities, which encourages extensive research on their application in mathematical problem so”。"
Jiacheng Ye,47,是,待核验,"论文信息汇总.csv 序47：摘要、研究内容、创新点；内容仅据摘要/Introduction归纳。
PDF：港大/Kong, Lingpeng/论文/2025_Scaling Diffusion Language Models via Adaptation from Autoregressive Models.pdf；第1页标题、作者单位与摘要；Introduction在已保存前3页内。
https://arxiv.org/abs/2410.17891；访问2026-09-17；arXiv作者顺序和摘要。
CV：https://ikekonglp.github.io/lingpenk_cv.pdf；第6页；版本2026-01-27。
PDF发表标记：“Published as a conference paper at ICLR 2025”。
原文摘要依据：“Diffusion Language Models (DLMs) have emerged as a promising new paradigm for text generative modeling, potentially addressing limitations of autoregressive (AR) models. However, current DLMs have bee”。"
Jiacheng Ye,154,是,待核验,"论文信息汇总.csv 序154：摘要、研究内容、创新点；内容仅据摘要/Introduction归纳。
PDF：港大/Kong, Lingpeng/论文/2025_Dream 7B_ Diffusion Large Language Models.pdf；第1页标题、作者单位与摘要；Introduction在已保存前3页内。
https://arxiv.org/abs/2508.15487；访问2026-09-17；arXiv作者顺序和摘要。
原文摘要依据：“We introduce Dream 7B, the most powerful open diffusion large language model to date. Unlike autoregressive (AR) models that generate tokens sequentially, Dream 7B employs discrete diffusion modeling ”。"
Jiacheng Ye,155,是,待核验,"论文信息汇总.csv 序155：摘要、研究内容、创新点；内容仅据摘要/Introduction归纳。
PDF：港大/Kong, Lingpeng/论文/2025_Dream-Coder 7B_ An Open Diffusion Language Model for Code.pdf；第1页标题、作者单位与摘要；Introduction在已保存前3页内。
https://arxiv.org/abs/2509.01142；访问2026-09-17；arXiv作者顺序和摘要。
原文摘要依据：“We present Dream-Coder 7B, an open-source discrete diffusion language model for code generation that exhibits emergent any-order generation capabilities. Unlike traditional autoregressive (AR) models ”。"
Jiacheng Ye,162,是,是,"论文信息汇总.csv 序162：摘要、研究内容、创新点；内容仅据摘要/Introduction归纳。
PDF：港大/Kong, Lingpeng/论文/2025_Dream-VL & Dream-VLA_ Open Vision-Language and Vision-Language-Action Models with Diffusion Language Model Backbone.pdf；第1页标题、作者单位与摘要；Introduction在已保存前3页内。
https://arxiv.org/abs/2512.22615；访问2026-09-17；arXiv作者顺序和摘要。
原文摘要依据：“While autoregressive Large Vision-Language Models (VLMs) have achieved remarkable success, their sequential generation often limits their efficacy in complex visual planning and dynamic robotic contro”。"
Jiacheng Ye,22,是,是,"论文信息汇总.csv 序22：摘要、研究内容、创新点；内容仅据摘要/Introduction归纳。
PDF：港大/Kong, Lingpeng/论文/2026_DreamOn_ Diffusion Language Models For Code Infilling Beyond Fixed-size Canvas.pdf；第1页标题、作者单位与摘要；Introduction在已保存前3页内。
https://arxiv.org/abs/2602.01326；访问2026-09-17；arXiv作者顺序和摘要。
CV：https://ikekonglp.github.io/lingpenk_cv.pdf；第5页；版本2026-01-27。
PDF发表标记：“Published as a conference paper at ICLR 2026”。
原文摘要依据：“Diffusion Language Models (DLMs) present a compelling alternative to autoregressive models, offering flexible, any-order infilling without specialized prompting design. However, their practical utilit”。"
Jiacheng Ye,174,是,是,"论文信息汇总.csv 序174：摘要、研究内容、创新点；内容仅据摘要/Introduction归纳。
PDF：港大/Kong, Lingpeng/论文/2026_DreamReasoner-8B_ Block-Size Curriculum Learning for Diffusion Reasoning Models.pdf；第1页标题、作者单位与摘要；Introduction在已保存前3页内。
https://arxiv.org/abs/2606.19257；访问2026-09-17；arXiv作者顺序和摘要。
原文摘要依据：“Block diffusion language models accelerate decoding through parallel block-wise denoising, yet whether they can be reliably scaled for long chain-of-thought (CoT) reasoning remains unresolved. To this”。"
Jiahui Gao,95,是,待核验,"论文信息汇总.csv 序95：摘要、研究内容、创新点；内容仅据摘要/Introduction归纳。
PDF：港大/Kong, Lingpeng/论文/2022_ProGen_ Progressive Zero-shot Dataset Generation via In-context Feedback.pdf；第1页标题、作者单位与摘要；Introduction在已保存前3页内。
https://aclanthology.org/2022.findings-emnlp.269/；访问2026-09-17；ACL作者顺序、发表信息与摘要。
CV：https://ikekonglp.github.io/lingpenk_cv.pdf；第10页；版本2026-01-27。
原文摘要依据：“Recently, dataset-generation-based zero-shot learning has shown promising results by training a task-specific model with a dataset synthesized from large pre-trained language models (PLMs). The final ”。"
Jiahui Gao,96,是,待核验,"论文信息汇总.csv 序96：摘要、研究内容、创新点；内容仅据摘要/Introduction归纳。
PDF：港大/Kong, Lingpeng/论文/2022_ZeroGen_ Efficient Zero-shot Learning via Dataset Generation.pdf；第1页标题、作者单位与摘要；Introduction在已保存前3页内。
https://aclanthology.org/2022.emnlp-main.801/；访问2026-09-17；ACL作者顺序、发表信息与摘要。
CV：https://ikekonglp.github.io/lingpenk_cv.pdf；第10页；版本2026-01-27。
PDF发表标记：“Proceedings of the 2022 Conference on Empirical Methods in Natural Language Processing, pages 11653–11669”。
原文摘要依据：“There is a growing interest in dataset generation recently due to the superior generative capacity of large pre-trained language models (PLMs). In this paper, we study a flexible and efficient zero-sh”。"
Jiahui Gao,110,否,待核验,"论文信息汇总.csv 序110：摘要、研究内容、创新点；内容仅据摘要/Introduction归纳。
PDF：港大/Kong, Lingpeng/论文/2022_Revisiting Over-smoothing in BERT from the Perspective of Graph.pdf；第1页标题、作者单位与摘要；Introduction在已保存前3页内。
https://arxiv.org/abs/2202.08625；访问2026-09-17；arXiv作者顺序和摘要。
CV：https://ikekonglp.github.io/lingpenk_cv.pdf；第11页；版本2026-01-27。
PDF发表标记：“Published as a conference paper at ICLR 2022”。
原文摘要依据：“Recently over-smoothing phenomenon of Transformer-based models is observed in both vision and language fields. However, no existing work has delved deeper to further investigate the main cause of this”。"
Jiahui Gao,75,否,待核验,"论文信息汇总.csv 序75：摘要、研究内容、创新点；内容仅据摘要/Introduction归纳。
仅取得可靠元数据或摘要；未取得可读全文。
https://aclanthology.org/2023.emnlp-main.876/；访问2026-09-17；ACL作者顺序、发表信息与摘要。
CV：https://ikekonglp.github.io/lingpenk_cv.pdf；第9页；版本2026-01-27。
原文摘要依据：“In recent years, the field of computer vision has seen significant advancements thanks to the development of large language models (LLMs). These models have enabled more effective and sophisticated in”。"
Jiahui Gao,91,是,待核验,"论文信息汇总.csv 序91：摘要、研究内容、创新点；内容仅据摘要/Introduction归纳。
仅取得可靠元数据或摘要；未取得可读全文。
https://arxiv.org/abs/2205.12679；访问2026-09-17；arXiv作者顺序和摘要。
CV：https://ikekonglp.github.io/lingpenk_cv.pdf；第10页；版本2026-01-27。
原文摘要依据：“There is a rising interest in further exploring the zero-shot learning potential of large pre-trained language models (PLMs). A new paradigm called data-generation-based zero-shot learning has achieve”。"
Jiahui Gao,52,是,待核验,"论文信息汇总.csv 序52：摘要、研究内容、创新点；内容仅据摘要/Introduction归纳。
PDF：港大/Kong, Lingpeng/论文/2024_Diffusion of Thought_ Chain-of-Thought Reasoning in Diffusion Language Models.pdf；第1页标题、作者单位与摘要；Introduction在已保存前3页内。
https://arxiv.org/abs/2402.07754；访问2026-09-17；arXiv作者顺序和摘要。
CV：https://ikekonglp.github.io/lingpenk_cv.pdf；第7页；版本2026-01-27。
原文摘要依据：“Recently, diffusion models have garnered significant interest in the field of text processing due to their many potential advantages compared to conventional autoregressive models. In this work, we pr”。"
Jiahui Gao,58,否,待核验,"论文信息汇总.csv 序58：摘要、研究内容、创新点；内容仅据摘要/Introduction归纳。
仅取得可靠元数据或摘要；未取得可读全文。
https://arxiv.org/abs/2409.11365；访问2026-09-17；arXiv作者顺序和摘要。
CV：https://ikekonglp.github.io/lingpenk_cv.pdf；第7页；版本2026-01-27。
原文摘要依据：“The deployment of multimodal large language models (MLLMs) has demonstrated remarkable success in engaging in conversations involving visual inputs, thanks to the superior power of large language mode”。"
Jiahui Gao,24,否,待核验,"论文信息汇总.csv 序24：摘要、研究内容、创新点；内容仅据摘要/Introduction归纳。
仅取得可靠元数据或摘要；未取得可读全文。
https://arxiv.org/abs/2503.17195；访问2026-09-17；arXiv作者顺序和摘要。
CV：https://ikekonglp.github.io/lingpenk_cv.pdf；第5页；版本2026-01-27。
原文摘要依据：“Model customization necessitates high-quality and diverse datasets, but acquiring such data remains time-consuming and labor-intensive. Despite the great potential of large language models (LLMs) for ”。"
Jiahui Gao,27,否,待核验,"论文信息汇总.csv 序27：摘要、研究内容、创新点；内容仅据摘要/Introduction归纳。
PDF：港大/Kong, Lingpeng/论文/2025_ProReason_ Multi-Modal Proactive Reasoning with Decoupled Eyesight and Wisdom.pdf；第1页标题、作者单位与摘要；Introduction在已保存前3页内。
https://aclanthology.org/2025.emnlp-main.1614/；访问2026-09-17；ACL作者顺序、发表信息与摘要。
CV：https://ikekonglp.github.io/lingpenk_cv.pdf；第5页；版本2026-01-27。
PDF发表标记：“Proceedings of the 2025 Conference on Empirical Methods in Natural Language Processing, pages 31662–31691”。
原文摘要依据：“Large vision-language models (LVLMs) have witnessed significant progress on visual understanding tasks. However, they often prioritize language knowledge over image information on visual reasoning tas”。"
Jiahui Gao,39,是,是,"论文信息汇总.csv 序39：摘要、研究内容、创新点；内容仅据摘要/Introduction归纳。
PDF：港大/Kong, Lingpeng/论文/2025_Jailbreaking as a Reward Misspecification Problem.pdf；第1页标题、作者单位与摘要；Introduction在已保存前3页内。
https://arxiv.org/abs/2406.14393；访问2026-09-17；arXiv作者顺序和摘要。
CV：https://ikekonglp.github.io/lingpenk_cv.pdf；第6页；版本2026-01-27。
PDF发表标记：“Published as a conference paper at ICLR 2025”。
原文摘要依据：“The widespread adoption of large language models (LLMs) has raised concerns about their safety and reliability, particularly regarding their vulnerability to adversarial attacks. In this paper, we pro”。"
Jiahui Gao,43,是,待核验,"论文信息汇总.csv 序43：摘要、研究内容、创新点；内容仅据摘要/Introduction归纳。
PDF：港大/Kong, Lingpeng/论文/2025_Beyond Autoregression_ Discrete Diffusion for Complex Reasoning and Planning.pdf；第1页标题、作者单位与摘要；Introduction在已保存前3页内。
https://arxiv.org/abs/2410.14157；访问2026-09-17；arXiv作者顺序和摘要。
CV：https://ikekonglp.github.io/lingpenk_cv.pdf；第6页；版本2026-01-27。
PDF发表标记：“Published as a conference paper at ICLR 2025”。
原文摘要依据：“Autoregressive language models, despite their impressive capabilities, struggle with complex reasoning and long-term planning tasks. We introduce discrete diffusion models as a novel solution to these”。"
Jiahui Gao,44,是,待核验,"论文信息汇总.csv 序44：摘要、研究内容、创新点；内容仅据摘要/Introduction归纳。
仅取得可靠元数据或摘要；未取得可读全文。
https://arxiv.org/abs/2502.19805；访问2026-09-17；arXiv作者顺序和摘要。
CV：https://ikekonglp.github.io/lingpenk_cv.pdf；第6页；版本2026-01-27。
原文摘要依据：“In the post-AlphaGo era, there has been a renewed interest in search techniques such as Monte Carlo Tree Search (MCTS), particularly in their application to Large Language Models (LLMs). This renewed ”。"
Jiahui Gao,45,是,待核验,"论文信息汇总.csv 序45：摘要、研究内容、创新点；内容仅据摘要/Introduction归纳。
仅取得可靠元数据或摘要；未取得可读全文。
https://arxiv.org/abs/2312.11370；访问2026-09-17；arXiv作者顺序和摘要。
CV：https://ikekonglp.github.io/lingpenk_cv.pdf；第6页；版本2026-01-27。
原文摘要依据：“Large language models (LLMs) have shown remarkable proficiency in human-level reasoning and generation capabilities, which encourages extensive research on their application in mathematical problem so”。"
Jiahui Gao,48,是,是,"论文信息汇总.csv 序48：摘要、研究内容、创新点；内容仅据摘要/Introduction归纳。
PDF：港大/Kong, Lingpeng/论文/2025_Forewarned is Forearmed_ Harnessing LLMs for Data Synthesis via Failure-induced Exploration.pdf；第1页标题、作者单位与摘要；Introduction在已保存前3页内。
https://arxiv.org/abs/2410.16736；访问2026-09-17；arXiv作者顺序和摘要。
CV：https://ikekonglp.github.io/lingpenk_cv.pdf；第7页；版本2026-01-27。
原文摘要依据：“Large language models (LLMs) have significantly benefited from training on diverse, high-quality task-specific data, leading to impressive performance across a range of downstream applications. Curren”。"
Jiahui Gao,154,是,待核验,"论文信息汇总.csv 序154：摘要、研究内容、创新点；内容仅据摘要/Introduction归纳。
PDF：港大/Kong, Lingpeng/论文/2025_Dream 7B_ Diffusion Large Language Models.pdf；第1页标题、作者单位与摘要；Introduction在已保存前3页内。
https://arxiv.org/abs/2508.15487；访问2026-09-17；arXiv作者顺序和摘要。
原文摘要依据：“We introduce Dream 7B, the most powerful open diffusion large language model to date. Unlike autoregressive (AR) models that generate tokens sequentially, Dream 7B employs discrete diffusion modeling ”。"
Jiahui Gao,155,是,待核验,"论文信息汇总.csv 序155：摘要、研究内容、创新点；内容仅据摘要/Introduction归纳。
PDF：港大/Kong, Lingpeng/论文/2025_Dream-Coder 7B_ An Open Diffusion Language Model for Code.pdf；第1页标题、作者单位与摘要；Introduction在已保存前3页内。
https://arxiv.org/abs/2509.01142；访问2026-09-17；arXiv作者顺序和摘要。
原文摘要依据：“We present Dream-Coder 7B, an open-source discrete diffusion language model for code generation that exhibits emergent any-order generation capabilities. Unlike traditional autoregressive (AR) models ”。"
Jiahui Gao,162,是,是,"论文信息汇总.csv 序162：摘要、研究内容、创新点；内容仅据摘要/Introduction归纳。
PDF：港大/Kong, Lingpeng/论文/2025_Dream-VL & Dream-VLA_ Open Vision-Language and Vision-Language-Action Models with Diffusion Language Model Backbone.pdf；第1页标题、作者单位与摘要；Introduction在已保存前3页内。
https://arxiv.org/abs/2512.22615；访问2026-09-17；arXiv作者顺序和摘要。
原文摘要依据：“While autoregressive Large Vision-Language Models (VLMs) have achieved remarkable success, their sequential generation often limits their efficacy in complex visual planning and dynamic robotic contro”。"
Jiahui Gao,22,是,是,"论文信息汇总.csv 序22：摘要、研究内容、创新点；内容仅据摘要/Introduction归纳。
PDF：港大/Kong, Lingpeng/论文/2026_DreamOn_ Diffusion Language Models For Code Infilling Beyond Fixed-size Canvas.pdf；第1页标题、作者单位与摘要；Introduction在已保存前3页内。
https://arxiv.org/abs/2602.01326；访问2026-09-17；arXiv作者顺序和摘要。
CV：https://ikekonglp.github.io/lingpenk_cv.pdf；第5页；版本2026-01-27。
PDF发表标记：“Published as a conference paper at ICLR 2026”。
原文摘要依据：“Diffusion Language Models (DLMs) present a compelling alternative to autoregressive models, offering flexible, any-order infilling without specialized prompting design. However, their practical utilit”。"
Jiahui Gao,166,否,待核验,"论文信息汇总.csv 序166：摘要、研究内容、创新点；内容仅据摘要/Introduction归纳。
PDF：港大/Kong, Lingpeng/论文/2026_ToolSelf_ Unifying Task Execution and Self-Reconfiguration via Tool-Driven Emergent Adaptation.pdf；第1页标题、作者单位与摘要；Introduction在已保存前3页内。
https://arxiv.org/abs/2602.07883；访问2026-09-17；arXiv作者顺序和摘要。
原文摘要依据：“LLM-powered agentic systems excel at complex long-horizon tasks, but remain constrained by static configurations fixed before execution. Such rigidity forces a trade-off between domain-specific perfor”。"
Jiahui Gao,176,是,待核验,"论文信息汇总.csv 序176：摘要、研究内容、创新点；内容仅据摘要/Introduction归纳。
仅取得可靠元数据或摘要；未取得可读全文。
https://arxiv.org/abs/2607.28609；访问2026-09-17；arXiv作者顺序和摘要。
原文摘要依据：“Computer-using agents (CUAs) are advancing rapidly across the digital world. A CUA trajectory records the agent's actions, states, and reasoning. Verifying whether it fulfilled the task instruction is”。"
Yansong Feng（论文 #22，身份待核验）,22,是,是,"论文信息汇总.csv 序22：摘要、研究内容、创新点；内容仅据摘要/Introduction归纳。
PDF：港大/Kong, Lingpeng/论文/2026_DreamOn_ Diffusion Language Models For Code Infilling Beyond Fixed-size Canvas.pdf；第1页标题、作者单位与摘要；Introduction在已保存前3页内。
https://arxiv.org/abs/2602.01326；访问2026-09-17；arXiv作者顺序和摘要。
CV：https://ikekonglp.github.io/lingpenk_cv.pdf；第5页；版本2026-01-27。
PDF发表标记：“Published as a conference paper at ICLR 2026”。
原文摘要依据：“Diffusion Language Models (DLMs) present a compelling alternative to autoregressive models, offering flexible, any-order infilling without specialized prompting design. However, their practical utilit”。"
Yansong Feng（论文 #31，身份待核验）,31,否,否,"论文信息汇总.csv 序31：摘要、研究内容、创新点；内容仅据摘要/Introduction归纳。
PDF：港大/Kong, Lingpeng/论文/2025_Recipe2Plan_ Evaluating Planning Abilities of LLMs for Efficient and Feasible Multitasking with Time Constraints Between Actions.pdf；第1页标题、作者单位与摘要；Introduction在已保存前3页内。
https://aclanthology.org/2025.findings-emnlp.229/；访问2026-09-17；ACL作者顺序、发表信息与摘要。
CV：https://ikekonglp.github.io/lingpenk_cv.pdf；第5页；版本2026-01-27。
原文摘要依据：“While Large Language Model-based agents have demonstrated substantial progress in task completion, existing evaluation benchmarks tend to overemphasize single-task performance, with insufficient atten”。"
Yansong Feng（论文 #174，身份待核验）,174,是,是,"论文信息汇总.csv 序174：摘要、研究内容、创新点；内容仅据摘要/Introduction归纳。
PDF：港大/Kong, Lingpeng/论文/2026_DreamReasoner-8B_ Block-Size Curriculum Learning for Diffusion Reasoning Models.pdf；第1页标题、作者单位与摘要；Introduction在已保存前3页内。
https://arxiv.org/abs/2606.19257；访问2026-09-17；arXiv作者顺序和摘要。
原文摘要依据：“Block diffusion language models accelerate decoding through parallel block-wise denoising, yet whether they can be reliably scaled for long chain-of-thought (CoT) reasoning remains unresolved. To this”。"
Zhenguo Li,110,否,待核验,"论文信息汇总.csv 序110：摘要、研究内容、创新点；内容仅据摘要/Introduction归纳。
PDF：港大/Kong, Lingpeng/论文/2022_Revisiting Over-smoothing in BERT from the Perspective of Graph.pdf；第1页标题、作者单位与摘要；Introduction在已保存前3页内。
https://arxiv.org/abs/2202.08625；访问2026-09-17；arXiv作者顺序和摘要。
CV：https://ikekonglp.github.io/lingpenk_cv.pdf；第11页；版本2026-01-27。
PDF发表标记：“Published as a conference paper at ICLR 2022”。
原文摘要依据：“Recently over-smoothing phenomenon of Transformer-based models is observed in both vision and language fields. However, no existing work has delved deeper to further investigate the main cause of this”。"
Zhenguo Li,91,是,待核验,"论文信息汇总.csv 序91：摘要、研究内容、创新点；内容仅据摘要/Introduction归纳。
仅取得可靠元数据或摘要；未取得可读全文。
https://arxiv.org/abs/2205.12679；访问2026-09-17；arXiv作者顺序和摘要。
CV：https://ikekonglp.github.io/lingpenk_cv.pdf；第10页；版本2026-01-27。
原文摘要依据：“There is a rising interest in further exploring the zero-shot learning potential of large pre-trained language models (PLMs). A new paradigm called data-generation-based zero-shot learning has achieve”。"
Zhenguo Li,52,是,待核验,"论文信息汇总.csv 序52：摘要、研究内容、创新点；内容仅据摘要/Introduction归纳。
PDF：港大/Kong, Lingpeng/论文/2024_Diffusion of Thought_ Chain-of-Thought Reasoning in Diffusion Language Models.pdf；第1页标题、作者单位与摘要；Introduction在已保存前3页内。
https://arxiv.org/abs/2402.07754；访问2026-09-17；arXiv作者顺序和摘要。
CV：https://ikekonglp.github.io/lingpenk_cv.pdf；第7页；版本2026-01-27。
原文摘要依据：“Recently, diffusion models have garnered significant interest in the field of text processing due to their many potential advantages compared to conventional autoregressive models. In this work, we pr”。"
Zhenguo Li,58,否,待核验,"论文信息汇总.csv 序58：摘要、研究内容、创新点；内容仅据摘要/Introduction归纳。
仅取得可靠元数据或摘要；未取得可读全文。
https://arxiv.org/abs/2409.11365；访问2026-09-17；arXiv作者顺序和摘要。
CV：https://ikekonglp.github.io/lingpenk_cv.pdf；第7页；版本2026-01-27。
原文摘要依据：“The deployment of multimodal large language models (MLLMs) has demonstrated remarkable success in engaging in conversations involving visual inputs, thanks to the superior power of large language mode”。"
Zhenguo Li,39,是,是,"论文信息汇总.csv 序39：摘要、研究内容、创新点；内容仅据摘要/Introduction归纳。
PDF：港大/Kong, Lingpeng/论文/2025_Jailbreaking as a Reward Misspecification Problem.pdf；第1页标题、作者单位与摘要；Introduction在已保存前3页内。
https://arxiv.org/abs/2406.14393；访问2026-09-17；arXiv作者顺序和摘要。
CV：https://ikekonglp.github.io/lingpenk_cv.pdf；第6页；版本2026-01-27。
PDF发表标记：“Published as a conference paper at ICLR 2025”。
原文摘要依据：“The widespread adoption of large language models (LLMs) has raised concerns about their safety and reliability, particularly regarding their vulnerability to adversarial attacks. In this paper, we pro”。"
Zhenguo Li,43,是,待核验,"论文信息汇总.csv 序43：摘要、研究内容、创新点；内容仅据摘要/Introduction归纳。
PDF：港大/Kong, Lingpeng/论文/2025_Beyond Autoregression_ Discrete Diffusion for Complex Reasoning and Planning.pdf；第1页标题、作者单位与摘要；Introduction在已保存前3页内。
https://arxiv.org/abs/2410.14157；访问2026-09-17；arXiv作者顺序和摘要。
CV：https://ikekonglp.github.io/lingpenk_cv.pdf；第6页；版本2026-01-27。
PDF发表标记：“Published as a conference paper at ICLR 2025”。
原文摘要依据：“Autoregressive language models, despite their impressive capabilities, struggle with complex reasoning and long-term planning tasks. We introduce discrete diffusion models as a novel solution to these”。"
Zhenguo Li,44,是,待核验,"论文信息汇总.csv 序44：摘要、研究内容、创新点；内容仅据摘要/Introduction归纳。
仅取得可靠元数据或摘要；未取得可读全文。
https://arxiv.org/abs/2502.19805；访问2026-09-17；arXiv作者顺序和摘要。
CV：https://ikekonglp.github.io/lingpenk_cv.pdf；第6页；版本2026-01-27。
原文摘要依据：“In the post-AlphaGo era, there has been a renewed interest in search techniques such as Monte Carlo Tree Search (MCTS), particularly in their application to Large Language Models (LLMs). This renewed ”。"
Zhenguo Li,45,是,待核验,"论文信息汇总.csv 序45：摘要、研究内容、创新点；内容仅据摘要/Introduction归纳。
仅取得可靠元数据或摘要；未取得可读全文。
https://arxiv.org/abs/2312.11370；访问2026-09-17；arXiv作者顺序和摘要。
CV：https://ikekonglp.github.io/lingpenk_cv.pdf；第6页；版本2026-01-27。
原文摘要依据：“Large language models (LLMs) have shown remarkable proficiency in human-level reasoning and generation capabilities, which encourages extensive research on their application in mathematical problem so”。"
Zhenguo Li,48,是,是,"论文信息汇总.csv 序48：摘要、研究内容、创新点；内容仅据摘要/Introduction归纳。
PDF：港大/Kong, Lingpeng/论文/2025_Forewarned is Forearmed_ Harnessing LLMs for Data Synthesis via Failure-induced Exploration.pdf；第1页标题、作者单位与摘要；Introduction在已保存前3页内。
https://arxiv.org/abs/2410.16736；访问2026-09-17；arXiv作者顺序和摘要。
CV：https://ikekonglp.github.io/lingpenk_cv.pdf；第7页；版本2026-01-27。
原文摘要依据：“Large language models (LLMs) have significantly benefited from training on diverse, high-quality task-specific data, leading to impressive performance across a range of downstream applications. Curren”。"
Zhenguo Li,154,是,待核验,"论文信息汇总.csv 序154：摘要、研究内容、创新点；内容仅据摘要/Introduction归纳。
PDF：港大/Kong, Lingpeng/论文/2025_Dream 7B_ Diffusion Large Language Models.pdf；第1页标题、作者单位与摘要；Introduction在已保存前3页内。
https://arxiv.org/abs/2508.15487；访问2026-09-17；arXiv作者顺序和摘要。
原文摘要依据：“We introduce Dream 7B, the most powerful open diffusion large language model to date. Unlike autoregressive (AR) models that generate tokens sequentially, Dream 7B employs discrete diffusion modeling ”。"
Zhenguo Li,155,是,待核验,"论文信息汇总.csv 序155：摘要、研究内容、创新点；内容仅据摘要/Introduction归纳。
PDF：港大/Kong, Lingpeng/论文/2025_Dream-Coder 7B_ An Open Diffusion Language Model for Code.pdf；第1页标题、作者单位与摘要；Introduction在已保存前3页内。
https://arxiv.org/abs/2509.01142；访问2026-09-17；arXiv作者顺序和摘要。
原文摘要依据：“We present Dream-Coder 7B, an open-source discrete diffusion language model for code generation that exhibits emergent any-order generation capabilities. Unlike traditional autoregressive (AR) models ”。"
Zhenguo Li,22,是,是,"论文信息汇总.csv 序22：摘要、研究内容、创新点；内容仅据摘要/Introduction归纳。
PDF：港大/Kong, Lingpeng/论文/2026_DreamOn_ Diffusion Language Models For Code Infilling Beyond Fixed-size Canvas.pdf；第1页标题、作者单位与摘要；Introduction在已保存前3页内。
https://arxiv.org/abs/2602.01326；访问2026-09-17；arXiv作者顺序和摘要。
CV：https://ikekonglp.github.io/lingpenk_cv.pdf；第5页；版本2026-01-27。
PDF发表标记：“Published as a conference paper at ICLR 2026”。
原文摘要依据：“Diffusion Language Models (DLMs) present a compelling alternative to autoregressive models, offering flexible, any-order infilling without specialized prompting design. However, their practical utilit”。"
Wei Bi（论文 #22，身份待核验）,22,是,是,"论文信息汇总.csv 序22：摘要、研究内容、创新点；内容仅据摘要/Introduction归纳。
PDF：港大/Kong, Lingpeng/论文/2026_DreamOn_ Diffusion Language Models For Code Infilling Beyond Fixed-size Canvas.pdf；第1页标题、作者单位与摘要；Introduction在已保存前3页内。
https://arxiv.org/abs/2602.01326；访问2026-09-17；arXiv作者顺序和摘要。
CV：https://ikekonglp.github.io/lingpenk_cv.pdf；第5页；版本2026-01-27。
PDF发表标记：“Published as a conference paper at ICLR 2026”。
原文摘要依据：“Diffusion Language Models (DLMs) present a compelling alternative to autoregressive models, offering flexible, any-order infilling without specialized prompting design. However, their practical utilit”。"
Wei Bi（论文 #47，身份待核验）,47,是,待核验,"论文信息汇总.csv 序47：摘要、研究内容、创新点；内容仅据摘要/Introduction归纳。
PDF：港大/Kong, Lingpeng/论文/2025_Scaling Diffusion Language Models via Adaptation from Autoregressive Models.pdf；第1页标题、作者单位与摘要；Introduction在已保存前3页内。
https://arxiv.org/abs/2410.17891；访问2026-09-17；arXiv作者顺序和摘要。
CV：https://ikekonglp.github.io/lingpenk_cv.pdf；第6页；版本2026-01-27。
PDF发表标记：“Published as a conference paper at ICLR 2025”。
原文摘要依据：“Diffusion Language Models (DLMs) have emerged as a promising new paradigm for text generative modeling, potentially addressing limitations of autoregressive (AR) models. However, current DLMs have bee”。"
Wei Bi（论文 #52，身份待核验）,52,是,待核验,"论文信息汇总.csv 序52：摘要、研究内容、创新点；内容仅据摘要/Introduction归纳。
PDF：港大/Kong, Lingpeng/论文/2024_Diffusion of Thought_ Chain-of-Thought Reasoning in Diffusion Language Models.pdf；第1页标题、作者单位与摘要；Introduction在已保存前3页内。
https://arxiv.org/abs/2402.07754；访问2026-09-17；arXiv作者顺序和摘要。
CV：https://ikekonglp.github.io/lingpenk_cv.pdf；第7页；版本2026-01-27。
原文摘要依据：“Recently, diffusion models have garnered significant interest in the field of text processing due to their many potential advantages compared to conventional autoregressive models. In this work, we pr”。"
Wei Bi（论文 #63，身份待核验）,63,否,是,"论文信息汇总.csv 序63：摘要、研究内容、创新点；内容仅据摘要/Introduction归纳。
PDF：港大/Kong, Lingpeng/论文/2024_GSM-Plus_ A Comprehensive Benchmark for Evaluating the Robustness of LLMs as Mathematical Problem Solvers.pdf；第1页标题、作者单位与摘要；Introduction在已保存前3页内。
https://aclanthology.org/2024.acl-long.163/；访问2026-09-17；ACL作者顺序、发表信息与摘要。
CV：https://ikekonglp.github.io/lingpenk_cv.pdf；第8页；版本2026-01-27。
PDF发表标记：“Proceedings of the 62nd Annual Meeting of the Association for Computational Linguistics (Volume 1: Long Papers), pages 2961–2984”。
原文摘要依据：“Large language models (LLMs) have achieved impressive performance across various mathematical reasoning benchmarks. However, there are increasing debates regarding whether these models truly understan”。"
Wei Bi（论文 #66，身份待核验）,66,是,待核验,"论文信息汇总.csv 序66：摘要、研究内容、创新点；内容仅据摘要/Introduction归纳。
PDF：港大/Kong, Lingpeng/论文/2024_SEGO_ Sequential Subgoal Optimization for Mathematical Problem-Solving.pdf；第1页标题、作者单位与摘要；Introduction在已保存前3页内。
https://aclanthology.org/2024.acl-long.407/；访问2026-09-17；ACL作者顺序、发表信息与摘要。
CV：https://ikekonglp.github.io/lingpenk_cv.pdf；第8页；版本2026-01-27。
PDF发表标记：“Proceedings of the 62nd Annual Meeting of the Association for Computational Linguistics (Volume 1: Long Papers), pages 7544–7565”。
原文摘要依据：“Large Language Models (LLMs) have driven substantial progress in artificial intelligence in recent years, exhibiting impressive capabilities across a wide range of tasks, including mathematical proble”。"
Wei Bi（论文 #67，身份待核验）,67,是,待核验,"论文信息汇总.csv 序67：摘要、研究内容、创新点；内容仅据摘要/Introduction归纳。
PDF：港大/Kong, Lingpeng/论文/2024_BBA_ Bi-Modal Behavioral Alignment for Reasoning with Large Vision-Language Models.pdf；第1页标题、作者单位与摘要；Introduction在已保存前3页内。
https://aclanthology.org/2024.findings-acl.433/；访问2026-09-17；ACL作者顺序、发表信息与摘要。
CV：https://ikekonglp.github.io/lingpenk_cv.pdf；第8页；版本2026-01-27。
原文摘要依据：“Multimodal reasoning stands as a pivotal capability for large vision-language models (LVLMs). The integration with Domain-Specific Languages (DSL), offering precise visual representations, equips thes”。"
Wei Bi（论文 #82，身份待核验）,82,否,待核验,"论文信息汇总.csv 序82：摘要、研究内容、创新点；内容仅据摘要/Introduction归纳。
仅取得可靠元数据或摘要；未取得可读全文。
https://aclanthology.org/2023.findings-acl.765/；访问2026-09-17；ACL作者顺序、发表信息与摘要。
CV：https://ikekonglp.github.io/lingpenk_cv.pdf；第9页；版本2026-01-27。
原文摘要依据：“Explaining the black-box predictions of NLP models naturally and accurately is an important open problem in natural language generation. These free-text explanations are expected to contain sufficient”。"
Wei Bi（论文 #106，身份待核验）,106,是,否,"论文信息汇总.csv 序106：摘要、研究内容、创新点；内容仅据摘要/Introduction归纳。
PDF：港大/Kong, Lingpeng/论文/2022_Event Transition Planning for Open-ended Text Generation.pdf；第1页标题、作者单位与摘要；Introduction在已保存前3页内。
https://aclanthology.org/2022.findings-acl.269/；访问2026-09-17；ACL作者顺序、发表信息与摘要。
CV：https://ikekonglp.github.io/lingpenk_cv.pdf；第11页；版本2026-01-27。
原文摘要依据：“Open-ended text generation tasks, such as dialogue generation and story completion, require models to generate a coherent continuation given limited preceding context. The open-ended nature of these t”。"
Wei Bi（论文 #107，身份待核验）,107,否,否,"论文信息汇总.csv 序107：摘要、研究内容、创新点；内容仅据摘要/Introduction归纳。
PDF：港大/Kong, Lingpeng/论文/2022_Lexical Knowledge Internalization for Neural Dialog Generation.pdf；第1页标题、作者单位与摘要；Introduction在已保存前3页内。
https://aclanthology.org/2022.acl-long.547/；访问2026-09-17；ACL作者顺序、发表信息与摘要。
CV：https://ikekonglp.github.io/lingpenk_cv.pdf；第11页；版本2026-01-27。
PDF发表标记：“Proceedings of the 60th Annual Meeting of the Association for Computational Linguistics”。
原文摘要依据：“We propose knowledge internalization (KI), which aims to complement the lexical knowledge into neural dialog models. Instead of further conditioning the knowledge-grounded dialog (KGD) models on exter”。"
Wei Bi（论文 #112，身份待核验）,112,否,待核验,"论文信息汇总.csv 序112：摘要、研究内容、创新点；内容仅据摘要/Introduction归纳。
PDF：港大/Kong, Lingpeng/论文/2021_Good for Misconceived Reasons_ An Empirical Revisiting on the Need for Visual Context in Multimodal Machine Translation.pdf；第1页标题、作者单位与摘要；Introduction在已保存前3页内。
https://aclanthology.org/2021.acl-long.480/；访问2026-09-17；ACL作者顺序、发表信息与摘要。
CV：https://ikekonglp.github.io/lingpenk_cv.pdf；第11页；版本2026-01-27。
PDF发表标记：“Proceedings of the 59th Annual Meeting of the Association for Computational Linguistics”。
原文摘要依据：“A neural multimodal machine translation (MMT) system is one that aims to perform better translation by extending conventional text-only translation models with multimodal information. Many recent stud”。"
Wei Bi（论文 #140，身份待核验）,140,否,待核验,"论文信息汇总.csv 序140：摘要、研究内容、创新点；内容仅据摘要/Introduction归纳。
PDF：港大/Kong, Lingpeng/论文/2025_Exploring the Reliability of Large Language Models as Customized Evaluators for Diverse NLP Tasks.pdf；第1页标题、作者单位与摘要；Introduction在已保存前3页内。
https://aclanthology.org/2025.coling-main.688/；访问2026-09-17；ACL作者顺序、发表信息与摘要。
原文摘要依据：“Previous work adopts large language models (LLMs) as evaluators to evaluate natural language process (NLP) tasks. However, certain shortcomings, e.g., fairness, scope, and accuracy, persist for curren”。"
Wei Bi（论文 #162，身份待核验）,162,是,是,"论文信息汇总.csv 序162：摘要、研究内容、创新点；内容仅据摘要/Introduction归纳。
PDF：港大/Kong, Lingpeng/论文/2025_Dream-VL & Dream-VLA_ Open Vision-Language and Vision-Language-Action Models with Diffusion Language Model Backbone.pdf；第1页标题、作者单位与摘要；Introduction在已保存前3页内。
https://arxiv.org/abs/2512.22615；访问2026-09-17；arXiv作者顺序和摘要。
原文摘要依据：“While autoregressive Large Vision-Language Models (VLMs) have achieved remarkable success, their sequential generation often limits their efficacy in complex visual planning and dynamic robotic contro”。"
Wei Bi（论文 #174，身份待核验）,174,是,是,"论文信息汇总.csv 序174：摘要、研究内容、创新点；内容仅据摘要/Introduction归纳。
PDF：港大/Kong, Lingpeng/论文/2026_DreamReasoner-8B_ Block-Size Curriculum Learning for Diffusion Reasoning Models.pdf；第1页标题、作者单位与摘要；Introduction在已保存前3页内。
https://arxiv.org/abs/2606.19257；访问2026-09-17；arXiv作者顺序和摘要。
原文摘要依据：“Block diffusion language models accelerate decoding through parallel block-wise denoising, yet whether they can be reliably scaled for long chain-of-thought (CoT) reasoning remains unresolved. To this”。"
Shicheng Li（论文 #23，身份待核验）,23,否,待核验,"论文信息汇总.csv 序23：摘要、研究内容、创新点；内容仅据摘要/Introduction归纳。
仅取得可靠元数据或摘要；未取得可读全文。
https://arxiv.org/abs/2503.16929；访问2026-09-17；arXiv作者顺序和摘要。
CV：https://ikekonglp.github.io/lingpenk_cv.pdf；第5页；版本2026-01-27。
原文摘要依据：“Video Large Language Models (Video LLMs) have achieved significant success by adopting the paradigm of large-scale pre-training followed by supervised fine-tuning (SFT). However, existing approaches s”。"
Shicheng Li（论文 #32，身份待核验）,32,否,待核验,"论文信息汇总.csv 序32：摘要、研究内容、创新点；内容仅据摘要/Introduction归纳。
仅取得可靠元数据或摘要；未取得可读全文。
https://arxiv.org/abs/2504.17343；访问2026-09-17；arXiv作者顺序和摘要。
CV：https://ikekonglp.github.io/lingpenk_cv.pdf；第5页；版本2026-01-27。
原文摘要依据：“The rapid growth of online video platforms, particularly live streaming services, has created an urgent need for real-time video understanding systems. These systems must process continuous video stre”。"
Shicheng Li（论文 #137，身份待核验）,137,否,待核验,"论文信息汇总.csv 序137：摘要、研究内容、创新点；内容仅据摘要/Introduction归纳。
PDF：港大/Kong, Lingpeng/论文/2023_M$^3$IT_ A Large-Scale Dataset towards Multi-Modal Multilingual Instruction Tuning.pdf；第1页标题、作者单位与摘要；Introduction在已保存前3页内。
https://arxiv.org/abs/2306.04387；访问2026-09-17；arXiv作者顺序和摘要。
原文摘要依据：“Instruction tuning has significantly advanced large language models (LLMs) such as ChatGPT, enabling them to align with human instructions across diverse tasks. However, progress in open vision-langua”。"
Shicheng Li（论文 #179，身份待核验）,179,否,待核验,"论文信息汇总.csv 序179：摘要、研究内容、创新点；内容仅据摘要/Introduction归纳。
仅取得可靠元数据或摘要；未取得可读全文。
https://arxiv.org/abs/2608.28383；访问2026-09-17；arXiv作者顺序和摘要。
原文摘要依据：“Hybrid attention dominates frontier LLMs, yet Vision Transformers (ViTs) in multimodal LLMs lack a satisfactory hybrid design, with no consensus on why certain attention patterns work better. To fill ”。"
Lei Li（论文 #23，身份待核验）,23,否,待核验,"论文信息汇总.csv 序23：摘要、研究内容、创新点；内容仅据摘要/Introduction归纳。
仅取得可靠元数据或摘要；未取得可读全文。
https://arxiv.org/abs/2503.16929；访问2026-09-17；arXiv作者顺序和摘要。
CV：https://ikekonglp.github.io/lingpenk_cv.pdf；第5页；版本2026-01-27。
原文摘要依据：“Video Large Language Models (Video LLMs) have achieved significant success by adopting the paradigm of large-scale pre-training followed by supervised fine-tuning (SFT). However, existing approaches s”。"
Lei Li（论文 #26，身份待核验）,26,是,待核验,"论文信息汇总.csv 序26：摘要、研究内容、创新点；内容仅据摘要/Introduction归纳。
仅取得可靠元数据或摘要；未取得可读全文。
https://aclanthology.org/2025.emnlp-main.1751/；访问2026-09-17；ACL作者顺序、发表信息与摘要。
CV：https://ikekonglp.github.io/lingpenk_cv.pdf；第5页；版本2026-01-27。
原文摘要依据：“Reasoning models have demonstrated remarkable performance on complex tasks by generating long reasoning traces prior to producing final answers. However, previous research on long-context scaling in l”。"
Lei Li（论文 #27，身份待核验）,27,否,待核验,"论文信息汇总.csv 序27：摘要、研究内容、创新点；内容仅据摘要/Introduction归纳。
PDF：港大/Kong, Lingpeng/论文/2025_ProReason_ Multi-Modal Proactive Reasoning with Decoupled Eyesight and Wisdom.pdf；第1页标题、作者单位与摘要；Introduction在已保存前3页内。
https://aclanthology.org/2025.emnlp-main.1614/；访问2026-09-17；ACL作者顺序、发表信息与摘要。
CV：https://ikekonglp.github.io/lingpenk_cv.pdf；第5页；版本2026-01-27。
PDF发表标记：“Proceedings of the 2025 Conference on Empirical Methods in Natural Language Processing, pages 31662–31691”。
原文摘要依据：“Large vision-language models (LVLMs) have witnessed significant progress on visual understanding tasks. However, they often prioritize language knowledge over image information on visual reasoning tas”。"
Lei Li（论文 #32，身份待核验）,32,否,待核验,"论文信息汇总.csv 序32：摘要、研究内容、创新点；内容仅据摘要/Introduction归纳。
仅取得可靠元数据或摘要；未取得可读全文。
https://arxiv.org/abs/2504.17343；访问2026-09-17；arXiv作者顺序和摘要。
CV：https://ikekonglp.github.io/lingpenk_cv.pdf；第5页；版本2026-01-27。
原文摘要依据：“The rapid growth of online video platforms, particularly live streaming services, has created an urgent need for real-time video understanding systems. These systems must process continuous video stre”。"
Lei Li（香港大学）,74,否,待核验,"论文信息汇总.csv 序74：摘要、研究内容、创新点；内容仅据摘要/Introduction归纳。
仅取得可靠元数据或摘要；未取得可读全文。
https://aclanthology.org/2023.emnlp-main.726/；访问2026-09-17；ACL作者顺序、发表信息与摘要。
CV：https://ikekonglp.github.io/lingpenk_cv.pdf；第9页；版本2026-01-27。
原文摘要依据：“Language models (LMs) gradually become general-purpose interfaces in the interactive and embodied world, where the understanding of physical concepts is an essential prerequisite. However, it is uncle”。"
Lei Li（香港大学）,137,否,待核验,"论文信息汇总.csv 序137：摘要、研究内容、创新点；内容仅据摘要/Introduction归纳。
PDF：港大/Kong, Lingpeng/论文/2023_M$^3$IT_ A Large-Scale Dataset towards Multi-Modal Multilingual Instruction Tuning.pdf；第1页标题、作者单位与摘要；Introduction在已保存前3页内。
https://arxiv.org/abs/2306.04387；访问2026-09-17；arXiv作者顺序和摘要。
原文摘要依据：“Instruction tuning has significantly advanced large language models (LLMs) such as ChatGPT, enabling them to align with human instructions across diverse tasks. However, progress in open vision-langua”。"
Lei Li（香港大学）,55,否,待核验,"论文信息汇总.csv 序55：摘要、研究内容、创新点；内容仅据摘要/Introduction归纳。
PDF：港大/Kong, Lingpeng/论文/2024_VLFeedback_ A Large-Scale AI Feedback Dataset for Large Vision-Language Models Alignment.pdf；第1页标题、作者单位与摘要；Introduction在已保存前3页内。
https://aclanthology.org/2024.emnlp-main.358/；访问2026-09-17；ACL作者顺序、发表信息与摘要。
CV：https://ikekonglp.github.io/lingpenk_cv.pdf；第7页；版本2026-01-27。
原文摘要依据：“As large vision-language models (LVLMs) evolve rapidly, the demand for high-quality and diverse data to align these models becomes increasingly crucial. However, the creation of such data with human s”。"
Lei Li（香港大学）,60,否,待核验,"论文信息汇总.csv 序60：摘要、研究内容、创新点；内容仅据摘要/Introduction归纳。
仅取得可靠元数据或摘要；未取得可读全文。
https://aclanthology.org/2024.acl-long.775/；访问2026-09-17；ACL作者顺序、发表信息与摘要。
CV：https://ikekonglp.github.io/lingpenk_cv.pdf；第7页；版本2026-01-27。
原文摘要依据：“Large vision-language models (LVLMs) excel across diverse tasks involving concrete images from natural scenes. However, their ability to interpret abstract figures, such as geometry shapes and scienti”。"
Lei Li（香港大学）,68,否,待核验,"论文信息汇总.csv 序68：摘要、研究内容、创新点；内容仅据摘要/Introduction归纳。
PDF：港大/Kong, Lingpeng/论文/2024_Large Language Models are not Fair Evaluators.pdf；第1页标题、作者单位与摘要；Introduction在已保存前3页内。
https://aclanthology.org/2024.acl-long.511/；访问2026-09-17；ACL作者顺序、发表信息与摘要。
CV：https://ikekonglp.github.io/lingpenk_cv.pdf；第8页；版本2026-01-27。
PDF发表标记：“Proceedings of the 62nd Annual Meeting of the Association for Computational Linguistics (Volume 1: Long Papers), pages 9440–9450”。
原文摘要依据：“In this paper, we uncover a positional bias in the evaluation paradigm of adopting large language models (LLMs), e.g., GPT-4, as a referee to score and compare the quality of responses generated by ca”。"
Lei Li（香港大学）,149,否,是,"论文信息汇总.csv 序149：摘要、研究内容、创新点；内容仅据摘要/Introduction归纳。
PDF：港大/Kong, Lingpeng/论文/2024_Understanding the Role of LLMs in Multimodal Evaluation Benchmarks.pdf；第1页标题、作者单位与摘要；Introduction在已保存前3页内。
https://arxiv.org/abs/2410.12329；访问2026-09-17；arXiv作者顺序和摘要。
原文摘要依据：“The rapid advancement of Multimodal Large Language Models (MLLMs) has been accompanied by the development of various benchmarks to evaluate their capabilities. However, the true nature of these evalua”。"
Lei Li（香港大学）,38,否,待核验,"论文信息汇总.csv 序38：摘要、研究内容、创新点；内容仅据摘要/Introduction归纳。
PDF：港大/Kong, Lingpeng/论文/2025_VL-RewardBench_ A Challenging Benchmark for Vision-Language Generative Reward Models.pdf；第1页标题、作者单位与摘要；Introduction在已保存前3页内。
https://arxiv.org/abs/2411.17451；访问2026-09-17；arXiv作者顺序和摘要。
CV：https://ikekonglp.github.io/lingpenk_cv.pdf；第6页；版本2026-01-27。
原文摘要依据：“Vision-language generative reward models (VL-GenRMs) play a crucial role in aligning and evaluating multimodal AI systems, yet their own evaluation remains under-explored. Current assessment methods p”。"
Lei Li（香港大学）,40,否,待核验,"论文信息汇总.csv 序40：摘要、研究内容、创新点；内容仅据摘要/Introduction归纳。
仅取得可靠元数据或摘要；未取得可读全文。
https://arxiv.org/abs/2410.06166；访问2026-09-17；arXiv作者顺序和摘要。
CV：https://ikekonglp.github.io/lingpenk_cv.pdf；第6页；版本2026-01-27。
原文摘要依据：“Video Large Language Models (Video LLMs) have shown promising capabilities in video comprehension, yet they struggle with tracking temporal changes and reasoning about temporal relationships. While pr”。"
Lei Li（香港大学）,168,否,待核验,"论文信息汇总.csv 序168：摘要、研究内容、创新点；内容仅据摘要/Introduction归纳。
PDF：港大/Kong, Lingpeng/论文/2026_Claw-Eval_ Towards Trustworthy Evaluation of Autonomous Agents.pdf；第1页标题、作者单位与摘要；Introduction在已保存前3页内。
https://arxiv.org/abs/2604.06132；访问2026-09-17；arXiv作者顺序和摘要。
原文摘要依据：“Large language models are increasingly deployed as autonomous agents for multi-step workflows in real-world software environments. However, existing agent benchmarks are limited by trajectory-opaque g”。"
Lei Li（论文 #39，身份待核验）,39,是,是,"论文信息汇总.csv 序39：摘要、研究内容、创新点；内容仅据摘要/Introduction归纳。
PDF：港大/Kong, Lingpeng/论文/2025_Jailbreaking as a Reward Misspecification Problem.pdf；第1页标题、作者单位与摘要；Introduction在已保存前3页内。
https://arxiv.org/abs/2406.14393；访问2026-09-17；arXiv作者顺序和摘要。
CV：https://ikekonglp.github.io/lingpenk_cv.pdf；第6页；版本2026-01-27。
PDF发表标记：“Published as a conference paper at ICLR 2025”。
原文摘要依据：“The widespread adoption of large language models (LLMs) has raised concerns about their safety and reliability, particularly regarding their vulnerability to adversarial attacks. In this paper, we pro”。"
Lei Li（论文 #46，身份待核验）,46,是,待核验,"论文信息汇总.csv 序46：摘要、研究内容、创新点；内容仅据摘要/Introduction归纳。
PDF：港大/Kong, Lingpeng/论文/2025_Why Does the Effective Context Length of LLMs Fall Short_.pdf；第1页标题、作者单位与摘要；Introduction在已保存前3页内。
https://arxiv.org/abs/2410.18745；访问2026-09-17；arXiv作者顺序和摘要。
CV：https://ikekonglp.github.io/lingpenk_cv.pdf；第6页；版本2026-01-27。
原文摘要依据：“Advancements in distributed training and efficient attention mechanisms have significantly expanded the context window sizes of large language models (LLMs). However, recent work reveals that the effe”。"
Lei Li（论文 #49，身份待核验）,49,是,待核验,"论文信息汇总.csv 序49：摘要、研究内容、创新点；内容仅据摘要/Introduction归纳。
PDF：港大/Kong, Lingpeng/论文/2025_ImgTrojan_ Jailbreaking Vision-Language Models with ONE Image.pdf；第1页标题、作者单位与摘要；Introduction在已保存前3页内。
https://aclanthology.org/2025.naacl-long.360/；访问2026-09-17；ACL作者顺序、发表信息与摘要。
CV：https://ikekonglp.github.io/lingpenk_cv.pdf；第7页；版本2026-01-27。
原文摘要依据：“There has been an increasing interest in the alignment of large language models (LLMs) with human values. However, the safety issues of their integration with a vision module, or vision language model”。"
Lei Li（论文 #72，身份待核验）,72,否,待核验,"论文信息汇总.csv 序72：摘要、研究内容、创新点；内容仅据摘要/Introduction归纳。
仅取得可靠元数据或摘要；未取得可读全文。
https://aclanthology.org/2024.findings-naacl.176/；访问2026-09-17；ACL作者顺序、发表信息与摘要。
CV：https://ikekonglp.github.io/lingpenk_cv.pdf；第8页；版本2026-01-27。
原文摘要依据：“Large language models (LLMs) have demonstrated remarkable potential in handling multilingual machine translation (MMT). In this paper, we systematically investigate the advantages and challenges of LL”。"
Lei Li（论文 #79，身份待核验）,79,否,待核验,"论文信息汇总.csv 序79：摘要、研究内容、创新点；内容仅据摘要/Introduction归纳。
PDF：港大/Kong, Lingpeng/论文/2023_Statistical Knowledge Assessment for Generative Language Models.pdf；第1页标题、作者单位与摘要；Introduction在已保存前3页内。
https://arxiv.org/abs/2305.10519；访问2026-09-17；arXiv作者顺序和摘要。
CV：https://ikekonglp.github.io/lingpenk_cv.pdf；第9页；版本2026-01-27。
原文摘要依据：“Given varying prompts regarding a factoid question, can a large language model (LLM) reliably generate factually correct answers? Existing LLMs may generate distinct responses for different prompts. I”。"
Lei Li（论文 #83，身份待核验）,83,否,待核验,"论文信息汇总.csv 序83：摘要、研究内容、创新点；内容仅据摘要/Introduction归纳。
PDF：港大/Kong, Lingpeng/论文/2023_Lego-MT_ Learning Detachable Models for Massively Multilingual Machine Translation.pdf；第1页标题、作者单位与摘要；Introduction在已保存前3页内。
https://aclanthology.org/2023.findings-acl.731/；访问2026-09-17；ACL作者顺序、发表信息与摘要。
CV：https://ikekonglp.github.io/lingpenk_cv.pdf；第9页；版本2026-01-27。
原文摘要依据：“Multilingual neural machine translation (MNMT) aims to build a unified model for many language directions. Existing monolithic models for MNMT encounter two challenges: parameter interference among la”。"
Lei Li（论文 #139，身份待核验）,139,否,待核验,"论文信息汇总.csv 序139：摘要、研究内容、创新点；内容仅据摘要/Introduction归纳。
仅取得可靠元数据或摘要；未取得可读全文。
https://arxiv.org/abs/2308.04948；访问2026-09-17；arXiv作者顺序和摘要。
原文摘要依据：“Existing large language models show disparate capability across different languages, due to the imbalance in the training data. Their performances on English tasks are often stronger than on tasks of ”。"
Lei Li（论文 #148，身份待核验）,148,是,待核验,"论文信息汇总.csv 序148：摘要、研究内容、创新点；内容仅据摘要/Introduction归纳。
仅取得可靠元数据或摘要；未取得可读全文。
https://arxiv.org/abs/2410.10479；访问2026-09-17；arXiv作者顺序和摘要。
原文摘要依据：“The rapid advancement of large language models has accelerated their application in reasoning, with strategic reasoning drawing increasing attention. To evaluate the strategic reasoning capabilities o”。"
Lei Li（论文 #167，身份待核验）,167,否,待核验,"论文信息汇总.csv 序167：摘要、研究内容、创新点；内容仅据摘要/Introduction归纳。
仅取得可靠元数据或摘要；未取得可读全文。
https://arxiv.org/abs/2602.08711；访问2026-09-17；arXiv作者顺序和摘要。
原文摘要依据：“This paper proposes Omni Dense Captioning, a novel task designed to generate continuous, fine-grained, and structured audio-visual narratives with explicit timestamps. To ensure dense semantic coverag”。"
Lei Li（论文 #178，身份待核验）,178,否,待核验,"论文信息汇总.csv 序178：摘要、研究内容、创新点；内容仅据摘要/Introduction归纳。
仅取得可靠元数据或摘要；未取得可读全文。
https://arxiv.org/abs/2608.28378；访问2026-09-17；arXiv作者顺序和摘要。
原文摘要依据：“Large language models are increasingly used as agentic workflow executors, yet existing training data and benchmarks largely assume informationally complete, single-turn queries. Our analysis of 16K r”。"
Lei Li（论文 #179，身份待核验）,179,否,待核验,"论文信息汇总.csv 序179：摘要、研究内容、创新点；内容仅据摘要/Introduction归纳。
仅取得可靠元数据或摘要；未取得可读全文。
https://arxiv.org/abs/2608.28383；访问2026-09-17；arXiv作者顺序和摘要。
原文摘要依据：“Hybrid attention dominates frontier LLMs, yet Vision Transformers (ViTs) in multimodal LLMs lack a satisfactory hybrid design, with no consensus on why certain attention patterns work better. To fill ”。"
Kun Ouyang（论文 #23，身份待核验）,23,否,待核验,"论文信息汇总.csv 序23：摘要、研究内容、创新点；内容仅据摘要/Introduction归纳。
仅取得可靠元数据或摘要；未取得可读全文。
https://arxiv.org/abs/2503.16929；访问2026-09-17；arXiv作者顺序和摘要。
CV：https://ikekonglp.github.io/lingpenk_cv.pdf；第5页；版本2026-01-27。
原文摘要依据：“Video Large Language Models (Video LLMs) have achieved significant success by adopting the paradigm of large-scale pre-training followed by supervised fine-tuning (SFT). However, existing approaches s”。"
Kun Ouyang（论文 #32，身份待核验）,32,否,待核验,"论文信息汇总.csv 序32：摘要、研究内容、创新点；内容仅据摘要/Introduction归纳。
仅取得可靠元数据或摘要；未取得可读全文。
https://arxiv.org/abs/2504.17343；访问2026-09-17；arXiv作者顺序和摘要。
CV：https://ikekonglp.github.io/lingpenk_cv.pdf；第5页；版本2026-01-27。
原文摘要依据：“The rapid growth of online video platforms, particularly live streaming services, has created an urgent need for real-time video understanding systems. These systems must process continuous video stre”。"
Kun Ouyang（论文 #167，身份待核验）,167,否,待核验,"论文信息汇总.csv 序167：摘要、研究内容、创新点；内容仅据摘要/Introduction归纳。
仅取得可靠元数据或摘要；未取得可读全文。
https://arxiv.org/abs/2602.08711；访问2026-09-17；arXiv作者顺序和摘要。
原文摘要依据：“This paper proposes Omni Dense Captioning, a novel task designed to generate continuous, fine-grained, and structured audio-visual narratives with explicit timestamps. To ensure dense semantic coverag”。"
Shuhuai Ren（论文 #23，身份待核验）,23,否,待核验,"论文信息汇总.csv 序23：摘要、研究内容、创新点；内容仅据摘要/Introduction归纳。
仅取得可靠元数据或摘要；未取得可读全文。
https://arxiv.org/abs/2503.16929；访问2026-09-17；arXiv作者顺序和摘要。
CV：https://ikekonglp.github.io/lingpenk_cv.pdf；第5页；版本2026-01-27。
原文摘要依据：“Video Large Language Models (Video LLMs) have achieved significant success by adopting the paradigm of large-scale pre-training followed by supervised fine-tuning (SFT). However, existing approaches s”。"
Shuhuai Ren（论文 #32，身份待核验）,32,否,待核验,"论文信息汇总.csv 序32：摘要、研究内容、创新点；内容仅据摘要/Introduction归纳。
仅取得可靠元数据或摘要；未取得可读全文。
https://arxiv.org/abs/2504.17343；访问2026-09-17；arXiv作者顺序和摘要。
CV：https://ikekonglp.github.io/lingpenk_cv.pdf；第5页；版本2026-01-27。
原文摘要依据：“The rapid growth of online video platforms, particularly live streaming services, has created an urgent need for real-time video understanding systems. These systems must process continuous video stre”。"
Shuhuai Ren（论文 #137，身份待核验）,137,否,待核验,"论文信息汇总.csv 序137：摘要、研究内容、创新点；内容仅据摘要/Introduction归纳。
PDF：港大/Kong, Lingpeng/论文/2023_M$^3$IT_ A Large-Scale Dataset towards Multi-Modal Multilingual Instruction Tuning.pdf；第1页标题、作者单位与摘要；Introduction在已保存前3页内。
https://arxiv.org/abs/2306.04387；访问2026-09-17；arXiv作者顺序和摘要。
原文摘要依据：“Instruction tuning has significantly advanced large language models (LLMs) such as ChatGPT, enabling them to align with human instructions across diverse tasks. However, progress in open vision-langua”。"
Shuhuai Ren（论文 #179，身份待核验）,179,否,待核验,"论文信息汇总.csv 序179：摘要、研究内容、创新点；内容仅据摘要/Introduction归纳。
仅取得可靠元数据或摘要；未取得可读全文。
https://arxiv.org/abs/2608.28383；访问2026-09-17；arXiv作者顺序和摘要。
原文摘要依据：“Hybrid attention dominates frontier LLMs, yet Vision Transformers (ViTs) in multimodal LLMs lack a satisfactory hybrid design, with no consensus on why certain attention patterns work better. To fill ”。"
Yuanxin Liu（论文 #23，身份待核验）,23,否,待核验,"论文信息汇总.csv 序23：摘要、研究内容、创新点；内容仅据摘要/Introduction归纳。
仅取得可靠元数据或摘要；未取得可读全文。
https://arxiv.org/abs/2503.16929；访问2026-09-17；arXiv作者顺序和摘要。
CV：https://ikekonglp.github.io/lingpenk_cv.pdf；第5页；版本2026-01-27。
原文摘要依据：“Video Large Language Models (Video LLMs) have achieved significant success by adopting the paradigm of large-scale pre-training followed by supervised fine-tuning (SFT). However, existing approaches s”。"
Yuanxin Liu（论文 #32，身份待核验）,32,否,待核验,"论文信息汇总.csv 序32：摘要、研究内容、创新点；内容仅据摘要/Introduction归纳。
仅取得可靠元数据或摘要；未取得可读全文。
https://arxiv.org/abs/2504.17343；访问2026-09-17；arXiv作者顺序和摘要。
CV：https://ikekonglp.github.io/lingpenk_cv.pdf；第5页；版本2026-01-27。
原文摘要依据：“The rapid growth of online video platforms, particularly live streaming services, has created an urgent need for real-time video understanding systems. These systems must process continuous video stre”。"
Yuanxin Liu（论文 #40，身份待核验）,40,否,待核验,"论文信息汇总.csv 序40：摘要、研究内容、创新点；内容仅据摘要/Introduction归纳。
仅取得可靠元数据或摘要；未取得可读全文。
https://arxiv.org/abs/2410.06166；访问2026-09-17；arXiv作者顺序和摘要。
CV：https://ikekonglp.github.io/lingpenk_cv.pdf；第6页；版本2026-01-27。
原文摘要依据：“Video Large Language Models (Video LLMs) have shown promising capabilities in video comprehension, yet they struggle with tracking temporal changes and reasoning about temporal relationships. While pr”。"
Yuanxin Liu（论文 #167，身份待核验）,167,否,待核验,"论文信息汇总.csv 序167：摘要、研究内容、创新点；内容仅据摘要/Introduction归纳。
仅取得可靠元数据或摘要；未取得可读全文。
https://arxiv.org/abs/2602.08711；访问2026-09-17；arXiv作者顺序和摘要。
原文摘要依据：“This paper proposes Omni Dense Captioning, a novel task designed to generate continuous, fine-grained, and structured audio-visual narratives with explicit timestamps. To ensure dense semantic coverag”。"
Yuanxin Liu（论文 #168，身份待核验）,168,否,待核验,"论文信息汇总.csv 序168：摘要、研究内容、创新点；内容仅据摘要/Introduction归纳。
PDF：港大/Kong, Lingpeng/论文/2026_Claw-Eval_ Towards Trustworthy Evaluation of Autonomous Agents.pdf；第1页标题、作者单位与摘要；Introduction在已保存前3页内。
https://arxiv.org/abs/2604.06132；访问2026-09-17；arXiv作者顺序和摘要。
原文摘要依据：“Large language models are increasingly deployed as autonomous agents for multi-step workflows in real-world software environments. However, existing agent benchmarks are limited by trajectory-opaque g”。"
Yuanxing Zhang（论文 #23，身份待核验）,23,否,待核验,"论文信息汇总.csv 序23：摘要、研究内容、创新点；内容仅据摘要/Introduction归纳。
仅取得可靠元数据或摘要；未取得可读全文。
https://arxiv.org/abs/2503.16929；访问2026-09-17；arXiv作者顺序和摘要。
CV：https://ikekonglp.github.io/lingpenk_cv.pdf；第5页；版本2026-01-27。
原文摘要依据：“Video Large Language Models (Video LLMs) have achieved significant success by adopting the paradigm of large-scale pre-training followed by supervised fine-tuning (SFT). However, existing approaches s”。"
Yuanxing Zhang（论文 #32，身份待核验）,32,否,待核验,"论文信息汇总.csv 序32：摘要、研究内容、创新点；内容仅据摘要/Introduction归纳。
仅取得可靠元数据或摘要；未取得可读全文。
https://arxiv.org/abs/2504.17343；访问2026-09-17；arXiv作者顺序和摘要。
CV：https://ikekonglp.github.io/lingpenk_cv.pdf；第5页；版本2026-01-27。
原文摘要依据：“The rapid growth of online video platforms, particularly live streaming services, has created an urgent need for real-time video understanding systems. These systems must process continuous video stre”。"
Yuanxing Zhang（论文 #167，身份待核验）,167,否,待核验,"论文信息汇总.csv 序167：摘要、研究内容、创新点；内容仅据摘要/Introduction归纳。
仅取得可靠元数据或摘要；未取得可读全文。
https://arxiv.org/abs/2602.08711；访问2026-09-17；arXiv作者顺序和摘要。
原文摘要依据：“This paper proposes Omni Dense Captioning, a novel task designed to generate continuous, fine-grained, and structured audio-visual narratives with explicit timestamps. To ensure dense semantic coverag”。"
Qi Liu,74,否,待核验,"论文信息汇总.csv 序74：摘要、研究内容、创新点；内容仅据摘要/Introduction归纳。
仅取得可靠元数据或摘要；未取得可读全文。
https://aclanthology.org/2023.emnlp-main.726/；访问2026-09-17；ACL作者顺序、发表信息与摘要。
CV：https://ikekonglp.github.io/lingpenk_cv.pdf；第9页；版本2026-01-27。
原文摘要依据：“Language models (LMs) gradually become general-purpose interfaces in the interactive and embodied world, where the understanding of physical concepts is an essential prerequisite. However, it is uncle”。"
Qi Liu,78,否,待核验,"论文信息汇总.csv 序78：摘要、研究内容、创新点；内容仅据摘要/Introduction归纳。
仅取得可靠元数据或摘要；未取得可读全文。
https://arxiv.org/abs/2306.13089；访问2026-09-17；arXiv作者顺序和摘要。
CV：https://ikekonglp.github.io/lingpenk_cv.pdf；第9页；版本2026-01-27。
原文摘要依据：“Molecule property prediction has gained significant attention in recent years. The main bottleneck is the label insufficiency caused by expensive lab experiments. In order to alleviate this issue and ”。"
Qi Liu,135,否,待核验,"论文信息汇总.csv 序135：摘要、研究内容、创新点；内容仅据摘要/Introduction归纳。
仅取得可靠元数据或摘要；未取得可读全文。
https://arxiv.org/abs/2304.08821；访问2026-09-17；arXiv作者顺序和摘要。
原文摘要依据：“Data augmentation has been established as an efficacious approach to supplement useful information for low-resource datasets. Traditional augmentation techniques such as noise injection and image tran”。"
Qi Liu,137,否,待核验,"论文信息汇总.csv 序137：摘要、研究内容、创新点；内容仅据摘要/Introduction归纳。
PDF：港大/Kong, Lingpeng/论文/2023_M$^3$IT_ A Large-Scale Dataset towards Multi-Modal Multilingual Instruction Tuning.pdf；第1页标题、作者单位与摘要；Introduction在已保存前3页内。
https://arxiv.org/abs/2306.04387；访问2026-09-17；arXiv作者顺序和摘要。
原文摘要依据：“Instruction tuning has significantly advanced large language models (LLMs) such as ChatGPT, enabling them to align with human instructions across diverse tasks. However, progress in open vision-langua”。"
Qi Liu,54,是,待核验,"论文信息汇总.csv 序54：摘要、研究内容、创新点；内容仅据摘要/Introduction归纳。
PDF：港大/Kong, Lingpeng/论文/2024_Retrieved Sequence Augmentation for Protein Representation Learning.pdf；第1页标题、作者单位与摘要；Introduction在已保存前3页内。
https://aclanthology.org/2024.emnlp-main.104/；访问2026-09-17；ACL作者顺序、发表信息与摘要。
CV：https://ikekonglp.github.io/lingpenk_cv.pdf；第7页；版本2026-01-27。
原文摘要依据：“Protein Language Models traditionally depend on Multiple Sequence Alignments (MSA) to incorporate evolutionary knowledge. However, MSA-based approaches suffer from substantial computational overhead a”。"
Qi Liu,55,否,待核验,"论文信息汇总.csv 序55：摘要、研究内容、创新点；内容仅据摘要/Introduction归纳。
PDF：港大/Kong, Lingpeng/论文/2024_VLFeedback_ A Large-Scale AI Feedback Dataset for Large Vision-Language Models Alignment.pdf；第1页标题、作者单位与摘要；Introduction在已保存前3页内。
https://aclanthology.org/2024.emnlp-main.358/；访问2026-09-17；ACL作者顺序、发表信息与摘要。
CV：https://ikekonglp.github.io/lingpenk_cv.pdf；第7页；版本2026-01-27。
原文摘要依据：“As large vision-language models (LVLMs) evolve rapidly, the demand for high-quality and diverse data to align these models becomes increasingly crucial. However, the creation of such data with human s”。"
Qi Liu,60,否,待核验,"论文信息汇总.csv 序60：摘要、研究内容、创新点；内容仅据摘要/Introduction归纳。
仅取得可靠元数据或摘要；未取得可读全文。
https://aclanthology.org/2024.acl-long.775/；访问2026-09-17；ACL作者顺序、发表信息与摘要。
CV：https://ikekonglp.github.io/lingpenk_cv.pdf；第7页；版本2026-01-27。
原文摘要依据：“Large vision-language models (LVLMs) excel across diverse tasks involving concrete images from natural scenes. However, their ability to interpret abstract figures, such as geometry shapes and scienti”。"
Qi Liu,68,否,待核验,"论文信息汇总.csv 序68：摘要、研究内容、创新点；内容仅据摘要/Introduction归纳。
PDF：港大/Kong, Lingpeng/论文/2024_Large Language Models are not Fair Evaluators.pdf；第1页标题、作者单位与摘要；Introduction在已保存前3页内。
https://aclanthology.org/2024.acl-long.511/；访问2026-09-17；ACL作者顺序、发表信息与摘要。
CV：https://ikekonglp.github.io/lingpenk_cv.pdf；第8页；版本2026-01-27。
PDF发表标记：“Proceedings of the 62nd Annual Meeting of the Association for Computational Linguistics (Volume 1: Long Papers), pages 9440–9450”。
原文摘要依据：“In this paper, we uncover a positional bias in the evaluation paradigm of adopting large language models (LLMs), e.g., GPT-4, as a referee to score and compare the quality of responses generated by ca”。"
Qi Liu,149,否,是,"论文信息汇总.csv 序149：摘要、研究内容、创新点；内容仅据摘要/Introduction归纳。
PDF：港大/Kong, Lingpeng/论文/2024_Understanding the Role of LLMs in Multimodal Evaluation Benchmarks.pdf；第1页标题、作者单位与摘要；Introduction在已保存前3页内。
https://arxiv.org/abs/2410.12329；访问2026-09-17；arXiv作者顺序和摘要。
原文摘要依据：“The rapid advancement of Multimodal Large Language Models (MLLMs) has been accompanied by the development of various benchmarks to evaluate their capabilities. However, the true nature of these evalua”。"
Qi Liu,32,否,待核验,"论文信息汇总.csv 序32：摘要、研究内容、创新点；内容仅据摘要/Introduction归纳。
仅取得可靠元数据或摘要；未取得可读全文。
https://arxiv.org/abs/2504.17343；访问2026-09-17；arXiv作者顺序和摘要。
CV：https://ikekonglp.github.io/lingpenk_cv.pdf；第5页；版本2026-01-27。
原文摘要依据：“The rapid growth of online video platforms, particularly live streaming services, has created an urgent need for real-time video understanding systems. These systems must process continuous video stre”。"
Qi Liu,38,否,待核验,"论文信息汇总.csv 序38：摘要、研究内容、创新点；内容仅据摘要/Introduction归纳。
PDF：港大/Kong, Lingpeng/论文/2025_VL-RewardBench_ A Challenging Benchmark for Vision-Language Generative Reward Models.pdf；第1页标题、作者单位与摘要；Introduction在已保存前3页内。
https://arxiv.org/abs/2411.17451；访问2026-09-17；arXiv作者顺序和摘要。
CV：https://ikekonglp.github.io/lingpenk_cv.pdf；第6页；版本2026-01-27。
原文摘要依据：“Vision-language generative reward models (VL-GenRMs) play a crucial role in aligning and evaluating multimodal AI systems, yet their own evaluation remains under-explored. Current assessment methods p”。"
Qi Liu,39,是,是,"论文信息汇总.csv 序39：摘要、研究内容、创新点；内容仅据摘要/Introduction归纳。
PDF：港大/Kong, Lingpeng/论文/2025_Jailbreaking as a Reward Misspecification Problem.pdf；第1页标题、作者单位与摘要；Introduction在已保存前3页内。
https://arxiv.org/abs/2406.14393；访问2026-09-17；arXiv作者顺序和摘要。
CV：https://ikekonglp.github.io/lingpenk_cv.pdf；第6页；版本2026-01-27。
PDF发表标记：“Published as a conference paper at ICLR 2025”。
原文摘要依据：“The widespread adoption of large language models (LLMs) has raised concerns about their safety and reliability, particularly regarding their vulnerability to adversarial attacks. In this paper, we pro”。"
Qi Liu,40,否,待核验,"论文信息汇总.csv 序40：摘要、研究内容、创新点；内容仅据摘要/Introduction归纳。
仅取得可靠元数据或摘要；未取得可读全文。
https://arxiv.org/abs/2410.06166；访问2026-09-17；arXiv作者顺序和摘要。
CV：https://ikekonglp.github.io/lingpenk_cv.pdf；第6页；版本2026-01-27。
原文摘要依据：“Video Large Language Models (Video LLMs) have shown promising capabilities in video comprehension, yet they struggle with tracking temporal changes and reasoning about temporal relationships. While pr”。"
Qi Liu,49,是,待核验,"论文信息汇总.csv 序49：摘要、研究内容、创新点；内容仅据摘要/Introduction归纳。
PDF：港大/Kong, Lingpeng/论文/2025_ImgTrojan_ Jailbreaking Vision-Language Models with ONE Image.pdf；第1页标题、作者单位与摘要；Introduction在已保存前3页内。
https://aclanthology.org/2025.naacl-long.360/；访问2026-09-17；ACL作者顺序、发表信息与摘要。
CV：https://ikekonglp.github.io/lingpenk_cv.pdf；第7页；版本2026-01-27。
原文摘要依据：“There has been an increasing interest in the alignment of large language models (LLMs) with human values. However, the safety issues of their integration with a vision module, or vision language model”。"
Qi Liu,23,否,待核验,"论文信息汇总.csv 序23：摘要、研究内容、创新点；内容仅据摘要/Introduction归纳。
仅取得可靠元数据或摘要；未取得可读全文。
https://arxiv.org/abs/2503.16929；访问2026-09-17；arXiv作者顺序和摘要。
CV：https://ikekonglp.github.io/lingpenk_cv.pdf；第5页；版本2026-01-27。
原文摘要依据：“Video Large Language Models (Video LLMs) have achieved significant success by adopting the paradigm of large-scale pre-training followed by supervised fine-tuning (SFT). However, existing approaches s”。"
Qi Liu,158,是,待核验,"论文信息汇总.csv 序158：摘要、研究内容、创新点；内容仅据摘要/Introduction归纳。
仅取得可靠元数据或摘要；未取得可读全文。
https://aclanthology.org/2026.acl-long.431/；访问2026-09-17；ACL作者顺序、发表信息与摘要。
原文摘要依据：“Computer-using agents powered by Vision-Language Models (VLMs) have demonstrated human-like capabilities in operating digital environments like mobile platforms. While these agents hold great promise ”。"
Qi Liu,167,否,待核验,"论文信息汇总.csv 序167：摘要、研究内容、创新点；内容仅据摘要/Introduction归纳。
仅取得可靠元数据或摘要；未取得可读全文。
https://arxiv.org/abs/2602.08711；访问2026-09-17；arXiv作者顺序和摘要。
原文摘要依据：“This paper proposes Omni Dense Captioning, a novel task designed to generate continuous, fine-grained, and structured audio-visual narratives with explicit timestamps. To ensure dense semantic coverag”。"
Qi Liu,168,否,待核验,"论文信息汇总.csv 序168：摘要、研究内容、创新点；内容仅据摘要/Introduction归纳。
PDF：港大/Kong, Lingpeng/论文/2026_Claw-Eval_ Towards Trustworthy Evaluation of Autonomous Agents.pdf；第1页标题、作者单位与摘要；Introduction在已保存前3页内。
https://arxiv.org/abs/2604.06132；访问2026-09-17；arXiv作者顺序和摘要。
原文摘要依据：“Large language models are increasingly deployed as autonomous agents for multi-step workflows in real-world software environments. However, existing agent benchmarks are limited by trajectory-opaque g”。"
Qi Liu,178,否,待核验,"论文信息汇总.csv 序178：摘要、研究内容、创新点；内容仅据摘要/Introduction归纳。
仅取得可靠元数据或摘要；未取得可读全文。
https://arxiv.org/abs/2608.28378；访问2026-09-17；arXiv作者顺序和摘要。
原文摘要依据：“Large language models are increasingly used as agentic workflow executors, yet existing training data and benchmarks largely assume informationally complete, single-turn queries. Our analysis of 16K r”。"
Qi Liu,179,否,待核验,"论文信息汇总.csv 序179：摘要、研究内容、创新点；内容仅据摘要/Introduction归纳。
仅取得可靠元数据或摘要；未取得可读全文。
https://arxiv.org/abs/2608.28383；访问2026-09-17；arXiv作者顺序和摘要。
原文摘要依据：“Hybrid attention dominates frontier LLMs, yet Vision Transformers (ViTs) in multimodal LLMs lack a satisfactory hybrid design, with no consensus on why certain attention patterns work better. To fill ”。"
Xu Sun（论文 #23，身份待核验）,23,否,待核验,"论文信息汇总.csv 序23：摘要、研究内容、创新点；内容仅据摘要/Introduction归纳。
仅取得可靠元数据或摘要；未取得可读全文。
https://arxiv.org/abs/2503.16929；访问2026-09-17；arXiv作者顺序和摘要。
CV：https://ikekonglp.github.io/lingpenk_cv.pdf；第5页；版本2026-01-27。
原文摘要依据：“Video Large Language Models (Video LLMs) have achieved significant success by adopting the paradigm of large-scale pre-training followed by supervised fine-tuning (SFT). However, existing approaches s”。"
Xu Sun（论文 #32，身份待核验）,32,否,待核验,"论文信息汇总.csv 序32：摘要、研究内容、创新点；内容仅据摘要/Introduction归纳。
仅取得可靠元数据或摘要；未取得可读全文。
https://arxiv.org/abs/2504.17343；访问2026-09-17；arXiv作者顺序和摘要。
CV：https://ikekonglp.github.io/lingpenk_cv.pdf；第5页；版本2026-01-27。
原文摘要依据：“The rapid growth of online video platforms, particularly live streaming services, has created an urgent need for real-time video understanding systems. These systems must process continuous video stre”。"
Xu Sun（论文 #40，身份待核验）,40,否,待核验,"论文信息汇总.csv 序40：摘要、研究内容、创新点；内容仅据摘要/Introduction归纳。
仅取得可靠元数据或摘要；未取得可读全文。
https://arxiv.org/abs/2410.06166；访问2026-09-17；arXiv作者顺序和摘要。
CV：https://ikekonglp.github.io/lingpenk_cv.pdf；第6页；版本2026-01-27。
原文摘要依据：“Video Large Language Models (Video LLMs) have shown promising capabilities in video comprehension, yet they struggle with tracking temporal changes and reasoning about temporal relationships. While pr”。"
Xu Sun（论文 #74，身份待核验）,74,否,待核验,"论文信息汇总.csv 序74：摘要、研究内容、创新点；内容仅据摘要/Introduction归纳。
仅取得可靠元数据或摘要；未取得可读全文。
https://aclanthology.org/2023.emnlp-main.726/；访问2026-09-17；ACL作者顺序、发表信息与摘要。
CV：https://ikekonglp.github.io/lingpenk_cv.pdf；第9页；版本2026-01-27。
原文摘要依据：“Language models (LMs) gradually become general-purpose interfaces in the interactive and embodied world, where the understanding of physical concepts is an essential prerequisite. However, it is uncle”。"
Xu Sun（论文 #137，身份待核验）,137,否,待核验,"论文信息汇总.csv 序137：摘要、研究内容、创新点；内容仅据摘要/Introduction归纳。
PDF：港大/Kong, Lingpeng/论文/2023_M$^3$IT_ A Large-Scale Dataset towards Multi-Modal Multilingual Instruction Tuning.pdf；第1页标题、作者单位与摘要；Introduction在已保存前3页内。
https://arxiv.org/abs/2306.04387；访问2026-09-17；arXiv作者顺序和摘要。
原文摘要依据：“Instruction tuning has significantly advanced large language models (LLMs) such as ChatGPT, enabling them to align with human instructions across diverse tasks. However, progress in open vision-langua”。"
Xu Sun（论文 #167，身份待核验）,167,否,待核验,"论文信息汇总.csv 序167：摘要、研究内容、创新点；内容仅据摘要/Introduction归纳。
仅取得可靠元数据或摘要；未取得可读全文。
https://arxiv.org/abs/2602.08711；访问2026-09-17；arXiv作者顺序和摘要。
原文摘要依据：“This paper proposes Omni Dense Captioning, a novel task designed to generate continuous, fine-grained, and structured audio-visual narratives with explicit timestamps. To ensure dense semantic coverag”。"
Sheng Wang,85,否,待核验,"论文信息汇总.csv 序85：摘要、研究内容、创新点；内容仅据摘要/Introduction归纳。
PDF：港大/Kong, Lingpeng/论文/2023_A Cognitive Stimulation Dialogue System with Multi-source Knowledge Fusion for Elders with Cognitive Impairment.pdf；第1页标题、作者单位与摘要；Introduction在已保存前3页内。
https://aclanthology.org/2023.acl-long.593/；访问2026-09-17；ACL作者顺序、发表信息与摘要。
CV：https://ikekonglp.github.io/lingpenk_cv.pdf；第9页；版本2026-01-27。
PDF发表标记：“Proceedings of the 61st Annual Meeting of the Association for Computational Linguistics”。
原文摘要依据：“When communicating with elders with cognitive impairment, cognitive stimulation (CS) help to maintain the cognitive health of elders. Data sparsity is the main challenge in building CS-based dialogue ”。"
Sheng Wang,54,是,待核验,"论文信息汇总.csv 序54：摘要、研究内容、创新点；内容仅据摘要/Introduction归纳。
PDF：港大/Kong, Lingpeng/论文/2024_Retrieved Sequence Augmentation for Protein Representation Learning.pdf；第1页标题、作者单位与摘要；Introduction在已保存前3页内。
https://aclanthology.org/2024.emnlp-main.104/；访问2026-09-17；ACL作者顺序、发表信息与摘要。
CV：https://ikekonglp.github.io/lingpenk_cv.pdf；第7页；版本2026-01-27。
原文摘要依据：“Protein Language Models traditionally depend on Multiple Sequence Alignments (MSA) to incorporate evolutionary knowledge. However, MSA-based approaches suffer from substantial computational overhead a”。"
Sheng Wang,62,否,待核验,"论文信息汇总.csv 序62：摘要、研究内容、创新点；内容仅据摘要/Introduction归纳。
PDF：港大/Kong, Lingpeng/论文/2024_PRoLoRA_ Partial Rotation Empowers More Parameter-Efficient LoRA.pdf；第1页标题、作者单位与摘要；Introduction在已保存前3页内。
https://aclanthology.org/2024.acl-long.156/；访问2026-09-17；ACL作者顺序、发表信息与摘要。
CV：https://ikekonglp.github.io/lingpenk_cv.pdf；第8页；版本2026-01-27。
PDF发表标记：“Proceedings of the 62nd Annual Meeting of the Association for Computational Linguistics (Volume 1: Long Papers), pages 2829–2841”。
原文摘要依据：“With the rapid scaling of large language models (LLMs), serving numerouslow-rank adaptations (LoRAs) concurrently has become increasingly impractical,leading to unaffordable costs and necessitating mo”。"
Sheng Wang,64,否,待核验,"论文信息汇总.csv 序64：摘要、研究内容、创新点；内容仅据摘要/Introduction归纳。
PDF：港大/Kong, Lingpeng/论文/2024_LoRA Meets Dropout under a Unified Framework.pdf；第1页标题、作者单位与摘要；Introduction在已保存前3页内。
https://aclanthology.org/2024.findings-acl.119/；访问2026-09-17；ACL作者顺序、发表信息与摘要。
CV：https://ikekonglp.github.io/lingpenk_cv.pdf；第8页；版本2026-01-27。
原文摘要依据：“With the remarkable capabilities, large language models (LLMs) have emergedas essential elements in numerous NLP applications, while parameter-efficientfinetuning, especially LoRA, has gained populari”。"
Sheng Wang,145,否,待核验,"论文信息汇总.csv 序145：摘要、研究内容、创新点；内容仅据摘要/Introduction归纳。
PDF：港大/Kong, Lingpeng/论文/2024_Data Augmentation of Multi-turn Psychological Dialogue via Knowledge-driven Progressive Thought Prompting.pdf；第1页标题、作者单位与摘要；Introduction在已保存前3页内。
https://arxiv.org/abs/2406.16567；访问2026-09-17；arXiv作者顺序和摘要。
原文摘要依据：“Existing dialogue data augmentation (DA) techniques predominantly focus on augmenting utterance-level dialogues, which makes it difficult to take dialogue contextual information into account. The adve”。"
Sheng Wang,24,否,待核验,"论文信息汇总.csv 序24：摘要、研究内容、创新点；内容仅据摘要/Introduction归纳。
仅取得可靠元数据或摘要；未取得可读全文。
https://arxiv.org/abs/2503.17195；访问2026-09-17；arXiv作者顺序和摘要。
CV：https://ikekonglp.github.io/lingpenk_cv.pdf；第5页；版本2026-01-27。
原文摘要依据：“Model customization necessitates high-quality and diverse datasets, but acquiring such data remains time-consuming and labor-intensive. Despite the great potential of large language models (LLMs) for ”。"
Sheng Wang,27,否,待核验,"论文信息汇总.csv 序27：摘要、研究内容、创新点；内容仅据摘要/Introduction归纳。
PDF：港大/Kong, Lingpeng/论文/2025_ProReason_ Multi-Modal Proactive Reasoning with Decoupled Eyesight and Wisdom.pdf；第1页标题、作者单位与摘要；Introduction在已保存前3页内。
https://aclanthology.org/2025.emnlp-main.1614/；访问2026-09-17；ACL作者顺序、发表信息与摘要。
CV：https://ikekonglp.github.io/lingpenk_cv.pdf；第5页；版本2026-01-27。
PDF发表标记：“Proceedings of the 2025 Conference on Empirical Methods in Natural Language Processing, pages 31662–31691”。
原文摘要依据：“Large vision-language models (LVLMs) have witnessed significant progress on visual understanding tasks. However, they often prioritize language knowledge over image information on visual reasoning tas”。"
Sheng Wang,28,否,待核验,"论文信息汇总.csv 序28：摘要、研究内容、创新点；内容仅据摘要/Introduction归纳。
仅取得可靠元数据或摘要；未取得可读全文。
https://aclanthology.org/2025.emnlp-main.240/；访问2026-09-17；ACL作者顺序、发表信息与摘要。
CV：https://ikekonglp.github.io/lingpenk_cv.pdf；第5页；版本2026-01-27。
原文摘要依据：“Quantization is widely adopted to accelerate inference and reduce memory consumption in large language models (LLMs). While activation-weight joint quantization enables efficient low-precision decodin”。"
Sheng Wang,30,否,待核验,"论文信息汇总.csv 序30：摘要、研究内容、创新点；内容仅据摘要/Introduction归纳。
PDF：港大/Kong, Lingpeng/论文/2025_Developing and Utilizing a Large-Scale Cantonese Dataset for Multi-Tasking in Large Language Models.pdf；第1页标题、作者单位与摘要；Introduction在已保存前3页内。
https://aclanthology.org/2025.findings-emnlp.102/；访问2026-09-17；ACL作者顺序、发表信息与摘要。
CV：https://ikekonglp.github.io/lingpenk_cv.pdf；第5页；版本2026-01-27。
原文摘要依据：“High-quality data resources play a crucial role in learning large language models (LLMs), particularly for low-resource languages like Cantonese. Despite having more than 85 million native speakers, C”。"
Sheng Wang,41,否,待核验,"论文信息汇总.csv 序41：摘要、研究内容、创新点；内容仅据摘要/Introduction归纳。
PDF：港大/Kong, Lingpeng/论文/2025_MoS_ Unleashing Parameter Efficiency of Low-Rank Adaptation with Mixture of Shards.pdf；第1页标题、作者单位与摘要；Introduction在已保存前3页内。
https://arxiv.org/abs/2410.00938；访问2026-09-17；arXiv作者顺序和摘要。
CV：https://ikekonglp.github.io/lingpenk_cv.pdf；第6页；版本2026-01-27。
PDF发表标记：“Published as a conference paper at ICLR 2025”。
原文摘要依据：“The rapid scaling of large language models necessitates more lightweight finetuning methods to reduce the explosive GPU memory overhead when numerous customized models are served simultaneously. Targe”。"
Sheng Wang,48,是,是,"论文信息汇总.csv 序48：摘要、研究内容、创新点；内容仅据摘要/Introduction归纳。
PDF：港大/Kong, Lingpeng/论文/2025_Forewarned is Forearmed_ Harnessing LLMs for Data Synthesis via Failure-induced Exploration.pdf；第1页标题、作者单位与摘要；Introduction在已保存前3页内。
https://arxiv.org/abs/2410.16736；访问2026-09-17；arXiv作者顺序和摘要。
CV：https://ikekonglp.github.io/lingpenk_cv.pdf；第7页；版本2026-01-27。
原文摘要依据：“Large language models (LLMs) have significantly benefited from training on diverse, high-quality task-specific data, leading to impressive performance across a range of downstream applications. Curren”。"
Sheng Wang,51,否,待核验,"论文信息汇总.csv 序51：摘要、研究内容、创新点；内容仅据摘要/Introduction归纳。
PDF：港大/Kong, Lingpeng/论文/2025_How Well Do LLMs Handle Cantonese_ Benchmarking Cantonese Capabilities of Large Language Models.pdf；第1页标题、作者单位与摘要；Introduction在已保存前3页内。
https://aclanthology.org/2025.findings-naacl.253/；访问2026-09-17；ACL作者顺序、发表信息与摘要。
CV：https://ikekonglp.github.io/lingpenk_cv.pdf；第7页；版本2026-01-27。
原文摘要依据：“The rapid evolution of large language models (LLMs) has transformed the competitive landscape in natural language processing (NLP), particularly for English and other data-rich languages. However, und”。"
Sheng Wang,166,否,待核验,"论文信息汇总.csv 序166：摘要、研究内容、创新点；内容仅据摘要/Introduction归纳。
PDF：港大/Kong, Lingpeng/论文/2026_ToolSelf_ Unifying Task Execution and Self-Reconfiguration via Tool-Driven Emergent Adaptation.pdf；第1页标题、作者单位与摘要；Introduction在已保存前3页内。
https://arxiv.org/abs/2602.07883；访问2026-09-17；arXiv作者顺序和摘要。
原文摘要依据：“LLM-powered agentic systems excel at complex long-horizon tasks, but remain constrained by static configurations fixed before execution. Such rigidity forces a trade-off between domain-specific perfor”。"
Pengan Chen（论文 #24，身份待核验）,24,否,待核验,"论文信息汇总.csv 序24：摘要、研究内容、创新点；内容仅据摘要/Introduction归纳。
仅取得可靠元数据或摘要；未取得可读全文。
https://arxiv.org/abs/2503.17195；访问2026-09-17；arXiv作者顺序和摘要。
CV：https://ikekonglp.github.io/lingpenk_cv.pdf；第5页；版本2026-01-27。
原文摘要依据：“Model customization necessitates high-quality and diverse datasets, but acquiring such data remains time-consuming and labor-intensive. Despite the great potential of large language models (LLMs) for ”。"
Pengan Chen（论文 #30，身份待核验）,30,否,待核验,"论文信息汇总.csv 序30：摘要、研究内容、创新点；内容仅据摘要/Introduction归纳。
PDF：港大/Kong, Lingpeng/论文/2025_Developing and Utilizing a Large-Scale Cantonese Dataset for Multi-Tasking in Large Language Models.pdf；第1页标题、作者单位与摘要；Introduction在已保存前3页内。
https://aclanthology.org/2025.findings-emnlp.102/；访问2026-09-17；ACL作者顺序、发表信息与摘要。
CV：https://ikekonglp.github.io/lingpenk_cv.pdf；第5页；版本2026-01-27。
原文摘要依据：“High-quality data resources play a crucial role in learning large language models (LLMs), particularly for low-resource languages like Cantonese. Despite having more than 85 million native speakers, C”。"
Pengan Chen（论文 #41，身份待核验）,41,否,待核验,"论文信息汇总.csv 序41：摘要、研究内容、创新点；内容仅据摘要/Introduction归纳。
PDF：港大/Kong, Lingpeng/论文/2025_MoS_ Unleashing Parameter Efficiency of Low-Rank Adaptation with Mixture of Shards.pdf；第1页标题、作者单位与摘要；Introduction在已保存前3页内。
https://arxiv.org/abs/2410.00938；访问2026-09-17；arXiv作者顺序和摘要。
CV：https://ikekonglp.github.io/lingpenk_cv.pdf；第6页；版本2026-01-27。
PDF发表标记：“Published as a conference paper at ICLR 2025”。
原文摘要依据：“The rapid scaling of large language models necessitates more lightweight finetuning methods to reduce the explosive GPU memory overhead when numerous customized models are served simultaneously. Targe”。"
Pengan Chen（论文 #51，身份待核验）,51,否,待核验,"论文信息汇总.csv 序51：摘要、研究内容、创新点；内容仅据摘要/Introduction归纳。
PDF：港大/Kong, Lingpeng/论文/2025_How Well Do LLMs Handle Cantonese_ Benchmarking Cantonese Capabilities of Large Language Models.pdf；第1页标题、作者单位与摘要；Introduction在已保存前3页内。
https://aclanthology.org/2025.findings-naacl.253/；访问2026-09-17；ACL作者顺序、发表信息与摘要。
CV：https://ikekonglp.github.io/lingpenk_cv.pdf；第7页；版本2026-01-27。
原文摘要依据：“The rapid evolution of large language models (LLMs) has transformed the competitive landscape in natural language processing (NLP), particularly for English and other data-rich languages. However, und”。"
Jingqi Zhou（论文 #24，身份待核验）,24,否,待核验,"论文信息汇总.csv 序24：摘要、研究内容、创新点；内容仅据摘要/Introduction归纳。
仅取得可靠元数据或摘要；未取得可读全文。
https://arxiv.org/abs/2503.17195；访问2026-09-17；arXiv作者顺序和摘要。
CV：https://ikekonglp.github.io/lingpenk_cv.pdf；第5页；版本2026-01-27。
原文摘要依据：“Model customization necessitates high-quality and diverse datasets, but acquiring such data remains time-consuming and labor-intensive. Despite the great potential of large language models (LLMs) for ”。"
Jingqi Zhou（论文 #27，身份待核验）,27,否,待核验,"论文信息汇总.csv 序27：摘要、研究内容、创新点；内容仅据摘要/Introduction归纳。
PDF：港大/Kong, Lingpeng/论文/2025_ProReason_ Multi-Modal Proactive Reasoning with Decoupled Eyesight and Wisdom.pdf；第1页标题、作者单位与摘要；Introduction在已保存前3页内。
https://aclanthology.org/2025.emnlp-main.1614/；访问2026-09-17；ACL作者顺序、发表信息与摘要。
CV：https://ikekonglp.github.io/lingpenk_cv.pdf；第5页；版本2026-01-27。
PDF发表标记：“Proceedings of the 2025 Conference on Empirical Methods in Natural Language Processing, pages 31662–31691”。
原文摘要依据：“Large vision-language models (LVLMs) have witnessed significant progress on visual understanding tasks. However, they often prioritize language knowledge over image information on visual reasoning tas”。"
Jingqi Zhou（论文 #166，身份待核验）,166,否,待核验,"论文信息汇总.csv 序166：摘要、研究内容、创新点；内容仅据摘要/Introduction归纳。
PDF：港大/Kong, Lingpeng/论文/2026_ToolSelf_ Unifying Task Execution and Self-Reconfiguration via Tool-Driven Emergent Adaptation.pdf；第1页标题、作者单位与摘要；Introduction在已保存前3页内。
https://arxiv.org/abs/2602.07883；访问2026-09-17；arXiv作者顺序和摘要。
原文摘要依据：“LLM-powered agentic systems excel at complex long-horizon tasks, but remain constrained by static configurations fixed before execution. Such rigidity forces a trade-off between domain-specific perfor”。"
Jingwei Dong,24,否,待核验,"论文信息汇总.csv 序24：摘要、研究内容、创新点；内容仅据摘要/Introduction归纳。
仅取得可靠元数据或摘要；未取得可读全文。
https://arxiv.org/abs/2503.17195；访问2026-09-17；arXiv作者顺序和摘要。
CV：https://ikekonglp.github.io/lingpenk_cv.pdf；第5页；版本2026-01-27。
原文摘要依据：“Model customization necessitates high-quality and diverse datasets, but acquiring such data remains time-consuming and labor-intensive. Despite the great potential of large language models (LLMs) for ”。"
Jingwei Dong,27,否,待核验,"论文信息汇总.csv 序27：摘要、研究内容、创新点；内容仅据摘要/Introduction归纳。
PDF：港大/Kong, Lingpeng/论文/2025_ProReason_ Multi-Modal Proactive Reasoning with Decoupled Eyesight and Wisdom.pdf；第1页标题、作者单位与摘要；Introduction在已保存前3页内。
https://aclanthology.org/2025.emnlp-main.1614/；访问2026-09-17；ACL作者顺序、发表信息与摘要。
CV：https://ikekonglp.github.io/lingpenk_cv.pdf；第5页；版本2026-01-27。
PDF发表标记：“Proceedings of the 2025 Conference on Empirical Methods in Natural Language Processing, pages 31662–31691”。
原文摘要依据：“Large vision-language models (LVLMs) have witnessed significant progress on visual understanding tasks. However, they often prioritize language knowledge over image information on visual reasoning tas”。"
Jingwei Dong,41,否,待核验,"论文信息汇总.csv 序41：摘要、研究内容、创新点；内容仅据摘要/Introduction归纳。
PDF：港大/Kong, Lingpeng/论文/2025_MoS_ Unleashing Parameter Efficiency of Low-Rank Adaptation with Mixture of Shards.pdf；第1页标题、作者单位与摘要；Introduction在已保存前3页内。
https://arxiv.org/abs/2410.00938；访问2026-09-17；arXiv作者顺序和摘要。
CV：https://ikekonglp.github.io/lingpenk_cv.pdf；第6页；版本2026-01-27。
PDF发表标记：“Published as a conference paper at ICLR 2025”。
原文摘要依据：“The rapid scaling of large language models necessitates more lightweight finetuning methods to reduce the explosive GPU memory overhead when numerous customized models are served simultaneously. Targe”。"
Jingwei Dong,155,是,待核验,"论文信息汇总.csv 序155：摘要、研究内容、创新点；内容仅据摘要/Introduction归纳。
PDF：港大/Kong, Lingpeng/论文/2025_Dream-Coder 7B_ An Open Diffusion Language Model for Code.pdf；第1页标题、作者单位与摘要；Introduction在已保存前3页内。
https://arxiv.org/abs/2509.01142；访问2026-09-17；arXiv作者顺序和摘要。
原文摘要依据：“We present Dream-Coder 7B, an open-source discrete diffusion language model for code generation that exhibits emergent any-order generation capabilities. Unlike traditional autoregressive (AR) models ”。"
Boyang Xue（论文 #24，身份待核验）,24,否,待核验,"论文信息汇总.csv 序24：摘要、研究内容、创新点；内容仅据摘要/Introduction归纳。
仅取得可靠元数据或摘要；未取得可读全文。
https://arxiv.org/abs/2503.17195；访问2026-09-17；arXiv作者顺序和摘要。
CV：https://ikekonglp.github.io/lingpenk_cv.pdf；第5页；版本2026-01-27。
原文摘要依据：“Model customization necessitates high-quality and diverse datasets, but acquiring such data remains time-consuming and labor-intensive. Despite the great potential of large language models (LLMs) for ”。"
Boyang Xue（论文 #41，身份待核验）,41,否,待核验,"论文信息汇总.csv 序41：摘要、研究内容、创新点；内容仅据摘要/Introduction归纳。
PDF：港大/Kong, Lingpeng/论文/2025_MoS_ Unleashing Parameter Efficiency of Low-Rank Adaptation with Mixture of Shards.pdf；第1页标题、作者单位与摘要；Introduction在已保存前3页内。
https://arxiv.org/abs/2410.00938；访问2026-09-17；arXiv作者顺序和摘要。
CV：https://ikekonglp.github.io/lingpenk_cv.pdf；第6页；版本2026-01-27。
PDF发表标记：“Published as a conference paper at ICLR 2025”。
原文摘要依据：“The rapid scaling of large language models necessitates more lightweight finetuning methods to reduce the explosive GPU memory overhead when numerous customized models are served simultaneously. Targe”。"
Boyang Xue（论文 #62，身份待核验）,62,否,待核验,"论文信息汇总.csv 序62：摘要、研究内容、创新点；内容仅据摘要/Introduction归纳。
PDF：港大/Kong, Lingpeng/论文/2024_PRoLoRA_ Partial Rotation Empowers More Parameter-Efficient LoRA.pdf；第1页标题、作者单位与摘要；Introduction在已保存前3页内。
https://aclanthology.org/2024.acl-long.156/；访问2026-09-17；ACL作者顺序、发表信息与摘要。
CV：https://ikekonglp.github.io/lingpenk_cv.pdf；第8页；版本2026-01-27。
PDF发表标记：“Proceedings of the 62nd Annual Meeting of the Association for Computational Linguistics (Volume 1: Long Papers), pages 2829–2841”。
原文摘要依据：“With the rapid scaling of large language models (LLMs), serving numerouslow-rank adaptations (LoRAs) concurrently has become increasingly impractical,leading to unaffordable costs and necessitating mo”。"
Boyang Xue（论文 #64，身份待核验）,64,否,待核验,"论文信息汇总.csv 序64：摘要、研究内容、创新点；内容仅据摘要/Introduction归纳。
PDF：港大/Kong, Lingpeng/论文/2024_LoRA Meets Dropout under a Unified Framework.pdf；第1页标题、作者单位与摘要；Introduction在已保存前3页内。
https://aclanthology.org/2024.findings-acl.119/；访问2026-09-17；ACL作者顺序、发表信息与摘要。
CV：https://ikekonglp.github.io/lingpenk_cv.pdf；第8页；版本2026-01-27。
原文摘要依据：“With the remarkable capabilities, large language models (LLMs) have emergedas essential elements in numerous NLP applications, while parameter-efficientfinetuning, especially LoRA, has gained populari”。"
Jiyue Jiang（论文 #24，身份待核验）,24,否,待核验,"论文信息汇总.csv 序24：摘要、研究内容、创新点；内容仅据摘要/Introduction归纳。
仅取得可靠元数据或摘要；未取得可读全文。
https://arxiv.org/abs/2503.17195；访问2026-09-17；arXiv作者顺序和摘要。
CV：https://ikekonglp.github.io/lingpenk_cv.pdf；第5页；版本2026-01-27。
原文摘要依据：“Model customization necessitates high-quality and diverse datasets, but acquiring such data remains time-consuming and labor-intensive. Despite the great potential of large language models (LLMs) for ”。"
Jiyue Jiang（论文 #27，身份待核验）,27,否,待核验,"论文信息汇总.csv 序27：摘要、研究内容、创新点；内容仅据摘要/Introduction归纳。
PDF：港大/Kong, Lingpeng/论文/2025_ProReason_ Multi-Modal Proactive Reasoning with Decoupled Eyesight and Wisdom.pdf；第1页标题、作者单位与摘要；Introduction在已保存前3页内。
https://aclanthology.org/2025.emnlp-main.1614/；访问2026-09-17；ACL作者顺序、发表信息与摘要。
CV：https://ikekonglp.github.io/lingpenk_cv.pdf；第5页；版本2026-01-27。
PDF发表标记：“Proceedings of the 2025 Conference on Empirical Methods in Natural Language Processing, pages 31662–31691”。
原文摘要依据：“Large vision-language models (LVLMs) have witnessed significant progress on visual understanding tasks. However, they often prioritize language knowledge over image information on visual reasoning tas”。"
Jiyue Jiang（论文 #30，身份待核验）,30,否,待核验,"论文信息汇总.csv 序30：摘要、研究内容、创新点；内容仅据摘要/Introduction归纳。
PDF：港大/Kong, Lingpeng/论文/2025_Developing and Utilizing a Large-Scale Cantonese Dataset for Multi-Tasking in Large Language Models.pdf；第1页标题、作者单位与摘要；Introduction在已保存前3页内。
https://aclanthology.org/2025.findings-emnlp.102/；访问2026-09-17；ACL作者顺序、发表信息与摘要。
CV：https://ikekonglp.github.io/lingpenk_cv.pdf；第5页；版本2026-01-27。
原文摘要依据：“High-quality data resources play a crucial role in learning large language models (LLMs), particularly for low-resource languages like Cantonese. Despite having more than 85 million native speakers, C”。"
Jiyue Jiang（论文 #41，身份待核验）,41,否,待核验,"论文信息汇总.csv 序41：摘要、研究内容、创新点；内容仅据摘要/Introduction归纳。
PDF：港大/Kong, Lingpeng/论文/2025_MoS_ Unleashing Parameter Efficiency of Low-Rank Adaptation with Mixture of Shards.pdf；第1页标题、作者单位与摘要；Introduction在已保存前3页内。
https://arxiv.org/abs/2410.00938；访问2026-09-17；arXiv作者顺序和摘要。
CV：https://ikekonglp.github.io/lingpenk_cv.pdf；第6页；版本2026-01-27。
PDF发表标记：“Published as a conference paper at ICLR 2025”。
原文摘要依据：“The rapid scaling of large language models necessitates more lightweight finetuning methods to reduce the explosive GPU memory overhead when numerous customized models are served simultaneously. Targe”。"
Jiyue Jiang（论文 #51，身份待核验）,51,否,待核验,"论文信息汇总.csv 序51：摘要、研究内容、创新点；内容仅据摘要/Introduction归纳。
PDF：港大/Kong, Lingpeng/论文/2025_How Well Do LLMs Handle Cantonese_ Benchmarking Cantonese Capabilities of Large Language Models.pdf；第1页标题、作者单位与摘要；Introduction在已保存前3页内。
https://aclanthology.org/2025.findings-naacl.253/；访问2026-09-17；ACL作者顺序、发表信息与摘要。
CV：https://ikekonglp.github.io/lingpenk_cv.pdf；第7页；版本2026-01-27。
原文摘要依据：“The rapid evolution of large language models (LLMs) has transformed the competitive landscape in natural language processing (NLP), particularly for English and other data-rich languages. However, und”。"
Jiyue Jiang（论文 #62，身份待核验）,62,否,待核验,"论文信息汇总.csv 序62：摘要、研究内容、创新点；内容仅据摘要/Introduction归纳。
PDF：港大/Kong, Lingpeng/论文/2024_PRoLoRA_ Partial Rotation Empowers More Parameter-Efficient LoRA.pdf；第1页标题、作者单位与摘要；Introduction在已保存前3页内。
https://aclanthology.org/2024.acl-long.156/；访问2026-09-17；ACL作者顺序、发表信息与摘要。
CV：https://ikekonglp.github.io/lingpenk_cv.pdf；第8页；版本2026-01-27。
PDF发表标记：“Proceedings of the 62nd Annual Meeting of the Association for Computational Linguistics (Volume 1: Long Papers), pages 2829–2841”。
原文摘要依据：“With the rapid scaling of large language models (LLMs), serving numerouslow-rank adaptations (LoRAs) concurrently has become increasingly impractical,leading to unaffordable costs and necessitating mo”。"
Jiyue Jiang（论文 #64，身份待核验）,64,否,待核验,"论文信息汇总.csv 序64：摘要、研究内容、创新点；内容仅据摘要/Introduction归纳。
PDF：港大/Kong, Lingpeng/论文/2024_LoRA Meets Dropout under a Unified Framework.pdf；第1页标题、作者单位与摘要；Introduction在已保存前3页内。
https://aclanthology.org/2024.findings-acl.119/；访问2026-09-17；ACL作者顺序、发表信息与摘要。
CV：https://ikekonglp.github.io/lingpenk_cv.pdf；第8页；版本2026-01-27。
原文摘要依据：“With the remarkable capabilities, large language models (LLMs) have emergedas essential elements in numerous NLP applications, while parameter-efficientfinetuning, especially LoRA, has gained populari”。"
Jiyue Jiang（论文 #85，身份待核验）,85,否,待核验,"论文信息汇总.csv 序85：摘要、研究内容、创新点；内容仅据摘要/Introduction归纳。
PDF：港大/Kong, Lingpeng/论文/2023_A Cognitive Stimulation Dialogue System with Multi-source Knowledge Fusion for Elders with Cognitive Impairment.pdf；第1页标题、作者单位与摘要；Introduction在已保存前3页内。
https://aclanthology.org/2023.acl-long.593/；访问2026-09-17；ACL作者顺序、发表信息与摘要。
CV：https://ikekonglp.github.io/lingpenk_cv.pdf；第9页；版本2026-01-27。
PDF发表标记：“Proceedings of the 61st Annual Meeting of the Association for Computational Linguistics”。
原文摘要依据：“When communicating with elders with cognitive impairment, cognitive stimulation (CS) help to maintain the cognitive health of elders. Data sparsity is the main challenge in building CS-based dialogue ”。"
Jiyue Jiang（论文 #145，身份待核验）,145,否,待核验,"论文信息汇总.csv 序145：摘要、研究内容、创新点；内容仅据摘要/Introduction归纳。
PDF：港大/Kong, Lingpeng/论文/2024_Data Augmentation of Multi-turn Psychological Dialogue via Knowledge-driven Progressive Thought Prompting.pdf；第1页标题、作者单位与摘要；Introduction在已保存前3页内。
https://arxiv.org/abs/2406.16567；访问2026-09-17；arXiv作者顺序和摘要。
原文摘要依据：“Existing dialogue data augmentation (DA) techniques predominantly focus on augmenting utterance-level dialogues, which makes it difficult to take dialogue contextual information into account. The adve”。"
Jiyue Jiang（论文 #166，身份待核验）,166,否,待核验,"论文信息汇总.csv 序166：摘要、研究内容、创新点；内容仅据摘要/Introduction归纳。
PDF：港大/Kong, Lingpeng/论文/2026_ToolSelf_ Unifying Task Execution and Self-Reconfiguration via Tool-Driven Emergent Adaptation.pdf；第1页标题、作者单位与摘要；Introduction在已保存前3页内。
https://arxiv.org/abs/2602.07883；访问2026-09-17；arXiv作者顺序和摘要。
原文摘要依据：“LLM-powered agentic systems excel at complex long-horizon tasks, but remain constrained by static configurations fixed before execution. Such rigidity forces a trade-off between domain-specific perfor”。"
Chuan Wu,85,否,待核验,"论文信息汇总.csv 序85：摘要、研究内容、创新点；内容仅据摘要/Introduction归纳。
PDF：港大/Kong, Lingpeng/论文/2023_A Cognitive Stimulation Dialogue System with Multi-source Knowledge Fusion for Elders with Cognitive Impairment.pdf；第1页标题、作者单位与摘要；Introduction在已保存前3页内。
https://aclanthology.org/2023.acl-long.593/；访问2026-09-17；ACL作者顺序、发表信息与摘要。
CV：https://ikekonglp.github.io/lingpenk_cv.pdf；第9页；版本2026-01-27。
PDF发表标记：“Proceedings of the 61st Annual Meeting of the Association for Computational Linguistics”。
原文摘要依据：“When communicating with elders with cognitive impairment, cognitive stimulation (CS) help to maintain the cognitive health of elders. Data sparsity is the main challenge in building CS-based dialogue ”。"
Chuan Wu,52,是,待核验,"论文信息汇总.csv 序52：摘要、研究内容、创新点；内容仅据摘要/Introduction归纳。
PDF：港大/Kong, Lingpeng/论文/2024_Diffusion of Thought_ Chain-of-Thought Reasoning in Diffusion Language Models.pdf；第1页标题、作者单位与摘要；Introduction在已保存前3页内。
https://arxiv.org/abs/2402.07754；访问2026-09-17；arXiv作者顺序和摘要。
CV：https://ikekonglp.github.io/lingpenk_cv.pdf；第7页；版本2026-01-27。
原文摘要依据：“Recently, diffusion models have garnered significant interest in the field of text processing due to their many potential advantages compared to conventional autoregressive models. In this work, we pr”。"
Chuan Wu,62,否,待核验,"论文信息汇总.csv 序62：摘要、研究内容、创新点；内容仅据摘要/Introduction归纳。
PDF：港大/Kong, Lingpeng/论文/2024_PRoLoRA_ Partial Rotation Empowers More Parameter-Efficient LoRA.pdf；第1页标题、作者单位与摘要；Introduction在已保存前3页内。
https://aclanthology.org/2024.acl-long.156/；访问2026-09-17；ACL作者顺序、发表信息与摘要。
CV：https://ikekonglp.github.io/lingpenk_cv.pdf；第8页；版本2026-01-27。
PDF发表标记：“Proceedings of the 62nd Annual Meeting of the Association for Computational Linguistics (Volume 1: Long Papers), pages 2829–2841”。
原文摘要依据：“With the rapid scaling of large language models (LLMs), serving numerouslow-rank adaptations (LoRAs) concurrently has become increasingly impractical,leading to unaffordable costs and necessitating mo”。"
Chuan Wu,64,否,待核验,"论文信息汇总.csv 序64：摘要、研究内容、创新点；内容仅据摘要/Introduction归纳。
PDF：港大/Kong, Lingpeng/论文/2024_LoRA Meets Dropout under a Unified Framework.pdf；第1页标题、作者单位与摘要；Introduction在已保存前3页内。
https://aclanthology.org/2024.findings-acl.119/；访问2026-09-17；ACL作者顺序、发表信息与摘要。
CV：https://ikekonglp.github.io/lingpenk_cv.pdf；第8页；版本2026-01-27。
原文摘要依据：“With the remarkable capabilities, large language models (LLMs) have emergedas essential elements in numerous NLP applications, while parameter-efficientfinetuning, especially LoRA, has gained populari”。"
Chuan Wu,145,否,待核验,"论文信息汇总.csv 序145：摘要、研究内容、创新点；内容仅据摘要/Introduction归纳。
PDF：港大/Kong, Lingpeng/论文/2024_Data Augmentation of Multi-turn Psychological Dialogue via Knowledge-driven Progressive Thought Prompting.pdf；第1页标题、作者单位与摘要；Introduction在已保存前3页内。
https://arxiv.org/abs/2406.16567；访问2026-09-17；arXiv作者顺序和摘要。
原文摘要依据：“Existing dialogue data augmentation (DA) techniques predominantly focus on augmenting utterance-level dialogues, which makes it difficult to take dialogue contextual information into account. The adve”。"
Chuan Wu,24,否,待核验,"论文信息汇总.csv 序24：摘要、研究内容、创新点；内容仅据摘要/Introduction归纳。
仅取得可靠元数据或摘要；未取得可读全文。
https://arxiv.org/abs/2503.17195；访问2026-09-17；arXiv作者顺序和摘要。
CV：https://ikekonglp.github.io/lingpenk_cv.pdf；第5页；版本2026-01-27。
原文摘要依据：“Model customization necessitates high-quality and diverse datasets, but acquiring such data remains time-consuming and labor-intensive. Despite the great potential of large language models (LLMs) for ”。"
Chuan Wu,27,否,待核验,"论文信息汇总.csv 序27：摘要、研究内容、创新点；内容仅据摘要/Introduction归纳。
PDF：港大/Kong, Lingpeng/论文/2025_ProReason_ Multi-Modal Proactive Reasoning with Decoupled Eyesight and Wisdom.pdf；第1页标题、作者单位与摘要；Introduction在已保存前3页内。
https://aclanthology.org/2025.emnlp-main.1614/；访问2026-09-17；ACL作者顺序、发表信息与摘要。
CV：https://ikekonglp.github.io/lingpenk_cv.pdf；第5页；版本2026-01-27。
PDF发表标记：“Proceedings of the 2025 Conference on Empirical Methods in Natural Language Processing, pages 31662–31691”。
原文摘要依据：“Large vision-language models (LVLMs) have witnessed significant progress on visual understanding tasks. However, they often prioritize language knowledge over image information on visual reasoning tas”。"
Chuan Wu,28,否,待核验,"论文信息汇总.csv 序28：摘要、研究内容、创新点；内容仅据摘要/Introduction归纳。
仅取得可靠元数据或摘要；未取得可读全文。
https://aclanthology.org/2025.emnlp-main.240/；访问2026-09-17；ACL作者顺序、发表信息与摘要。
CV：https://ikekonglp.github.io/lingpenk_cv.pdf；第5页；版本2026-01-27。
原文摘要依据：“Quantization is widely adopted to accelerate inference and reduce memory consumption in large language models (LLMs). While activation-weight joint quantization enables efficient low-precision decodin”。"
Chuan Wu,30,否,待核验,"论文信息汇总.csv 序30：摘要、研究内容、创新点；内容仅据摘要/Introduction归纳。
PDF：港大/Kong, Lingpeng/论文/2025_Developing and Utilizing a Large-Scale Cantonese Dataset for Multi-Tasking in Large Language Models.pdf；第1页标题、作者单位与摘要；Introduction在已保存前3页内。
https://aclanthology.org/2025.findings-emnlp.102/；访问2026-09-17；ACL作者顺序、发表信息与摘要。
CV：https://ikekonglp.github.io/lingpenk_cv.pdf；第5页；版本2026-01-27。
原文摘要依据：“High-quality data resources play a crucial role in learning large language models (LLMs), particularly for low-resource languages like Cantonese. Despite having more than 85 million native speakers, C”。"
Chuan Wu,41,否,待核验,"论文信息汇总.csv 序41：摘要、研究内容、创新点；内容仅据摘要/Introduction归纳。
PDF：港大/Kong, Lingpeng/论文/2025_MoS_ Unleashing Parameter Efficiency of Low-Rank Adaptation with Mixture of Shards.pdf；第1页标题、作者单位与摘要；Introduction在已保存前3页内。
https://arxiv.org/abs/2410.00938；访问2026-09-17；arXiv作者顺序和摘要。
CV：https://ikekonglp.github.io/lingpenk_cv.pdf；第6页；版本2026-01-27。
PDF发表标记：“Published as a conference paper at ICLR 2025”。
原文摘要依据：“The rapid scaling of large language models necessitates more lightweight finetuning methods to reduce the explosive GPU memory overhead when numerous customized models are served simultaneously. Targe”。"
Chuan Wu,48,是,是,"论文信息汇总.csv 序48：摘要、研究内容、创新点；内容仅据摘要/Introduction归纳。
PDF：港大/Kong, Lingpeng/论文/2025_Forewarned is Forearmed_ Harnessing LLMs for Data Synthesis via Failure-induced Exploration.pdf；第1页标题、作者单位与摘要；Introduction在已保存前3页内。
https://arxiv.org/abs/2410.16736；访问2026-09-17；arXiv作者顺序和摘要。
CV：https://ikekonglp.github.io/lingpenk_cv.pdf；第7页；版本2026-01-27。
原文摘要依据：“Large language models (LLMs) have significantly benefited from training on diverse, high-quality task-specific data, leading to impressive performance across a range of downstream applications. Curren”。"
Chuan Wu,51,否,待核验,"论文信息汇总.csv 序51：摘要、研究内容、创新点；内容仅据摘要/Introduction归纳。
PDF：港大/Kong, Lingpeng/论文/2025_How Well Do LLMs Handle Cantonese_ Benchmarking Cantonese Capabilities of Large Language Models.pdf；第1页标题、作者单位与摘要；Introduction在已保存前3页内。
https://aclanthology.org/2025.findings-naacl.253/；访问2026-09-17；ACL作者顺序、发表信息与摘要。
CV：https://ikekonglp.github.io/lingpenk_cv.pdf；第7页；版本2026-01-27。
原文摘要依据：“The rapid evolution of large language models (LLMs) has transformed the competitive landscape in natural language processing (NLP), particularly for English and other data-rich languages. However, und”。"
Chuan Wu,166,否,待核验,"论文信息汇总.csv 序166：摘要、研究内容、创新点；内容仅据摘要/Introduction归纳。
PDF：港大/Kong, Lingpeng/论文/2026_ToolSelf_ Unifying Task Execution and Self-Reconfiguration via Tool-Driven Emergent Adaptation.pdf；第1页标题、作者单位与摘要；Introduction在已保存前3页内。
https://arxiv.org/abs/2602.07883；访问2026-09-17；arXiv作者顺序和摘要。
原文摘要依据：“LLM-powered agentic systems excel at complex long-horizon tasks, but remain constrained by static configurations fixed before execution. Such rigidity forces a trade-off between domain-specific perfor”。"
Chuan Wu,177,否,否,"论文信息汇总.csv 序177：摘要、研究内容、创新点；内容仅据摘要/Introduction归纳。
PDF：港大/Kong, Lingpeng/论文/2026_Structuring Semantic Embeddings for Principle Evaluation_ A Prototype-Guided Contrastive Learning Approach.pdf；第1页标题、作者单位与摘要；Introduction在已保存前3页内。
https://arxiv.org/abs/2608.15224；访问2026-09-17；arXiv作者顺序和摘要。
PDF发表标记：“Published in Transactions on Machine Learning Research (08/2026)”。
原文摘要依据：“Reliable post-hoc evaluation asks whether already generated text satisfies a target criterion after generation. In this paper we study a focused frozen-embedding setting using principle-evaluation pro”。"
Xueliang Zhao,86,否,否,"论文信息汇总.csv 序86：摘要、研究内容、创新点；内容仅据摘要/Introduction归纳。
PDF：港大/Kong, Lingpeng/论文/2023_SORTIE_ Dependency-Aware Symbolic Reasoning for Logical Data-to-text Generation.pdf；第1页标题、作者单位与摘要；Introduction在已保存前3页内。
https://aclanthology.org/2023.findings-acl.715/；访问2026-09-17；ACL作者顺序、发表信息与摘要。
CV：https://ikekonglp.github.io/lingpenk_cv.pdf；第9页；版本2026-01-27。
原文摘要依据：“Logical data-to-text generation is a representative task in measuring the capabilities of both language generation and complex reasoning. Despite the introduction of reasoning skills in generation, ex”。"
Xueliang Zhao,63,否,是,"论文信息汇总.csv 序63：摘要、研究内容、创新点；内容仅据摘要/Introduction归纳。
PDF：港大/Kong, Lingpeng/论文/2024_GSM-Plus_ A Comprehensive Benchmark for Evaluating the Robustness of LLMs as Mathematical Problem Solvers.pdf；第1页标题、作者单位与摘要；Introduction在已保存前3页内。
https://aclanthology.org/2024.acl-long.163/；访问2026-09-17；ACL作者顺序、发表信息与摘要。
CV：https://ikekonglp.github.io/lingpenk_cv.pdf；第8页；版本2026-01-27。
PDF发表标记：“Proceedings of the 62nd Annual Meeting of the Association for Computational Linguistics (Volume 1: Long Papers), pages 2961–2984”。
原文摘要依据：“Large language models (LLMs) have achieved impressive performance across various mathematical reasoning benchmarks. However, there are increasing debates regarding whether these models truly understan”。"
Xueliang Zhao,66,是,待核验,"论文信息汇总.csv 序66：摘要、研究内容、创新点；内容仅据摘要/Introduction归纳。
PDF：港大/Kong, Lingpeng/论文/2024_SEGO_ Sequential Subgoal Optimization for Mathematical Problem-Solving.pdf；第1页标题、作者单位与摘要；Introduction在已保存前3页内。
https://aclanthology.org/2024.acl-long.407/；访问2026-09-17；ACL作者顺序、发表信息与摘要。
CV：https://ikekonglp.github.io/lingpenk_cv.pdf；第8页；版本2026-01-27。
PDF发表标记：“Proceedings of the 62nd Annual Meeting of the Association for Computational Linguistics (Volume 1: Long Papers), pages 7544–7565”。
原文摘要依据：“Large Language Models (LLMs) have driven substantial progress in artificial intelligence in recent years, exhibiting impressive capabilities across a wide range of tasks, including mathematical proble”。"
Xueliang Zhao,67,是,待核验,"论文信息汇总.csv 序67：摘要、研究内容、创新点；内容仅据摘要/Introduction归纳。
PDF：港大/Kong, Lingpeng/论文/2024_BBA_ Bi-Modal Behavioral Alignment for Reasoning with Large Vision-Language Models.pdf；第1页标题、作者单位与摘要；Introduction在已保存前3页内。
https://aclanthology.org/2024.findings-acl.433/；访问2026-09-17；ACL作者顺序、发表信息与摘要。
CV：https://ikekonglp.github.io/lingpenk_cv.pdf；第8页；版本2026-01-27。
原文摘要依据：“Multimodal reasoning stands as a pivotal capability for large vision-language models (LVLMs). The integration with Domain-Specific Languages (DSL), offering precise visual representations, equips thes”。"
Xueliang Zhao,71,是,待核验,"论文信息汇总.csv 序71：摘要、研究内容、创新点；内容仅据摘要/Introduction归纳。
仅取得可靠元数据或摘要；未取得可读全文。
https://arxiv.org/abs/2305.16366；访问2026-09-17；arXiv作者顺序和摘要。
CV：https://ikekonglp.github.io/lingpenk_cv.pdf；第8页；版本2026-01-27。
原文摘要依据：“Large language models~(LLMs) present an intriguing avenue of exploration in the domain of formal theorem proving. Nonetheless, the full utilization of these models, particularly in terms of demonstrat”。"
Xueliang Zhao,146,是,否,"论文信息汇总.csv 序146：摘要、研究内容、创新点；内容仅据摘要/Introduction归纳。
PDF：港大/Kong, Lingpeng/论文/2024_SubgoalXL_ Subgoal-based Expert Learning for Theorem Proving.pdf；第1页标题、作者单位与摘要；Introduction在已保存前3页内。
https://arxiv.org/abs/2408.11172；访问2026-09-17；arXiv作者顺序和摘要。
原文摘要依据：“Formal theorem proving, a field at the intersection of mathematics and computer science, has seen renewed interest with advancements in large language models (LLMs). This paper introduces SubgoalXL, a”。"
Xueliang Zhao,25,是,是,"论文信息汇总.csv 序25：摘要、研究内容、创新点；内容仅据摘要/Introduction归纳。
PDF：港大/Kong, Lingpeng/论文/2025_DynaAct_ Large Language Model Reasoning with Dynamic Action Spaces.pdf；第1页标题、作者单位与摘要；Introduction在已保存前3页内。
https://arxiv.org/abs/2511.08043；访问2026-09-17；arXiv作者顺序和摘要。
CV：https://ikekonglp.github.io/lingpenk_cv.pdf；第5页；版本2026-01-27。
原文摘要依据：“In modern sequential decision-making systems, the construction of an optimal candidate action space is critical to efficient inference. However, existing approaches either rely on manually defined act”。"
Xueliang Zhao,34,是,是,"论文信息汇总.csv 序34：摘要、研究内容、创新点；内容仅据摘要/Introduction归纳。
PDF：港大/Kong, Lingpeng/论文/2025_PromptCoT_ Synthesizing Olympiad-level Problems for Mathematical Reasoning in Large Language Models.pdf；第1页标题、作者单位与摘要；Introduction在已保存前3页内。
https://aclanthology.org/2025.findings-acl.935/；访问2026-09-17；ACL作者顺序、发表信息与摘要。
CV：https://ikekonglp.github.io/lingpenk_cv.pdf；第5页；版本2026-01-27。
原文摘要依据：“The ability of large language models to solve complex mathematical problems has progressed significantly, particularly for tasks requiring advanced reasoning. However, the scarcity of sufficiently cha”。"
Xueliang Zhao,48,是,是,"论文信息汇总.csv 序48：摘要、研究内容、创新点；内容仅据摘要/Introduction归纳。
PDF：港大/Kong, Lingpeng/论文/2025_Forewarned is Forearmed_ Harnessing LLMs for Data Synthesis via Failure-induced Exploration.pdf；第1页标题、作者单位与摘要；Introduction在已保存前3页内。
https://arxiv.org/abs/2410.16736；访问2026-09-17；arXiv作者顺序和摘要。
CV：https://ikekonglp.github.io/lingpenk_cv.pdf；第7页；版本2026-01-27。
原文摘要依据：“Large language models (LLMs) have significantly benefited from training on diverse, high-quality task-specific data, leading to impressive performance across a range of downstream applications. Curren”。"
Xueliang Zhao,153,是,是,"论文信息汇总.csv 序153：摘要、研究内容、创新点；内容仅据摘要/Introduction归纳。
PDF：港大/Kong, Lingpeng/论文/2025_Scaling Reasoning without Attention.pdf；第1页标题、作者单位与摘要；Introduction在已保存前3页内。
https://arxiv.org/abs/2505.22425；访问2026-09-17；arXiv作者顺序和摘要。
原文摘要依据：“Large language models (LLMs) have made significant advances in complex reasoning tasks, yet they remain bottlenecked by two core challenges: architectural inefficiency due to reliance on Transformers,”。"
Xueliang Zhao,155,是,待核验,"论文信息汇总.csv 序155：摘要、研究内容、创新点；内容仅据摘要/Introduction归纳。
PDF：港大/Kong, Lingpeng/论文/2025_Dream-Coder 7B_ An Open Diffusion Language Model for Code.pdf；第1页标题、作者单位与摘要；Introduction在已保存前3页内。
https://arxiv.org/abs/2509.01142；访问2026-09-17；arXiv作者顺序和摘要。
原文摘要依据：“We present Dream-Coder 7B, an open-source discrete diffusion language model for code generation that exhibits emergent any-order generation capabilities. Unlike traditional autoregressive (AR) models ”。"
Xueliang Zhao,157,是,是,"论文信息汇总.csv 序157：摘要、研究内容、创新点；内容仅据摘要/Introduction归纳。
PDF：港大/Kong, Lingpeng/论文/2025_PromptCoT 2.0_ Scaling Prompt Synthesis for Large Language Model Reasoning.pdf；第1页标题、作者单位与摘要；Introduction在已保存前3页内。
https://arxiv.org/abs/2509.19894；访问2026-09-17；arXiv作者顺序和摘要。
原文摘要依据：“Large language models (LLMs) are evolving from conversational systems into strong reasoners for tasks such as Olympiad mathematics and competitive programming. While scaling parameters and test-time c”。"
Xueliang Zhao,174,是,是,"论文信息汇总.csv 序174：摘要、研究内容、创新点；内容仅据摘要/Introduction归纳。
PDF：港大/Kong, Lingpeng/论文/2026_DreamReasoner-8B_ Block-Size Curriculum Learning for Diffusion Reasoning Models.pdf；第1页标题、作者单位与摘要；Introduction在已保存前3页内。
https://arxiv.org/abs/2606.19257；访问2026-09-17；arXiv作者顺序和摘要。
原文摘要依据：“Block diffusion language models accelerate decoding through parallel block-wise denoising, yet whether they can be reliably scaled for long chain-of-thought (CoT) reasoning remains unresolved. To this”。"
Wei Wu（论文 #25，身份待核验）,25,是,是,"论文信息汇总.csv 序25：摘要、研究内容、创新点；内容仅据摘要/Introduction归纳。
PDF：港大/Kong, Lingpeng/论文/2025_DynaAct_ Large Language Model Reasoning with Dynamic Action Spaces.pdf；第1页标题、作者单位与摘要；Introduction在已保存前3页内。
https://arxiv.org/abs/2511.08043；访问2026-09-17；arXiv作者顺序和摘要。
CV：https://ikekonglp.github.io/lingpenk_cv.pdf；第5页；版本2026-01-27。
原文摘要依据：“In modern sequential decision-making systems, the construction of an optimal candidate action space is critical to efficient inference. However, existing approaches either rely on manually defined act”。"
Wei Wu（论文 #34，身份待核验）,34,是,是,"论文信息汇总.csv 序34：摘要、研究内容、创新点；内容仅据摘要/Introduction归纳。
PDF：港大/Kong, Lingpeng/论文/2025_PromptCoT_ Synthesizing Olympiad-level Problems for Mathematical Reasoning in Large Language Models.pdf；第1页标题、作者单位与摘要；Introduction在已保存前3页内。
https://aclanthology.org/2025.findings-acl.935/；访问2026-09-17；ACL作者顺序、发表信息与摘要。
CV：https://ikekonglp.github.io/lingpenk_cv.pdf；第5页；版本2026-01-27。
原文摘要依据：“The ability of large language models to solve complex mathematical problems has progressed significantly, particularly for tasks requiring advanced reasoning. However, the scarcity of sufficiently cha”。"
Wei Wu（论文 #153，身份待核验）,153,是,是,"论文信息汇总.csv 序153：摘要、研究内容、创新点；内容仅据摘要/Introduction归纳。
PDF：港大/Kong, Lingpeng/论文/2025_Scaling Reasoning without Attention.pdf；第1页标题、作者单位与摘要；Introduction在已保存前3页内。
https://arxiv.org/abs/2505.22425；访问2026-09-17；arXiv作者顺序和摘要。
原文摘要依据：“Large language models (LLMs) have made significant advances in complex reasoning tasks, yet they remain bottlenecked by two core challenges: architectural inefficiency due to reliance on Transformers,”。"
Wei Wu（论文 #157，身份待核验）,157,是,是,"论文信息汇总.csv 序157：摘要、研究内容、创新点；内容仅据摘要/Introduction归纳。
PDF：港大/Kong, Lingpeng/论文/2025_PromptCoT 2.0_ Scaling Prompt Synthesis for Large Language Model Reasoning.pdf；第1页标题、作者单位与摘要；Introduction在已保存前3页内。
https://arxiv.org/abs/2509.19894；访问2026-09-17；arXiv作者顺序和摘要。
原文摘要依据：“Large language models (LLMs) are evolving from conversational systems into strong reasoners for tasks such as Olympiad mathematics and competitive programming. While scaling parameters and test-time c”。"
Jian Guan（论文 #25，身份待核验）,25,是,是,"论文信息汇总.csv 序25：摘要、研究内容、创新点；内容仅据摘要/Introduction归纳。
PDF：港大/Kong, Lingpeng/论文/2025_DynaAct_ Large Language Model Reasoning with Dynamic Action Spaces.pdf；第1页标题、作者单位与摘要；Introduction在已保存前3页内。
https://arxiv.org/abs/2511.08043；访问2026-09-17；arXiv作者顺序和摘要。
CV：https://ikekonglp.github.io/lingpenk_cv.pdf；第5页；版本2026-01-27。
原文摘要依据：“In modern sequential decision-making systems, the construction of an optimal candidate action space is critical to efficient inference. However, existing approaches either rely on manually defined act”。"
Jian Guan（论文 #34，身份待核验）,34,是,是,"论文信息汇总.csv 序34：摘要、研究内容、创新点；内容仅据摘要/Introduction归纳。
PDF：港大/Kong, Lingpeng/论文/2025_PromptCoT_ Synthesizing Olympiad-level Problems for Mathematical Reasoning in Large Language Models.pdf；第1页标题、作者单位与摘要；Introduction在已保存前3页内。
https://aclanthology.org/2025.findings-acl.935/；访问2026-09-17；ACL作者顺序、发表信息与摘要。
CV：https://ikekonglp.github.io/lingpenk_cv.pdf；第5页；版本2026-01-27。
原文摘要依据：“The ability of large language models to solve complex mathematical problems has progressed significantly, particularly for tasks requiring advanced reasoning. However, the scarcity of sufficiently cha”。"
Jian Guan（论文 #157，身份待核验）,157,是,是,"论文信息汇总.csv 序157：摘要、研究内容、创新点；内容仅据摘要/Introduction归纳。
PDF：港大/Kong, Lingpeng/论文/2025_PromptCoT 2.0_ Scaling Prompt Synthesis for Large Language Model Reasoning.pdf；第1页标题、作者单位与摘要；Introduction在已保存前3页内。
https://arxiv.org/abs/2509.19894；访问2026-09-17；arXiv作者顺序和摘要。
原文摘要依据：“Large language models (LLMs) are evolving from conversational systems into strong reasoners for tasks such as Olympiad mathematics and competitive programming. While scaling parameters and test-time c”。"
Chenxin An,100,否,待核验,"论文信息汇总.csv 序100：摘要、研究内容、创新点；内容仅据摘要/Introduction归纳。
PDF：港大/Kong, Lingpeng/论文/2022_CoNT_ Contrastive Neural Text Generation.pdf；第1页标题、作者单位与摘要；Introduction在已保存前3页内。
https://arxiv.org/abs/2205.14690；访问2026-09-17；arXiv作者顺序和摘要。
CV：https://ikekonglp.github.io/lingpenk_cv.pdf；第10页；版本2026-01-27。
原文摘要依据：“Recently, contrastive learning attracts increasing interests in neural text generation as a new solution to alleviate the exposure bias problem. It introduces a sequence-level training signal which is”。"
Chenxin An,136,是,待核验,"论文信息汇总.csv 序136：摘要、研究内容、创新点；内容仅据摘要/Introduction归纳。
PDF：港大/Kong, Lingpeng/论文/2023_Optimizing Non-Autoregressive Transformers with Contrastive Learning.pdf；第1页标题、作者单位与摘要；Introduction在已保存前3页内。
https://arxiv.org/abs/2305.13667；访问2026-09-17；arXiv作者顺序和摘要。
原文摘要依据：“Non-autoregressive Transformers (NATs) reduce the inference latency of Autoregressive Transformers (ATs) by predicting words all at once rather than in sequential order. They have achieved remarkable ”。"
Chenxin An,61,否,待核验,"论文信息汇总.csv 序61：摘要、研究内容、创新点；内容仅据摘要/Introduction归纳。
PDF：港大/Kong, Lingpeng/论文/2024_L-Eval_ Instituting Standardized Evaluation for Long Context Language Models.pdf；第1页标题、作者单位与摘要；Introduction在已保存前3页内。
https://aclanthology.org/2024.acl-long.776/；访问2026-09-17；ACL作者顺序、发表信息与摘要。
CV：https://ikekonglp.github.io/lingpenk_cv.pdf；第8页；版本2026-01-27。
PDF发表标记：“Proceedings of the 62nd Annual Meeting of the Association for Computational Linguistics (Volume 1: Long Papers), pages 14388–14411”。
原文摘要依据：“Recently, there has been growing interest in long-context scaling of large language models (LLMs). To facilitate research in this field, we propose L-Eval to institute a more standardized evaluation f”。"
Chenxin An,70,是,待核验,"论文信息汇总.csv 序70：摘要、研究内容、创新点；内容仅据摘要/Introduction归纳。
PDF：港大/Kong, Lingpeng/论文/2024_Training- Free Long-Context Scaling of Large Language Models.pdf；第1页标题、作者单位与摘要；Introduction在已保存前3页内。
https://arxiv.org/abs/2402.17463；访问2026-09-17；arXiv作者顺序和摘要。
CV：https://ikekonglp.github.io/lingpenk_cv.pdf；第8页；版本2026-01-27。
PDF发表标记：“Proceedings of the 41 st International Conference on Machine            tion indices or increasing the base frequency in RoPE (Su”。
原文摘要依据：“The ability of Large Language Models (LLMs) to process and generate coherent text is markedly weakened when the number of input tokens exceeds their pretraining length. Given the expensive overhead of”。"
Chenxin An,26,是,待核验,"论文信息汇总.csv 序26：摘要、研究内容、创新点；内容仅据摘要/Introduction归纳。
仅取得可靠元数据或摘要；未取得可读全文。
https://aclanthology.org/2025.emnlp-main.1751/；访问2026-09-17；ACL作者顺序、发表信息与摘要。
CV：https://ikekonglp.github.io/lingpenk_cv.pdf；第5页；版本2026-01-27。
原文摘要依据：“Reasoning models have demonstrated remarkable performance on complex tasks by generating long reasoning traces prior to producing final answers. However, previous research on long-context scaling in l”。"
Chenxin An,38,否,待核验,"论文信息汇总.csv 序38：摘要、研究内容、创新点；内容仅据摘要/Introduction归纳。
PDF：港大/Kong, Lingpeng/论文/2025_VL-RewardBench_ A Challenging Benchmark for Vision-Language Generative Reward Models.pdf；第1页标题、作者单位与摘要；Introduction在已保存前3页内。
https://arxiv.org/abs/2411.17451；访问2026-09-17；arXiv作者顺序和摘要。
CV：https://ikekonglp.github.io/lingpenk_cv.pdf；第6页；版本2026-01-27。
原文摘要依据：“Vision-language generative reward models (VL-GenRMs) play a crucial role in aligning and evaluating multimodal AI systems, yet their own evaluation remains under-explored. Current assessment methods p”。"
Chenxin An,40,否,待核验,"论文信息汇总.csv 序40：摘要、研究内容、创新点；内容仅据摘要/Introduction归纳。
仅取得可靠元数据或摘要；未取得可读全文。
https://arxiv.org/abs/2410.06166；访问2026-09-17；arXiv作者顺序和摘要。
CV：https://ikekonglp.github.io/lingpenk_cv.pdf；第6页；版本2026-01-27。
原文摘要依据：“Video Large Language Models (Video LLMs) have shown promising capabilities in video comprehension, yet they struggle with tracking temporal changes and reasoning about temporal relationships. While pr”。"
Chenxin An,46,是,待核验,"论文信息汇总.csv 序46：摘要、研究内容、创新点；内容仅据摘要/Introduction归纳。
PDF：港大/Kong, Lingpeng/论文/2025_Why Does the Effective Context Length of LLMs Fall Short_.pdf；第1页标题、作者单位与摘要；Introduction在已保存前3页内。
https://arxiv.org/abs/2410.18745；访问2026-09-17；arXiv作者顺序和摘要。
CV：https://ikekonglp.github.io/lingpenk_cv.pdf；第6页；版本2026-01-27。
原文摘要依据：“Advancements in distributed training and efficient attention mechanisms have significantly expanded the context window sizes of large language models (LLMs). However, recent work reveals that the effe”。"
Chenxin An,47,是,待核验,"论文信息汇总.csv 序47：摘要、研究内容、创新点；内容仅据摘要/Introduction归纳。
PDF：港大/Kong, Lingpeng/论文/2025_Scaling Diffusion Language Models via Adaptation from Autoregressive Models.pdf；第1页标题、作者单位与摘要；Introduction在已保存前3页内。
https://arxiv.org/abs/2410.17891；访问2026-09-17；arXiv作者顺序和摘要。
CV：https://ikekonglp.github.io/lingpenk_cv.pdf；第6页；版本2026-01-27。
PDF发表标记：“Published as a conference paper at ICLR 2025”。
原文摘要依据：“Diffusion Language Models (DLMs) have emerged as a promising new paradigm for text generative modeling, potentially addressing limitations of autoregressive (AR) models. However, current DLMs have bee”。"
Chenxin An,168,否,待核验,"论文信息汇总.csv 序168：摘要、研究内容、创新点；内容仅据摘要/Introduction归纳。
PDF：港大/Kong, Lingpeng/论文/2026_Claw-Eval_ Towards Trustworthy Evaluation of Autonomous Agents.pdf；第1页标题、作者单位与摘要；Introduction在已保存前3页内。
https://arxiv.org/abs/2604.06132；访问2026-09-17；arXiv作者顺序和摘要。
原文摘要依据：“Large language models are increasingly deployed as autonomous agents for multi-step workflows in real-world software environments. However, existing agent benchmarks are limited by trajectory-opaque g”。"
Xiaonan Li（论文 #26，身份待核验）,26,是,待核验,"论文信息汇总.csv 序26：摘要、研究内容、创新点；内容仅据摘要/Introduction归纳。
仅取得可靠元数据或摘要；未取得可读全文。
https://aclanthology.org/2025.emnlp-main.1751/；访问2026-09-17；ACL作者顺序、发表信息与摘要。
CV：https://ikekonglp.github.io/lingpenk_cv.pdf；第5页；版本2026-01-27。
原文摘要依据：“Reasoning models have demonstrated remarkable performance on complex tasks by generating long reasoning traces prior to producing final answers. However, previous research on long-context scaling in l”。"
Xiaonan Li（论文 #149，身份待核验）,149,否,是,"论文信息汇总.csv 序149：摘要、研究内容、创新点；内容仅据摘要/Introduction归纳。
PDF：港大/Kong, Lingpeng/论文/2024_Understanding the Role of LLMs in Multimodal Evaluation Benchmarks.pdf；第1页标题、作者单位与摘要；Introduction在已保存前3页内。
https://arxiv.org/abs/2410.12329；访问2026-09-17；arXiv作者顺序和摘要。
原文摘要依据：“The rapid advancement of Multimodal Large Language Models (MLLMs) has been accompanied by the development of various benchmarks to evaluate their capabilities. However, the true nature of these evalua”。"
Ming Zhong（论文 #26，身份待核验）,26,是,待核验,"论文信息汇总.csv 序26：摘要、研究内容、创新点；内容仅据摘要/Introduction归纳。
仅取得可靠元数据或摘要；未取得可读全文。
https://aclanthology.org/2025.emnlp-main.1751/；访问2026-09-17；ACL作者顺序、发表信息与摘要。
CV：https://ikekonglp.github.io/lingpenk_cv.pdf；第5页；版本2026-01-27。
原文摘要依据：“Reasoning models have demonstrated remarkable performance on complex tasks by generating long reasoning traces prior to producing final answers. However, previous research on long-context scaling in l”。"
Ming Zhong（论文 #46，身份待核验）,46,是,待核验,"论文信息汇总.csv 序46：摘要、研究内容、创新点；内容仅据摘要/Introduction归纳。
PDF：港大/Kong, Lingpeng/论文/2025_Why Does the Effective Context Length of LLMs Fall Short_.pdf；第1页标题、作者单位与摘要；Introduction在已保存前3页内。
https://arxiv.org/abs/2410.18745；访问2026-09-17；arXiv作者顺序和摘要。
CV：https://ikekonglp.github.io/lingpenk_cv.pdf；第6页；版本2026-01-27。
原文摘要依据：“Advancements in distributed training and efficient attention mechanisms have significantly expanded the context window sizes of large language models (LLMs). However, recent work reveals that the effe”。"
Ming Zhong（论文 #61，身份待核验）,61,否,待核验,"论文信息汇总.csv 序61：摘要、研究内容、创新点；内容仅据摘要/Introduction归纳。
PDF：港大/Kong, Lingpeng/论文/2024_L-Eval_ Instituting Standardized Evaluation for Long Context Language Models.pdf；第1页标题、作者单位与摘要；Introduction在已保存前3页内。
https://aclanthology.org/2024.acl-long.776/；访问2026-09-17；ACL作者顺序、发表信息与摘要。
CV：https://ikekonglp.github.io/lingpenk_cv.pdf；第8页；版本2026-01-27。
PDF发表标记：“Proceedings of the 62nd Annual Meeting of the Association for Computational Linguistics (Volume 1: Long Papers), pages 14388–14411”。
原文摘要依据：“Recently, there has been growing interest in long-context scaling of large language models (LLMs). To facilitate research in this field, we propose L-Eval to institute a more standardized evaluation f”。"
Ming Zhong（论文 #97，身份待核验）,97,否,待核验,"论文信息汇总.csv 序97：摘要、研究内容、创新点；内容仅据摘要/Introduction归纳。
仅取得可靠元数据或摘要；未取得可读全文。
https://aclanthology.org/2022.emnlp-main.39/；访问2026-09-17；ACL作者顺序、发表信息与摘要。
CV：https://ikekonglp.github.io/lingpenk_cv.pdf；第10页；版本2026-01-27。
原文摘要依据：“Structured knowledge grounding (SKG) leverages structured knowledge to complete user requests, such as semantic parsing over databases and question answering over knowledge bases. Since the inputs and”。"
Jun Zhang（论文 #26，身份待核验）,26,是,待核验,"论文信息汇总.csv 序26：摘要、研究内容、创新点；内容仅据摘要/Introduction归纳。
仅取得可靠元数据或摘要；未取得可读全文。
https://aclanthology.org/2025.emnlp-main.1751/；访问2026-09-17；ACL作者顺序、发表信息与摘要。
CV：https://ikekonglp.github.io/lingpenk_cv.pdf；第5页；版本2026-01-27。
原文摘要依据：“Reasoning models have demonstrated remarkable performance on complex tasks by generating long reasoning traces prior to producing final answers. However, previous research on long-context scaling in l”。"
Jun Zhang（论文 #46，身份待核验）,46,是,待核验,"论文信息汇总.csv 序46：摘要、研究内容、创新点；内容仅据摘要/Introduction归纳。
PDF：港大/Kong, Lingpeng/论文/2025_Why Does the Effective Context Length of LLMs Fall Short_.pdf；第1页标题、作者单位与摘要；Introduction在已保存前3页内。
https://arxiv.org/abs/2410.18745；访问2026-09-17；arXiv作者顺序和摘要。
CV：https://ikekonglp.github.io/lingpenk_cv.pdf；第6页；版本2026-01-27。
原文摘要依据：“Advancements in distributed training and efficient attention mechanisms have significantly expanded the context window sizes of large language models (LLMs). However, recent work reveals that the effe”。"
Jun Zhang（论文 #61，身份待核验）,61,否,待核验,"论文信息汇总.csv 序61：摘要、研究内容、创新点；内容仅据摘要/Introduction归纳。
PDF：港大/Kong, Lingpeng/论文/2024_L-Eval_ Instituting Standardized Evaluation for Long Context Language Models.pdf；第1页标题、作者单位与摘要；Introduction在已保存前3页内。
https://aclanthology.org/2024.acl-long.776/；访问2026-09-17；ACL作者顺序、发表信息与摘要。
CV：https://ikekonglp.github.io/lingpenk_cv.pdf；第8页；版本2026-01-27。
PDF发表标记：“Proceedings of the 62nd Annual Meeting of the Association for Computational Linguistics (Volume 1: Long Papers), pages 14388–14411”。
原文摘要依据：“Recently, there has been growing interest in long-context scaling of large language models (LLMs). To facilitate research in this field, we propose L-Eval to institute a more standardized evaluation f”。"
Jun Zhang（论文 #70，身份待核验）,70,是,待核验,"论文信息汇总.csv 序70：摘要、研究内容、创新点；内容仅据摘要/Introduction归纳。
PDF：港大/Kong, Lingpeng/论文/2024_Training- Free Long-Context Scaling of Large Language Models.pdf；第1页标题、作者单位与摘要；Introduction在已保存前3页内。
https://arxiv.org/abs/2402.17463；访问2026-09-17；arXiv作者顺序和摘要。
CV：https://ikekonglp.github.io/lingpenk_cv.pdf；第8页；版本2026-01-27。
PDF发表标记：“Proceedings of the 41 st International Conference on Machine            tion indices or increasing the base frequency in RoPE (Su”。
原文摘要依据：“The ability of Large Language Models (LLMs) to process and generate coherent text is markedly weakened when the number of input tokens exceeds their pretraining length. Given the expensive overhead of”。"
Jun Zhang（论文 #80，身份待核验）,80,是,待核验,"论文信息汇总.csv 序80：摘要、研究内容、创新点；内容仅据摘要/Introduction归纳。
仅取得可靠元数据或摘要；未取得可读全文。
https://arxiv.org/abs/2310.09512；访问2026-09-17；arXiv作者顺序和摘要。
CV：https://ikekonglp.github.io/lingpenk_cv.pdf；第9页；版本2026-01-27。
原文摘要依据：“Autoregressive~(AR) generation almost dominates sequence generation for its efficacy. Recently, non-autoregressive~(NAR) generation gains increasing popularity for its efficiency and growing efficacy.”。"
Jun Zhang（论文 #88，身份待核验）,88,是,是,"论文信息汇总.csv 序88：摘要、研究内容、创新点；内容仅据摘要/Introduction归纳。
PDF：港大/Kong, Lingpeng/论文/2023_CAB_ Comprehensive Attention Benchmarking on Long Sequence Modeling.pdf；第1页标题、作者单位与摘要；Introduction在已保存前3页内。
https://arxiv.org/abs/2210.07661；访问2026-09-17；arXiv作者顺序和摘要。
CV：https://ikekonglp.github.io/lingpenk_cv.pdf；第10页；版本2026-01-27。
PDF发表标记：“Proceedings of the 40 th International Conference on Machine           causality modeling. We present four patterns of attentions,”。
原文摘要依据：“Transformer has achieved remarkable success in language, image, and speech processing. Recently, various efficient attention architectures have been proposed to improve transformer's efficiency while ”。"
Jun Zhang（论文 #134，身份待核验）,134,是,是,"论文信息汇总.csv 序134：摘要、研究内容、创新点；内容仅据摘要/Introduction归纳。
PDF：港大/Kong, Lingpeng/论文/2023_In-Context Learning with Many Demonstration Examples.pdf；第1页标题、作者单位与摘要；Introduction在已保存前3页内。
https://arxiv.org/abs/2302.04931；访问2026-09-17；arXiv作者顺序和摘要。
原文摘要依据：“Large pre-training language models (PLMs) have shown promising in-context learning abilities. However, due to the backbone transformer architecture, existing PLMs are bottlenecked by the memory and co”。"
Jun Zhang（论文 #142，身份待核验）,142,是,待核验,"论文信息汇总.csv 序142：摘要、研究内容、创新点；内容仅据摘要/Introduction归纳。
仅取得可靠元数据或摘要；未取得可读全文。
https://arxiv.org/abs/2312.11135；访问2026-09-17；arXiv作者顺序和摘要。
原文摘要依据：“Efficient attentions have greatly improved the computational efficiency of Transformers. However, most existing linear attention mechanisms suffer from an \emph{efficiency degradation} problem, leadin”。"
Jingjing Xu（论文 #26，身份待核验）,26,是,待核验,"论文信息汇总.csv 序26：摘要、研究内容、创新点；内容仅据摘要/Introduction归纳。
仅取得可靠元数据或摘要；未取得可读全文。
https://aclanthology.org/2025.emnlp-main.1751/；访问2026-09-17；ACL作者顺序、发表信息与摘要。
CV：https://ikekonglp.github.io/lingpenk_cv.pdf；第5页；版本2026-01-27。
原文摘要依据：“Reasoning models have demonstrated remarkable performance on complex tasks by generating long reasoning traces prior to producing final answers. However, previous research on long-context scaling in l”。"
Jingjing Xu（论文 #36，身份待核验）,36,是,否,"论文信息汇总.csv 序36：摘要、研究内容、创新点；内容仅据摘要/Introduction归纳。
PDF：港大/Kong, Lingpeng/论文/2025_Teaching Language Models to Critique via Reinforcement Learning.pdf；第1页标题、作者单位与摘要；Introduction在已保存前3页内。
https://arxiv.org/abs/2502.03492；访问2026-09-17；arXiv作者顺序和摘要。
CV：https://ikekonglp.github.io/lingpenk_cv.pdf；第6页；版本2026-01-27。
PDF发表标记：“Proceedings of the 42 nd International Conference on Machine           ward optimal solution generation through iterative critique-”。
原文摘要依据：“Teaching large language models (LLMs) to critique and refine their outputs is crucial for building systems that can iteratively improve, yet it is fundamentally limited by the ability to provide accur”。"
Jingjing Xu（论文 #46，身份待核验）,46,是,待核验,"论文信息汇总.csv 序46：摘要、研究内容、创新点；内容仅据摘要/Introduction归纳。
PDF：港大/Kong, Lingpeng/论文/2025_Why Does the Effective Context Length of LLMs Fall Short_.pdf；第1页标题、作者单位与摘要；Introduction在已保存前3页内。
https://arxiv.org/abs/2410.18745；访问2026-09-17；arXiv作者顺序和摘要。
CV：https://ikekonglp.github.io/lingpenk_cv.pdf；第6页；版本2026-01-27。
原文摘要依据：“Advancements in distributed training and efficient attention mechanisms have significantly expanded the context window sizes of large language models (LLMs). However, recent work reveals that the effe”。"
Jingjing Xu（论文 #56，身份待核验）,56,否,待核验,"论文信息汇总.csv 序56：摘要、研究内容、创新点；内容仅据摘要/Introduction归纳。
PDF：港大/Kong, Lingpeng/论文/2024_Empowering Large Language Model Agents through Action Learning.pdf；第1页标题、作者单位与摘要；Introduction在已保存前3页内。
https://arxiv.org/abs/2402.15809；访问2026-09-17；arXiv作者顺序和摘要。
CV：https://ikekonglp.github.io/lingpenk_cv.pdf；第7页；版本2026-01-27。
原文摘要依据：“Large Language Model (LLM) Agents have recently garnered increasing interest yet they are limited in their ability to learn from trial and error, a key element of intelligent behavior. In this work, w”。"
Jingjing Xu（论文 #65，身份待核验）,65,否,待核验,"论文信息汇总.csv 序65：摘要、研究内容、创新点；内容仅据摘要/Introduction归纳。
仅取得可靠元数据或摘要；未取得可读全文。
https://aclanthology.org/2024.findings-acl.123/；访问2026-09-17；ACL作者顺序、发表信息与摘要。
CV：https://ikekonglp.github.io/lingpenk_cv.pdf；第8页；版本2026-01-27。
原文摘要依据：“With promising yet saturated results in high-resource settings, low-resource datasets have gradually become crucial benchmarks (e.g., BigBench Hard, superGLUE) for evaluating the learning ability of a”。"
Jingjing Xu（论文 #72，身份待核验）,72,否,待核验,"论文信息汇总.csv 序72：摘要、研究内容、创新点；内容仅据摘要/Introduction归纳。
仅取得可靠元数据或摘要；未取得可读全文。
https://aclanthology.org/2024.findings-naacl.176/；访问2026-09-17；ACL作者顺序、发表信息与摘要。
CV：https://ikekonglp.github.io/lingpenk_cv.pdf；第8页；版本2026-01-27。
原文摘要依据：“Large language models (LLMs) have demonstrated remarkable potential in handling multilingual machine translation (MMT). In this paper, we systematically investigate the advantages and challenges of LL”。"
Jingjing Xu（论文 #74，身份待核验）,74,否,待核验,"论文信息汇总.csv 序74：摘要、研究内容、创新点；内容仅据摘要/Introduction归纳。
仅取得可靠元数据或摘要；未取得可读全文。
https://aclanthology.org/2023.emnlp-main.726/；访问2026-09-17；ACL作者顺序、发表信息与摘要。
CV：https://ikekonglp.github.io/lingpenk_cv.pdf；第9页；版本2026-01-27。
原文摘要依据：“Language models (LMs) gradually become general-purpose interfaces in the interactive and embodied world, where the understanding of physical concepts is an essential prerequisite. However, it is uncle”。"
Jingjing Xu（论文 #79，身份待核验）,79,否,待核验,"论文信息汇总.csv 序79：摘要、研究内容、创新点；内容仅据摘要/Introduction归纳。
PDF：港大/Kong, Lingpeng/论文/2023_Statistical Knowledge Assessment for Generative Language Models.pdf；第1页标题、作者单位与摘要；Introduction在已保存前3页内。
https://arxiv.org/abs/2305.10519；访问2026-09-17；arXiv作者顺序和摘要。
CV：https://ikekonglp.github.io/lingpenk_cv.pdf；第9页；版本2026-01-27。
原文摘要依据：“Given varying prompts regarding a factoid question, can a large language model (LLM) reliably generate factually correct answers? Existing LLMs may generate distinct responses for different prompts. I”。"
Jingjing Xu（论文 #83，身份待核验）,83,否,待核验,"论文信息汇总.csv 序83：摘要、研究内容、创新点；内容仅据摘要/Introduction归纳。
PDF：港大/Kong, Lingpeng/论文/2023_Lego-MT_ Learning Detachable Models for Massively Multilingual Machine Translation.pdf；第1页标题、作者单位与摘要；Introduction在已保存前3页内。
https://aclanthology.org/2023.findings-acl.731/；访问2026-09-17；ACL作者顺序、发表信息与摘要。
CV：https://ikekonglp.github.io/lingpenk_cv.pdf；第9页；版本2026-01-27。
原文摘要依据：“Multilingual neural machine translation (MNMT) aims to build a unified model for many language directions. Existing monolithic models for MNMT encounter two challenges: parameter interference among la”。"
Jingjing Xu（论文 #84，身份待核验）,84,否,待核验,"论文信息汇总.csv 序84：摘要、研究内容、创新点；内容仅据摘要/Introduction归纳。
PDF：港大/Kong, Lingpeng/论文/2023_INK_ Injecting kNN Knowledge in Nearest Neighbor Machine Translation.pdf；第1页标题、作者单位与摘要；Introduction在已保存前3页内。
https://aclanthology.org/2023.acl-long.888/；访问2026-09-17；ACL作者顺序、发表信息与摘要。
CV：https://ikekonglp.github.io/lingpenk_cv.pdf；第9页；版本2026-01-27。
原文摘要依据：“Neural machine translation has achieved promising results on many translation tasks. However, previous studies have shown that neural models induce a non-smooth representation space, which harms its g”。"
Jingjing Xu（论文 #137，身份待核验）,137,否,待核验,"论文信息汇总.csv 序137：摘要、研究内容、创新点；内容仅据摘要/Introduction归纳。
PDF：港大/Kong, Lingpeng/论文/2023_M$^3$IT_ A Large-Scale Dataset towards Multi-Modal Multilingual Instruction Tuning.pdf；第1页标题、作者单位与摘要；Introduction在已保存前3页内。
https://arxiv.org/abs/2306.04387；访问2026-09-17；arXiv作者顺序和摘要。
原文摘要依据：“Instruction tuning has significantly advanced large language models (LLMs) such as ChatGPT, enabling them to align with human instructions across diverse tasks. However, progress in open vision-langua”。"
Jingjing Xu（论文 #139，身份待核验）,139,否,待核验,"论文信息汇总.csv 序139：摘要、研究内容、创新点；内容仅据摘要/Introduction归纳。
仅取得可靠元数据或摘要；未取得可读全文。
https://arxiv.org/abs/2308.04948；访问2026-09-17；arXiv作者顺序和摘要。
原文摘要依据：“Existing large language models show disparate capability across different languages, due to the imbalance in the training data. Their performances on English tasks are often stronger than on tasks of ”。"
Jianghan Shen（论文 #29，身份待核验）,29,否,否,"论文信息汇总.csv 序29：摘要、研究内容、创新点；内容仅据摘要/Introduction归纳。
PDF：港大/Kong, Lingpeng/论文/2025_UNComp_ Can Matrix Entropy Uncover Sparsity_ — A Compressor Design from an Uncertainty-Aware Perspective.pdf；第1页标题、作者单位与摘要；Introduction在已保存前3页内。
https://aclanthology.org/2025.emnlp-main.209/；访问2026-09-17；ACL作者顺序、发表信息与摘要。
CV：https://ikekonglp.github.io/lingpenk_cv.pdf；第5页；版本2026-01-27。
PDF发表标记：“Proceedings of the 2025 Conference on Empirical Methods in Natural Language Processing, pages 4179–4199”。
原文摘要依据：“Deploying large language models (LLMs) for long-context inference remains challenging due to their substantial memory and computational demands. While techniques such as Key-Value (KV) cache compressi”。"
Jianghan Shen（论文 #37，身份待核验）,37,否,待核验,"论文信息汇总.csv 序37：摘要、研究内容、创新点；内容仅据摘要/Introduction归纳。
仅取得可靠元数据或摘要；未取得可读全文。
https://arxiv.org/abs/2502.14317；访问2026-09-17；arXiv作者顺序和摘要。
CV：https://ikekonglp.github.io/lingpenk_cv.pdf；第6页；版本2026-01-27。
原文摘要依据：“Extrapolating ultra-long contexts (text length >128K) remains a major challenge for large language models (LLMs), as most training-free extrapolation methods are not only severely limited by memory bo”。"
Jianqiao Lu（论文 #29，身份待核验）,29,否,否,"论文信息汇总.csv 序29：摘要、研究内容、创新点；内容仅据摘要/Introduction归纳。
PDF：港大/Kong, Lingpeng/论文/2025_UNComp_ Can Matrix Entropy Uncover Sparsity_ — A Compressor Design from an Uncertainty-Aware Perspective.pdf；第1页标题、作者单位与摘要；Introduction在已保存前3页内。
https://aclanthology.org/2025.emnlp-main.209/；访问2026-09-17；ACL作者顺序、发表信息与摘要。
CV：https://ikekonglp.github.io/lingpenk_cv.pdf；第5页；版本2026-01-27。
PDF发表标记：“Proceedings of the 2025 Conference on Empirical Methods in Natural Language Processing, pages 4179–4199”。
原文摘要依据：“Deploying large language models (LLMs) for long-context inference remains challenging due to their substantial memory and computational demands. While techniques such as Key-Value (KV) cache compressi”。"
Jianqiao Lu（论文 #147，身份待核验）,147,否,否,"论文信息汇总.csv 序147：摘要、研究内容、创新点；内容仅据摘要/Introduction归纳。
PDF：港大/Kong, Lingpeng/论文/2024_UncertaintyRAG_ Span-Level Uncertainty Enhanced Long-Context Modeling for Retrieval-Augmented Generation.pdf；第1页标题、作者单位与摘要；Introduction在已保存前3页内。
https://arxiv.org/abs/2410.02719；访问2026-09-17；arXiv作者顺序和摘要。
原文摘要依据：“We present UncertaintyRAG, a novel approach for long-context Retrieval-Augmented Generation (RAG) that utilizes Signal-to-Noise Ratio (SNR)-based span uncertainty to estimate similarity between text c”。"
Xun Wu（论文 #29，身份待核验）,29,否,否,"论文信息汇总.csv 序29：摘要、研究内容、创新点；内容仅据摘要/Introduction归纳。
PDF：港大/Kong, Lingpeng/论文/2025_UNComp_ Can Matrix Entropy Uncover Sparsity_ — A Compressor Design from an Uncertainty-Aware Perspective.pdf；第1页标题、作者单位与摘要；Introduction在已保存前3页内。
https://aclanthology.org/2025.emnlp-main.209/；访问2026-09-17；ACL作者顺序、发表信息与摘要。
CV：https://ikekonglp.github.io/lingpenk_cv.pdf；第5页；版本2026-01-27。
PDF发表标记：“Proceedings of the 2025 Conference on Empirical Methods in Natural Language Processing, pages 4179–4199”。
原文摘要依据：“Deploying large language models (LLMs) for long-context inference remains challenging due to their substantial memory and computational demands. While techniques such as Key-Value (KV) cache compressi”。"
Xun Wu（论文 #147，身份待核验）,147,否,否,"论文信息汇总.csv 序147：摘要、研究内容、创新点；内容仅据摘要/Introduction归纳。
PDF：港大/Kong, Lingpeng/论文/2024_UncertaintyRAG_ Span-Level Uncertainty Enhanced Long-Context Modeling for Retrieval-Augmented Generation.pdf；第1页标题、作者单位与摘要；Introduction在已保存前3页内。
https://arxiv.org/abs/2410.02719；访问2026-09-17；arXiv作者顺序和摘要。
原文摘要依据：“We present UncertaintyRAG, a novel approach for long-context Retrieval-Augmented Generation (RAG) that utilizes Signal-to-Noise Ratio (SNR)-based span uncertainty to estimate similarity between text c”。"
Min Yang（论文 #29，身份待核验）,29,否,否,"论文信息汇总.csv 序29：摘要、研究内容、创新点；内容仅据摘要/Introduction归纳。
PDF：港大/Kong, Lingpeng/论文/2025_UNComp_ Can Matrix Entropy Uncover Sparsity_ — A Compressor Design from an Uncertainty-Aware Perspective.pdf；第1页标题、作者单位与摘要；Introduction在已保存前3页内。
https://aclanthology.org/2025.emnlp-main.209/；访问2026-09-17；ACL作者顺序、发表信息与摘要。
CV：https://ikekonglp.github.io/lingpenk_cv.pdf；第5页；版本2026-01-27。
PDF发表标记：“Proceedings of the 2025 Conference on Empirical Methods in Natural Language Processing, pages 4179–4199”。
原文摘要依据：“Deploying large language models (LLMs) for long-context inference remains challenging due to their substantial memory and computational demands. While techniques such as Key-Value (KV) cache compressi”。"
Min Yang（论文 #156，身份待核验）,156,否,待核验,"论文信息汇总.csv 序156：摘要、研究内容、创新点；内容仅据摘要/Introduction归纳。
仅取得可靠元数据或摘要；未取得可读全文。
https://arxiv.org/abs/2509.07403；访问2026-09-17；arXiv作者顺序和摘要。
原文摘要依据：“Large language models (LLMs) have made significant progress in Emotional Intelligence (EI) and long-context modeling. However, existing benchmarks often overlook the fact that emotional information pr”。"
Min Yang（论文 #160，身份待核验）,160,否,否,"论文信息汇总.csv 序160：摘要、研究内容、创新点；内容仅据摘要/Introduction归纳。
PDF：港大/Kong, Lingpeng/论文/2025_DoPE_ Denoising Rotary Position Embedding.pdf；第1页标题、作者单位与摘要；Introduction在已保存前3页内。
https://arxiv.org/abs/2511.09146；访问2026-09-17；arXiv作者顺序和摘要。
原文摘要依据：“Positional encoding is essential for large language models (LLMs) to represent sequence order, yet recent studies show that Rotary Position Embedding (RoPE) can induce massive activation. We investiga”。"
Qinghang Bao（论文 #30，身份待核验）,30,否,待核验,"论文信息汇总.csv 序30：摘要、研究内容、创新点；内容仅据摘要/Introduction归纳。
PDF：港大/Kong, Lingpeng/论文/2025_Developing and Utilizing a Large-Scale Cantonese Dataset for Multi-Tasking in Large Language Models.pdf；第1页标题、作者单位与摘要；Introduction在已保存前3页内。
https://aclanthology.org/2025.findings-emnlp.102/；访问2026-09-17；ACL作者顺序、发表信息与摘要。
CV：https://ikekonglp.github.io/lingpenk_cv.pdf；第5页；版本2026-01-27。
原文摘要依据：“High-quality data resources play a crucial role in learning large language models (LLMs), particularly for low-resource languages like Cantonese. Despite having more than 85 million native speakers, C”。"
Qinghang Bao（论文 #51，身份待核验）,51,否,待核验,"论文信息汇总.csv 序51：摘要、研究内容、创新点；内容仅据摘要/Introduction归纳。
PDF：港大/Kong, Lingpeng/论文/2025_How Well Do LLMs Handle Cantonese_ Benchmarking Cantonese Capabilities of Large Language Models.pdf；第1页标题、作者单位与摘要；Introduction在已保存前3页内。
https://aclanthology.org/2025.findings-naacl.253/；访问2026-09-17；ACL作者顺序、发表信息与摘要。
CV：https://ikekonglp.github.io/lingpenk_cv.pdf；第7页；版本2026-01-27。
原文摘要依据：“The rapid evolution of large language models (LLMs) has transformed the competitive landscape in natural language processing (NLP), particularly for English and other data-rich languages. However, und”。"
Yu Li（论文 #30，身份待核验）,30,否,待核验,"论文信息汇总.csv 序30：摘要、研究内容、创新点；内容仅据摘要/Introduction归纳。
PDF：港大/Kong, Lingpeng/论文/2025_Developing and Utilizing a Large-Scale Cantonese Dataset for Multi-Tasking in Large Language Models.pdf；第1页标题、作者单位与摘要；Introduction在已保存前3页内。
https://aclanthology.org/2025.findings-emnlp.102/；访问2026-09-17；ACL作者顺序、发表信息与摘要。
CV：https://ikekonglp.github.io/lingpenk_cv.pdf；第5页；版本2026-01-27。
原文摘要依据：“High-quality data resources play a crucial role in learning large language models (LLMs), particularly for low-resource languages like Cantonese. Despite having more than 85 million native speakers, C”。"
Yu Li（论文 #51，身份待核验）,51,否,待核验,"论文信息汇总.csv 序51：摘要、研究内容、创新点；内容仅据摘要/Introduction归纳。
PDF：港大/Kong, Lingpeng/论文/2025_How Well Do LLMs Handle Cantonese_ Benchmarking Cantonese Capabilities of Large Language Models.pdf；第1页标题、作者单位与摘要；Introduction在已保存前3页内。
https://aclanthology.org/2025.findings-naacl.253/；访问2026-09-17；ACL作者顺序、发表信息与摘要。
CV：https://ikekonglp.github.io/lingpenk_cv.pdf；第7页；版本2026-01-27。
原文摘要依据：“The rapid evolution of large language models (LLMs) has transformed the competitive landscape in natural language processing (NLP), particularly for English and other data-rich languages. However, und”。"
Yu Li（论文 #145，身份待核验）,145,否,待核验,"论文信息汇总.csv 序145：摘要、研究内容、创新点；内容仅据摘要/Introduction归纳。
PDF：港大/Kong, Lingpeng/论文/2024_Data Augmentation of Multi-turn Psychological Dialogue via Knowledge-driven Progressive Thought Prompting.pdf；第1页标题、作者单位与摘要；Introduction在已保存前3页内。
https://arxiv.org/abs/2406.16567；访问2026-09-17；arXiv作者顺序和摘要。
原文摘要依据：“Existing dialogue data augmentation (DA) techniques predominantly focus on augmenting utterance-level dialogues, which makes it difficult to take dialogue contextual information into account. The adve”。"
Linli Yao（论文 #32，身份待核验）,32,否,待核验,"论文信息汇总.csv 序32：摘要、研究内容、创新点；内容仅据摘要/Introduction归纳。
仅取得可靠元数据或摘要；未取得可读全文。
https://arxiv.org/abs/2504.17343；访问2026-09-17；arXiv作者顺序和摘要。
CV：https://ikekonglp.github.io/lingpenk_cv.pdf；第5页；版本2026-01-27。
原文摘要依据：“The rapid growth of online video platforms, particularly live streaming services, has created an urgent need for real-time video understanding systems. These systems must process continuous video stre”。"
Linli Yao（论文 #40，身份待核验）,40,否,待核验,"论文信息汇总.csv 序40：摘要、研究内容、创新点；内容仅据摘要/Introduction归纳。
仅取得可靠元数据或摘要；未取得可读全文。
https://arxiv.org/abs/2410.06166；访问2026-09-17；arXiv作者顺序和摘要。
CV：https://ikekonglp.github.io/lingpenk_cv.pdf；第6页；版本2026-01-27。
原文摘要依据：“Video Large Language Models (Video LLMs) have shown promising capabilities in video comprehension, yet they struggle with tracking temporal changes and reasoning about temporal relationships. While pr”。"
Linli Yao（论文 #167，身份待核验）,167,否,待核验,"论文信息汇总.csv 序167：摘要、研究内容、创新点；内容仅据摘要/Introduction归纳。
仅取得可靠元数据或摘要；未取得可读全文。
https://arxiv.org/abs/2602.08711；访问2026-09-17；arXiv作者顺序和摘要。
原文摘要依据：“This paper proposes Omni Dense Captioning, a novel task designed to generate continuous, fine-grained, and structured audio-visual narratives with explicit timestamps. To ensure dense semantic coverag”。"
Linli Yao（论文 #168，身份待核验）,168,否,待核验,"论文信息汇总.csv 序168：摘要、研究内容、创新点；内容仅据摘要/Introduction归纳。
PDF：港大/Kong, Lingpeng/论文/2026_Claw-Eval_ Towards Trustworthy Evaluation of Autonomous Agents.pdf；第1页标题、作者单位与摘要；Introduction在已保存前3页内。
https://arxiv.org/abs/2604.06132；访问2026-09-17；arXiv作者顺序和摘要。
原文摘要依据：“Large language models are increasingly deployed as autonomous agents for multi-step workflows in real-world software environments. However, existing agent benchmarks are limited by trajectory-opaque g”。"
Yuancheng Wei（论文 #32，身份待核验）,32,否,待核验,"论文信息汇总.csv 序32：摘要、研究内容、创新点；内容仅据摘要/Introduction归纳。
仅取得可靠元数据或摘要；未取得可读全文。
https://arxiv.org/abs/2504.17343；访问2026-09-17；arXiv作者顺序和摘要。
CV：https://ikekonglp.github.io/lingpenk_cv.pdf；第5页；版本2026-01-27。
原文摘要依据：“The rapid growth of online video platforms, particularly live streaming services, has created an urgent need for real-time video understanding systems. These systems must process continuous video stre”。"
Yuancheng Wei（论文 #38，身份待核验）,38,否,待核验,"论文信息汇总.csv 序38：摘要、研究内容、创新点；内容仅据摘要/Introduction归纳。
PDF：港大/Kong, Lingpeng/论文/2025_VL-RewardBench_ A Challenging Benchmark for Vision-Language Generative Reward Models.pdf；第1页标题、作者单位与摘要；Introduction在已保存前3页内。
https://arxiv.org/abs/2411.17451；访问2026-09-17；arXiv作者顺序和摘要。
CV：https://ikekonglp.github.io/lingpenk_cv.pdf；第6页；版本2026-01-27。
原文摘要依据：“Vision-language generative reward models (VL-GenRMs) play a crucial role in aligning and evaluating multimodal AI systems, yet their own evaluation remains under-explored. Current assessment methods p”。"
Yuancheng Wei（论文 #167，身份待核验）,167,否,待核验,"论文信息汇总.csv 序167：摘要、研究内容、创新点；内容仅据摘要/Introduction归纳。
仅取得可靠元数据或摘要；未取得可读全文。
https://arxiv.org/abs/2602.08711；访问2026-09-17；arXiv作者顺序和摘要。
原文摘要依据：“This paper proposes Omni Dense Captioning, a novel task designed to generate continuous, fine-grained, and structured audio-visual narratives with explicit timestamps. To ensure dense semantic coverag”。"
Lean Wang（论文 #32，身份待核验）,32,否,待核验,"论文信息汇总.csv 序32：摘要、研究内容、创新点；内容仅据摘要/Introduction归纳。
仅取得可靠元数据或摘要；未取得可读全文。
https://arxiv.org/abs/2504.17343；访问2026-09-17；arXiv作者顺序和摘要。
CV：https://ikekonglp.github.io/lingpenk_cv.pdf；第5页；版本2026-01-27。
原文摘要依据：“The rapid growth of online video platforms, particularly live streaming services, has created an urgent need for real-time video understanding systems. These systems must process continuous video stre”。"
Lean Wang（论文 #40，身份待核验）,40,否,待核验,"论文信息汇总.csv 序40：摘要、研究内容、创新点；内容仅据摘要/Introduction归纳。
仅取得可靠元数据或摘要；未取得可读全文。
https://arxiv.org/abs/2410.06166；访问2026-09-17；arXiv作者顺序和摘要。
CV：https://ikekonglp.github.io/lingpenk_cv.pdf；第6页；版本2026-01-27。
原文摘要依据：“Video Large Language Models (Video LLMs) have shown promising capabilities in video comprehension, yet they struggle with tracking temporal changes and reasoning about temporal relationships. While pr”。"
Lei Huang（论文 #35，身份待核验）,35,否,否,"论文信息汇总.csv 序35：摘要、研究内容、创新点；内容仅据摘要/Introduction归纳。
PDF：港大/Kong, Lingpeng/论文/2025_Alleviating Hallucinations from Knowledge Misalignment in Large Language Models via Selective Abstention Learning.pdf；第1页标题、作者单位与摘要；Introduction在已保存前3页内。
https://aclanthology.org/2025.acl-long.1199/；访问2026-09-17；ACL作者顺序、发表信息与摘要。
CV：https://ikekonglp.github.io/lingpenk_cv.pdf；第6页；版本2026-01-27。
PDF发表标记：“Proceedings of the 63rd Annual Meeting of the Association for Computational Linguistics (Volume 1: Long Papers), pages 24564–24579”。
原文摘要依据：“Large language models (LLMs) are known to suffer from severe hallucination issues. One of the main causes lies in the knowledge misalignment between the pre-training stage and the supervised fine-tuni”。"
Lei Huang（论文 #170，身份待核验）,170,是,是,"论文信息汇总.csv 序170：摘要、研究内容、创新点；内容仅据摘要/Introduction归纳。
PDF：港大/Kong, Lingpeng/论文/2026_Stratagem_ Learning Transferable Reasoning via Trajectory-Modulated Game Self-Play.pdf；第1页标题、作者单位与摘要；Introduction在已保存前3页内。
https://aclanthology.org/2026.acl-long.897/；访问2026-09-17；ACL作者顺序、发表信息与摘要。
PDF发表标记：“Proceedings of the 64th Annual Meeting of the Association for Computational Linguistics (Volume 1: Long Papers), pages 19595–19614”。
原文摘要依据：“Games offer a compelling paradigm for developing general reasoning capabilities in language models, as they naturally demand strategic planning, probabilistic inference, and adaptive decision-making. ”。"
Lei Huang（论文 #171，身份待核验）,171,是,是,"论文信息汇总.csv 序171：摘要、研究内容、创新点；内容仅据摘要/Introduction归纳。
PDF：港大/Kong, Lingpeng/论文/2026_SAVOIR_ Learning Social Savoir-Faire via Shapley-based Reward Attribution.pdf；第1页标题、作者单位与摘要；Introduction在已保存前3页内。
https://aclanthology.org/2026.findings-acl.699/；访问2026-09-17；ACL作者顺序、发表信息与摘要。
原文摘要依据：“Social intelligence, the ability to navigate complex interpersonal interactions, presents a fundamental challenge for language agents. Training such agents via reinforcement learning requires solving ”。"
Weitao Ma（论文 #35，身份待核验）,35,否,否,"论文信息汇总.csv 序35：摘要、研究内容、创新点；内容仅据摘要/Introduction归纳。
PDF：港大/Kong, Lingpeng/论文/2025_Alleviating Hallucinations from Knowledge Misalignment in Large Language Models via Selective Abstention Learning.pdf；第1页标题、作者单位与摘要；Introduction在已保存前3页内。
https://aclanthology.org/2025.acl-long.1199/；访问2026-09-17；ACL作者顺序、发表信息与摘要。
CV：https://ikekonglp.github.io/lingpenk_cv.pdf；第6页；版本2026-01-27。
PDF发表标记：“Proceedings of the 63rd Annual Meeting of the Association for Computational Linguistics (Volume 1: Long Papers), pages 24564–24579”。
原文摘要依据：“Large language models (LLMs) are known to suffer from severe hallucination issues. One of the main causes lies in the knowledge misalignment between the pre-training stage and the supervised fine-tuni”。"
Weitao Ma（论文 #169，身份待核验）,169,是,否,"论文信息汇总.csv 序169：摘要、研究内容、创新点；内容仅据摘要/Introduction归纳。
PDF：港大/Kong, Lingpeng/论文/2026_ImplicitMemBench_ Measuring Unconscious Behavioral Adaptation in Large Language Models.pdf；第1页标题、作者单位与摘要；Introduction在已保存前3页内。
https://aclanthology.org/2026.acl-long.1301/；访问2026-09-17；ACL作者顺序、发表信息与摘要。
PDF发表标记：“Proceedings of the 64th Annual Meeting of the Association for Computational Linguistics (Volume 1: Long Papers), pages 28232–28261”。
原文摘要依据：“Existing memory benchmarks for LLM agents evaluate explicit recall of facts, yet overlook implicit memory where experience becomes automated behavior without conscious retrieval. This gap is critical:”。"
Weitao Ma（论文 #170，身份待核验）,170,是,是,"论文信息汇总.csv 序170：摘要、研究内容、创新点；内容仅据摘要/Introduction归纳。
PDF：港大/Kong, Lingpeng/论文/2026_Stratagem_ Learning Transferable Reasoning via Trajectory-Modulated Game Self-Play.pdf；第1页标题、作者单位与摘要；Introduction在已保存前3页内。
https://aclanthology.org/2026.acl-long.897/；访问2026-09-17；ACL作者顺序、发表信息与摘要。
PDF发表标记：“Proceedings of the 64th Annual Meeting of the Association for Computational Linguistics (Volume 1: Long Papers), pages 19595–19614”。
原文摘要依据：“Games offer a compelling paradigm for developing general reasoning capabilities in language models, as they naturally demand strategic planning, probabilistic inference, and adaptive decision-making. ”。"
Weitao Ma（论文 #171，身份待核验）,171,是,是,"论文信息汇总.csv 序171：摘要、研究内容、创新点；内容仅据摘要/Introduction归纳。
PDF：港大/Kong, Lingpeng/论文/2026_SAVOIR_ Learning Social Savoir-Faire via Shapley-based Reward Attribution.pdf；第1页标题、作者单位与摘要；Introduction在已保存前3页内。
https://aclanthology.org/2026.findings-acl.699/；访问2026-09-17；ACL作者顺序、发表信息与摘要。
原文摘要依据：“Social intelligence, the ability to navigate complex interpersonal interactions, presents a fundamental challenge for language agents. Training such agents via reinforcement learning requires solving ”。"
Yangfan Ye（论文 #35，身份待核验）,35,否,否,"论文信息汇总.csv 序35：摘要、研究内容、创新点；内容仅据摘要/Introduction归纳。
PDF：港大/Kong, Lingpeng/论文/2025_Alleviating Hallucinations from Knowledge Misalignment in Large Language Models via Selective Abstention Learning.pdf；第1页标题、作者单位与摘要；Introduction在已保存前3页内。
https://aclanthology.org/2025.acl-long.1199/；访问2026-09-17；ACL作者顺序、发表信息与摘要。
CV：https://ikekonglp.github.io/lingpenk_cv.pdf；第6页；版本2026-01-27。
PDF发表标记：“Proceedings of the 63rd Annual Meeting of the Association for Computational Linguistics (Volume 1: Long Papers), pages 24564–24579”。
原文摘要依据：“Large language models (LLMs) are known to suffer from severe hallucination issues. One of the main causes lies in the knowledge misalignment between the pre-training stage and the supervised fine-tuni”。"
Yangfan Ye（论文 #170，身份待核验）,170,是,是,"论文信息汇总.csv 序170：摘要、研究内容、创新点；内容仅据摘要/Introduction归纳。
PDF：港大/Kong, Lingpeng/论文/2026_Stratagem_ Learning Transferable Reasoning via Trajectory-Modulated Game Self-Play.pdf；第1页标题、作者单位与摘要；Introduction在已保存前3页内。
https://aclanthology.org/2026.acl-long.897/；访问2026-09-17；ACL作者顺序、发表信息与摘要。
PDF发表标记：“Proceedings of the 64th Annual Meeting of the Association for Computational Linguistics (Volume 1: Long Papers), pages 19595–19614”。
原文摘要依据：“Games offer a compelling paradigm for developing general reasoning capabilities in language models, as they naturally demand strategic planning, probabilistic inference, and adaptive decision-making. ”。"
Yangfan Ye（论文 #171，身份待核验）,171,是,是,"论文信息汇总.csv 序171：摘要、研究内容、创新点；内容仅据摘要/Introduction归纳。
PDF：港大/Kong, Lingpeng/论文/2026_SAVOIR_ Learning Social Savoir-Faire via Shapley-based Reward Attribution.pdf；第1页标题、作者单位与摘要；Introduction在已保存前3页内。
https://aclanthology.org/2026.findings-acl.699/；访问2026-09-17；ACL作者顺序、发表信息与摘要。
原文摘要依据：“Social intelligence, the ability to navigate complex interpersonal interactions, presents a fundamental challenge for language agents. Training such agents via reinforcement learning requires solving ”。"
Yifan Song（论文 #38，身份待核验）,38,否,待核验,"论文信息汇总.csv 序38：摘要、研究内容、创新点；内容仅据摘要/Introduction归纳。
PDF：港大/Kong, Lingpeng/论文/2025_VL-RewardBench_ A Challenging Benchmark for Vision-Language Generative Reward Models.pdf；第1页标题、作者单位与摘要；Introduction在已保存前3页内。
https://arxiv.org/abs/2411.17451；访问2026-09-17；arXiv作者顺序和摘要。
CV：https://ikekonglp.github.io/lingpenk_cv.pdf；第6页；版本2026-01-27。
原文摘要依据：“Vision-language generative reward models (VL-GenRMs) play a crucial role in aligning and evaluating multimodal AI systems, yet their own evaluation remains under-explored. Current assessment methods p”。"
Yifan Song（论文 #178，身份待核验）,178,否,待核验,"论文信息汇总.csv 序178：摘要、研究内容、创新点；内容仅据摘要/Introduction归纳。
仅取得可靠元数据或摘要；未取得可读全文。
https://arxiv.org/abs/2608.28378；访问2026-09-17；arXiv作者顺序和摘要。
原文摘要依据：“Large language models are increasingly used as agentic workflow executors, yet existing training data and benchmarks largely assume informationally complete, single-turn queries. Our analysis of 16K r”。"
Peiyi Wang（论文 #38，身份待核验）,38,否,待核验,"论文信息汇总.csv 序38：摘要、研究内容、创新点；内容仅据摘要/Introduction归纳。
PDF：港大/Kong, Lingpeng/论文/2025_VL-RewardBench_ A Challenging Benchmark for Vision-Language Generative Reward Models.pdf；第1页标题、作者单位与摘要；Introduction在已保存前3页内。
https://arxiv.org/abs/2411.17451；访问2026-09-17；arXiv作者顺序和摘要。
CV：https://ikekonglp.github.io/lingpenk_cv.pdf；第6页；版本2026-01-27。
原文摘要依据：“Vision-language generative reward models (VL-GenRMs) play a crucial role in aligning and evaluating multimodal AI systems, yet their own evaluation remains under-explored. Current assessment methods p”。"
Peiyi Wang（论文 #55，身份待核验）,55,否,待核验,"论文信息汇总.csv 序55：摘要、研究内容、创新点；内容仅据摘要/Introduction归纳。
PDF：港大/Kong, Lingpeng/论文/2024_VLFeedback_ A Large-Scale AI Feedback Dataset for Large Vision-Language Models Alignment.pdf；第1页标题、作者单位与摘要；Introduction在已保存前3页内。
https://aclanthology.org/2024.emnlp-main.358/；访问2026-09-17；ACL作者顺序、发表信息与摘要。
CV：https://ikekonglp.github.io/lingpenk_cv.pdf；第7页；版本2026-01-27。
原文摘要依据：“As large vision-language models (LVLMs) evolve rapidly, the demand for high-quality and diverse data to align these models becomes increasingly crucial. However, the creation of such data with human s”。"
Peiyi Wang（论文 #60，身份待核验）,60,否,待核验,"论文信息汇总.csv 序60：摘要、研究内容、创新点；内容仅据摘要/Introduction归纳。
仅取得可靠元数据或摘要；未取得可读全文。
https://aclanthology.org/2024.acl-long.775/；访问2026-09-17；ACL作者顺序、发表信息与摘要。
CV：https://ikekonglp.github.io/lingpenk_cv.pdf；第7页；版本2026-01-27。
原文摘要依据：“Large vision-language models (LVLMs) excel across diverse tasks involving concrete images from natural scenes. However, their ability to interpret abstract figures, such as geometry shapes and scienti”。"
Peiyi Wang（论文 #68，身份待核验）,68,否,待核验,"论文信息汇总.csv 序68：摘要、研究内容、创新点；内容仅据摘要/Introduction归纳。
PDF：港大/Kong, Lingpeng/论文/2024_Large Language Models are not Fair Evaluators.pdf；第1页标题、作者单位与摘要；Introduction在已保存前3页内。
https://aclanthology.org/2024.acl-long.511/；访问2026-09-17；ACL作者顺序、发表信息与摘要。
CV：https://ikekonglp.github.io/lingpenk_cv.pdf；第8页；版本2026-01-27。
PDF发表标记：“Proceedings of the 62nd Annual Meeting of the Association for Computational Linguistics (Volume 1: Long Papers), pages 9440–9450”。
原文摘要依据：“In this paper, we uncover a positional bias in the evaluation paradigm of adopting large language models (LLMs), e.g., GPT-4, as a referee to score and compare the quality of responses generated by ca”。"
Peiyi Wang（论文 #137，身份待核验）,137,否,待核验,"论文信息汇总.csv 序137：摘要、研究内容、创新点；内容仅据摘要/Introduction归纳。
PDF：港大/Kong, Lingpeng/论文/2023_M$^3$IT_ A Large-Scale Dataset towards Multi-Modal Multilingual Instruction Tuning.pdf；第1页标题、作者单位与摘要；Introduction在已保存前3页内。
https://arxiv.org/abs/2306.04387；访问2026-09-17；arXiv作者顺序和摘要。
原文摘要依据：“Instruction tuning has significantly advanced large language models (LLMs) such as ChatGPT, enabling them to align with human instructions across diverse tasks. However, progress in open vision-langua”。"
Tianyu Liu（论文 #38，身份待核验）,38,否,待核验,"论文信息汇总.csv 序38：摘要、研究内容、创新点；内容仅据摘要/Introduction归纳。
PDF：港大/Kong, Lingpeng/论文/2025_VL-RewardBench_ A Challenging Benchmark for Vision-Language Generative Reward Models.pdf；第1页标题、作者单位与摘要；Introduction在已保存前3页内。
https://arxiv.org/abs/2411.17451；访问2026-09-17；arXiv作者顺序和摘要。
CV：https://ikekonglp.github.io/lingpenk_cv.pdf；第6页；版本2026-01-27。
原文摘要依据：“Vision-language generative reward models (VL-GenRMs) play a crucial role in aligning and evaluating multimodal AI systems, yet their own evaluation remains under-explored. Current assessment methods p”。"
Tianyu Liu（论文 #68，身份待核验）,68,否,待核验,"论文信息汇总.csv 序68：摘要、研究内容、创新点；内容仅据摘要/Introduction归纳。
PDF：港大/Kong, Lingpeng/论文/2024_Large Language Models are not Fair Evaluators.pdf；第1页标题、作者单位与摘要；Introduction在已保存前3页内。
https://aclanthology.org/2024.acl-long.511/；访问2026-09-17；ACL作者顺序、发表信息与摘要。
CV：https://ikekonglp.github.io/lingpenk_cv.pdf；第8页；版本2026-01-27。
PDF发表标记：“Proceedings of the 62nd Annual Meeting of the Association for Computational Linguistics (Volume 1: Long Papers), pages 9440–9450”。
原文摘要依据：“In this paper, we uncover a positional bias in the evaluation paradigm of adopting large language models (LLMs), e.g., GPT-4, as a referee to score and compare the quality of responses generated by ca”。"
Liheng Chen（论文 #41，身份待核验）,41,否,待核验,"论文信息汇总.csv 序41：摘要、研究内容、创新点；内容仅据摘要/Introduction归纳。
PDF：港大/Kong, Lingpeng/论文/2025_MoS_ Unleashing Parameter Efficiency of Low-Rank Adaptation with Mixture of Shards.pdf；第1页标题、作者单位与摘要；Introduction在已保存前3页内。
https://arxiv.org/abs/2410.00938；访问2026-09-17；arXiv作者顺序和摘要。
CV：https://ikekonglp.github.io/lingpenk_cv.pdf；第6页；版本2026-01-27。
PDF发表标记：“Published as a conference paper at ICLR 2025”。
原文摘要依据：“The rapid scaling of large language models necessitates more lightweight finetuning methods to reduce the explosive GPU memory overhead when numerous customized models are served simultaneously. Targe”。"
Liheng Chen（论文 #51，身份待核验）,51,否,待核验,"论文信息汇总.csv 序51：摘要、研究内容、创新点；内容仅据摘要/Introduction归纳。
PDF：港大/Kong, Lingpeng/论文/2025_How Well Do LLMs Handle Cantonese_ Benchmarking Cantonese Capabilities of Large Language Models.pdf；第1页标题、作者单位与摘要；Introduction在已保存前3页内。
https://aclanthology.org/2025.findings-naacl.253/；访问2026-09-17；ACL作者顺序、发表信息与摘要。
CV：https://ikekonglp.github.io/lingpenk_cv.pdf；第7页；版本2026-01-27。
原文摘要依据：“The rapid evolution of large language models (LLMs) has transformed the competitive landscape in natural language processing (NLP), particularly for English and other data-rich languages. However, und”。"
Liheng Chen（论文 #52，身份待核验）,52,是,待核验,"论文信息汇总.csv 序52：摘要、研究内容、创新点；内容仅据摘要/Introduction归纳。
PDF：港大/Kong, Lingpeng/论文/2024_Diffusion of Thought_ Chain-of-Thought Reasoning in Diffusion Language Models.pdf；第1页标题、作者单位与摘要；Introduction在已保存前3页内。
https://arxiv.org/abs/2402.07754；访问2026-09-17；arXiv作者顺序和摘要。
CV：https://ikekonglp.github.io/lingpenk_cv.pdf；第7页；版本2026-01-27。
原文摘要依据：“Recently, diffusion models have garnered significant interest in the field of text processing due to their many potential advantages compared to conventional autoregressive models. In this work, we pr”。"
Liheng Chen（论文 #62，身份待核验）,62,否,待核验,"论文信息汇总.csv 序62：摘要、研究内容、创新点；内容仅据摘要/Introduction归纳。
PDF：港大/Kong, Lingpeng/论文/2024_PRoLoRA_ Partial Rotation Empowers More Parameter-Efficient LoRA.pdf；第1页标题、作者单位与摘要；Introduction在已保存前3页内。
https://aclanthology.org/2024.acl-long.156/；访问2026-09-17；ACL作者顺序、发表信息与摘要。
CV：https://ikekonglp.github.io/lingpenk_cv.pdf；第8页；版本2026-01-27。
PDF发表标记：“Proceedings of the 62nd Annual Meeting of the Association for Computational Linguistics (Volume 1: Long Papers), pages 2829–2841”。
原文摘要依据：“With the rapid scaling of large language models (LLMs), serving numerouslow-rank adaptations (LoRAs) concurrently has become increasingly impractical,leading to unaffordable costs and necessitating mo”。"
Liheng Chen（论文 #64，身份待核验）,64,否,待核验,"论文信息汇总.csv 序64：摘要、研究内容、创新点；内容仅据摘要/Introduction归纳。
PDF：港大/Kong, Lingpeng/论文/2024_LoRA Meets Dropout under a Unified Framework.pdf；第1页标题、作者单位与摘要；Introduction在已保存前3页内。
https://aclanthology.org/2024.findings-acl.119/；访问2026-09-17；ACL作者顺序、发表信息与摘要。
CV：https://ikekonglp.github.io/lingpenk_cv.pdf；第8页；版本2026-01-27。
原文摘要依据：“With the remarkable capabilities, large language models (LLMs) have emergedas essential elements in numerous NLP applications, while parameter-efficientfinetuning, especially LoRA, has gained populari”。"
Liheng Chen（论文 #145，身份待核验）,145,否,待核验,"论文信息汇总.csv 序145：摘要、研究内容、创新点；内容仅据摘要/Introduction归纳。
PDF：港大/Kong, Lingpeng/论文/2024_Data Augmentation of Multi-turn Psychological Dialogue via Knowledge-driven Progressive Thought Prompting.pdf；第1页标题、作者单位与摘要；Introduction在已保存前3页内。
https://arxiv.org/abs/2406.16567；访问2026-09-17；arXiv作者顺序和摘要。
原文摘要依据：“Existing dialogue data augmentation (DA) techniques predominantly focus on augmenting utterance-level dialogues, which makes it difficult to take dialogue contextual information into account. The adve”。"
Liheng Chen（论文 #176，身份待核验）,176,是,待核验,"论文信息汇总.csv 序176：摘要、研究内容、创新点；内容仅据摘要/Introduction归纳。
仅取得可靠元数据或摘要；未取得可读全文。
https://arxiv.org/abs/2607.28609；访问2026-09-17；arXiv作者顺序和摘要。
原文摘要依据：“Computer-using agents (CUAs) are advancing rapidly across the digital world. A CUA trajectory records the agent's actions, states, and reasoning. Verifying whether it fulfilled the task instruction is”。"
Junlei Zhang（论文 #42，身份待核验）,42,是,待核验,"论文信息汇总.csv 序42：摘要、研究内容、创新点；内容仅据摘要/Introduction归纳。
PDF：港大/Kong, Lingpeng/论文/2025_Language Model Non-Myopic Generation for Reasoning and Planning.pdf；第1页标题、作者单位与摘要；Introduction在已保存前3页内。
https://arxiv.org/abs/2410.17195；访问2026-09-17；arXiv作者顺序和摘要。
CV：https://ikekonglp.github.io/lingpenk_cv.pdf；第6页；版本2026-01-27。
原文摘要依据：“Large Language Models have demonstrated remarkable abilities in reasoning and planning by breaking down complex problems into sequential steps. Despite their success in various domains like mathematic”。"
Junlei Zhang（论文 #53，身份待核验）,53,否,待核验,"论文信息汇总.csv 序53：摘要、研究内容、创新点；内容仅据摘要/Introduction归纳。
仅取得可靠元数据或摘要；未取得可读全文。
https://arxiv.org/abs/2401.13178；访问2026-09-17；arXiv作者顺序和摘要。
CV：https://ikekonglp.github.io/lingpenk_cv.pdf；第7页；版本2026-01-27。
原文摘要依据：“Evaluating Large Language Models (LLMs) as general-purpose agents is essential for understanding their capabilities and facilitating their integration into practical applications. However, the evaluat”。"
Junxian He（论文 #42，身份待核验）,42,是,待核验,"论文信息汇总.csv 序42：摘要、研究内容、创新点；内容仅据摘要/Introduction归纳。
PDF：港大/Kong, Lingpeng/论文/2025_Language Model Non-Myopic Generation for Reasoning and Planning.pdf；第1页标题、作者单位与摘要；Introduction在已保存前3页内。
https://arxiv.org/abs/2410.17195；访问2026-09-17；arXiv作者顺序和摘要。
CV：https://ikekonglp.github.io/lingpenk_cv.pdf；第6页；版本2026-01-27。
原文摘要依据：“Large Language Models have demonstrated remarkable abilities in reasoning and planning by breaking down complex problems into sequential steps. Despite their success in various domains like mathematic”。"
Junxian He（论文 #53，身份待核验）,53,否,待核验,"论文信息汇总.csv 序53：摘要、研究内容、创新点；内容仅据摘要/Introduction归纳。
仅取得可靠元数据或摘要；未取得可读全文。
https://arxiv.org/abs/2401.13178；访问2026-09-17；arXiv作者顺序和摘要。
CV：https://ikekonglp.github.io/lingpenk_cv.pdf；第7页；版本2026-01-27。
原文摘要依据：“Evaluating Large Language Models (LLMs) as general-purpose agents is essential for understanding their capabilities and facilitating their integration into practical applications. However, the evaluat”。"
Xin Jiang（论文 #43，身份待核验）,43,是,待核验,"论文信息汇总.csv 序43：摘要、研究内容、创新点；内容仅据摘要/Introduction归纳。
PDF：港大/Kong, Lingpeng/论文/2025_Beyond Autoregression_ Discrete Diffusion for Complex Reasoning and Planning.pdf；第1页标题、作者单位与摘要；Introduction在已保存前3页内。
https://arxiv.org/abs/2410.14157；访问2026-09-17；arXiv作者顺序和摘要。
CV：https://ikekonglp.github.io/lingpenk_cv.pdf；第6页；版本2026-01-27。
PDF发表标记：“Published as a conference paper at ICLR 2025”。
原文摘要依据：“Autoregressive language models, despite their impressive capabilities, struggle with complex reasoning and long-term planning tasks. We introduce discrete diffusion models as a novel solution to these”。"
Xin Jiang（论文 #44，身份待核验）,44,是,待核验,"论文信息汇总.csv 序44：摘要、研究内容、创新点；内容仅据摘要/Introduction归纳。
仅取得可靠元数据或摘要；未取得可读全文。
https://arxiv.org/abs/2502.19805；访问2026-09-17；arXiv作者顺序和摘要。
CV：https://ikekonglp.github.io/lingpenk_cv.pdf；第6页；版本2026-01-27。
原文摘要依据：“In the post-AlphaGo era, there has been a renewed interest in search techniques such as Monte Carlo Tree Search (MCTS), particularly in their application to Large Language Models (LLMs). This renewed ”。"
Xin Jiang（论文 #48，身份待核验）,48,是,是,"论文信息汇总.csv 序48：摘要、研究内容、创新点；内容仅据摘要/Introduction归纳。
PDF：港大/Kong, Lingpeng/论文/2025_Forewarned is Forearmed_ Harnessing LLMs for Data Synthesis via Failure-induced Exploration.pdf；第1页标题、作者单位与摘要；Introduction在已保存前3页内。
https://arxiv.org/abs/2410.16736；访问2026-09-17；arXiv作者顺序和摘要。
CV：https://ikekonglp.github.io/lingpenk_cv.pdf；第7页；版本2026-01-27。
原文摘要依据：“Large language models (LLMs) have significantly benefited from training on diverse, high-quality task-specific data, leading to impressive performance across a range of downstream applications. Curren”。"
Xin Jiang（论文 #52，身份待核验）,52,是,待核验,"论文信息汇总.csv 序52：摘要、研究内容、创新点；内容仅据摘要/Introduction归纳。
PDF：港大/Kong, Lingpeng/论文/2024_Diffusion of Thought_ Chain-of-Thought Reasoning in Diffusion Language Models.pdf；第1页标题、作者单位与摘要；Introduction在已保存前3页内。
https://arxiv.org/abs/2402.07754；访问2026-09-17；arXiv作者顺序和摘要。
CV：https://ikekonglp.github.io/lingpenk_cv.pdf；第7页；版本2026-01-27。
原文摘要依据：“Recently, diffusion models have garnered significant interest in the field of text processing due to their many potential advantages compared to conventional autoregressive models. In this work, we pr”。"
Xin Jiang（论文 #58，身份待核验）,58,否,待核验,"论文信息汇总.csv 序58：摘要、研究内容、创新点；内容仅据摘要/Introduction归纳。
仅取得可靠元数据或摘要；未取得可读全文。
https://arxiv.org/abs/2409.11365；访问2026-09-17；arXiv作者顺序和摘要。
CV：https://ikekonglp.github.io/lingpenk_cv.pdf；第7页；版本2026-01-27。
原文摘要依据：“The deployment of multimodal large language models (MLLMs) has demonstrated remarkable success in engaging in conversations involving visual inputs, thanks to the superior power of large language mode”。"
Xin Jiang（论文 #154，身份待核验）,154,是,待核验,"论文信息汇总.csv 序154：摘要、研究内容、创新点；内容仅据摘要/Introduction归纳。
PDF：港大/Kong, Lingpeng/论文/2025_Dream 7B_ Diffusion Large Language Models.pdf；第1页标题、作者单位与摘要；Introduction在已保存前3页内。
https://arxiv.org/abs/2508.15487；访问2026-09-17；arXiv作者顺序和摘要。
原文摘要依据：“We introduce Dream 7B, the most powerful open diffusion large language model to date. Unlike autoregressive (AR) models that generate tokens sequentially, Dream 7B employs discrete diffusion modeling ”。"
Xin Jiang（论文 #155，身份待核验）,155,是,待核验,"论文信息汇总.csv 序155：摘要、研究内容、创新点；内容仅据摘要/Introduction归纳。
PDF：港大/Kong, Lingpeng/论文/2025_Dream-Coder 7B_ An Open Diffusion Language Model for Code.pdf；第1页标题、作者单位与摘要；Introduction在已保存前3页内。
https://arxiv.org/abs/2509.01142；访问2026-09-17；arXiv作者顺序和摘要。
原文摘要依据：“We present Dream-Coder 7B, an open-source discrete diffusion language model for code generation that exhibits emergent any-order generation capabilities. Unlike traditional autoregressive (AR) models ”。"
Zhiyong Wu,111,是,待核验,"论文信息汇总.csv 序111：摘要、研究内容、创新点；内容仅据摘要/Introduction归纳。
PDF：港大/Kong, Lingpeng/论文/2021_Cascaded Head-colliding Attention.pdf；第1页标题、作者单位与摘要；Introduction在已保存前3页内。
https://aclanthology.org/2021.acl-long.45/；访问2026-09-17；ACL作者顺序、发表信息与摘要。
CV：https://ikekonglp.github.io/lingpenk_cv.pdf；第11页；版本2026-01-27。
PDF发表标记：“Proceedings of the 59th Annual Meeting of the Association for Computational Linguistics”。
原文摘要依据：“Transformers have advanced the field of natural language processing (NLP) on a variety of important tasks. At the cornerstone of the Transformer architecture is the multi-head attention (MHA) mechanis”。"
Zhiyong Wu,112,否,待核验,"论文信息汇总.csv 序112：摘要、研究内容、创新点；内容仅据摘要/Introduction归纳。
PDF：港大/Kong, Lingpeng/论文/2021_Good for Misconceived Reasons_ An Empirical Revisiting on the Need for Visual Context in Multimodal Machine Translation.pdf；第1页标题、作者单位与摘要；Introduction在已保存前3页内。
https://aclanthology.org/2021.acl-long.480/；访问2026-09-17；ACL作者顺序、发表信息与摘要。
CV：https://ikekonglp.github.io/lingpenk_cv.pdf；第11页；版本2026-01-27。
PDF发表标记：“Proceedings of the 59th Annual Meeting of the Association for Computational Linguistics”。
原文摘要依据：“A neural multimodal machine translation (MMT) system is one that aims to perform better translation by extending conventional text-only translation models with multimodal information. Many recent stud”。"
Zhiyong Wu,95,是,待核验,"论文信息汇总.csv 序95：摘要、研究内容、创新点；内容仅据摘要/Introduction归纳。
PDF：港大/Kong, Lingpeng/论文/2022_ProGen_ Progressive Zero-shot Dataset Generation via In-context Feedback.pdf；第1页标题、作者单位与摘要；Introduction在已保存前3页内。
https://aclanthology.org/2022.findings-emnlp.269/；访问2026-09-17；ACL作者顺序、发表信息与摘要。
CV：https://ikekonglp.github.io/lingpenk_cv.pdf；第10页；版本2026-01-27。
原文摘要依据：“Recently, dataset-generation-based zero-shot learning has shown promising results by training a task-specific model with a dataset synthesized from large pre-trained language models (PLMs). The final ”。"
Zhiyong Wu,96,是,待核验,"论文信息汇总.csv 序96：摘要、研究内容、创新点；内容仅据摘要/Introduction归纳。
PDF：港大/Kong, Lingpeng/论文/2022_ZeroGen_ Efficient Zero-shot Learning via Dataset Generation.pdf；第1页标题、作者单位与摘要；Introduction在已保存前3页内。
https://aclanthology.org/2022.emnlp-main.801/；访问2026-09-17；ACL作者顺序、发表信息与摘要。
CV：https://ikekonglp.github.io/lingpenk_cv.pdf；第10页；版本2026-01-27。
PDF发表标记：“Proceedings of the 2022 Conference on Empirical Methods in Natural Language Processing, pages 11653–11669”。
原文摘要依据：“There is a growing interest in dataset generation recently due to the superior generative capacity of large pre-trained language models (PLMs). In this paper, we study a flexible and efficient zero-sh”。"
Zhiyong Wu,107,否,否,"论文信息汇总.csv 序107：摘要、研究内容、创新点；内容仅据摘要/Introduction归纳。
PDF：港大/Kong, Lingpeng/论文/2022_Lexical Knowledge Internalization for Neural Dialog Generation.pdf；第1页标题、作者单位与摘要；Introduction在已保存前3页内。
https://aclanthology.org/2022.acl-long.547/；访问2026-09-17；ACL作者顺序、发表信息与摘要。
CV：https://ikekonglp.github.io/lingpenk_cv.pdf；第11页；版本2026-01-27。
PDF发表标记：“Proceedings of the 60th Annual Meeting of the Association for Computational Linguistics”。
原文摘要依据：“We propose knowledge internalization (KI), which aims to complement the lexical knowledge into neural dialog models. Instead of further conditioning the knowledge-grounded dialog (KGD) models on exter”。"
Zhiyong Wu,77,是,待核验,"论文信息汇总.csv 序77：摘要、研究内容、创新点；内容仅据摘要/Introduction归纳。
PDF：港大/Kong, Lingpeng/论文/2023_DiffuSeq-v2_ Bridging Discrete and Continuous Text Spaces for Accelerated Seq2Seq Diffusion Models.pdf；第1页标题、作者单位与摘要；Introduction在已保存前3页内。
https://aclanthology.org/2023.findings-emnlp.660/；访问2026-09-17；ACL作者顺序、发表信息与摘要。
CV：https://ikekonglp.github.io/lingpenk_cv.pdf；第9页；版本2026-01-27。
原文摘要依据：“Diffusion models have gained prominence in generating high-quality sequences of text. Nevertheless, current approaches predominantly represent discrete text within a continuous diffusion space, which ”。"
Zhiyong Wu,81,是,待核验,"论文信息汇总.csv 序81：摘要、研究内容、创新点；内容仅据摘要/Introduction归纳。
PDF：港大/Kong, Lingpeng/论文/2023_Self-Adaptive In-Context Learning_ An Information Compression Perspective for In-Context Example Selection and Ordering.pdf；第1页标题、作者单位与摘要；Introduction在已保存前3页内。
https://aclanthology.org/2023.acl-long.79/；访问2026-09-17；ACL作者顺序、发表信息与摘要。
CV：https://ikekonglp.github.io/lingpenk_cv.pdf；第9页；版本2026-01-27。
PDF发表标记：“Proceedings of the 61st Annual Meeting of the Association for Computational Linguistics”。
原文摘要依据：“Despite the surprising few-shot performance of in-context learning (ICL), it is still a common practice to randomly sample examples to serve as context. This paper advocates a new principle for ICL: s”。"
Zhiyong Wu,82,否,待核验,"论文信息汇总.csv 序82：摘要、研究内容、创新点；内容仅据摘要/Introduction归纳。
仅取得可靠元数据或摘要；未取得可读全文。
https://aclanthology.org/2023.findings-acl.765/；访问2026-09-17；ACL作者顺序、发表信息与摘要。
CV：https://ikekonglp.github.io/lingpenk_cv.pdf；第9页；版本2026-01-27。
原文摘要依据：“Explaining the black-box predictions of NLP models naturally and accurately is an important open problem in natural language generation. These free-text explanations are expected to contain sufficient”。"
Zhiyong Wu,87,是,否,"论文信息汇总.csv 序87：摘要、研究内容、创新点；内容仅据摘要/Introduction归纳。
PDF：港大/Kong, Lingpeng/论文/2023_Compositional Exemplars for In-context Learning.pdf；第1页标题、作者单位与摘要；Introduction在已保存前3页内。
https://arxiv.org/abs/2302.05698；访问2026-09-17；arXiv作者顺序和摘要。
CV：https://ikekonglp.github.io/lingpenk_cv.pdf；第9页；版本2026-01-27。
PDF发表标记：“Proceedings of the 40 th International Conference on Machine       7 distinct tasks, including sentiment analysis, paraphrase”。
原文摘要依据：“Large pretrained language models (LMs) have shown impressive In-Context Learning (ICL) ability, where the model learns to do an unseen task via a prompt consisting of input-output examples as the demo”。"
Zhiyong Wu,91,是,待核验,"论文信息汇总.csv 序91：摘要、研究内容、创新点；内容仅据摘要/Introduction归纳。
仅取得可靠元数据或摘要；未取得可读全文。
https://arxiv.org/abs/2205.12679；访问2026-09-17；arXiv作者顺序和摘要。
CV：https://ikekonglp.github.io/lingpenk_cv.pdf；第10页；版本2026-01-27。
原文摘要依据：“There is a rising interest in further exploring the zero-shot learning potential of large pre-trained language models (PLMs). A new paradigm called data-generation-based zero-shot learning has achieve”。"
Zhiyong Wu,93,是,待核验,"论文信息汇总.csv 序93：摘要、研究内容、创新点；内容仅据摘要/Introduction归纳。
PDF：港大/Kong, Lingpeng/论文/2023_DiffuSeq_ Sequence to Sequence Text Generation with Diffusion Models.pdf；第1页标题、作者单位与摘要；Introduction在已保存前3页内。
https://arxiv.org/abs/2210.08933；访问2026-09-17；arXiv作者顺序和摘要。
CV：https://ikekonglp.github.io/lingpenk_cv.pdf；第10页；版本2026-01-27。
PDF发表标记：“Published as a conference paper at ICLR 2023”。
原文摘要依据：“Recently, diffusion models have emerged as a new paradigm for generative models. Despite the success in domains using continuous signals such as vision and audio, adapting diffusion models to natural ”。"
Zhiyong Wu,94,是,否,"论文信息汇总.csv 序94：摘要、研究内容、创新点；内容仅据摘要/Introduction归纳。
PDF：港大/Kong, Lingpeng/论文/2023_Unsupervised Explanation Generation via Correct Instantiations.pdf；第1页标题、作者单位与摘要；Introduction在已保存前3页内。
https://arxiv.org/abs/2211.11160；访问2026-09-17；arXiv作者顺序和摘要。
CV：https://ikekonglp.github.io/lingpenk_cv.pdf；第10页；版本2026-01-27。
原文摘要依据：“While large pre-trained language models (PLM) have shown their great skills at solving discriminative tasks, a significant gap remains when compared with humans for explanation-related tasks. Among th”。"
Zhiyong Wu,134,是,是,"论文信息汇总.csv 序134：摘要、研究内容、创新点；内容仅据摘要/Introduction归纳。
PDF：港大/Kong, Lingpeng/论文/2023_In-Context Learning with Many Demonstration Examples.pdf；第1页标题、作者单位与摘要；Introduction在已保存前3页内。
https://arxiv.org/abs/2302.04931；访问2026-09-17；arXiv作者顺序和摘要。
原文摘要依据：“Large pre-training language models (PLMs) have shown promising in-context learning abilities. However, due to the backbone transformer architecture, existing PLMs are bottlenecked by the memory and co”。"
Zhiyong Wu,57,是,待核验,"论文信息汇总.csv 序57：摘要、研究内容、创新点；内容仅据摘要/Introduction归纳。
仅取得可靠元数据或摘要；未取得可读全文。
https://arxiv.org/abs/2310.00280；访问2026-09-17；arXiv作者顺序和摘要。
CV：https://ikekonglp.github.io/lingpenk_cv.pdf；第7页；版本2026-01-27。
原文摘要依据：“Large Language Models (LLMs) are evolving at an unprecedented pace and have exhibited considerable capability in the realm of natural language processing (NLP) with world knowledge. Benefiting from ul”。"
Zhiyong Wu,143,是,待核验,"论文信息汇总.csv 序143：摘要、研究内容、创新点；内容仅据摘要/Introduction归纳。
仅取得可靠元数据或摘要；未取得可读全文。
https://arxiv.org/abs/2402.07456；访问2026-09-17；arXiv作者顺序和摘要。
原文摘要依据：“Autonomous interaction with the computer has been a longstanding challenge with great potential, and the recent proliferation of large language models (LLMs) has markedly accelerated progress in build”。"
Zhiyong Wu,144,否,待核验,"论文信息汇总.csv 序144：摘要、研究内容、创新点；内容仅据摘要/Introduction归纳。
仅取得可靠元数据或摘要；未取得可读全文。
https://arxiv.org/abs/2403.14734；访问2026-09-17；arXiv作者顺序和摘要。
原文摘要依据：“Neural Code Intelligence -- leveraging deep learning to understand, generate, and optimize code -- holds immense potential for transformative impacts on the whole society. Bridging the gap between Nat”。"
Zhiyong Wu,44,是,待核验,"论文信息汇总.csv 序44：摘要、研究内容、创新点；内容仅据摘要/Introduction归纳。
仅取得可靠元数据或摘要；未取得可读全文。
https://arxiv.org/abs/2502.19805；访问2026-09-17；arXiv作者顺序和摘要。
CV：https://ikekonglp.github.io/lingpenk_cv.pdf；第6页；版本2026-01-27。
原文摘要依据：“In the post-AlphaGo era, there has been a renewed interest in search techniques such as Monte Carlo Tree Search (MCTS), particularly in their application to Large Language Models (LLMs). This renewed ”。"
Zhiyong Wu,158,是,待核验,"论文信息汇总.csv 序158：摘要、研究内容、创新点；内容仅据摘要/Introduction归纳。
仅取得可靠元数据或摘要；未取得可读全文。
https://aclanthology.org/2026.acl-long.431/；访问2026-09-17；ACL作者顺序、发表信息与摘要。
原文摘要依据：“Computer-using agents powered by Vision-Language Models (VLMs) have demonstrated human-like capabilities in operating digital environments like mobile platforms. While these agents hold great promise ”。"
Zhiyong Wu,176,是,待核验,"论文信息汇总.csv 序176：摘要、研究内容、创新点；内容仅据摘要/Introduction归纳。
仅取得可靠元数据或摘要；未取得可读全文。
https://arxiv.org/abs/2607.28609；访问2026-09-17；arXiv作者顺序和摘要。
原文摘要依据：“Computer-using agents (CUAs) are advancing rapidly across the digital world. A CUA trajectory records the agent's actions, states, and reasoning. Verifying whether it fulfilled the task instruction is”。"
Renjie Pi,75,否,待核验,"论文信息汇总.csv 序75：摘要、研究内容、创新点；内容仅据摘要/Introduction归纳。
仅取得可靠元数据或摘要；未取得可读全文。
https://aclanthology.org/2023.emnlp-main.876/；访问2026-09-17；ACL作者顺序、发表信息与摘要。
CV：https://ikekonglp.github.io/lingpenk_cv.pdf；第9页；版本2026-01-27。
原文摘要依据：“In recent years, the field of computer vision has seen significant advancements thanks to the development of large language models (LLMs). These models have enabled more effective and sophisticated in”。"
Renjie Pi,91,是,待核验,"论文信息汇总.csv 序91：摘要、研究内容、创新点；内容仅据摘要/Introduction归纳。
仅取得可靠元数据或摘要；未取得可读全文。
https://arxiv.org/abs/2205.12679；访问2026-09-17；arXiv作者顺序和摘要。
CV：https://ikekonglp.github.io/lingpenk_cv.pdf；第10页；版本2026-01-27。
原文摘要依据：“There is a rising interest in further exploring the zero-shot learning potential of large pre-trained language models (PLMs). A new paradigm called data-generation-based zero-shot learning has achieve”。"
Renjie Pi,58,否,待核验,"论文信息汇总.csv 序58：摘要、研究内容、创新点；内容仅据摘要/Introduction归纳。
仅取得可靠元数据或摘要；未取得可读全文。
https://arxiv.org/abs/2409.11365；访问2026-09-17；arXiv作者顺序和摘要。
CV：https://ikekonglp.github.io/lingpenk_cv.pdf；第7页；版本2026-01-27。
原文摘要依据：“The deployment of multimodal large language models (MLLMs) has demonstrated remarkable success in engaging in conversations involving visual inputs, thanks to the superior power of large language mode”。"
Renjie Pi,45,是,待核验,"论文信息汇总.csv 序45：摘要、研究内容、创新点；内容仅据摘要/Introduction归纳。
仅取得可靠元数据或摘要；未取得可读全文。
https://arxiv.org/abs/2312.11370；访问2026-09-17；arXiv作者顺序和摘要。
CV：https://ikekonglp.github.io/lingpenk_cv.pdf；第6页；版本2026-01-27。
原文摘要依据：“Large language models (LLMs) have shown remarkable proficiency in human-level reasoning and generation capabilities, which encourages extensive research on their application in mathematical problem so”。"
Renjie Pi,48,是,是,"论文信息汇总.csv 序48：摘要、研究内容、创新点；内容仅据摘要/Introduction归纳。
PDF：港大/Kong, Lingpeng/论文/2025_Forewarned is Forearmed_ Harnessing LLMs for Data Synthesis via Failure-induced Exploration.pdf；第1页标题、作者单位与摘要；Introduction在已保存前3页内。
https://arxiv.org/abs/2410.16736；访问2026-09-17；arXiv作者顺序和摘要。
CV：https://ikekonglp.github.io/lingpenk_cv.pdf；第7页；版本2026-01-27。
原文摘要依据：“Large language models (LLMs) have significantly benefited from training on diverse, high-quality task-specific data, leading to impressive performance across a range of downstream applications. Curren”。"
Jipeng Zhang（论文 #45，身份待核验）,45,是,待核验,"论文信息汇总.csv 序45：摘要、研究内容、创新点；内容仅据摘要/Introduction归纳。
仅取得可靠元数据或摘要；未取得可读全文。
https://arxiv.org/abs/2312.11370；访问2026-09-17；arXiv作者顺序和摘要。
CV：https://ikekonglp.github.io/lingpenk_cv.pdf；第6页；版本2026-01-27。
原文摘要依据：“Large language models (LLMs) have shown remarkable proficiency in human-level reasoning and generation capabilities, which encourages extensive research on their application in mathematical problem so”。"
Jipeng Zhang（论文 #75，身份待核验）,75,否,待核验,"论文信息汇总.csv 序75：摘要、研究内容、创新点；内容仅据摘要/Introduction归纳。
仅取得可靠元数据或摘要；未取得可读全文。
https://aclanthology.org/2023.emnlp-main.876/；访问2026-09-17；ACL作者顺序、发表信息与摘要。
CV：https://ikekonglp.github.io/lingpenk_cv.pdf；第9页；版本2026-01-27。
原文摘要依据：“In recent years, the field of computer vision has seen significant advancements thanks to the development of large language models (LLMs). These models have enabled more effective and sophisticated in”。"
Lanqing Hong（论文 #45，身份待核验）,45,是,待核验,"论文信息汇总.csv 序45：摘要、研究内容、创新点；内容仅据摘要/Introduction归纳。
仅取得可靠元数据或摘要；未取得可读全文。
https://arxiv.org/abs/2312.11370；访问2026-09-17；arXiv作者顺序和摘要。
CV：https://ikekonglp.github.io/lingpenk_cv.pdf；第6页；版本2026-01-27。
原文摘要依据：“Large language models (LLMs) have shown remarkable proficiency in human-level reasoning and generation capabilities, which encourages extensive research on their application in mathematical problem so”。"
Lanqing Hong（论文 #58，身份待核验）,58,否,待核验,"论文信息汇总.csv 序58：摘要、研究内容、创新点；内容仅据摘要/Introduction归纳。
仅取得可靠元数据或摘要；未取得可读全文。
https://arxiv.org/abs/2409.11365；访问2026-09-17；arXiv作者顺序和摘要。
CV：https://ikekonglp.github.io/lingpenk_cv.pdf；第7页；版本2026-01-27。
原文摘要依据：“The deployment of multimodal large language models (MLLMs) has demonstrated remarkable success in engaging in conversations involving visual inputs, thanks to the superior power of large language mode”。"
Jianhua Han（论文 #45，身份待核验）,45,是,待核验,"论文信息汇总.csv 序45：摘要、研究内容、创新点；内容仅据摘要/Introduction归纳。
仅取得可靠元数据或摘要；未取得可读全文。
https://arxiv.org/abs/2312.11370；访问2026-09-17；arXiv作者顺序和摘要。
CV：https://ikekonglp.github.io/lingpenk_cv.pdf；第6页；版本2026-01-27。
原文摘要依据：“Large language models (LLMs) have shown remarkable proficiency in human-level reasoning and generation capabilities, which encourages extensive research on their application in mathematical problem so”。"
Jianhua Han（论文 #75，身份待核验）,75,否,待核验,"论文信息汇总.csv 序75：摘要、研究内容、创新点；内容仅据摘要/Introduction归纳。
仅取得可靠元数据或摘要；未取得可读全文。
https://aclanthology.org/2023.emnlp-main.876/；访问2026-09-17；ACL作者顺序、发表信息与摘要。
CV：https://ikekonglp.github.io/lingpenk_cv.pdf；第9页；版本2026-01-27。
原文摘要依据：“In recent years, the field of computer vision has seen significant advancements thanks to the development of large language models (LLMs). These models have enabled more effective and sophisticated in”。"
Hang Xu（论文 #45，身份待核验）,45,是,待核验,"论文信息汇总.csv 序45：摘要、研究内容、创新点；内容仅据摘要/Introduction归纳。
仅取得可靠元数据或摘要；未取得可读全文。
https://arxiv.org/abs/2312.11370；访问2026-09-17；arXiv作者顺序和摘要。
CV：https://ikekonglp.github.io/lingpenk_cv.pdf；第6页；版本2026-01-27。
原文摘要依据：“Large language models (LLMs) have shown remarkable proficiency in human-level reasoning and generation capabilities, which encourages extensive research on their application in mathematical problem so”。"
Hang Xu（论文 #75，身份待核验）,75,否,待核验,"论文信息汇总.csv 序75：摘要、研究内容、创新点；内容仅据摘要/Introduction归纳。
仅取得可靠元数据或摘要；未取得可读全文。
https://aclanthology.org/2023.emnlp-main.876/；访问2026-09-17；ACL作者顺序、发表信息与摘要。
CV：https://ikekonglp.github.io/lingpenk_cv.pdf；第9页；版本2026-01-27。
原文摘要依据：“In recent years, the field of computer vision has seen significant advancements thanks to the development of large language models (LLMs). These models have enabled more effective and sophisticated in”。"
Hang Xu（论文 #91，身份待核验）,91,是,待核验,"论文信息汇总.csv 序91：摘要、研究内容、创新点；内容仅据摘要/Introduction归纳。
仅取得可靠元数据或摘要；未取得可读全文。
https://arxiv.org/abs/2205.12679；访问2026-09-17；arXiv作者顺序和摘要。
CV：https://ikekonglp.github.io/lingpenk_cv.pdf；第10页；版本2026-01-27。
原文摘要依据：“There is a rising interest in further exploring the zero-shot learning potential of large pre-trained language models (PLMs). A new paradigm called data-generation-based zero-shot learning has achieve”。"
Hang Xu（论文 #96，身份待核验）,96,是,待核验,"论文信息汇总.csv 序96：摘要、研究内容、创新点；内容仅据摘要/Introduction归纳。
PDF：港大/Kong, Lingpeng/论文/2022_ZeroGen_ Efficient Zero-shot Learning via Dataset Generation.pdf；第1页标题、作者单位与摘要；Introduction在已保存前3页内。
https://aclanthology.org/2022.emnlp-main.801/；访问2026-09-17；ACL作者顺序、发表信息与摘要。
CV：https://ikekonglp.github.io/lingpenk_cv.pdf；第10页；版本2026-01-27。
PDF发表标记：“Proceedings of the 2022 Conference on Empirical Methods in Natural Language Processing, pages 11653–11669”。
原文摘要依据：“There is a growing interest in dataset generation recently due to the superior generative capacity of large pre-trained language models (PLMs). In this paper, we study a flexible and efficient zero-sh”。"
Hang Xu（论文 #110，身份待核验）,110,否,待核验,"论文信息汇总.csv 序110：摘要、研究内容、创新点；内容仅据摘要/Introduction归纳。
PDF：港大/Kong, Lingpeng/论文/2022_Revisiting Over-smoothing in BERT from the Perspective of Graph.pdf；第1页标题、作者单位与摘要；Introduction在已保存前3页内。
https://arxiv.org/abs/2202.08625；访问2026-09-17；arXiv作者顺序和摘要。
CV：https://ikekonglp.github.io/lingpenk_cv.pdf；第11页；版本2026-01-27。
PDF发表标记：“Published as a conference paper at ICLR 2022”。
原文摘要依据：“Recently over-smoothing phenomenon of Transformer-based models is observed in both vision and language fields. However, no existing work has delved deeper to further investigate the main cause of this”。"
Mukai Li（论文 #47，身份待核验）,47,是,待核验,"论文信息汇总.csv 序47：摘要、研究内容、创新点；内容仅据摘要/Introduction归纳。
PDF：港大/Kong, Lingpeng/论文/2025_Scaling Diffusion Language Models via Adaptation from Autoregressive Models.pdf；第1页标题、作者单位与摘要；Introduction在已保存前3页内。
https://arxiv.org/abs/2410.17891；访问2026-09-17；arXiv作者顺序和摘要。
CV：https://ikekonglp.github.io/lingpenk_cv.pdf；第6页；版本2026-01-27。
PDF发表标记：“Published as a conference paper at ICLR 2025”。
原文摘要依据：“Diffusion Language Models (DLMs) have emerged as a promising new paradigm for text generative modeling, potentially addressing limitations of autoregressive (AR) models. However, current DLMs have bee”。"
Mukai Li（论文 #55，身份待核验）,55,否,待核验,"论文信息汇总.csv 序55：摘要、研究内容、创新点；内容仅据摘要/Introduction归纳。
PDF：港大/Kong, Lingpeng/论文/2024_VLFeedback_ A Large-Scale AI Feedback Dataset for Large Vision-Language Models Alignment.pdf；第1页标题、作者单位与摘要；Introduction在已保存前3页内。
https://aclanthology.org/2024.emnlp-main.358/；访问2026-09-17；ACL作者顺序、发表信息与摘要。
CV：https://ikekonglp.github.io/lingpenk_cv.pdf；第7页；版本2026-01-27。
原文摘要依据：“As large vision-language models (LVLMs) evolve rapidly, the demand for high-quality and diverse data to align these models becomes increasingly crucial. However, the creation of such data with human s”。"
Mukai Li（论文 #61，身份待核验）,61,否,待核验,"论文信息汇总.csv 序61：摘要、研究内容、创新点；内容仅据摘要/Introduction归纳。
PDF：港大/Kong, Lingpeng/论文/2024_L-Eval_ Instituting Standardized Evaluation for Long Context Language Models.pdf；第1页标题、作者单位与摘要；Introduction在已保存前3页内。
https://aclanthology.org/2024.acl-long.776/；访问2026-09-17；ACL作者顺序、发表信息与摘要。
CV：https://ikekonglp.github.io/lingpenk_cv.pdf；第8页；版本2026-01-27。
PDF发表标记：“Proceedings of the 62nd Annual Meeting of the Association for Computational Linguistics (Volume 1: Long Papers), pages 14388–14411”。
原文摘要依据：“Recently, there has been growing interest in long-context scaling of large language models (LLMs). To facilitate research in this field, we propose L-Eval to institute a more standardized evaluation f”。"
Mukai Li（论文 #77，身份待核验）,77,是,待核验,"论文信息汇总.csv 序77：摘要、研究内容、创新点；内容仅据摘要/Introduction归纳。
PDF：港大/Kong, Lingpeng/论文/2023_DiffuSeq-v2_ Bridging Discrete and Continuous Text Spaces for Accelerated Seq2Seq Diffusion Models.pdf；第1页标题、作者单位与摘要；Introduction在已保存前3页内。
https://aclanthology.org/2023.findings-emnlp.660/；访问2026-09-17；ACL作者顺序、发表信息与摘要。
CV：https://ikekonglp.github.io/lingpenk_cv.pdf；第9页；版本2026-01-27。
原文摘要依据：“Diffusion models have gained prominence in generating high-quality sequences of text. Nevertheless, current approaches predominantly represent discrete text within a continuous diffusion space, which ”。"
Mukai Li（论文 #93，身份待核验）,93,是,待核验,"论文信息汇总.csv 序93：摘要、研究内容、创新点；内容仅据摘要/Introduction归纳。
PDF：港大/Kong, Lingpeng/论文/2023_DiffuSeq_ Sequence to Sequence Text Generation with Diffusion Models.pdf；第1页标题、作者单位与摘要；Introduction在已保存前3页内。
https://arxiv.org/abs/2210.08933；访问2026-09-17；arXiv作者顺序和摘要。
CV：https://ikekonglp.github.io/lingpenk_cv.pdf；第10页；版本2026-01-27。
PDF发表标记：“Published as a conference paper at ICLR 2023”。
原文摘要依据：“Recently, diffusion models have emerged as a new paradigm for generative models. Despite the success in domains using continuous signals such as vision and audio, adapting diffusion models to natural ”。"
Mukai Li（论文 #134，身份待核验）,134,是,是,"论文信息汇总.csv 序134：摘要、研究内容、创新点；内容仅据摘要/Introduction归纳。
PDF：港大/Kong, Lingpeng/论文/2023_In-Context Learning with Many Demonstration Examples.pdf；第1页标题、作者单位与摘要；Introduction在已保存前3页内。
https://arxiv.org/abs/2302.04931；访问2026-09-17；arXiv作者顺序和摘要。
原文摘要依据：“Large pre-training language models (PLMs) have shown promising in-context learning abilities. However, due to the backbone transformer architecture, existing PLMs are bottlenecked by the memory and co”。"
Mukai Li（论文 #137，身份待核验）,137,否,待核验,"论文信息汇总.csv 序137：摘要、研究内容、创新点；内容仅据摘要/Introduction归纳。
PDF：港大/Kong, Lingpeng/论文/2023_M$^3$IT_ A Large-Scale Dataset towards Multi-Modal Multilingual Instruction Tuning.pdf；第1页标题、作者单位与摘要；Introduction在已保存前3页内。
https://arxiv.org/abs/2306.04387；访问2026-09-17；arXiv作者顺序和摘要。
原文摘要依据：“Instruction tuning has significantly advanced large language models (LLMs) such as ChatGPT, enabling them to align with human instructions across diverse tasks. However, progress in open vision-langua”。"
Mukai Li（论文 #158，身份待核验）,158,是,待核验,"论文信息汇总.csv 序158：摘要、研究内容、创新点；内容仅据摘要/Introduction归纳。
仅取得可靠元数据或摘要；未取得可读全文。
https://aclanthology.org/2026.acl-long.431/；访问2026-09-17；ACL作者顺序、发表信息与摘要。
原文摘要依据：“Computer-using agents powered by Vision-Language Models (VLMs) have demonstrated human-like capabilities in operating digital environments like mobile platforms. While these agents hold great promise ”。"
Hao Peng（论文 #47，身份待核验）,47,是,待核验,"论文信息汇总.csv 序47：摘要、研究内容、创新点；内容仅据摘要/Introduction归纳。
PDF：港大/Kong, Lingpeng/论文/2025_Scaling Diffusion Language Models via Adaptation from Autoregressive Models.pdf；第1页标题、作者单位与摘要；Introduction在已保存前3页内。
https://arxiv.org/abs/2410.17891；访问2026-09-17；arXiv作者顺序和摘要。
CV：https://ikekonglp.github.io/lingpenk_cv.pdf；第6页；版本2026-01-27。
PDF发表标记：“Published as a conference paper at ICLR 2025”。
原文摘要依据：“Diffusion Language Models (DLMs) have emerged as a promising new paradigm for text generative modeling, potentially addressing limitations of autoregressive (AR) models. However, current DLMs have bee”。"
Hao Peng（论文 #108，身份待核验）,108,否,待核验,"论文信息汇总.csv 序108：摘要、研究内容、创新点；内容仅据摘要/Introduction归纳。
PDF：港大/Kong, Lingpeng/论文/2022_ABC_ Attention with Bounded-memory Control.pdf；第1页标题、作者单位与摘要；Introduction在已保存前3页内。
https://aclanthology.org/2022.acl-long.515/；访问2026-09-17；ACL作者顺序、发表信息与摘要。
CV：https://ikekonglp.github.io/lingpenk_cv.pdf；第11页；版本2026-01-27。
PDF发表标记：“Proceedings of the 60th Annual Meeting of the Association for Computational Linguistics”。
原文摘要依据：“Transformer architectures have achieved state- of-the-art results on a variety of natural language processing (NLP) tasks. However, their attention mechanism comes with a quadratic complexity in seque”。"
Hao Peng（论文 #113，身份待核验）,113,是,待核验,"论文信息汇总.csv 序113：摘要、研究内容、创新点；内容仅据摘要/Introduction归纳。
PDF：港大/Kong, Lingpeng/论文/2021_Random Feature Attention.pdf；第1页标题、作者单位与摘要；Introduction在已保存前3页内。
https://arxiv.org/abs/2103.02143；访问2026-09-17；arXiv作者顺序和摘要。
CV：https://ikekonglp.github.io/lingpenk_cv.pdf；第11页；版本2026-01-27。
PDF发表标记：“Published as a conference paper at ICLR 2021”。
原文摘要依据：“Transformers are state-of-the-art models for a variety of sequence modeling tasks. At their core is an attention function which models pairwise interactions between the inputs at every timestep. While”。"
Han Shi（论文 #52，身份待核验）,52,是,待核验,"论文信息汇总.csv 序52：摘要、研究内容、创新点；内容仅据摘要/Introduction归纳。
PDF：港大/Kong, Lingpeng/论文/2024_Diffusion of Thought_ Chain-of-Thought Reasoning in Diffusion Language Models.pdf；第1页标题、作者单位与摘要；Introduction在已保存前3页内。
https://arxiv.org/abs/2402.07754；访问2026-09-17；arXiv作者顺序和摘要。
CV：https://ikekonglp.github.io/lingpenk_cv.pdf；第7页；版本2026-01-27。
原文摘要依据：“Recently, diffusion models have garnered significant interest in the field of text processing due to their many potential advantages compared to conventional autoregressive models. In this work, we pr”。"
Han Shi（论文 #110，身份待核验）,110,否,待核验,"论文信息汇总.csv 序110：摘要、研究内容、创新点；内容仅据摘要/Introduction归纳。
PDF：港大/Kong, Lingpeng/论文/2022_Revisiting Over-smoothing in BERT from the Perspective of Graph.pdf；第1页标题、作者单位与摘要；Introduction在已保存前3页内。
https://arxiv.org/abs/2202.08625；访问2026-09-17；arXiv作者顺序和摘要。
CV：https://ikekonglp.github.io/lingpenk_cv.pdf；第11页；版本2026-01-27。
PDF发表标记：“Published as a conference paper at ICLR 2022”。
原文摘要依据：“Recently over-smoothing phenomenon of Transformer-based models is observed in both vision and language fields. However, no existing work has delved deeper to further investigate the main cause of this”。"
Liang Chen（论文 #55，身份待核验）,55,否,待核验,"论文信息汇总.csv 序55：摘要、研究内容、创新点；内容仅据摘要/Introduction归纳。
PDF：港大/Kong, Lingpeng/论文/2024_VLFeedback_ A Large-Scale AI Feedback Dataset for Large Vision-Language Models Alignment.pdf；第1页标题、作者单位与摘要；Introduction在已保存前3页内。
https://aclanthology.org/2024.emnlp-main.358/；访问2026-09-17；ACL作者顺序、发表信息与摘要。
CV：https://ikekonglp.github.io/lingpenk_cv.pdf；第7页；版本2026-01-27。
原文摘要依据：“As large vision-language models (LVLMs) evolve rapidly, the demand for high-quality and diverse data to align these models becomes increasingly crucial. However, the creation of such data with human s”。"
Liang Chen（论文 #68，身份待核验）,68,否,待核验,"论文信息汇总.csv 序68：摘要、研究内容、创新点；内容仅据摘要/Introduction归纳。
PDF：港大/Kong, Lingpeng/论文/2024_Large Language Models are not Fair Evaluators.pdf；第1页标题、作者单位与摘要；Introduction在已保存前3页内。
https://aclanthology.org/2024.acl-long.511/；访问2026-09-17；ACL作者顺序、发表信息与摘要。
CV：https://ikekonglp.github.io/lingpenk_cv.pdf；第8页；版本2026-01-27。
PDF发表标记：“Proceedings of the 62nd Annual Meeting of the Association for Computational Linguistics (Volume 1: Long Papers), pages 9440–9450”。
原文摘要依据：“In this paper, we uncover a positional bias in the evaluation paradigm of adopting large language models (LLMs), e.g., GPT-4, as a referee to score and compare the quality of responses generated by ca”。"
Liang Chen（论文 #137，身份待核验）,137,否,待核验,"论文信息汇总.csv 序137：摘要、研究内容、创新点；内容仅据摘要/Introduction归纳。
PDF：港大/Kong, Lingpeng/论文/2023_M$^3$IT_ A Large-Scale Dataset towards Multi-Modal Multilingual Instruction Tuning.pdf；第1页标题、作者单位与摘要；Introduction在已保存前3页内。
https://arxiv.org/abs/2306.04387；访问2026-09-17；arXiv作者顺序和摘要。
原文摘要依据：“Instruction tuning has significantly advanced large language models (LLMs) such as ChatGPT, enabling them to align with human instructions across diverse tasks. However, progress in open vision-langua”。"
Yazheng Yang（论文 #55，身份待核验）,55,否,待核验,"论文信息汇总.csv 序55：摘要、研究内容、创新点；内容仅据摘要/Introduction归纳。
PDF：港大/Kong, Lingpeng/论文/2024_VLFeedback_ A Large-Scale AI Feedback Dataset for Large Vision-Language Models Alignment.pdf；第1页标题、作者单位与摘要；Introduction在已保存前3页内。
https://aclanthology.org/2024.emnlp-main.358/；访问2026-09-17；ACL作者顺序、发表信息与摘要。
CV：https://ikekonglp.github.io/lingpenk_cv.pdf；第7页；版本2026-01-27。
原文摘要依据：“As large vision-language models (LVLMs) evolve rapidly, the demand for high-quality and diverse data to align these models becomes increasingly crucial. However, the creation of such data with human s”。"
Yazheng Yang（论文 #137，身份待核验）,137,否,待核验,"论文信息汇总.csv 序137：摘要、研究内容、创新点；内容仅据摘要/Introduction归纳。
PDF：港大/Kong, Lingpeng/论文/2023_M$^3$IT_ A Large-Scale Dataset towards Multi-Modal Multilingual Instruction Tuning.pdf；第1页标题、作者单位与摘要；Introduction在已保存前3页内。
https://arxiv.org/abs/2306.04387；访问2026-09-17；arXiv作者顺序和摘要。
原文摘要依据：“Instruction tuning has significantly advanced large language models (LLMs) such as ChatGPT, enabling them to align with human instructions across diverse tasks. However, progress in open vision-langua”。"
Zhi-Hong Deng（论文 #56，身份待核验）,56,否,待核验,"论文信息汇总.csv 序56：摘要、研究内容、创新点；内容仅据摘要/Introduction归纳。
PDF：港大/Kong, Lingpeng/论文/2024_Empowering Large Language Model Agents through Action Learning.pdf；第1页标题、作者单位与摘要；Introduction在已保存前3页内。
https://arxiv.org/abs/2402.15809；访问2026-09-17；arXiv作者顺序和摘要。
CV：https://ikekonglp.github.io/lingpenk_cv.pdf；第7页；版本2026-01-27。
原文摘要依据：“Large Language Model (LLM) Agents have recently garnered increasing interest yet they are limited in their ability to learn from trial and error, a key element of intelligent behavior. In this work, w”。"
Zhi-Hong Deng（论文 #78，身份待核验）,78,否,待核验,"论文信息汇总.csv 序78：摘要、研究内容、创新点；内容仅据摘要/Introduction归纳。
仅取得可靠元数据或摘要；未取得可读全文。
https://arxiv.org/abs/2306.13089；访问2026-09-17；arXiv作者顺序和摘要。
CV：https://ikekonglp.github.io/lingpenk_cv.pdf；第9页；版本2026-01-27。
原文摘要依据：“Molecule property prediction has gained significant attention in recent years. The main bottleneck is the label insufficiency caused by expensive lab experiments. In order to alleviate this issue and ”。"
Zhi-Hong Deng（论文 #151，身份待核验）,151,否,待核验,"论文信息汇总.csv 序151：摘要、研究内容、创新点；内容仅据摘要/Introduction归纳。
PDF：港大/Kong, Lingpeng/论文/2025_BioMaze_ Benchmarking and Enhancing Large Language Models for Biological Pathway Reasoning.pdf；第1页标题、作者单位与摘要；Introduction在已保存前3页内。
https://arxiv.org/abs/2502.16660；访问2026-09-17；arXiv作者顺序和摘要。
原文摘要依据：“The applications of large language models (LLMs) in various biological domains have been explored recently, but their reasoning ability in complex biological systems, such as pathways, remains underex”。"
Xiang Li（论文 #57，身份待核验）,57,是,待核验,"论文信息汇总.csv 序57：摘要、研究内容、创新点；内容仅据摘要/Introduction归纳。
仅取得可靠元数据或摘要；未取得可读全文。
https://arxiv.org/abs/2310.00280；访问2026-09-17；arXiv作者顺序和摘要。
CV：https://ikekonglp.github.io/lingpenk_cv.pdf；第7页；版本2026-01-27。
原文摘要依据：“Large Language Models (LLMs) are evolving at an unprecedented pace and have exhibited considerable capability in the realm of natural language processing (NLP) with world knowledge. Benefiting from ul”。"
Xiang Li（论文 #107，身份待核验）,107,否,否,"论文信息汇总.csv 序107：摘要、研究内容、创新点；内容仅据摘要/Introduction归纳。
PDF：港大/Kong, Lingpeng/论文/2022_Lexical Knowledge Internalization for Neural Dialog Generation.pdf；第1页标题、作者单位与摘要；Introduction在已保存前3页内。
https://aclanthology.org/2022.acl-long.547/；访问2026-09-17；ACL作者顺序、发表信息与摘要。
CV：https://ikekonglp.github.io/lingpenk_cv.pdf；第11页；版本2026-01-27。
PDF发表标记：“Proceedings of the 60th Annual Meeting of the Association for Computational Linguistics”。
原文摘要依据：“We propose knowledge internalization (KI), which aims to complement the lexical knowledge into neural dialog models. Instead of further conditioning the knowledge-grounded dialog (KGD) models on exter”。"
Xiang Li（论文 #112，身份待核验）,112,否,待核验,"论文信息汇总.csv 序112：摘要、研究内容、创新点；内容仅据摘要/Introduction归纳。
PDF：港大/Kong, Lingpeng/论文/2021_Good for Misconceived Reasons_ An Empirical Revisiting on the Need for Visual Context in Multimodal Machine Translation.pdf；第1页标题、作者单位与摘要；Introduction在已保存前3页内。
https://aclanthology.org/2021.acl-long.480/；访问2026-09-17；ACL作者顺序、发表信息与摘要。
CV：https://ikekonglp.github.io/lingpenk_cv.pdf；第11页；版本2026-01-27。
PDF发表标记：“Proceedings of the 59th Annual Meeting of the Association for Computational Linguistics”。
原文摘要依据：“A neural multimodal machine translation (MMT) system is one that aims to perform better translation by extending conventional text-only translation models with multimodal information. Many recent stud”。"
Xiang Li（论文 #144，身份待核验）,144,否,待核验,"论文信息汇总.csv 序144：摘要、研究内容、创新点；内容仅据摘要/Introduction归纳。
仅取得可靠元数据或摘要；未取得可读全文。
https://arxiv.org/abs/2403.14734；访问2026-09-17；arXiv作者顺序和摘要。
原文摘要依据：“Neural Code Intelligence -- leveraging deep learning to understand, generate, and optimize code -- holds immense potential for transformative impacts on the whole society. Bridging the gap between Nat”。"
Xipeng Qiu（论文 #57，身份待核验）,57,是,待核验,"论文信息汇总.csv 序57：摘要、研究内容、创新点；内容仅据摘要/Introduction归纳。
仅取得可靠元数据或摘要；未取得可读全文。
https://arxiv.org/abs/2310.00280；访问2026-09-17；arXiv作者顺序和摘要。
CV：https://ikekonglp.github.io/lingpenk_cv.pdf；第7页；版本2026-01-27。
原文摘要依据：“Large Language Models (LLMs) are evolving at an unprecedented pace and have exhibited considerable capability in the realm of natural language processing (NLP) with world knowledge. Benefiting from ul”。"
Xipeng Qiu（论文 #61，身份待核验）,61,否,待核验,"论文信息汇总.csv 序61：摘要、研究内容、创新点；内容仅据摘要/Introduction归纳。
PDF：港大/Kong, Lingpeng/论文/2024_L-Eval_ Instituting Standardized Evaluation for Long Context Language Models.pdf；第1页标题、作者单位与摘要；Introduction在已保存前3页内。
https://aclanthology.org/2024.acl-long.776/；访问2026-09-17；ACL作者顺序、发表信息与摘要。
CV：https://ikekonglp.github.io/lingpenk_cv.pdf；第8页；版本2026-01-27。
PDF发表标记：“Proceedings of the 62nd Annual Meeting of the Association for Computational Linguistics (Volume 1: Long Papers), pages 14388–14411”。
原文摘要依据：“Recently, there has been growing interest in long-context scaling of large language models (LLMs). To facilitate research in this field, we propose L-Eval to institute a more standardized evaluation f”。"
Xipeng Qiu（论文 #70，身份待核验）,70,是,待核验,"论文信息汇总.csv 序70：摘要、研究内容、创新点；内容仅据摘要/Introduction归纳。
PDF：港大/Kong, Lingpeng/论文/2024_Training- Free Long-Context Scaling of Large Language Models.pdf；第1页标题、作者单位与摘要；Introduction在已保存前3页内。
https://arxiv.org/abs/2402.17463；访问2026-09-17；arXiv作者顺序和摘要。
CV：https://ikekonglp.github.io/lingpenk_cv.pdf；第8页；版本2026-01-27。
PDF发表标记：“Proceedings of the 41 st International Conference on Machine            tion indices or increasing the base frequency in RoPE (Su”。
原文摘要依据：“The ability of Large Language Models (LLMs) to process and generate coherent text is markedly weakened when the number of input tokens exceeds their pretraining length. Given the expensive overhead of”。"
Xipeng Qiu（论文 #100，身份待核验）,100,否,待核验,"论文信息汇总.csv 序100：摘要、研究内容、创新点；内容仅据摘要/Introduction归纳。
PDF：港大/Kong, Lingpeng/论文/2022_CoNT_ Contrastive Neural Text Generation.pdf；第1页标题、作者单位与摘要；Introduction在已保存前3页内。
https://arxiv.org/abs/2205.14690；访问2026-09-17；arXiv作者顺序和摘要。
CV：https://ikekonglp.github.io/lingpenk_cv.pdf；第10页；版本2026-01-27。
原文摘要依据：“Recently, contrastive learning attracts increasing interests in neural text generation as a new solution to alleviate the exposure bias problem. It introduces a sequence-level training signal which is”。"
Xipeng Qiu（论文 #136，身份待核验）,136,是,待核验,"论文信息汇总.csv 序136：摘要、研究内容、创新点；内容仅据摘要/Introduction归纳。
PDF：港大/Kong, Lingpeng/论文/2023_Optimizing Non-Autoregressive Transformers with Contrastive Learning.pdf；第1页标题、作者单位与摘要；Introduction在已保存前3页内。
https://arxiv.org/abs/2305.13667；访问2026-09-17；arXiv作者顺序和摘要。
原文摘要依据：“Non-autoregressive Transformers (NATs) reduce the inference latency of Autoregressive Transformers (ATs) by predicting words all at once rather than in sequential order. They have achieved remarkable ”。"
Xipeng Qiu（论文 #144，身份待核验）,144,否,待核验,"论文信息汇总.csv 序144：摘要、研究内容、创新点；内容仅据摘要/Introduction归纳。
仅取得可靠元数据或摘要；未取得可读全文。
https://arxiv.org/abs/2403.14734；访问2026-09-17；arXiv作者顺序和摘要。
原文摘要依据：“Neural Code Intelligence -- leveraging deep learning to understand, generate, and optimize code -- holds immense potential for transformative impacts on the whole society. Bridging the gap between Nat”。"
Xipeng Qiu（论文 #149，身份待核验）,149,否,是,"论文信息汇总.csv 序149：摘要、研究内容、创新点；内容仅据摘要/Introduction归纳。
PDF：港大/Kong, Lingpeng/论文/2024_Understanding the Role of LLMs in Multimodal Evaluation Benchmarks.pdf；第1页标题、作者单位与摘要；Introduction在已保存前3页内。
https://arxiv.org/abs/2410.12329；访问2026-09-17；arXiv作者顺序和摘要。
原文摘要依据：“The rapid advancement of Multimodal Large Language Models (MLLMs) has been accompanied by the development of various benchmarks to evaluate their capabilities. However, the true nature of these evalua”。"
Jianbo Yuan（论文 #59，身份待核验）,59,是,待核验,"论文信息汇总.csv 序59：摘要、研究内容、创新点；内容仅据摘要/Introduction归纳。
PDF：港大/Kong, Lingpeng/论文/2024_A Reparameterized Discrete Diffusion Model for Text Generation.pdf；第1页标题、作者单位与摘要；Introduction在已保存前3页内。
https://arxiv.org/abs/2302.05737；访问2026-09-17；arXiv作者顺序和摘要。
CV：https://ikekonglp.github.io/lingpenk_cv.pdf；第7页；版本2026-01-27。
原文摘要依据：“This work studies discrete diffusion probabilistic models with applications to natural language generation. We derive an alternative yet equivalent formulation of the sampling from discrete diffusion ”。"
Jianbo Yuan（论文 #69，身份待核验）,69,是,待核验,"论文信息汇总.csv 序69：摘要、研究内容、创新点；内容仅据摘要/Introduction归纳。
PDF：港大/Kong, Lingpeng/论文/2024_Self-Infilling Code Generation.pdf；第1页标题、作者单位与摘要；Introduction在已保存前3页内。
https://arxiv.org/abs/2311.17972；访问2026-09-17；arXiv作者顺序和摘要。
CV：https://ikekonglp.github.io/lingpenk_cv.pdf；第8页；版本2026-01-27。
PDF发表标记：“Proceedings of the 41 st International Conference on Machine          terruption point to infill the bypassed context (Figure 1c).”。
原文摘要依据：“This work introduces self-infilling code generation, a general framework that incorporates infilling operations into auto-regressive decoding. Our approach capitalizes on the observation that recent i”。"
Jianbo Yuan（论文 #90，身份待核验）,90,是,待核验,"论文信息汇总.csv 序90：摘要、研究内容、创新点；内容仅据摘要/Introduction归纳。
PDF：港大/Kong, Lingpeng/论文/2023_Efficient Attention via Control Variates.pdf；第1页标题、作者单位与摘要；Introduction在已保存前3页内。
https://arxiv.org/abs/2302.04542；访问2026-09-17；arXiv作者顺序和摘要。
CV：https://ikekonglp.github.io/lingpenk_cv.pdf；第10页；版本2026-01-27。
PDF发表标记：“Published as a conference paper at ICLR 2023”。
原文摘要依据：“Random-feature-based attention (RFA) is an efficient approximation of softmax attention with linear runtime and space complexity. However, the approximation gap between RFA and conventional softmax at”。"
Leyang Cui（论文 #63，身份待核验）,63,否,是,"论文信息汇总.csv 序63：摘要、研究内容、创新点；内容仅据摘要/Introduction归纳。
PDF：港大/Kong, Lingpeng/论文/2024_GSM-Plus_ A Comprehensive Benchmark for Evaluating the Robustness of LLMs as Mathematical Problem Solvers.pdf；第1页标题、作者单位与摘要；Introduction在已保存前3页内。
https://aclanthology.org/2024.acl-long.163/；访问2026-09-17；ACL作者顺序、发表信息与摘要。
CV：https://ikekonglp.github.io/lingpenk_cv.pdf；第8页；版本2026-01-27。
PDF发表标记：“Proceedings of the 62nd Annual Meeting of the Association for Computational Linguistics (Volume 1: Long Papers), pages 2961–2984”。
原文摘要依据：“Large language models (LLMs) have achieved impressive performance across various mathematical reasoning benchmarks. However, there are increasing debates regarding whether these models truly understan”。"
Leyang Cui（论文 #140，身份待核验）,140,否,待核验,"论文信息汇总.csv 序140：摘要、研究内容、创新点；内容仅据摘要/Introduction归纳。
PDF：港大/Kong, Lingpeng/论文/2025_Exploring the Reliability of Large Language Models as Customized Evaluators for Diverse NLP Tasks.pdf；第1页标题、作者单位与摘要；Introduction在已保存前3页内。
https://aclanthology.org/2025.coling-main.688/；访问2026-09-17；ACL作者顺序、发表信息与摘要。
原文摘要依据：“Previous work adopts large language models (LLMs) as evaluators to evaluate natural language process (NLP) tasks. However, certain shortcomings, e.g., fairness, scope, and accuracy, persist for curren”。"
Qingxiu Dong（论文 #65，身份待核验）,65,否,待核验,"论文信息汇总.csv 序65：摘要、研究内容、创新点；内容仅据摘要/Introduction归纳。
仅取得可靠元数据或摘要；未取得可读全文。
https://aclanthology.org/2024.findings-acl.123/；访问2026-09-17；ACL作者顺序、发表信息与摘要。
CV：https://ikekonglp.github.io/lingpenk_cv.pdf；第8页；版本2026-01-27。
原文摘要依据：“With promising yet saturated results in high-resource settings, low-resource datasets have gradually become crucial benchmarks (e.g., BigBench Hard, superGLUE) for evaluating the learning ability of a”。"
Qingxiu Dong（论文 #72，身份待核验）,72,否,待核验,"论文信息汇总.csv 序72：摘要、研究内容、创新点；内容仅据摘要/Introduction归纳。
仅取得可靠元数据或摘要；未取得可读全文。
https://aclanthology.org/2024.findings-naacl.176/；访问2026-09-17；ACL作者顺序、发表信息与摘要。
CV：https://ikekonglp.github.io/lingpenk_cv.pdf；第8页；版本2026-01-27。
原文摘要依据：“Large language models (LLMs) have demonstrated remarkable potential in handling multilingual machine translation (MMT). In this paper, we systematically investigate the advantages and challenges of LL”。"
Qingxiu Dong（论文 #74，身份待核验）,74,否,待核验,"论文信息汇总.csv 序74：摘要、研究内容、创新点；内容仅据摘要/Introduction归纳。
仅取得可靠元数据或摘要；未取得可读全文。
https://aclanthology.org/2023.emnlp-main.726/；访问2026-09-17；ACL作者顺序、发表信息与摘要。
CV：https://ikekonglp.github.io/lingpenk_cv.pdf；第9页；版本2026-01-27。
原文摘要依据：“Language models (LMs) gradually become general-purpose interfaces in the interactive and embodied world, where the understanding of physical concepts is an essential prerequisite. However, it is uncle”。"
Qingxiu Dong（论文 #79，身份待核验）,79,否,待核验,"论文信息汇总.csv 序79：摘要、研究内容、创新点；内容仅据摘要/Introduction归纳。
PDF：港大/Kong, Lingpeng/论文/2023_Statistical Knowledge Assessment for Generative Language Models.pdf；第1页标题、作者单位与摘要；Introduction在已保存前3页内。
https://arxiv.org/abs/2305.10519；访问2026-09-17；arXiv作者顺序和摘要。
CV：https://ikekonglp.github.io/lingpenk_cv.pdf；第9页；版本2026-01-27。
原文摘要依据：“Given varying prompts regarding a factoid question, can a large language model (LLM) reliably generate factually correct answers? Existing LLMs may generate distinct responses for different prompts. I”。"
Qingxiu Dong（论文 #139，身份待核验）,139,否,待核验,"论文信息汇总.csv 序139：摘要、研究内容、创新点；内容仅据摘要/Introduction归纳。
仅取得可靠元数据或摘要；未取得可读全文。
https://arxiv.org/abs/2308.04948；访问2026-09-17；arXiv作者顺序和摘要。
原文摘要依据：“Existing large language models show disparate capability across different languages, due to the imbalance in the training data. Their performances on English tasks are often stronger than on tasks of ”。"
Zhifang Sui（论文 #65，身份待核验）,65,否,待核验,"论文信息汇总.csv 序65：摘要、研究内容、创新点；内容仅据摘要/Introduction归纳。
仅取得可靠元数据或摘要；未取得可读全文。
https://aclanthology.org/2024.findings-acl.123/；访问2026-09-17；ACL作者顺序、发表信息与摘要。
CV：https://ikekonglp.github.io/lingpenk_cv.pdf；第8页；版本2026-01-27。
原文摘要依据：“With promising yet saturated results in high-resource settings, low-resource datasets have gradually become crucial benchmarks (e.g., BigBench Hard, superGLUE) for evaluating the learning ability of a”。"
Zhifang Sui（论文 #68，身份待核验）,68,否,待核验,"论文信息汇总.csv 序68：摘要、研究内容、创新点；内容仅据摘要/Introduction归纳。
PDF：港大/Kong, Lingpeng/论文/2024_Large Language Models are not Fair Evaluators.pdf；第1页标题、作者单位与摘要；Introduction在已保存前3页内。
https://aclanthology.org/2024.acl-long.511/；访问2026-09-17；ACL作者顺序、发表信息与摘要。
CV：https://ikekonglp.github.io/lingpenk_cv.pdf；第8页；版本2026-01-27。
PDF发表标记：“Proceedings of the 62nd Annual Meeting of the Association for Computational Linguistics (Volume 1: Long Papers), pages 9440–9450”。
原文摘要依据：“In this paper, we uncover a positional bias in the evaluation paradigm of adopting large language models (LLMs), e.g., GPT-4, as a referee to score and compare the quality of responses generated by ca”。"
Zhifang Sui（论文 #79，身份待核验）,79,否,待核验,"论文信息汇总.csv 序79：摘要、研究内容、创新点；内容仅据摘要/Introduction归纳。
PDF：港大/Kong, Lingpeng/论文/2023_Statistical Knowledge Assessment for Generative Language Models.pdf；第1页标题、作者单位与摘要；Introduction在已保存前3页内。
https://arxiv.org/abs/2305.10519；访问2026-09-17；arXiv作者顺序和摘要。
CV：https://ikekonglp.github.io/lingpenk_cv.pdf；第9页；版本2026-01-27。
原文摘要依据：“Given varying prompts regarding a factoid question, can a large language model (LLM) reliably generate factually correct answers? Existing LLMs may generate distinct responses for different prompts. I”。"
Zhifang Sui（论文 #168，身份待核验）,168,否,待核验,"论文信息汇总.csv 序168：摘要、研究内容、创新点；内容仅据摘要/Introduction归纳。
PDF：港大/Kong, Lingpeng/论文/2026_Claw-Eval_ Towards Trustworthy Evaluation of Autonomous Agents.pdf；第1页标题、作者单位与摘要；Introduction在已保存前3页内。
https://arxiv.org/abs/2604.06132；访问2026-09-17；arXiv作者顺序和摘要。
原文摘要依据：“Large language models are increasingly deployed as autonomous agents for multi-step workflows in real-world software environments. However, existing agent benchmarks are limited by trajectory-opaque g”。"
Xinting Huang（论文 #66，身份待核验）,66,是,待核验,"论文信息汇总.csv 序66：摘要、研究内容、创新点；内容仅据摘要/Introduction归纳。
PDF：港大/Kong, Lingpeng/论文/2024_SEGO_ Sequential Subgoal Optimization for Mathematical Problem-Solving.pdf；第1页标题、作者单位与摘要；Introduction在已保存前3页内。
https://aclanthology.org/2024.acl-long.407/；访问2026-09-17；ACL作者顺序、发表信息与摘要。
CV：https://ikekonglp.github.io/lingpenk_cv.pdf；第8页；版本2026-01-27。
PDF发表标记：“Proceedings of the 62nd Annual Meeting of the Association for Computational Linguistics (Volume 1: Long Papers), pages 7544–7565”。
原文摘要依据：“Large Language Models (LLMs) have driven substantial progress in artificial intelligence in recent years, exhibiting impressive capabilities across a wide range of tasks, including mathematical proble”。"
Xinting Huang（论文 #67，身份待核验）,67,是,待核验,"论文信息汇总.csv 序67：摘要、研究内容、创新点；内容仅据摘要/Introduction归纳。
PDF：港大/Kong, Lingpeng/论文/2024_BBA_ Bi-Modal Behavioral Alignment for Reasoning with Large Vision-Language Models.pdf；第1页标题、作者单位与摘要；Introduction在已保存前3页内。
https://aclanthology.org/2024.findings-acl.433/；访问2026-09-17；ACL作者顺序、发表信息与摘要。
CV：https://ikekonglp.github.io/lingpenk_cv.pdf；第8页；版本2026-01-27。
原文摘要依据：“Multimodal reasoning stands as a pivotal capability for large vision-language models (LVLMs). The integration with Domain-Specific Languages (DSL), offering precise visual representations, equips thes”。"
Tingchen Fu（论文 #67，身份待核验）,67,是,待核验,"论文信息汇总.csv 序67：摘要、研究内容、创新点；内容仅据摘要/Introduction归纳。
PDF：港大/Kong, Lingpeng/论文/2024_BBA_ Bi-Modal Behavioral Alignment for Reasoning with Large Vision-Language Models.pdf；第1页标题、作者单位与摘要；Introduction在已保存前3页内。
https://aclanthology.org/2024.findings-acl.433/；访问2026-09-17；ACL作者顺序、发表信息与摘要。
CV：https://ikekonglp.github.io/lingpenk_cv.pdf；第8页；版本2026-01-27。
原文摘要依据：“Multimodal reasoning stands as a pivotal capability for large vision-language models (LVLMs). The integration with Domain-Specific Languages (DSL), offering precise visual representations, equips thes”。"
Tingchen Fu（论文 #86，身份待核验）,86,否,否,"论文信息汇总.csv 序86：摘要、研究内容、创新点；内容仅据摘要/Introduction归纳。
PDF：港大/Kong, Lingpeng/论文/2023_SORTIE_ Dependency-Aware Symbolic Reasoning for Logical Data-to-text Generation.pdf；第1页标题、作者单位与摘要；Introduction在已保存前3页内。
https://aclanthology.org/2023.findings-acl.715/；访问2026-09-17；ACL作者顺序、发表信息与摘要。
CV：https://ikekonglp.github.io/lingpenk_cv.pdf；第9页；版本2026-01-27。
原文摘要依据：“Logical data-to-text generation is a representative task in measuring the capabilities of both language generation and complex reasoning. Despite the introduction of reasoning skills in generation, ex”。"
Lemao Liu（论文 #67，身份待核验）,67,是,待核验,"论文信息汇总.csv 序67：摘要、研究内容、创新点；内容仅据摘要/Introduction归纳。
PDF：港大/Kong, Lingpeng/论文/2024_BBA_ Bi-Modal Behavioral Alignment for Reasoning with Large Vision-Language Models.pdf；第1页标题、作者单位与摘要；Introduction在已保存前3页内。
https://aclanthology.org/2024.findings-acl.433/；访问2026-09-17；ACL作者顺序、发表信息与摘要。
CV：https://ikekonglp.github.io/lingpenk_cv.pdf；第8页；版本2026-01-27。
原文摘要依据：“Multimodal reasoning stands as a pivotal capability for large vision-language models (LVLMs). The integration with Domain-Specific Languages (DSL), offering precise visual representations, equips thes”。"
Lemao Liu（论文 #86，身份待核验）,86,否,否,"论文信息汇总.csv 序86：摘要、研究内容、创新点；内容仅据摘要/Introduction归纳。
PDF：港大/Kong, Lingpeng/论文/2023_SORTIE_ Dependency-Aware Symbolic Reasoning for Logical Data-to-text Generation.pdf；第1页标题、作者单位与摘要；Introduction在已保存前3页内。
https://aclanthology.org/2023.findings-acl.715/；访问2026-09-17；ACL作者顺序、发表信息与摘要。
CV：https://ikekonglp.github.io/lingpenk_cv.pdf；第9页；版本2026-01-27。
原文摘要依据：“Logical data-to-text generation is a representative task in measuring the capabilities of both language generation and complex reasoning. Despite the introduction of reasoning skills in generation, ex”。"
Dawei Zhu（论文 #68，身份待核验）,68,否,待核验,"论文信息汇总.csv 序68：摘要、研究内容、创新点；内容仅据摘要/Introduction归纳。
PDF：港大/Kong, Lingpeng/论文/2024_Large Language Models are not Fair Evaluators.pdf；第1页标题、作者单位与摘要；Introduction在已保存前3页内。
https://aclanthology.org/2024.acl-long.511/；访问2026-09-17；ACL作者顺序、发表信息与摘要。
CV：https://ikekonglp.github.io/lingpenk_cv.pdf；第8页；版本2026-01-27。
PDF发表标记：“Proceedings of the 62nd Annual Meeting of the Association for Computational Linguistics (Volume 1: Long Papers), pages 9440–9450”。
原文摘要依据：“In this paper, we uncover a positional bias in the evaluation paradigm of adopting large language models (LLMs), e.g., GPT-4, as a referee to score and compare the quality of responses generated by ca”。"
Dawei Zhu（论文 #178，身份待核验）,178,否,待核验,"论文信息汇总.csv 序178：摘要、研究内容、创新点；内容仅据摘要/Introduction归纳。
仅取得可靠元数据或摘要；未取得可读全文。
https://arxiv.org/abs/2608.28378；访问2026-09-17；arXiv作者顺序和摘要。
原文摘要依据：“Large language models are increasingly used as agentic workflow executors, yet existing training data and benchmarks largely assume informationally complete, single-turn queries. Our analysis of 16K r”。"
Fei Huang（论文 #70，身份待核验）,70,是,待核验,"论文信息汇总.csv 序70：摘要、研究内容、创新点；内容仅据摘要/Introduction归纳。
PDF：港大/Kong, Lingpeng/论文/2024_Training- Free Long-Context Scaling of Large Language Models.pdf；第1页标题、作者单位与摘要；Introduction在已保存前3页内。
https://arxiv.org/abs/2402.17463；访问2026-09-17；arXiv作者顺序和摘要。
CV：https://ikekonglp.github.io/lingpenk_cv.pdf；第8页；版本2026-01-27。
PDF发表标记：“Proceedings of the 41 st International Conference on Machine            tion indices or increasing the base frequency in RoPE (Su”。
原文摘要依据：“The ability of Large Language Models (LLMs) to process and generate coherent text is markedly weakened when the number of input tokens exceeds their pretraining length. Given the expensive overhead of”。"
Fei Huang（论文 #136，身份待核验）,136,是,待核验,"论文信息汇总.csv 序136：摘要、研究内容、创新点；内容仅据摘要/Introduction归纳。
PDF：港大/Kong, Lingpeng/论文/2023_Optimizing Non-Autoregressive Transformers with Contrastive Learning.pdf；第1页标题、作者单位与摘要；Introduction在已保存前3页内。
https://arxiv.org/abs/2305.13667；访问2026-09-17；arXiv作者顺序和摘要。
原文摘要依据：“Non-autoregressive Transformers (NATs) reduce the inference latency of Autoregressive Transformers (ATs) by predicting words all at once rather than in sequential order. They have achieved remarkable ”。"
Wenhao Zhu（论文 #72，身份待核验）,72,否,待核验,"论文信息汇总.csv 序72：摘要、研究内容、创新点；内容仅据摘要/Introduction归纳。
仅取得可靠元数据或摘要；未取得可读全文。
https://aclanthology.org/2024.findings-naacl.176/；访问2026-09-17；ACL作者顺序、发表信息与摘要。
CV：https://ikekonglp.github.io/lingpenk_cv.pdf；第8页；版本2026-01-27。
原文摘要依据：“Large language models (LLMs) have demonstrated remarkable potential in handling multilingual machine translation (MMT). In this paper, we systematically investigate the advantages and challenges of LL”。"
Wenhao Zhu（论文 #83，身份待核验）,83,否,待核验,"论文信息汇总.csv 序83：摘要、研究内容、创新点；内容仅据摘要/Introduction归纳。
PDF：港大/Kong, Lingpeng/论文/2023_Lego-MT_ Learning Detachable Models for Massively Multilingual Machine Translation.pdf；第1页标题、作者单位与摘要；Introduction在已保存前3页内。
https://aclanthology.org/2023.findings-acl.731/；访问2026-09-17；ACL作者顺序、发表信息与摘要。
CV：https://ikekonglp.github.io/lingpenk_cv.pdf；第9页；版本2026-01-27。
原文摘要依据：“Multilingual neural machine translation (MNMT) aims to build a unified model for many language directions. Existing monolithic models for MNMT encounter two challenges: parameter interference among la”。"
Wenhao Zhu（论文 #84，身份待核验）,84,否,待核验,"论文信息汇总.csv 序84：摘要、研究内容、创新点；内容仅据摘要/Introduction归纳。
PDF：港大/Kong, Lingpeng/论文/2023_INK_ Injecting kNN Knowledge in Nearest Neighbor Machine Translation.pdf；第1页标题、作者单位与摘要；Introduction在已保存前3页内。
https://aclanthology.org/2023.acl-long.888/；访问2026-09-17；ACL作者顺序、发表信息与摘要。
CV：https://ikekonglp.github.io/lingpenk_cv.pdf；第9页；版本2026-01-27。
原文摘要依据：“Neural machine translation has achieved promising results on many translation tasks. However, previous studies have shown that neural models induce a non-smooth representation space, which harms its g”。"
Wenhao Zhu（论文 #139，身份待核验）,139,否,待核验,"论文信息汇总.csv 序139：摘要、研究内容、创新点；内容仅据摘要/Introduction归纳。
仅取得可靠元数据或摘要；未取得可读全文。
https://arxiv.org/abs/2308.04948；访问2026-09-17；arXiv作者顺序和摘要。
原文摘要依据：“Existing large language models show disparate capability across different languages, due to the imbalance in the training data. Their performances on English tasks are often stronger than on tasks of ”。"
Shujian Huang（论文 #72，身份待核验）,72,否,待核验,"论文信息汇总.csv 序72：摘要、研究内容、创新点；内容仅据摘要/Introduction归纳。
仅取得可靠元数据或摘要；未取得可读全文。
https://aclanthology.org/2024.findings-naacl.176/；访问2026-09-17；ACL作者顺序、发表信息与摘要。
CV：https://ikekonglp.github.io/lingpenk_cv.pdf；第8页；版本2026-01-27。
原文摘要依据：“Large language models (LLMs) have demonstrated remarkable potential in handling multilingual machine translation (MMT). In this paper, we systematically investigate the advantages and challenges of LL”。"
Shujian Huang（论文 #84，身份待核验）,84,否,待核验,"论文信息汇总.csv 序84：摘要、研究内容、创新点；内容仅据摘要/Introduction归纳。
PDF：港大/Kong, Lingpeng/论文/2023_INK_ Injecting kNN Knowledge in Nearest Neighbor Machine Translation.pdf；第1页标题、作者单位与摘要；Introduction在已保存前3页内。
https://aclanthology.org/2023.acl-long.888/；访问2026-09-17；ACL作者顺序、发表信息与摘要。
CV：https://ikekonglp.github.io/lingpenk_cv.pdf；第9页；版本2026-01-27。
原文摘要依据：“Neural machine translation has achieved promising results on many translation tasks. However, previous studies have shown that neural models induce a non-smooth representation space, which harms its g”。"
Shujian Huang（论文 #139，身份待核验）,139,否,待核验,"论文信息汇总.csv 序139：摘要、研究内容、创新点；内容仅据摘要/Introduction归纳。
仅取得可靠元数据或摘要；未取得可读全文。
https://arxiv.org/abs/2308.04948；访问2026-09-17；arXiv作者顺序和摘要。
原文摘要依据：“Existing large language models show disparate capability across different languages, due to the imbalance in the training data. Their performances on English tasks are often stronger than on tasks of ”。"
Jiajun Chen（论文 #72，身份待核验）,72,否,待核验,"论文信息汇总.csv 序72：摘要、研究内容、创新点；内容仅据摘要/Introduction归纳。
仅取得可靠元数据或摘要；未取得可读全文。
https://aclanthology.org/2024.findings-naacl.176/；访问2026-09-17；ACL作者顺序、发表信息与摘要。
CV：https://ikekonglp.github.io/lingpenk_cv.pdf；第8页；版本2026-01-27。
原文摘要依据：“Large language models (LLMs) have demonstrated remarkable potential in handling multilingual machine translation (MMT). In this paper, we systematically investigate the advantages and challenges of LL”。"
Jiajun Chen（论文 #84，身份待核验）,84,否,待核验,"论文信息汇总.csv 序84：摘要、研究内容、创新点；内容仅据摘要/Introduction归纳。
PDF：港大/Kong, Lingpeng/论文/2023_INK_ Injecting kNN Knowledge in Nearest Neighbor Machine Translation.pdf；第1页标题、作者单位与摘要；Introduction在已保存前3页内。
https://aclanthology.org/2023.acl-long.888/；访问2026-09-17；ACL作者顺序、发表信息与摘要。
CV：https://ikekonglp.github.io/lingpenk_cv.pdf；第9页；版本2026-01-27。
原文摘要依据：“Neural machine translation has achieved promising results on many translation tasks. However, previous studies have shown that neural models induce a non-smooth representation space, which harms its g”。"
Jiajun Chen（论文 #139，身份待核验）,139,否,待核验,"论文信息汇总.csv 序139：摘要、研究内容、创新点；内容仅据摘要/Introduction归纳。
仅取得可靠元数据或摘要；未取得可读全文。
https://arxiv.org/abs/2308.04948；访问2026-09-17；arXiv作者顺序和摘要。
原文摘要依据：“Existing large language models show disparate capability across different languages, due to the imbalance in the training data. Their performances on English tasks are often stronger than on tasks of ”。"
Yiheng Xu,134,是,是,"论文信息汇总.csv 序134：摘要、研究内容、创新点；内容仅据摘要/Introduction归纳。
PDF：港大/Kong, Lingpeng/论文/2023_In-Context Learning with Many Demonstration Examples.pdf；第1页标题、作者单位与摘要；Introduction在已保存前3页内。
https://arxiv.org/abs/2302.04931；访问2026-09-17；arXiv作者顺序和摘要。
原文摘要依据：“Large pre-training language models (PLMs) have shown promising in-context learning abilities. However, due to the backbone transformer architecture, existing PLMs are bottlenecked by the memory and co”。"
Yiheng Xu,73,否,待核验,"论文信息汇总.csv 序73：摘要、研究内容、创新点；内容仅据摘要/Introduction归纳。
PDF：港大/Kong, Lingpeng/论文/2024_Lemur_ Harmonizing Natural Language and Code for Language Agents.pdf；第1页标题、作者单位与摘要；Introduction在已保存前3页内。
https://arxiv.org/abs/2310.06830；访问2026-09-17；arXiv作者顺序和摘要。
CV：https://ikekonglp.github.io/lingpenk_cv.pdf；第8页；版本2026-01-27。
PDF发表标记：“Published as a conference paper at ICLR 2024”。
原文摘要依据：“We introduce Lemur and Lemur-Chat, openly accessible language models optimized for both natural language and coding capabilities to serve as the backbone of versatile language agents. The evolution fr”。"
Qian Liu（论文 #73，身份待核验）,73,否,待核验,"论文信息汇总.csv 序73：摘要、研究内容、创新点；内容仅据摘要/Introduction归纳。
PDF：港大/Kong, Lingpeng/论文/2024_Lemur_ Harmonizing Natural Language and Code for Language Agents.pdf；第1页标题、作者单位与摘要；Introduction在已保存前3页内。
https://arxiv.org/abs/2310.06830；访问2026-09-17；arXiv作者顺序和摘要。
CV：https://ikekonglp.github.io/lingpenk_cv.pdf；第8页；版本2026-01-27。
PDF发表标记：“Published as a conference paper at ICLR 2024”。
原文摘要依据：“We introduce Lemur and Lemur-Chat, openly accessible language models optimized for both natural language and coding capabilities to serve as the backbone of versatile language agents. The evolution fr”。"
Qian Liu（论文 #164，身份待核验）,164,是,否,"论文信息汇总.csv 序164：摘要、研究内容、创新点；内容仅据摘要/Introduction归纳。
PDF：港大/Kong, Lingpeng/论文/2026_Proxy Compression for Language Modeling.pdf；第1页标题、作者单位与摘要；Introduction在已保存前3页内。
https://arxiv.org/abs/2602.04289；访问2026-09-17；arXiv作者顺序和摘要。
PDF发表标记：“Proceedings of the 43 International Conference on Machine               trasting it with compressed sequences often derived from that byte”。
原文摘要依据：“Modern language models are trained almost exclusively on token sequences produced by a fixed tokenizer, an external lossless compressor often over UTF-8 byte sequences, thereby coupling the model to t”。"
Bailin Wang（论文 #73，身份待核验）,73,否,待核验,"论文信息汇总.csv 序73：摘要、研究内容、创新点；内容仅据摘要/Introduction归纳。
PDF：港大/Kong, Lingpeng/论文/2024_Lemur_ Harmonizing Natural Language and Code for Language Agents.pdf；第1页标题、作者单位与摘要；Introduction在已保存前3页内。
https://arxiv.org/abs/2310.06830；访问2026-09-17；arXiv作者顺序和摘要。
CV：https://ikekonglp.github.io/lingpenk_cv.pdf；第8页；版本2026-01-27。
PDF发表标记：“Published as a conference paper at ICLR 2024”。
原文摘要依据：“We introduce Lemur and Lemur-Chat, openly accessible language models optimized for both natural language and coding capabilities to serve as the backbone of versatile language agents. The evolution fr”。"
Bailin Wang（论文 #97，身份待核验）,97,否,待核验,"论文信息汇总.csv 序97：摘要、研究内容、创新点；内容仅据摘要/Introduction归纳。
仅取得可靠元数据或摘要；未取得可读全文。
https://aclanthology.org/2022.emnlp-main.39/；访问2026-09-17；ACL作者顺序、发表信息与摘要。
CV：https://ikekonglp.github.io/lingpenk_cv.pdf；第10页；版本2026-01-27。
原文摘要依据：“Structured knowledge grounding (SKG) leverages structured knowledge to complete user requests, such as semantic parsing over databases and question answering over knowledge bases. Since the inputs and”。"
Caiming Xiong（论文 #73，身份待核验）,73,否,待核验,"论文信息汇总.csv 序73：摘要、研究内容、创新点；内容仅据摘要/Introduction归纳。
PDF：港大/Kong, Lingpeng/论文/2024_Lemur_ Harmonizing Natural Language and Code for Language Agents.pdf；第1页标题、作者单位与摘要；Introduction在已保存前3页内。
https://arxiv.org/abs/2310.06830；访问2026-09-17；arXiv作者顺序和摘要。
CV：https://ikekonglp.github.io/lingpenk_cv.pdf；第8页；版本2026-01-27。
PDF发表标记：“Published as a conference paper at ICLR 2024”。
原文摘要依据：“We introduce Lemur and Lemur-Chat, openly accessible language models optimized for both natural language and coding capabilities to serve as the backbone of versatile language agents. The evolution fr”。"
Caiming Xiong（论文 #97，身份待核验）,97,否,待核验,"论文信息汇总.csv 序97：摘要、研究内容、创新点；内容仅据摘要/Introduction归纳。
仅取得可靠元数据或摘要；未取得可读全文。
https://aclanthology.org/2022.emnlp-main.39/；访问2026-09-17；ACL作者顺序、发表信息与摘要。
CV：https://ikekonglp.github.io/lingpenk_cv.pdf；第10页；版本2026-01-27。
原文摘要依据：“Structured knowledge grounding (SKG) leverages structured knowledge to complete user requests, such as semantic parsing over databases and question answering over knowledge bases. Since the inputs and”。"
Tao Yu,95,是,待核验,"论文信息汇总.csv 序95：摘要、研究内容、创新点；内容仅据摘要/Introduction归纳。
PDF：港大/Kong, Lingpeng/论文/2022_ProGen_ Progressive Zero-shot Dataset Generation via In-context Feedback.pdf；第1页标题、作者单位与摘要；Introduction在已保存前3页内。
https://aclanthology.org/2022.findings-emnlp.269/；访问2026-09-17；ACL作者顺序、发表信息与摘要。
CV：https://ikekonglp.github.io/lingpenk_cv.pdf；第10页；版本2026-01-27。
原文摘要依据：“Recently, dataset-generation-based zero-shot learning has shown promising results by training a task-specific model with a dataset synthesized from large pre-trained language models (PLMs). The final ”。"
Tao Yu,96,是,待核验,"论文信息汇总.csv 序96：摘要、研究内容、创新点；内容仅据摘要/Introduction归纳。
PDF：港大/Kong, Lingpeng/论文/2022_ZeroGen_ Efficient Zero-shot Learning via Dataset Generation.pdf；第1页标题、作者单位与摘要；Introduction在已保存前3页内。
https://aclanthology.org/2022.emnlp-main.801/；访问2026-09-17；ACL作者顺序、发表信息与摘要。
CV：https://ikekonglp.github.io/lingpenk_cv.pdf；第10页；版本2026-01-27。
PDF发表标记：“Proceedings of the 2022 Conference on Empirical Methods in Natural Language Processing, pages 11653–11669”。
原文摘要依据：“There is a growing interest in dataset generation recently due to the superior generative capacity of large pre-trained language models (PLMs). In this paper, we study a flexible and efficient zero-sh”。"
Tao Yu,97,否,待核验,"论文信息汇总.csv 序97：摘要、研究内容、创新点；内容仅据摘要/Introduction归纳。
仅取得可靠元数据或摘要；未取得可读全文。
https://aclanthology.org/2022.emnlp-main.39/；访问2026-09-17；ACL作者顺序、发表信息与摘要。
CV：https://ikekonglp.github.io/lingpenk_cv.pdf；第10页；版本2026-01-27。
原文摘要依据：“Structured knowledge grounding (SKG) leverages structured knowledge to complete user requests, such as semantic parsing over databases and question answering over knowledge bases. Since the inputs and”。"
Tao Yu,76,否,待核验,"论文信息汇总.csv 序76：摘要、研究内容、创新点；内容仅据摘要/Introduction归纳。
PDF：港大/Kong, Lingpeng/论文/2023_Generating Data for Symbolic Language with Large Language Models.pdf；第1页标题、作者单位与摘要；Introduction在已保存前3页内。
https://aclanthology.org/2023.emnlp-main.523/；访问2026-09-17；ACL作者顺序、发表信息与摘要。
CV：https://ikekonglp.github.io/lingpenk_cv.pdf；第9页；版本2026-01-27。
PDF发表标记：“Proceedings of the 2023 Conference on Empirical Methods in Natural Language Processing, pages 8418–8443”。
原文摘要依据：“While large language models (LLMs) bring not only performance but also complexity, recent work has started to turn LLMs into data generators rather than task inferencers, where another affordable task”。"
Tao Yu,87,是,否,"论文信息汇总.csv 序87：摘要、研究内容、创新点；内容仅据摘要/Introduction归纳。
PDF：港大/Kong, Lingpeng/论文/2023_Compositional Exemplars for In-context Learning.pdf；第1页标题、作者单位与摘要；Introduction在已保存前3页内。
https://arxiv.org/abs/2302.05698；访问2026-09-17；arXiv作者顺序和摘要。
CV：https://ikekonglp.github.io/lingpenk_cv.pdf；第9页；版本2026-01-27。
PDF发表标记：“Proceedings of the 40 th International Conference on Machine       7 distinct tasks, including sentiment analysis, paraphrase”。
原文摘要依据：“Large pretrained language models (LMs) have shown impressive In-Context Learning (ICL) ability, where the model learns to do an unseen task via a prompt consisting of input-output examples as the demo”。"
Tao Yu,73,否,待核验,"论文信息汇总.csv 序73：摘要、研究内容、创新点；内容仅据摘要/Introduction归纳。
PDF：港大/Kong, Lingpeng/论文/2024_Lemur_ Harmonizing Natural Language and Code for Language Agents.pdf；第1页标题、作者单位与摘要；Introduction在已保存前3页内。
https://arxiv.org/abs/2310.06830；访问2026-09-17；arXiv作者顺序和摘要。
CV：https://ikekonglp.github.io/lingpenk_cv.pdf；第8页；版本2026-01-27。
PDF发表标记：“Published as a conference paper at ICLR 2024”。
原文摘要依据：“We introduce Lemur and Lemur-Chat, openly accessible language models optimized for both natural language and coding capabilities to serve as the backbone of versatile language agents. The evolution fr”。"
Tao Yu,143,是,待核验,"论文信息汇总.csv 序143：摘要、研究内容、创新点；内容仅据摘要/Introduction归纳。
仅取得可靠元数据或摘要；未取得可读全文。
https://arxiv.org/abs/2402.07456；访问2026-09-17；arXiv作者顺序和摘要。
原文摘要依据：“Autonomous interaction with the computer has been a longstanding challenge with great potential, and the recent proliferation of large language models (LLMs) has markedly accelerated progress in build”。"
Chengzu Li（论文 #76，身份待核验）,76,否,待核验,"论文信息汇总.csv 序76：摘要、研究内容、创新点；内容仅据摘要/Introduction归纳。
PDF：港大/Kong, Lingpeng/论文/2023_Generating Data for Symbolic Language with Large Language Models.pdf；第1页标题、作者单位与摘要；Introduction在已保存前3页内。
https://aclanthology.org/2023.emnlp-main.523/；访问2026-09-17；ACL作者顺序、发表信息与摘要。
CV：https://ikekonglp.github.io/lingpenk_cv.pdf；第9页；版本2026-01-27。
PDF发表标记：“Proceedings of the 2023 Conference on Empirical Methods in Natural Language Processing, pages 8418–8443”。
原文摘要依据：“While large language models (LLMs) bring not only performance but also complexity, recent work has started to turn LLMs into data generators rather than task inferencers, where another affordable task”。"
Chengzu Li（论文 #97，身份待核验）,97,否,待核验,"论文信息汇总.csv 序97：摘要、研究内容、创新点；内容仅据摘要/Introduction归纳。
仅取得可靠元数据或摘要；未取得可读全文。
https://aclanthology.org/2022.emnlp-main.39/；访问2026-09-17；ACL作者顺序、发表信息与摘要。
CV：https://ikekonglp.github.io/lingpenk_cv.pdf；第10页；版本2026-01-27。
原文摘要依据：“Structured knowledge grounding (SKG) leverages structured knowledge to complete user requests, such as semantic parsing over databases and question answering over knowledge bases. Since the inputs and”。"
Shuyang Jiang（论文 #80，身份待核验）,80,是,待核验,"论文信息汇总.csv 序80：摘要、研究内容、创新点；内容仅据摘要/Introduction归纳。
仅取得可靠元数据或摘要；未取得可读全文。
https://arxiv.org/abs/2310.09512；访问2026-09-17；arXiv作者顺序和摘要。
CV：https://ikekonglp.github.io/lingpenk_cv.pdf；第9页；版本2026-01-27。
原文摘要依据：“Autoregressive~(AR) generation almost dominates sequence generation for its efficacy. Recently, non-autoregressive~(NAR) generation gains increasing popularity for its efficiency and growing efficacy.”。"
Shuyang Jiang（论文 #88，身份待核验）,88,是,是,"论文信息汇总.csv 序88：摘要、研究内容、创新点；内容仅据摘要/Introduction归纳。
PDF：港大/Kong, Lingpeng/论文/2023_CAB_ Comprehensive Attention Benchmarking on Long Sequence Modeling.pdf；第1页标题、作者单位与摘要；Introduction在已保存前3页内。
https://arxiv.org/abs/2210.07661；访问2026-09-17；arXiv作者顺序和摘要。
CV：https://ikekonglp.github.io/lingpenk_cv.pdf；第10页；版本2026-01-27。
PDF发表标记：“Proceedings of the 40 th International Conference on Machine           causality modeling. We present four patterns of attentions,”。
原文摘要依据：“Transformer has achieved remarkable success in language, image, and speech processing. Recently, various efficient attention architectures have been proposed to improve transformer's efficiency while ”。"
Shuyang Jiang（论文 #142，身份待核验）,142,是,待核验,"论文信息汇总.csv 序142：摘要、研究内容、创新点；内容仅据摘要/Introduction归纳。
仅取得可靠元数据或摘要；未取得可读全文。
https://arxiv.org/abs/2312.11135；访问2026-09-17；arXiv作者顺序和摘要。
原文摘要依据：“Efficient attentions have greatly improved the computational efficiency of Transformers. However, most existing linear attention mechanisms suffer from an \emph{efficiency degradation} problem, leadin”。"
Fei Yuan（论文 #83，身份待核验）,83,否,待核验,"论文信息汇总.csv 序83：摘要、研究内容、创新点；内容仅据摘要/Introduction归纳。
PDF：港大/Kong, Lingpeng/论文/2023_Lego-MT_ Learning Detachable Models for Massively Multilingual Machine Translation.pdf；第1页标题、作者单位与摘要；Introduction在已保存前3页内。
https://aclanthology.org/2023.findings-acl.731/；访问2026-09-17；ACL作者顺序、发表信息与摘要。
CV：https://ikekonglp.github.io/lingpenk_cv.pdf；第9页；版本2026-01-27。
原文摘要依据：“Multilingual neural machine translation (MNMT) aims to build a unified model for many language directions. Existing monolithic models for MNMT encounter two challenges: parameter interference among la”。"
Fei Yuan（论文 #139，身份待核验）,139,否,待核验,"论文信息汇总.csv 序139：摘要、研究内容、创新点；内容仅据摘要/Introduction归纳。
仅取得可靠元数据或摘要；未取得可读全文。
https://arxiv.org/abs/2308.04948；访问2026-09-17；arXiv作者顺序和摘要。
原文摘要依据：“Existing large language models show disparate capability across different languages, due to the imbalance in the training data. Their performances on English tasks are often stronger than on tasks of ”。"
Fei Yuan（论文 #144，身份待核验）,144,否,待核验,"论文信息汇总.csv 序144：摘要、研究内容、创新点；内容仅据摘要/Introduction归纳。
仅取得可靠元数据或摘要；未取得可读全文。
https://arxiv.org/abs/2403.14734；访问2026-09-17；arXiv作者顺序和摘要。
原文摘要依据：“Neural Code Intelligence -- leveraging deep learning to understand, generate, and optimize code -- holds immense potential for transformative impacts on the whole society. Bridging the gap between Nat”。"
Xuyang Shen（论文 #89，身份待核验）,89,否,待核验,"论文信息汇总.csv 序89：摘要、研究内容、创新点；内容仅据摘要/Introduction归纳。
仅取得可靠元数据或摘要；未取得可读全文。
https://arxiv.org/abs/2303.15616；访问2026-09-17；arXiv作者顺序和摘要。
CV：https://ikekonglp.github.io/lingpenk_cv.pdf；第10页；版本2026-01-27。
原文摘要依据：“We explore a new task for audio-visual-language modeling called fine-grained audible video description (FAVD). It aims to provide detailed textual descriptions for the given audible videos, including ”。"
Xuyang Shen（论文 #133，身份待核验）,133,否,待核验,"论文信息汇总.csv 序133：摘要、研究内容、创新点；内容仅据摘要/Introduction归纳。
仅取得可靠元数据或摘要；未取得可读全文。
https://arxiv.org/abs/2301.13190；访问2026-09-17；arXiv作者顺序和摘要。
原文摘要依据：“We propose a new problem called audio-visual segmentation (AVS), in which the goal is to output a pixel-level map of the object(s) that produce sound at the time of the image frame. To facilitate this”。"
Dong Li（论文 #89，身份待核验）,89,否,待核验,"论文信息汇总.csv 序89：摘要、研究内容、创新点；内容仅据摘要/Introduction归纳。
仅取得可靠元数据或摘要；未取得可读全文。
https://arxiv.org/abs/2303.15616；访问2026-09-17；arXiv作者顺序和摘要。
CV：https://ikekonglp.github.io/lingpenk_cv.pdf；第10页；版本2026-01-27。
原文摘要依据：“We explore a new task for audio-visual-language modeling called fine-grained audible video description (FAVD). It aims to provide detailed textual descriptions for the given audible videos, including ”。"
Dong Li（论文 #92，身份待核验）,92,否,否,"论文信息汇总.csv 序92：摘要、研究内容、创新点；内容仅据摘要/Introduction归纳。
PDF：港大/Kong, Lingpeng/论文/2023_Toeplitz Neural Network for Sequence Modeling.pdf；第1页标题、作者单位与摘要；Introduction在已保存前3页内。
https://arxiv.org/abs/2305.04749；访问2026-09-17；arXiv作者顺序和摘要。
CV：https://ikekonglp.github.io/lingpenk_cv.pdf；第10页；版本2026-01-27。
PDF发表标记：“Published as a conference paper at ICLR 2023”。
原文摘要依据：“Sequence modeling has important applications in natural language processing and computer vision. Recently, the transformer-based models have shown strong performance on various sequence modeling tasks”。"
Jinxing Zhou（论文 #89，身份待核验）,89,否,待核验,"论文信息汇总.csv 序89：摘要、研究内容、创新点；内容仅据摘要/Introduction归纳。
仅取得可靠元数据或摘要；未取得可读全文。
https://arxiv.org/abs/2303.15616；访问2026-09-17；arXiv作者顺序和摘要。
CV：https://ikekonglp.github.io/lingpenk_cv.pdf；第10页；版本2026-01-27。
原文摘要依据：“We explore a new task for audio-visual-language modeling called fine-grained audible video description (FAVD). It aims to provide detailed textual descriptions for the given audible videos, including ”。"
Jinxing Zhou（论文 #102，身份待核验）,102,否,待核验,"论文信息汇总.csv 序102：摘要、研究内容、创新点；内容仅据摘要/Introduction归纳。
仅取得可靠元数据或摘要；未取得可读全文。
https://arxiv.org/abs/2207.05042；访问2026-09-17；arXiv作者顺序和摘要。
CV：https://ikekonglp.github.io/lingpenk_cv.pdf；第11页；版本2026-01-27。
原文摘要依据：“We propose to explore a new problem called audio-visual segmentation (AVS), in which the goal is to output a pixel-level map of the object(s) that produce sound at the time of the image frame. To faci”。"
Jinxing Zhou（论文 #133，身份待核验）,133,否,待核验,"论文信息汇总.csv 序133：摘要、研究内容、创新点；内容仅据摘要/Introduction归纳。
仅取得可靠元数据或摘要；未取得可读全文。
https://arxiv.org/abs/2301.13190；访问2026-09-17；arXiv作者顺序和摘要。
原文摘要依据：“We propose a new problem called audio-visual segmentation (AVS), in which the goal is to output a pixel-level map of the object(s) that produce sound at the time of the image frame. To facilitate this”。"
Bowen He（论文 #89，身份待核验）,89,否,待核验,"论文信息汇总.csv 序89：摘要、研究内容、创新点；内容仅据摘要/Introduction归纳。
仅取得可靠元数据或摘要；未取得可读全文。
https://arxiv.org/abs/2303.15616；访问2026-09-17；arXiv作者顺序和摘要。
CV：https://ikekonglp.github.io/lingpenk_cv.pdf；第10页；版本2026-01-27。
原文摘要依据：“We explore a new task for audio-visual-language modeling called fine-grained audible video description (FAVD). It aims to provide detailed textual descriptions for the given audible videos, including ”。"
Bowen He（论文 #92，身份待核验）,92,否,否,"论文信息汇总.csv 序92：摘要、研究内容、创新点；内容仅据摘要/Introduction归纳。
PDF：港大/Kong, Lingpeng/论文/2023_Toeplitz Neural Network for Sequence Modeling.pdf；第1页标题、作者单位与摘要；Introduction在已保存前3页内。
https://arxiv.org/abs/2305.04749；访问2026-09-17；arXiv作者顺序和摘要。
CV：https://ikekonglp.github.io/lingpenk_cv.pdf；第10页；版本2026-01-27。
PDF发表标记：“Published as a conference paper at ICLR 2023”。
原文摘要依据：“Sequence modeling has important applications in natural language processing and computer vision. Recently, the transformer-based models have shown strong performance on various sequence modeling tasks”。"
Meng Wang（论文 #89，身份待核验）,89,否,待核验,"论文信息汇总.csv 序89：摘要、研究内容、创新点；内容仅据摘要/Introduction归纳。
仅取得可靠元数据或摘要；未取得可读全文。
https://arxiv.org/abs/2303.15616；访问2026-09-17；arXiv作者顺序和摘要。
CV：https://ikekonglp.github.io/lingpenk_cv.pdf；第10页；版本2026-01-27。
原文摘要依据：“We explore a new task for audio-visual-language modeling called fine-grained audible video description (FAVD). It aims to provide detailed textual descriptions for the given audible videos, including ”。"
Meng Wang（论文 #102，身份待核验）,102,否,待核验,"论文信息汇总.csv 序102：摘要、研究内容、创新点；内容仅据摘要/Introduction归纳。
仅取得可靠元数据或摘要；未取得可读全文。
https://arxiv.org/abs/2207.05042；访问2026-09-17；arXiv作者顺序和摘要。
CV：https://ikekonglp.github.io/lingpenk_cv.pdf；第11页；版本2026-01-27。
原文摘要依据：“We propose to explore a new problem called audio-visual segmentation (AVS), in which the goal is to output a pixel-level map of the object(s) that produce sound at the time of the image frame. To faci”。"
Meng Wang（论文 #133，身份待核验）,133,否,待核验,"论文信息汇总.csv 序133：摘要、研究内容、创新点；内容仅据摘要/Introduction归纳。
仅取得可靠元数据或摘要；未取得可读全文。
https://arxiv.org/abs/2301.13190；访问2026-09-17；arXiv作者顺序和摘要。
原文摘要依据：“We propose a new problem called audio-visual segmentation (AVS), in which the goal is to output a pixel-level map of the object(s) that produce sound at the time of the image frame. To facilitate this”。"
Xiaodan Liang（论文 #91，身份待核验）,91,是,待核验,"论文信息汇总.csv 序91：摘要、研究内容、创新点；内容仅据摘要/Introduction归纳。
仅取得可靠元数据或摘要；未取得可读全文。
https://arxiv.org/abs/2205.12679；访问2026-09-17；arXiv作者顺序和摘要。
CV：https://ikekonglp.github.io/lingpenk_cv.pdf；第10页；版本2026-01-27。
原文摘要依据：“There is a rising interest in further exploring the zero-shot learning potential of large pre-trained language models (PLMs). A new paradigm called data-generation-based zero-shot learning has achieve”。"
Xiaodan Liang（论文 #110，身份待核验）,110,否,待核验,"论文信息汇总.csv 序110：摘要、研究内容、创新点；内容仅据摘要/Introduction归纳。
PDF：港大/Kong, Lingpeng/论文/2022_Revisiting Over-smoothing in BERT from the Perspective of Graph.pdf；第1页标题、作者单位与摘要；Introduction在已保存前3页内。
https://arxiv.org/abs/2202.08625；访问2026-09-17；arXiv作者顺序和摘要。
CV：https://ikekonglp.github.io/lingpenk_cv.pdf；第11页；版本2026-01-27。
PDF发表标记：“Published as a conference paper at ICLR 2022”。
原文摘要依据：“Recently over-smoothing phenomenon of Transformer-based models is observed in both vision and language fields. However, no existing work has delved deeper to further investigate the main cause of this”。"
Xiaodan Liang（论文 #147，身份待核验）,147,否,否,"论文信息汇总.csv 序147：摘要、研究内容、创新点；内容仅据摘要/Introduction归纳。
PDF：港大/Kong, Lingpeng/论文/2024_UncertaintyRAG_ Span-Level Uncertainty Enhanced Long-Context Modeling for Retrieval-Augmented Generation.pdf；第1页标题、作者单位与摘要；Introduction在已保存前3页内。
https://arxiv.org/abs/2410.02719；访问2026-09-17；arXiv作者顺序和摘要。
原文摘要依据：“We present UncertaintyRAG, a novel approach for long-context Retrieval-Augmented Generation (RAG) that utilizes Signal-to-Noise Ratio (SNR)-based span uncertainty to estimate similarity between text c”。"
Yixuan Su（论文 #101，身份待核验）,101,否,待核验,"论文信息汇总.csv 序101：摘要、研究内容、创新点；内容仅据摘要/Introduction归纳。
PDF：港大/Kong, Lingpeng/论文/2022_A Contrastive Framework for Neural Text Generation.pdf；第1页标题、作者单位与摘要；Introduction在已保存前3页内。
https://arxiv.org/abs/2202.06417；访问2026-09-17；arXiv作者顺序和摘要。
CV：https://ikekonglp.github.io/lingpenk_cv.pdf；第11页；版本2026-01-27。
原文摘要依据：“Text generation is of great importance to many natural language processing applications. However, maximization-based decoding methods (e.g. beam search) of neural language models often lead to degener”。"
Yixuan Su（论文 #132，身份待核验）,132,否,待核验,"论文信息汇总.csv 序132：摘要、研究内容、创新点；内容仅据摘要/Introduction归纳。
仅取得可靠元数据或摘要；未取得可读全文。
https://arxiv.org/abs/2205.02655；访问2026-09-17；arXiv作者顺序和摘要。
原文摘要依据：“Generative language models (LMs) such as GPT-2/3 can be prompted to generate text with remarkable quality. While they are designed for text-prompted generation, it remains an open question how the gen”。"
Tian Lan（论文 #101，身份待核验）,101,否,待核验,"论文信息汇总.csv 序101：摘要、研究内容、创新点；内容仅据摘要/Introduction归纳。
PDF：港大/Kong, Lingpeng/论文/2022_A Contrastive Framework for Neural Text Generation.pdf；第1页标题、作者单位与摘要；Introduction在已保存前3页内。
https://arxiv.org/abs/2202.06417；访问2026-09-17；arXiv作者顺序和摘要。
CV：https://ikekonglp.github.io/lingpenk_cv.pdf；第11页；版本2026-01-27。
原文摘要依据：“Text generation is of great importance to many natural language processing applications. However, maximization-based decoding methods (e.g. beam search) of neural language models often lead to degener”。"
Tian Lan（论文 #132，身份待核验）,132,否,待核验,"论文信息汇总.csv 序132：摘要、研究内容、创新点；内容仅据摘要/Introduction归纳。
仅取得可靠元数据或摘要；未取得可读全文。
https://arxiv.org/abs/2205.02655；访问2026-09-17；arXiv作者顺序和摘要。
原文摘要依据：“Generative language models (LMs) such as GPT-2/3 can be prompted to generate text with remarkable quality. While they are designed for text-prompted generation, it remains an open question how the gen”。"
Yan Wang（论文 #101，身份待核验）,101,否,待核验,"论文信息汇总.csv 序101：摘要、研究内容、创新点；内容仅据摘要/Introduction归纳。
PDF：港大/Kong, Lingpeng/论文/2022_A Contrastive Framework for Neural Text Generation.pdf；第1页标题、作者单位与摘要；Introduction在已保存前3页内。
https://arxiv.org/abs/2202.06417；访问2026-09-17；arXiv作者顺序和摘要。
CV：https://ikekonglp.github.io/lingpenk_cv.pdf；第11页；版本2026-01-27。
原文摘要依据：“Text generation is of great importance to many natural language processing applications. However, maximization-based decoding methods (e.g. beam search) of neural language models often lead to degener”。"
Yan Wang（论文 #132，身份待核验）,132,否,待核验,"论文信息汇总.csv 序132：摘要、研究内容、创新点；内容仅据摘要/Introduction归纳。
仅取得可靠元数据或摘要；未取得可读全文。
https://arxiv.org/abs/2205.02655；访问2026-09-17；arXiv作者顺序和摘要。
原文摘要依据：“Generative language models (LMs) such as GPT-2/3 can be prompted to generate text with remarkable quality. While they are designed for text-prompted generation, it remains an open question how the gen”。"
Nigel Collier（论文 #101，身份待核验）,101,否,待核验,"论文信息汇总.csv 序101：摘要、研究内容、创新点；内容仅据摘要/Introduction归纳。
PDF：港大/Kong, Lingpeng/论文/2022_A Contrastive Framework for Neural Text Generation.pdf；第1页标题、作者单位与摘要；Introduction在已保存前3页内。
https://arxiv.org/abs/2202.06417；访问2026-09-17；arXiv作者顺序和摘要。
CV：https://ikekonglp.github.io/lingpenk_cv.pdf；第11页；版本2026-01-27。
原文摘要依据：“Text generation is of great importance to many natural language processing applications. However, maximization-based decoding methods (e.g. beam search) of neural language models often lead to degener”。"
Nigel Collier（论文 #132，身份待核验）,132,否,待核验,"论文信息汇总.csv 序132：摘要、研究内容、创新点；内容仅据摘要/Introduction归纳。
仅取得可靠元数据或摘要；未取得可读全文。
https://arxiv.org/abs/2205.02655；访问2026-09-17；arXiv作者顺序和摘要。
原文摘要依据：“Generative language models (LMs) such as GPT-2/3 can be prompted to generate text with remarkable quality. While they are designed for text-prompted generation, it remains an open question how the gen”。"
Jiayi Zhang（论文 #102，身份待核验）,102,否,待核验,"论文信息汇总.csv 序102：摘要、研究内容、创新点；内容仅据摘要/Introduction归纳。
仅取得可靠元数据或摘要；未取得可读全文。
https://arxiv.org/abs/2207.05042；访问2026-09-17；arXiv作者顺序和摘要。
CV：https://ikekonglp.github.io/lingpenk_cv.pdf；第11页；版本2026-01-27。
原文摘要依据：“We propose to explore a new problem called audio-visual segmentation (AVS), in which the goal is to output a pixel-level map of the object(s) that produce sound at the time of the image frame. To faci”。"
Jiayi Zhang（论文 #133，身份待核验）,133,否,待核验,"论文信息汇总.csv 序133：摘要、研究内容、创新点；内容仅据摘要/Introduction归纳。
仅取得可靠元数据或摘要；未取得可读全文。
https://arxiv.org/abs/2301.13190；访问2026-09-17；arXiv作者顺序和摘要。
原文摘要依据：“We propose a new problem called audio-visual segmentation (AVS), in which the goal is to output a pixel-level map of the object(s) that produce sound at the time of the image frame. To facilitate this”。"
Jing Zhang（论文 #102，身份待核验）,102,否,待核验,"论文信息汇总.csv 序102：摘要、研究内容、创新点；内容仅据摘要/Introduction归纳。
仅取得可靠元数据或摘要；未取得可读全文。
https://arxiv.org/abs/2207.05042；访问2026-09-17；arXiv作者顺序和摘要。
CV：https://ikekonglp.github.io/lingpenk_cv.pdf；第11页；版本2026-01-27。
原文摘要依据：“We propose to explore a new problem called audio-visual segmentation (AVS), in which the goal is to output a pixel-level map of the object(s) that produce sound at the time of the image frame. To faci”。"
Jing Zhang（论文 #133，身份待核验）,133,否,待核验,"论文信息汇总.csv 序133：摘要、研究内容、创新点；内容仅据摘要/Introduction归纳。
仅取得可靠元数据或摘要；未取得可读全文。
https://arxiv.org/abs/2301.13190；访问2026-09-17；arXiv作者顺序和摘要。
原文摘要依据：“We propose a new problem called audio-visual segmentation (AVS), in which the goal is to output a pixel-level map of the object(s) that produce sound at the time of the image frame. To facilitate this”。"
Dan Guo（论文 #102，身份待核验）,102,否,待核验,"论文信息汇总.csv 序102：摘要、研究内容、创新点；内容仅据摘要/Introduction归纳。
仅取得可靠元数据或摘要；未取得可读全文。
https://arxiv.org/abs/2207.05042；访问2026-09-17；arXiv作者顺序和摘要。
CV：https://ikekonglp.github.io/lingpenk_cv.pdf；第11页；版本2026-01-27。
原文摘要依据：“We propose to explore a new problem called audio-visual segmentation (AVS), in which the goal is to output a pixel-level map of the object(s) that produce sound at the time of the image frame. To faci”。"
Dan Guo（论文 #133，身份待核验）,133,否,待核验,"论文信息汇总.csv 序133：摘要、研究内容、创新点；内容仅据摘要/Introduction归纳。
仅取得可靠元数据或摘要；未取得可读全文。
https://arxiv.org/abs/2301.13190；访问2026-09-17；arXiv作者顺序和摘要。
原文摘要依据：“We propose a new problem called audio-visual segmentation (AVS), in which the goal is to output a pixel-level map of the object(s) that produce sound at the time of the image frame. To facilitate this”。"
Ben Kao（论文 #107，身份待核验）,107,否,否,"论文信息汇总.csv 序107：摘要、研究内容、创新点；内容仅据摘要/Introduction归纳。
PDF：港大/Kong, Lingpeng/论文/2022_Lexical Knowledge Internalization for Neural Dialog Generation.pdf；第1页标题、作者单位与摘要；Introduction在已保存前3页内。
https://aclanthology.org/2022.acl-long.547/；访问2026-09-17；ACL作者顺序、发表信息与摘要。
CV：https://ikekonglp.github.io/lingpenk_cv.pdf；第11页；版本2026-01-27。
PDF发表标记：“Proceedings of the 60th Annual Meeting of the Association for Computational Linguistics”。
原文摘要依据：“We propose knowledge internalization (KI), which aims to complement the lexical knowledge into neural dialog models. Instead of further conditioning the knowledge-grounded dialog (KGD) models on exter”。"
Ben Kao（论文 #112，身份待核验）,112,否,待核验,"论文信息汇总.csv 序112：摘要、研究内容、创新点；内容仅据摘要/Introduction归纳。
PDF：港大/Kong, Lingpeng/论文/2021_Good for Misconceived Reasons_ An Empirical Revisiting on the Need for Visual Context in Multimodal Machine Translation.pdf；第1页标题、作者单位与摘要；Introduction在已保存前3页内。
https://aclanthology.org/2021.acl-long.480/；访问2026-09-17；ACL作者顺序、发表信息与摘要。
CV：https://ikekonglp.github.io/lingpenk_cv.pdf；第11页；版本2026-01-27。
PDF发表标记：“Proceedings of the 59th Annual Meeting of the Association for Computational Linguistics”。
原文摘要依据：“A neural multimodal machine translation (MMT) system is one that aims to perform better translation by extending conventional text-only translation models with multimodal information. Many recent stud”。"
Ben Kao（论文 #158，身份待核验）,158,是,待核验,"论文信息汇总.csv 序158：摘要、研究内容、创新点；内容仅据摘要/Introduction归纳。
仅取得可靠元数据或摘要；未取得可读全文。
https://aclanthology.org/2026.acl-long.431/；访问2026-09-17；ACL作者顺序、发表信息与摘要。
原文摘要依据：“Computer-using agents powered by Vision-Language Models (VLMs) have demonstrated human-like capabilities in operating digital environments like mobile platforms. While these agents hold great promise ”。"
Ben Kao（论文 #176，身份待核验）,176,是,待核验,"论文信息汇总.csv 序176：摘要、研究内容、创新点；内容仅据摘要/Introduction归纳。
仅取得可靠元数据或摘要；未取得可读全文。
https://arxiv.org/abs/2607.28609；访问2026-09-17；arXiv作者顺序和摘要。
原文摘要依据：“Computer-using agents (CUAs) are advancing rapidly across the digital world. A CUA trajectory records the agent's actions, states, and reasoning. Verifying whether it fulfilled the task instruction is”。"
Yuwei Yin（论文 #135，身份待核验）,135,否,待核验,"论文信息汇总.csv 序135：摘要、研究内容、创新点；内容仅据摘要/Introduction归纳。
仅取得可靠元数据或摘要；未取得可读全文。
https://arxiv.org/abs/2304.08821；访问2026-09-17；arXiv作者顺序和摘要。
原文摘要依据：“Data augmentation has been established as an efficacious approach to supplement useful information for low-resource datasets. Traditional augmentation techniques such as noise injection and image tran”。"
Yuwei Yin（论文 #137，身份待核验）,137,否,待核验,"论文信息汇总.csv 序137：摘要、研究内容、创新点；内容仅据摘要/Introduction归纳。
PDF：港大/Kong, Lingpeng/论文/2023_M$^3$IT_ A Large-Scale Dataset towards Multi-Modal Multilingual Instruction Tuning.pdf；第1页标题、作者单位与摘要；Introduction在已保存前3页内。
https://arxiv.org/abs/2306.04387；访问2026-09-17；arXiv作者顺序和摘要。
原文摘要依据：“Instruction tuning has significantly advanced large language models (LLMs) such as ChatGPT, enabling them to align with human instructions across diverse tasks. However, progress in open vision-langua”。"
Chengcheng Han（论文 #143，身份待核验）,143,是,待核验,"论文信息汇总.csv 序143：摘要、研究内容、创新点；内容仅据摘要/Introduction归纳。
仅取得可靠元数据或摘要；未取得可读全文。
https://arxiv.org/abs/2402.07456；访问2026-09-17；arXiv作者顺序和摘要。
原文摘要依据：“Autonomous interaction with the computer has been a longstanding challenge with great potential, and the recent proliferation of large language models (LLMs) has markedly accelerated progress in build”。"
Chengcheng Han（论文 #144，身份待核验）,144,否,待核验,"论文信息汇总.csv 序144：摘要、研究内容、创新点；内容仅据摘要/Introduction归纳。
仅取得可靠元数据或摘要；未取得可读全文。
https://arxiv.org/abs/2403.14734；访问2026-09-17；arXiv作者顺序和摘要。
原文摘要依据：“Neural Code Intelligence -- leveraging deep learning to understand, generate, and optimize code -- holds immense potential for transformative impacts on the whole society. Bridging the gap between Nat”。"
Zixuan Li（论文 #147，身份待核验）,147,否,否,"论文信息汇总.csv 序147：摘要、研究内容、创新点；内容仅据摘要/Introduction归纳。
PDF：港大/Kong, Lingpeng/论文/2024_UncertaintyRAG_ Span-Level Uncertainty Enhanced Long-Context Modeling for Retrieval-Augmented Generation.pdf；第1页标题、作者单位与摘要；Introduction在已保存前3页内。
https://arxiv.org/abs/2410.02719；访问2026-09-17；arXiv作者顺序和摘要。
原文摘要依据：“We present UncertaintyRAG, a novel approach for long-context Retrieval-Augmented Generation (RAG) that utilizes Signal-to-Noise Ratio (SNR)-based span uncertainty to estimate similarity between text c”。"
Zixuan Li（论文 #156，身份待核验）,156,否,待核验,"论文信息汇总.csv 序156：摘要、研究内容、创新点；内容仅据摘要/Introduction归纳。
仅取得可靠元数据或摘要；未取得可读全文。
https://arxiv.org/abs/2509.07403；访问2026-09-17；arXiv作者顺序和摘要。
原文摘要依据：“Large language models (LLMs) have made significant progress in Emotional Intelligence (EI) and long-context modeling. However, existing benchmarks often overlook the fact that emotional information pr”。"
Chengming Li（论文 #147，身份待核验）,147,否,否,"论文信息汇总.csv 序147：摘要、研究内容、创新点；内容仅据摘要/Introduction归纳。
PDF：港大/Kong, Lingpeng/论文/2024_UncertaintyRAG_ Span-Level Uncertainty Enhanced Long-Context Modeling for Retrieval-Augmented Generation.pdf；第1页标题、作者单位与摘要；Introduction在已保存前3页内。
https://arxiv.org/abs/2410.02719；访问2026-09-17；arXiv作者顺序和摘要。
原文摘要依据：“We present UncertaintyRAG, a novel approach for long-context Retrieval-Augmented Generation (RAG) that utilizes Signal-to-Noise Ratio (SNR)-based span uncertainty to estimate similarity between text c”。"
Chengming Li（论文 #156，身份待核验）,156,否,待核验,"论文信息汇总.csv 序156：摘要、研究内容、创新点；内容仅据摘要/Introduction归纳。
仅取得可靠元数据或摘要；未取得可读全文。
https://arxiv.org/abs/2509.07403；访问2026-09-17；arXiv作者顺序和摘要。
原文摘要依据：“Large language models (LLMs) have made significant progress in Emotional Intelligence (EI) and long-context modeling. However, existing benchmarks often overlook the fact that emotional information pr”。"
Zehao Li（论文 #158，身份待核验）,158,是,待核验,"论文信息汇总.csv 序158：摘要、研究内容、创新点；内容仅据摘要/Introduction归纳。
仅取得可靠元数据或摘要；未取得可读全文。
https://aclanthology.org/2026.acl-long.431/；访问2026-09-17；ACL作者顺序、发表信息与摘要。
原文摘要依据：“Computer-using agents powered by Vision-Language Models (VLMs) have demonstrated human-like capabilities in operating digital environments like mobile platforms. While these agents hold great promise ”。"
Zehao Li（论文 #176，身份待核验）,176,是,待核验,"论文信息汇总.csv 序176：摘要、研究内容、创新点；内容仅据摘要/Introduction归纳。
仅取得可靠元数据或摘要；未取得可读全文。
https://arxiv.org/abs/2607.28609；访问2026-09-17；arXiv作者顺序和摘要。
原文摘要依据：“Computer-using agents (CUAs) are advancing rapidly across the digital world. A CUA trajectory records the agent's actions, states, and reasoning. Verifying whether it fulfilled the task instruction is”。"
Kecheng Chen（论文 #161，身份待核验）,161,否,否,"论文信息汇总.csv 序161：摘要、研究内容、创新点；内容仅据摘要/Introduction归纳。
PDF：港大/Kong, Lingpeng/论文/2025_Beyond Confidence_ Adaptive and Coherent Decoding for Diffusion Language Models.pdf；第1页标题、作者单位与摘要；Introduction在已保存前3页内。
https://arxiv.org/abs/2512.02044；访问2026-09-17；arXiv作者顺序和摘要。
原文摘要依据：“Diffusion Language Models (DLMs) have recently achieved significant success due to their any-order generation capabilities. However, existing inference methods typically rely on local, immediate-step ”。"
Kecheng Chen（论文 #173，身份待核验）,173,否,否,"论文信息汇总.csv 序173：摘要、研究内容、创新点；内容仅据摘要/Introduction归纳。
PDF：港大/Kong, Lingpeng/论文/2026_Self-Distilled Trajectory-Aware Boltzmann Modeling_ Bridging the Training-Inference Discrepancy in Diffusion Language Models.pdf；第1页标题、作者单位与摘要；Introduction在已保存前3页内。
https://arxiv.org/abs/2605.11854；访问2026-09-17；arXiv作者顺序和摘要。
原文摘要依据：“Diffusion Language Models (DLMs) have recently emerged as a promising alternative to autoregressive language models, offering stronger global awareness and highly parallel generation. However, post-tr”。"
Kecheng Chen（论文 #175，身份待核验）,175,是,是,"论文信息汇总.csv 序175：摘要、研究内容、创新点；内容仅据摘要/Introduction归纳。
PDF：港大/Kong, Lingpeng/论文/2026_SoftSkill_ Behavioral Compression for Contextual Adaptation.pdf；第1页标题、作者单位与摘要；Introduction在已保存前3页内。
https://arxiv.org/abs/2606.20333；访问2026-09-17；arXiv作者顺序和摘要。
原文摘要依据：“Agent skills are commonly deployed as natural-language Markdown files that encode answer policies, evidence-use habits, and task procedures. These files are readable and portable, but they are consume”。"
Hui Liu（论文 #161，身份待核验）,161,否,否,"论文信息汇总.csv 序161：摘要、研究内容、创新点；内容仅据摘要/Introduction归纳。
PDF：港大/Kong, Lingpeng/论文/2025_Beyond Confidence_ Adaptive and Coherent Decoding for Diffusion Language Models.pdf；第1页标题、作者单位与摘要；Introduction在已保存前3页内。
https://arxiv.org/abs/2512.02044；访问2026-09-17；arXiv作者顺序和摘要。
原文摘要依据：“Diffusion Language Models (DLMs) have recently achieved significant success due to their any-order generation capabilities. However, existing inference methods typically rely on local, immediate-step ”。"
Hui Liu（论文 #173，身份待核验）,173,否,否,"论文信息汇总.csv 序173：摘要、研究内容、创新点；内容仅据摘要/Introduction归纳。
PDF：港大/Kong, Lingpeng/论文/2026_Self-Distilled Trajectory-Aware Boltzmann Modeling_ Bridging the Training-Inference Discrepancy in Diffusion Language Models.pdf；第1页标题、作者单位与摘要；Introduction在已保存前3页内。
https://arxiv.org/abs/2605.11854；访问2026-09-17；arXiv作者顺序和摘要。
原文摘要依据：“Diffusion Language Models (DLMs) have recently emerged as a promising alternative to autoregressive language models, offering stronger global awareness and highly parallel generation. However, post-tr”。"
Suiyun Zhang（论文 #161，身份待核验）,161,否,否,"论文信息汇总.csv 序161：摘要、研究内容、创新点；内容仅据摘要/Introduction归纳。
PDF：港大/Kong, Lingpeng/论文/2025_Beyond Confidence_ Adaptive and Coherent Decoding for Diffusion Language Models.pdf；第1页标题、作者单位与摘要；Introduction在已保存前3页内。
https://arxiv.org/abs/2512.02044；访问2026-09-17；arXiv作者顺序和摘要。
原文摘要依据：“Diffusion Language Models (DLMs) have recently achieved significant success due to their any-order generation capabilities. However, existing inference methods typically rely on local, immediate-step ”。"
Suiyun Zhang（论文 #173，身份待核验）,173,否,否,"论文信息汇总.csv 序173：摘要、研究内容、创新点；内容仅据摘要/Introduction归纳。
PDF：港大/Kong, Lingpeng/论文/2026_Self-Distilled Trajectory-Aware Boltzmann Modeling_ Bridging the Training-Inference Discrepancy in Diffusion Language Models.pdf；第1页标题、作者单位与摘要；Introduction在已保存前3页内。
https://arxiv.org/abs/2605.11854；访问2026-09-17；arXiv作者顺序和摘要。
原文摘要依据：“Diffusion Language Models (DLMs) have recently emerged as a promising alternative to autoregressive language models, offering stronger global awareness and highly parallel generation. However, post-tr”。"
Suiyun Zhang（论文 #175，身份待核验）,175,是,是,"论文信息汇总.csv 序175：摘要、研究内容、创新点；内容仅据摘要/Introduction归纳。
PDF：港大/Kong, Lingpeng/论文/2026_SoftSkill_ Behavioral Compression for Contextual Adaptation.pdf；第1页标题、作者单位与摘要；Introduction在已保存前3页内。
https://arxiv.org/abs/2606.20333；访问2026-09-17；arXiv作者顺序和摘要。
原文摘要依据：“Agent skills are commonly deployed as natural-language Markdown files that encode answer policies, evidence-use habits, and task procedures. These files are readable and portable, but they are consume”。"
Dandan Tu（论文 #161，身份待核验）,161,否,否,"论文信息汇总.csv 序161：摘要、研究内容、创新点；内容仅据摘要/Introduction归纳。
PDF：港大/Kong, Lingpeng/论文/2025_Beyond Confidence_ Adaptive and Coherent Decoding for Diffusion Language Models.pdf；第1页标题、作者单位与摘要；Introduction在已保存前3页内。
https://arxiv.org/abs/2512.02044；访问2026-09-17；arXiv作者顺序和摘要。
原文摘要依据：“Diffusion Language Models (DLMs) have recently achieved significant success due to their any-order generation capabilities. However, existing inference methods typically rely on local, immediate-step ”。"
Dandan Tu（论文 #173，身份待核验）,173,否,否,"论文信息汇总.csv 序173：摘要、研究内容、创新点；内容仅据摘要/Introduction归纳。
PDF：港大/Kong, Lingpeng/论文/2026_Self-Distilled Trajectory-Aware Boltzmann Modeling_ Bridging the Training-Inference Discrepancy in Diffusion Language Models.pdf；第1页标题、作者单位与摘要；Introduction在已保存前3页内。
https://arxiv.org/abs/2605.11854；访问2026-09-17；arXiv作者顺序和摘要。
原文摘要依据：“Diffusion Language Models (DLMs) have recently emerged as a promising alternative to autoregressive language models, offering stronger global awareness and highly parallel generation. However, post-tr”。"
Haoliang Li（论文 #161，身份待核验）,161,否,否,"论文信息汇总.csv 序161：摘要、研究内容、创新点；内容仅据摘要/Introduction归纳。
PDF：港大/Kong, Lingpeng/论文/2025_Beyond Confidence_ Adaptive and Coherent Decoding for Diffusion Language Models.pdf；第1页标题、作者单位与摘要；Introduction在已保存前3页内。
https://arxiv.org/abs/2512.02044；访问2026-09-17；arXiv作者顺序和摘要。
原文摘要依据：“Diffusion Language Models (DLMs) have recently achieved significant success due to their any-order generation capabilities. However, existing inference methods typically rely on local, immediate-step ”。"
Haoliang Li（论文 #173，身份待核验）,173,否,否,"论文信息汇总.csv 序173：摘要、研究内容、创新点；内容仅据摘要/Introduction归纳。
PDF：港大/Kong, Lingpeng/论文/2026_Self-Distilled Trajectory-Aware Boltzmann Modeling_ Bridging the Training-Inference Discrepancy in Diffusion Language Models.pdf；第1页标题、作者单位与摘要；Introduction在已保存前3页内。
https://arxiv.org/abs/2605.11854；访问2026-09-17；arXiv作者顺序和摘要。
原文摘要依据：“Diffusion Language Models (DLMs) have recently emerged as a promising alternative to autoregressive language models, offering stronger global awareness and highly parallel generation. However, post-tr”。"
Junwei Su（论文 #166，身份待核验）,166,否,待核验,"论文信息汇总.csv 序166：摘要、研究内容、创新点；内容仅据摘要/Introduction归纳。
PDF：港大/Kong, Lingpeng/论文/2026_ToolSelf_ Unifying Task Execution and Self-Reconfiguration via Tool-Driven Emergent Adaptation.pdf；第1页标题、作者单位与摘要；Introduction在已保存前3页内。
https://arxiv.org/abs/2602.07883；访问2026-09-17；arXiv作者顺序和摘要。
原文摘要依据：“LLM-powered agentic systems excel at complex long-horizon tasks, but remain constrained by static configurations fixed before execution. Such rigidity forces a trade-off between domain-specific perfor”。"
Junwei Su（论文 #177，身份待核验）,177,否,否,"论文信息汇总.csv 序177：摘要、研究内容、创新点；内容仅据摘要/Introduction归纳。
PDF：港大/Kong, Lingpeng/论文/2026_Structuring Semantic Embeddings for Principle Evaluation_ A Prototype-Guided Contrastive Learning Approach.pdf；第1页标题、作者单位与摘要；Introduction在已保存前3页内。
https://arxiv.org/abs/2608.15224；访问2026-09-17；arXiv作者顺序和摘要。
PDF发表标记：“Published in Transactions on Machine Learning Research (08/2026)”。
原文摘要依据：“Reliable post-hoc evaluation asks whether already generated text satisfies a target criterion after generation. In this paper we study a focused frozen-embedding setting using principle-evaluation pro”。"
Bowen Ye（论文 #168，身份待核验）,168,否,待核验,"论文信息汇总.csv 序168：摘要、研究内容、创新点；内容仅据摘要/Introduction归纳。
PDF：港大/Kong, Lingpeng/论文/2026_Claw-Eval_ Towards Trustworthy Evaluation of Autonomous Agents.pdf；第1页标题、作者单位与摘要；Introduction在已保存前3页内。
https://arxiv.org/abs/2604.06132；访问2026-09-17；arXiv作者顺序和摘要。
原文摘要依据：“Large language models are increasingly deployed as autonomous agents for multi-step workflows in real-world software environments. However, existing agent benchmarks are limited by trajectory-opaque g”。"
Bowen Ye（论文 #178，身份待核验）,178,否,待核验,"论文信息汇总.csv 序178：摘要、研究内容、创新点；内容仅据摘要/Introduction归纳。
仅取得可靠元数据或摘要；未取得可读全文。
https://arxiv.org/abs/2608.28378；访问2026-09-17；arXiv作者顺序和摘要。
原文摘要依据：“Large language models are increasingly used as agentic workflow executors, yet existing training data and benchmarks largely assume informationally complete, single-turn queries. Our analysis of 16K r”。"
Hanglong Lv（论文 #168，身份待核验）,168,否,待核验,"论文信息汇总.csv 序168：摘要、研究内容、创新点；内容仅据摘要/Introduction归纳。
PDF：港大/Kong, Lingpeng/论文/2026_Claw-Eval_ Towards Trustworthy Evaluation of Autonomous Agents.pdf；第1页标题、作者单位与摘要；Introduction在已保存前3页内。
https://arxiv.org/abs/2604.06132；访问2026-09-17；arXiv作者顺序和摘要。
原文摘要依据：“Large language models are increasingly deployed as autonomous agents for multi-step workflows in real-world software environments. However, existing agent benchmarks are limited by trajectory-opaque g”。"
Hanglong Lv（论文 #178，身份待核验）,178,否,待核验,"论文信息汇总.csv 序178：摘要、研究内容、创新点；内容仅据摘要/Introduction归纳。
仅取得可靠元数据或摘要；未取得可读全文。
https://arxiv.org/abs/2608.28378；访问2026-09-17；arXiv作者顺序和摘要。
原文摘要依据：“Large language models are increasingly used as agentic workflow executors, yet existing training data and benchmarks largely assume informationally complete, single-turn queries. Our analysis of 16K r”。"
Hanglong Lv（论文 #179，身份待核验）,179,否,待核验,"论文信息汇总.csv 序179：摘要、研究内容、创新点；内容仅据摘要/Introduction归纳。
仅取得可靠元数据或摘要；未取得可读全文。
https://arxiv.org/abs/2608.28383；访问2026-09-17；arXiv作者顺序和摘要。
原文摘要依据：“Hybrid attention dominates frontier LLMs, yet Vision Transformers (ViTs) in multimodal LLMs lack a satisfactory hybrid design, with no consensus on why certain attention patterns work better. To fill ”。"
Tong Yang（论文 #168，身份待核验）,168,否,待核验,"论文信息汇总.csv 序168：摘要、研究内容、创新点；内容仅据摘要/Introduction归纳。
PDF：港大/Kong, Lingpeng/论文/2026_Claw-Eval_ Towards Trustworthy Evaluation of Autonomous Agents.pdf；第1页标题、作者单位与摘要；Introduction在已保存前3页内。
https://arxiv.org/abs/2604.06132；访问2026-09-17；arXiv作者顺序和摘要。
原文摘要依据：“Large language models are increasingly deployed as autonomous agents for multi-step workflows in real-world software environments. However, existing agent benchmarks are limited by trajectory-opaque g”。"
Tong Yang（论文 #178，身份待核验）,178,否,待核验,"论文信息汇总.csv 序178：摘要、研究内容、创新点；内容仅据摘要/Introduction归纳。
仅取得可靠元数据或摘要；未取得可读全文。
https://arxiv.org/abs/2608.28378；访问2026-09-17；arXiv作者顺序和摘要。
原文摘要依据：“Large language models are increasingly used as agentic workflow executors, yet existing training data and benchmarks largely assume informationally complete, single-turn queries. Our analysis of 16K r”。"
Tong Yang（论文 #179，身份待核验）,179,否,待核验,"论文信息汇总.csv 序179：摘要、研究内容、创新点；内容仅据摘要/Introduction归纳。
仅取得可靠元数据或摘要；未取得可读全文。
https://arxiv.org/abs/2608.28383；访问2026-09-17；arXiv作者顺序和摘要。
原文摘要依据：“Hybrid attention dominates frontier LLMs, yet Vision Transformers (ViTs) in multimodal LLMs lack a satisfactory hybrid design, with no consensus on why certain attention patterns work better. To fill ”。"
Chonghan Qin（论文 #169，身份待核验）,169,是,否,"论文信息汇总.csv 序169：摘要、研究内容、创新点；内容仅据摘要/Introduction归纳。
PDF：港大/Kong, Lingpeng/论文/2026_ImplicitMemBench_ Measuring Unconscious Behavioral Adaptation in Large Language Models.pdf；第1页标题、作者单位与摘要；Introduction在已保存前3页内。
https://aclanthology.org/2026.acl-long.1301/；访问2026-09-17；ACL作者顺序、发表信息与摘要。
PDF发表标记：“Proceedings of the 64th Annual Meeting of the Association for Computational Linguistics (Volume 1: Long Papers), pages 28232–28261”。
原文摘要依据：“Existing memory benchmarks for LLM agents evaluate explicit recall of facts, yet overlook implicit memory where experience becomes automated behavior without conscious retrieval. This gap is critical:”。"
Chonghan Qin（论文 #171，身份待核验）,171,是,是,"论文信息汇总.csv 序171：摘要、研究内容、创新点；内容仅据摘要/Introduction归纳。
PDF：港大/Kong, Lingpeng/论文/2026_SAVOIR_ Learning Social Savoir-Faire via Shapley-based Reward Attribution.pdf；第1页标题、作者单位与摘要；Introduction在已保存前3页内。
https://aclanthology.org/2026.findings-acl.699/；访问2026-09-17；ACL作者顺序、发表信息与摘要。
原文摘要依据：“Social intelligence, the ability to navigate complex interpersonal interactions, presents a fundamental challenge for language agents. Training such agents via reinforcement learning requires solving ”。"
Chonghan Qin（论文 #172，身份待核验）,172,是,否,"论文信息汇总.csv 序172：摘要、研究内容、创新点；内容仅据摘要/Introduction归纳。
PDF：港大/Kong, Lingpeng/论文/2026_The Granularity Axis_ A Micro-to-Macro Latent Direction for Social Roles in Language Models.pdf；第1页标题、作者单位与摘要；Introduction在已保存前3页内。
https://arxiv.org/abs/2605.06196；访问2026-09-17；arXiv作者顺序和摘要。
原文摘要依据：“Large language models (LLMs) are routinely prompted to take on social roles ranging from individuals to institutions, yet it remains unclear whether their internal representations encode the granulari”。"
Deyi Yin（论文 #170，身份待核验）,170,是,是,"论文信息汇总.csv 序170：摘要、研究内容、创新点；内容仅据摘要/Introduction归纳。
PDF：港大/Kong, Lingpeng/论文/2026_Stratagem_ Learning Transferable Reasoning via Trajectory-Modulated Game Self-Play.pdf；第1页标题、作者单位与摘要；Introduction在已保存前3页内。
https://aclanthology.org/2026.acl-long.897/；访问2026-09-17；ACL作者顺序、发表信息与摘要。
PDF发表标记：“Proceedings of the 64th Annual Meeting of the Association for Computational Linguistics (Volume 1: Long Papers), pages 19595–19614”。
原文摘要依据：“Games offer a compelling paradigm for developing general reasoning capabilities in language models, as they naturally demand strategic planning, probabilistic inference, and adaptive decision-making. ”。"
Deyi Yin（论文 #171，身份待核验）,171,是,是,"论文信息汇总.csv 序171：摘要、研究内容、创新点；内容仅据摘要/Introduction归纳。
PDF：港大/Kong, Lingpeng/论文/2026_SAVOIR_ Learning Social Savoir-Faire via Shapley-based Reward Attribution.pdf；第1页标题、作者单位与摘要；Introduction在已保存前3页内。
https://aclanthology.org/2026.findings-acl.699/；访问2026-09-17；ACL作者顺序、发表信息与摘要。
原文摘要依据：“Social intelligence, the ability to navigate complex interpersonal interactions, presents a fundamental challenge for language agents. Training such agents via reinforcement learning requires solving ”。"
Yi Jiang（论文 #170，身份待核验）,170,是,是,"论文信息汇总.csv 序170：摘要、研究内容、创新点；内容仅据摘要/Introduction归纳。
PDF：港大/Kong, Lingpeng/论文/2026_Stratagem_ Learning Transferable Reasoning via Trajectory-Modulated Game Self-Play.pdf；第1页标题、作者单位与摘要；Introduction在已保存前3页内。
https://aclanthology.org/2026.acl-long.897/；访问2026-09-17；ACL作者顺序、发表信息与摘要。
PDF发表标记：“Proceedings of the 64th Annual Meeting of the Association for Computational Linguistics (Volume 1: Long Papers), pages 19595–19614”。
原文摘要依据：“Games offer a compelling paradigm for developing general reasoning capabilities in language models, as they naturally demand strategic planning, probabilistic inference, and adaptive decision-making. ”。"
Yi Jiang（论文 #171，身份待核验）,171,是,是,"论文信息汇总.csv 序171：摘要、研究内容、创新点；内容仅据摘要/Introduction归纳。
PDF：港大/Kong, Lingpeng/论文/2026_SAVOIR_ Learning Social Savoir-Faire via Shapley-based Reward Attribution.pdf；第1页标题、作者单位与摘要；Introduction在已保存前3页内。
https://aclanthology.org/2026.findings-acl.699/；访问2026-09-17；ACL作者顺序、发表信息与摘要。
原文摘要依据：“Social intelligence, the ability to navigate complex interpersonal interactions, presents a fundamental challenge for language agents. Training such agents via reinforcement learning requires solving ”。"
Libo Qin（论文 #170，身份待核验）,170,是,是,"论文信息汇总.csv 序170：摘要、研究内容、创新点；内容仅据摘要/Introduction归纳。
PDF：港大/Kong, Lingpeng/论文/2026_Stratagem_ Learning Transferable Reasoning via Trajectory-Modulated Game Self-Play.pdf；第1页标题、作者单位与摘要；Introduction在已保存前3页内。
https://aclanthology.org/2026.acl-long.897/；访问2026-09-17；ACL作者顺序、发表信息与摘要。
PDF发表标记：“Proceedings of the 64th Annual Meeting of the Association for Computational Linguistics (Volume 1: Long Papers), pages 19595–19614”。
原文摘要依据：“Games offer a compelling paradigm for developing general reasoning capabilities in language models, as they naturally demand strategic planning, probabilistic inference, and adaptive decision-making. ”。"
Libo Qin（论文 #171，身份待核验）,171,是,是,"论文信息汇总.csv 序171：摘要、研究内容、创新点；内容仅据摘要/Introduction归纳。
PDF：港大/Kong, Lingpeng/论文/2026_SAVOIR_ Learning Social Savoir-Faire via Shapley-based Reward Attribution.pdf；第1页标题、作者单位与摘要；Introduction在已保存前3页内。
https://aclanthology.org/2026.findings-acl.699/；访问2026-09-17；ACL作者顺序、发表信息与摘要。
原文摘要依据：“Social intelligence, the ability to navigate complex interpersonal interactions, presents a fundamental challenge for language agents. Training such agents via reinforcement learning requires solving ”。"
Chenhong He（论文 #178，身份待核验）,178,否,待核验,"论文信息汇总.csv 序178：摘要、研究内容、创新点；内容仅据摘要/Introduction归纳。
仅取得可靠元数据或摘要；未取得可读全文。
https://arxiv.org/abs/2608.28378；访问2026-09-17；arXiv作者顺序和摘要。
原文摘要依据：“Large language models are increasingly used as agentic workflow executors, yet existing training data and benchmarks largely assume informationally complete, single-turn queries. Our analysis of 16K r”。"
Chenhong He（论文 #179，身份待核验）,179,否,待核验,"论文信息汇总.csv 序179：摘要、研究内容、创新点；内容仅据摘要/Introduction归纳。
仅取得可靠元数据或摘要；未取得可读全文。
https://arxiv.org/abs/2608.28383；访问2026-09-17；arXiv作者顺序和摘要。
原文摘要依据：“Hybrid attention dominates frontier LLMs, yet Vision Transformers (ViTs) in multimodal LLMs lack a satisfactory hybrid design, with no consensus on why certain attention patterns work better. To fill ”。"
